"area","area_code","category","flow_score","traffic_score","consumer_score","dead_time","dead_gap","dead_gap_count","dead_gap_score","active_time_count","inactive_time","incomplete_time","analysis_available","analysis_status","twin_name","similarity","twin_conversion","similarity_definition"
"이북5도청사",3110001,"한식음식점",40.711902113459395,10.462555066079295,40.711902113459395,"뚜렷한 DEAD TIME 없음",0,0,0,5,"","",TRUE,"분석 가능","오산고등학교",85.97747497219133,58.28698553948832,"100 - 16개 상권특성의 평균 절대 백분위 차이"
"이북5도청사",3110001,"호프-간이주점",4.408817635270541,3.6893203883495143,4.408817635270541,"17~21",91.56626506024097,123.96245311796696,91.56626506024097,5,"","",TRUE,"분석 가능","한국폴리텍대학서울정수캠퍼스",83.91783567134267,14.02805611222445,"100 - 16개 상권특성의 평균 절대 백분위 차이"
"독립문역 1번",3110002,"한식음식점",92.21357063403782,47.246696035242294,92.21357063403782,"뚜렷한 DEAD TIME 없음",0,0,0,5,"","",TRUE,"분석 가능","창동중학교",86.02614015572858,97.55283648498332,"100 - 16개 상권특성의 평균 절대 백분위 차이"
"독립문역 1번",3110002,"커피-음료",57.48502994011976,40.32023289665211,57.48502994011976,"뚜렷한 DEAD TIME 없음",0,0,0,5,"00~06","",TRUE,"분석 가능","천왕역 3번(오류2동주민센터, 서울오류남초등학교)",89.0063622754491,71.55688622754491,"100 - 16개 상권특성의 평균 절대 백분위 차이"
"세검정초등학교",3110003,"한식음식점",11.457174638487208,21.365638766519822,11.457174638487208,"06~11",96.57142857142857,93.20776171668183,96.57142857142857,5,"","",TRUE,"분석 가능","세검정",89.57174638487209,27.252502780867633,"100 - 16개 상권특성의 평균 절대 백분위 차이"
"세검정초등학교",3110003,"분식전문점",16.5374677002584,9.290953545232274,16.5374677002584,"06~11",94.18282548476455,48.124703231016504,94.18282548476455,4,"00~06,21~24","",TRUE,"분석 가능","연신내우체국",84.64147286821706,34.10852713178294,"100 - 16개 상권특성의 평균 절대 백분위 차이"
"세검정초등학교",3110003,"호프-간이주점",40.28056112224449,8.932038834951456,40.28056112224449,"뚜렷한 DEAD TIME 없음",0,0,0,4,"06~11","",TRUE,"분석 가능","연신내역 2번",82.31462925851703,73.34669338677354,"100 - 16개 상권특성의 평균 절대 백분위 차이"
"세검정초등학교",3110003,"커피-음료",51.94610778443114,15.72052401746725,51.94610778443114,"뚜렷한 DEAD TIME 없음",0,0,0,5,"00~06","",TRUE,"분석 가능","평창동서측",87.3315868263473,67.36526946107784,"100 - 16개 상권특성의 평균 절대 백분위 차이"
"세검정초등학교",3110003,"편의점",30.334190231362467,7.249999999999999,30.334190231362467,"뚜렷한 DEAD TIME 없음",0,0,0,5,"","",TRUE,"분석 가능","장지동주민센터(한림연예예술고교)",83.45115681233932,44.987146529562985,"100 - 16개 상권특성의 평균 절대 백분위 차이"
"대신고등학교",3110004,"한식음식점",97.33036707452726,43.17180616740088,97.33036707452726,"뚜렷한 DEAD TIME 없음",0,0,0,5,"","",TRUE,"분석 가능","창동중학교",88.05617352614016,97.55283648498332,"100 - 16개 상권특성의 평균 절대 백분위 차이"
"대신고등학교",3110004,"커피-음료",NA,35.80786026200873,NA,"뚜렷한 DEAD TIME 없음",0,0,0,0,"","00~06,06~11,11~14,14~17,17~21,21~24",FALSE,"활동 또는 관측 근거 부족",NA,NA,NA,"100 - 16개 상권특성의 평균 절대 백분위 차이"
"세검정",3110005,"한식음식점",27.252502780867633,1.6519823788546255,27.252502780867633,"뚜렷한 DEAD TIME 없음",0,0,0,5,"","",TRUE,"분석 가능","연신초등학교",84.78170189098999,52.83648498331479,"100 - 16개 상권특성의 평균 절대 백분위 차이"
"세검정",3110005,"분식전문점",NA,0.9779951100244498,NA,"뚜렷한 DEAD TIME 없음",0,0,0,0,"","00~06,06~11,11~14,14~17,17~21,21~24",FALSE,"활동 또는 관측 근거 부족",NA,NA,NA,"100 - 16개 상권특성의 평균 절대 백분위 차이"
"부암동주민센터",3110006,"커피-음료",73.65269461077844,0,73.65269461077844,"뚜렷한 DEAD TIME 없음",0,0,0,5,"00~06","",TRUE,"분석 가능","신풍역 3번",80.80089820359282,83.68263473053892,"100 - 16개 상권특성의 평균 절대 백분위 차이"
"사직공원(한국사회과학도서관)",3110007,"한식음식점",4.4493882091212456,68.6123348017621,4.4493882091212456,"17~21",98.33147942157953,769.9280058475014,98.33147942157953,4,"00~06,06~11","",TRUE,"분석 가능","영천시장입구",88.75139043381535,40.48943270300334,"100 - 16개 상권특성의 평균 절대 백분위 차이"
"배화여자대학교(박노수미술관)",3110008,"한식음식점",61.179087875417125,72.24669603524228,61.179087875417125,"뚜렷한 DEAD TIME 없음",0,0,0,5,"00~06","",TRUE,"분석 가능","남영역 1번",85.45606229143492,63.95995550611791,"100 - 16개 상권특성의 평균 절대 백분위 차이"
"배화여자대학교(박노수미술관)",3110008,"분식전문점",65.89147286821705,56.723716381418086,65.89147286821705,"뚜렷한 DEAD TIME 없음",0,0,0,5,"00~06","",TRUE,"분석 가능","곰달래도서관",84.68992248062015,93.7984496124031,"100 - 16개 상권특성의 평균 절대 백분위 차이"
"배화여자대학교(박노수미술관)",3110008,"호프-간이주점",86.97394789579158,60.19417475728155,86.97394789579158,"뚜렷한 DEAD TIME 없음",0,0,0,5,"","",TRUE,"분석 가능",NA,NA,NA,"100 - 16개 상권특성의 평균 절대 백분위 차이"
"배화여자대학교(박노수미술관)",3110008,"커피-음료",56.43712574850299,67.24890829694323,56.43712574850299,"뚜렷한 DEAD TIME 없음",0,0,0,5,"","",TRUE,"분석 가능","서강대역 1번",85.56324850299401,65.71856287425149,"100 - 16개 상권특성의 평균 절대 백분위 차이"
"자하문터널",3110009,"한식음식점",32.146829810901004,8.81057268722467,32.146829810901004,"21~24",91.56355455568054,367.4512130302832,91.56355455568054,5,"00~06","",TRUE,"분석 가능","북한산우이역 2번",86.21384872080088,78.1979977753059,"100 - 16개 상권특성의 평균 절대 백분위 차이"
"자하문터널",3110009,"커피-음료",22.305389221556887,6.259097525473072,22.305389221556887,"06~11",97.54601226993866,259.9574302896417,97.54601226993866,5,"","",TRUE,"분석 가능","둔촌동역 3번(성내3동주민센터)",81.88622754491018,37.27544910179641,"100 - 16개 상권특성의 평균 절대 백분위 차이"
"평창동서측",3110010,"한식음식점",3.5595105672969964,17.951541850220266,3.5595105672969964,"21~24",98.20022497187851,574.1294281787709,98.20022497187851,5,"00~06","",TRUE,"분석 가능","이북5도청사",85.48387096774194,40.711902113459395,"100 - 16개 상권특성의 평균 절대 백분위 차이"
"평창동서측",3110010,"분식전문점",35.65891472868217,6.845965770171149,35.65891472868217,"뚜렷한 DEAD TIME 없음",0,0,0,5,"00~06","",TRUE,"분석 가능","방화역 1번",82.86498708010336,98.70801033591732,"100 - 16개 상권특성의 평균 절대 백분위 차이"
"평창동서측",3110010,"커피-음료",67.36526946107784,12.809315866084425,67.36526946107784,"뚜렷한 DEAD TIME 없음",0,0,0,5,"00~06","",TRUE,"분석 가능","방화역 1번",80.99738023952095,96.8562874251497,"100 - 16개 상권특성의 평균 절대 백분위 차이"
"성곡미술관",3110012,"한식음식점",57.063403781979986,41.409691629955944,57.063403781979986,"뚜렷한 DEAD TIME 없음",0,0,0,5,"","",TRUE,"분석 가능","성미산체육관",88.9182424916574,83.09232480533927,"100 - 16개 상권특성의 평균 절대 백분위 차이"
"성곡미술관",3110012,"커피-음료",49.8502994011976,34.06113537117904,49.8502994011976,"뚜렷한 DEAD TIME 없음",0,0,0,5,"00~06","",TRUE,"분석 가능","바우뫼공원",91.44835329341318,72.45508982035929,"100 - 16개 상권특성의 평균 절대 백분위 차이"
"성곡미술관",3110012,"편의점",25.19280205655527,19.25,25.19280205655527,"21~24",91.77377892030847,8451.300556218233,91.77377892030847,5,"","",TRUE,"분석 가능","숙대입구역 1번",88.68894601542416,32.64781491002571,"100 - 16개 상권특성의 평균 절대 백분위 차이"
"체부동홍종문가옥",3110013,"커피-음료",48.05389221556886,5.385735080058224,48.05389221556886,"뚜렷한 DEAD TIME 없음",0,0,0,4,"00~06,06~11","",TRUE,"분석 가능","광흥창역 6번",90.17589820359281,56.73652694610778,"100 - 16개 상권특성의 평균 절대 백분위 차이"
"경복고등학교",3110014,"한식음식점",83.98220244716352,2.092511013215859,83.98220244716352,"뚜렷한 DEAD TIME 없음",0,0,0,5,"00~06","",TRUE,"분석 가능","중구회현체육센터(정화예술대남산캠퍼스)",93.11735261401557,90.65628476084538,"100 - 16개 상권특성의 평균 절대 백분위 차이"
"경복고등학교",3110014,"커피-음료",19.610778443113773,1.7467248908296942,19.610778443113773,"17~21",97.44744744744744,1260.7759695423697,97.44744744744744,4,"00~06,21~24","",TRUE,"분석 가능","중구회현체육센터(정화예술대남산캠퍼스)",92.58046407185628,73.95209580838323,"100 - 16개 상권특성의 평균 절대 백분위 차이"
"청와대사랑채",3110015,"커피-음료",97.30538922155688,1.6011644832605532,97.30538922155688,"뚜렷한 DEAD TIME 없음",0,0,0,4,"00~06,21~24","",TRUE,"분석 가능","KT금천빌딩(금천구시설관리공단)",84.85217065868264,98.35329341317365,"100 - 16개 상권특성의 평균 절대 백분위 차이"
"평창동동측",3110016,"한식음식점",4.671857619577309,0.5506607929515419,4.671857619577309,"21~24",98.98762654668167,146.66106974180803,98.98762654668167,5,"00~06","",TRUE,"분석 가능","남산골공원옆",85.48387096774194,31.70189098998888,"100 - 16개 상권특성의 평균 절대 백분위 차이"
"평창동동측",3110016,"커피-음료",28.143712574850298,0.43668122270742354,28.143712574850298,"뚜렷한 DEAD TIME 없음",0,0,0,5,"00~06","",TRUE,"분석 가능","대방역 3번",82.82185628742515,70.05988023952095,"100 - 16개 상권특성의 평균 절대 백분위 차이"
"정독도서관",3110017,"커피-음료",50,24.017467248908297,50,"뚜렷한 DEAD TIME 없음",0,0,0,4,"00~06,21~24","",TRUE,"분석 가능","중구회현체육센터(정화예술대남산캠퍼스)",88.10815868263472,73.95209580838323,"100 - 16개 상권특성의 평균 절대 백분위 차이"
"중앙고등학교",3110018,"한식음식점",41.601779755283644,32.268722466960355,41.601779755283644,"뚜렷한 DEAD TIME 없음",0,0,0,5,"00~06","",TRUE,"분석 가능","성곡미술관",87.66685205784205,57.063403781979986,"100 - 16개 상권특성의 평균 절대 백분위 차이"
"중앙고등학교",3110018,"커피-음료",25.449101796407188,25.61863173216885,25.449101796407188,"뚜렷한 DEAD TIME 없음",0,0,0,5,"00~06","",TRUE,"분석 가능","성곡미술관",86.77956586826348,49.8502994011976,"100 - 16개 상권특성의 평균 절대 백분위 차이"
"창덕궁",3110019,"한식음식점",10.233592880978867,40.08810572687225,10.233592880978867,"11~14",98.32775919732441,2828.279798896064,98.32775919732441,4,"06~11","",TRUE,"분석 가능","신구중학교",92.16490545050056,82.75862068965517,"100 - 16개 상권특성의 평균 절대 백분위 차이"
"창덕궁",3110019,"호프-간이주점",59.318637274549104,24.07766990291262,59.318637274549104,"21~24",99.39516129032258,218.89455970661118,99.39516129032258,5,"","",TRUE,"분석 가능","홍대입구역 3번",85.97194388777555,100,"100 - 16개 상권특성의 평균 절대 백분위 차이"
"창덕궁",3110019,"커피-음료",38.02395209580838,32.896652110625915,38.02395209580838,"뚜렷한 DEAD TIME 없음",0,0,0,5,"","",TRUE,"분석 가능","국기원",89.2122005988024,74.7005988023952,"100 - 16개 상권특성의 평균 절대 백분위 차이"
"서울국제고등학교",3110020,"한식음식점",34.705228031145715,90.7488986784141,34.705228031145715,"21~24",92.2384701912261,3661.2170595074604,92.2384701912261,5,"","",TRUE,"분석 가능","사근동살곶이상점가",86.49888765294772,77.19688542825361,"100 - 16개 상권특성의 평균 절대 백분위 차이"
"서울국제고등학교",3110020,"분식전문점",42.11886304909561,82.88508557457213,42.11886304909561,"뚜렷한 DEAD TIME 없음",0,0,0,5,"","",TRUE,"분석 가능","서울시립대",88.90503875968993,89.66408268733849,"100 - 16개 상권특성의 평균 절대 백분위 차이"
"서울국제고등학교",3110020,"커피-음료",49.25149700598803,88.64628820960698,49.25149700598803,"뚜렷한 DEAD TIME 없음",0,0,0,5,"00~06","",TRUE,"분석 가능","서울시립대",88.66953592814372,88.62275449101796,"100 - 16개 상권특성의 평균 절대 백분위 차이"
"서울국제고등학교",3110020,"편의점",14.395886889460154,83,14.395886889460154,"뚜렷한 DEAD TIME 없음",0,0,0,5,"","",TRUE,"분석 가능","사근동살곶이상점가",88.33547557840618,36.50385604113111,"100 - 16개 상권특성의 평균 절대 백분위 차이"
"성균관대학교",3110021,"한식음식점",32.03559510567297,81.27753303964758,32.03559510567297,"뚜렷한 DEAD TIME 없음",0,0,0,5,"","",TRUE,"분석 가능","노원초등학교",85.8940489432703,82.31368186874305,"100 - 16개 상권특성의 평균 절대 백분위 차이"
"성균관대학교",3110021,"호프-간이주점",26.252505010020037,72.42718446601941,26.252505010020037,"뚜렷한 DEAD TIME 없음",0,0,0,5,"","",TRUE,"분석 가능","홍대땡땡거리",85.69639278557113,51.903807615230455,"100 - 16개 상권특성의 평균 절대 백분위 차이"
"성균관대학교",3110021,"커피-음료",43.56287425149701,77.72925764192141,43.56287425149701,"뚜렷한 DEAD TIME 없음",0,0,0,5,"00~06","",TRUE,"분석 가능","홍대땡땡거리",88.94086826347306,61.227544910179645,"100 - 16개 상권특성의 평균 절대 백분위 차이"
"경신고등학교",3110022,"한식음식점",18.13125695216908,37.77533039647577,18.13125695216908,"21~24",97.63779527559055,382.8980660617553,97.63779527559055,5,"","",TRUE,"분석 가능","석관고등학교",87.36095661846497,72.63626251390434,"100 - 16개 상권특성의 평균 절대 백분위 차이"
"경신고등학교",3110022,"커피-음료",44.31137724550898,30.71324599708879,44.31137724550898,"뚜렷한 DEAD TIME 없음",0,0,0,5,"00~06","",TRUE,"분석 가능","종암중학교",85.9187874251497,86.22754491017965,"100 - 16개 상권특성의 평균 절대 백분위 차이"
"서울대병원",3110023,"한식음식점",71.7463848720801,51.65198237885462,71.7463848720801,"뚜렷한 DEAD TIME 없음",0,0,0,5,"","",TRUE,"분석 가능","이수역 5번",83.64154616240268,84.42714126807564,"100 - 16개 상권특성의 평균 절대 백분위 차이"
"서울대병원",3110023,"커피-음료",98.20359281437125,45.70596797671033,98.20359281437125,"뚜렷한 DEAD TIME 없음",0,0,0,5,"","",TRUE,"분석 가능","강동성심병원",79.76235029940119,99.55089820359282,"100 - 16개 상권특성의 평균 절대 백분위 차이"
"혜화동주민센터",3110024,"한식음식점",80.64516129032258,32.158590308370044,80.64516129032258,"뚜렷한 DEAD TIME 없음",0,0,0,5,"00~06","",TRUE,"분석 가능","광나루역 1번",86.81173526140155,90.87875417130145,"100 - 16개 상권특성의 평균 절대 백분위 차이"
"혜화동주민센터",3110024,"커피-음료",53.59281437125748,25.47307132459971,53.59281437125748,"뚜렷한 DEAD TIME 없음",0,0,0,5,"","",TRUE,"분석 가능","광나루역 1번",88.9315119760479,96.25748502994011,"100 - 16개 상권특성의 평균 절대 백분위 차이"
"충신시장옆",3110025,"한식음식점",92.1023359288098,23.348017621145374,92.1023359288098,"뚜렷한 DEAD TIME 없음",0,0,0,5,"","",TRUE,"분석 가능","문래역 3번",87.28448275862068,99.33259176863181,"100 - 16개 상권특성의 평균 절대 백분위 차이"
"혜화역 1번",3110027,"한식음식점",8.898776418242491,24.229074889867842,8.898776418242491,"06~11",98.62857142857143,154.84789190706573,98.62857142857143,4,"00~06,21~24","",TRUE,"분석 가능","중랑역 4번",86.65183537263626,87.31924360400444,"100 - 16개 상권특성의 평균 절대 백분위 차이"
"혜화역 1번",3110027,"분식전문점",58.139534883720934,11.491442542787286,58.139534883720934,"뚜렷한 DEAD TIME 없음",0,0,0,5,"00~06","",TRUE,"분석 가능","불광역 8번",82.21899224806202,99.48320413436691,"100 - 16개 상권특성의 평균 절대 백분위 차이"
"혜화역 1번",3110027,"호프-간이주점",63.52705410821643,10.679611650485436,63.52705410821643,"뚜렷한 DEAD TIME 없음",0,0,0,2,"06~11,11~14,14~17","",TRUE,"분석 가능","장승배기역 4번",82.45240480961924,95.39078156312625,"100 - 16개 상권특성의 평균 절대 백분위 차이"
"혜화역 1번",3110027,"커피-음료",38.47305389221557,18.777292576419214,38.47305389221557,"06~11",92.63803680981594,153.91076174535374,92.63803680981594,5,"","",TRUE,"분석 가능","계상초등학교",81.3061377245509,59.4311377245509,"100 - 16개 상권특성의 평균 절대 백분위 차이"
"이화달팽이길",3110028,"한식음식점",46.941045606229146,94.60352422907489,46.941045606229146,"뚜렷한 DEAD TIME 없음",0,0,0,5,"","",TRUE,"분석 가능","마장역 3번",87.30533926585095,98.66518353726363,"100 - 16개 상권특성의 평균 절대 백분위 차이"
"이화달팽이길",3110028,"호프-간이주점",45.89178356713427,91.45631067961165,45.89178356713427,"뚜렷한 DEAD TIME 없음",0,0,0,3,"06~11,11~14","",TRUE,"분석 가능","보문역 5번",87.18687374749499,77.15430861723446,"100 - 16개 상권특성의 평균 절대 백분위 차이"
"이화달팽이길",3110028,"커피-음료",21.407185628742514,93.15866084425036,21.407185628742514,"뚜렷한 DEAD TIME 없음",0,0,0,5,"00~06","",TRUE,"분석 가능","홍대부속여중고앞",88.84730538922156,24.550898203592812,"100 - 16개 상권특성의 평균 절대 백분위 차이"
"이화달팽이길",3110028,"편의점",100,89.5,100,"뚜렷한 DEAD TIME 없음",0,0,0,5,"","",TRUE,"분석 가능",NA,NA,NA,"100 - 16개 상권특성의 평균 절대 백분위 차이"
"동대문역 1번",3110029,"한식음식점",38.9321468298109,96.25550660792952,38.9321468298109,"뚜렷한 DEAD TIME 없음",0,0,0,5,"","",TRUE,"분석 가능","미아역 5번",91.9980533926585,57.8420467185762,"100 - 16개 상권특성의 평균 절대 백분위 차이"
"동대문역 1번",3110029,"분식전문점",75.71059431524549,92.66503667481662,75.71059431524549,"뚜렷한 DEAD TIME 없음",0,0,0,4,"21~24","",TRUE,"분석 가능","미아역 5번",90.76227390180878,95.34883720930233,"100 - 16개 상권특성의 평균 절대 백분위 차이"
"동대문역 1번",3110029,"커피-음료",0.5988023952095809,95.19650655021834,0.5988023952095809,"17~21",99.54954954954955,1277.217798396879,99.54954954954955,4,"00~06,21~24","",TRUE,"분석 가능","구산역 1번",87.5374251497006,14.97005988023952,"100 - 16개 상권특성의 평균 절대 백분위 차이"
"동대문역 3번",3110030,"한식음식점",94.43826473859845,7.819383259911894,94.43826473859845,"뚜렷한 DEAD TIME 없음",0,0,0,5,"","",TRUE,"분석 가능","아현역 1번",87.472191323693,98.99888765294772,"100 - 16개 상권특성의 평균 절대 백분위 차이"
"수족관거리",3110032,"한식음식점",20.800889877641822,5.506607929515418,20.800889877641822,"11~14",91.9732441471572,354.92940602628346,91.9732441471572,5,"","",TRUE,"분석 가능","창신1동주민센터",88.40378197997777,29.254727474972192,"100 - 16개 상권특성의 평균 절대 백분위 차이"
"창신역 4번",3110033,"한식음식점",89.32146829810901,58.14977973568281,89.32146829810901,"뚜렷한 DEAD TIME 없음",0,0,0,5,"","",TRUE,"분석 가능","서울북부고용노동지청",86.65183537263626,92.880978865406007,"100 - 16개 상권특성의 평균 절대 백분위 차이"
"창신역 4번",3110033,"호프-간이주점",22.24448897795591,42.52427184466019,22.24448897795591,"뚜렷한 DEAD TIME 없음",0,0,0,3,"06~11,11~14","",TRUE,"분석 가능","서울여자간호대학교",90.34318637274549,57.51503006012024,"100 - 16개 상권특성의 평균 절대 백분위 차이"
"창신1동주민센터",3110034,"한식음식점",29.254727474972192,20.484581497797357,29.254727474972192,"17~21",95.77308120133482,2030.223481126333,95.77308120133482,5,"00~06","",TRUE,"분석 가능","영등포시장역 3번",88.81395995550612,76.0845383759733,"100 - 16개 상권특성의 평균 절대 백분위 차이"
"동묘앞역 2번",3110035,"한식음식점",58.509454949944384,72.02643171806167,58.509454949944384,"뚜렷한 DEAD TIME 없음",0,0,0,5,"","",TRUE,"분석 가능","굽은다리역 2번",87.72246941045606,78.9766407119021,"100 - 16개 상권특성의 평균 절대 백분위 차이"
"동묘앞역 2번",3110035,"분식전문점",12.144702842377262,56.47921760391198,12.144702842377262,"뚜렷한 DEAD TIME 없음",0,0,0,5,"","",TRUE,"분석 가능","만리재",91.02067183462532,81.65374677002583,"100 - 16개 상권특성의 평균 절대 백분위 차이"
"동묘앞역 2번",3110035,"호프-간이주점",17.43486973947896,59.80582524271845,17.43486973947896,"14~17",94.77124183006535,141.82615583390864,94.77124183006535,4,"11~14","",TRUE,"분석 가능","수유역 2번",89.80460921843687,73.94789579158316,"100 - 16개 상권특성의 평균 절대 백분위 차이"
"동묘앞역 2번",3110035,"커피-음료",81.73652694610777,66.95778748180496,81.73652694610777,"뚜렷한 DEAD TIME 없음",0,0,0,5,"00~06","",TRUE,"분석 가능","한겨레신문사",86.27432634730539,85.17964071856288,"100 - 16개 상권특성의 평균 절대 백분위 차이"
"동묘앞역 3번",3110036,"한식음식점",37.1523915461624,24.559471365638768,37.1523915461624,"뚜렷한 DEAD TIME 없음",0,0,0,5,"","",TRUE,"분석 가능","황학동벼룩시장",87.70161290322581,49.49944382647386,"100 - 16개 상권특성의 평균 절대 백분위 차이"
"신설동역 12번",3110037,"한식음식점",19.799777530589544,60.022026431718054,19.799777530589544,"17~21",95.43937708565072,6684.014213616248,95.43937708565072,5,"","",TRUE,"분석 가능","한국폴리텍대학서울정수캠퍼스",87.94493882091213,38.82091212458287,"100 - 16개 상권특성의 평균 절대 백분위 차이"
"신설동역 12번",3110037,"커피-음료",29.790419161676645,55.167394468704515,29.790419161676645,"14~17",91.1676646706587,261.81168314768223,91.1676646706587,3,"00~06,17~21,21~24","",TRUE,"분석 가능","마포역 4번",88.15494011976048,38.17365269461078,"100 - 16개 상권특성의 평균 절대 백분위 차이"
"신설동역 12번",3110037,"편의점",68.89460154241645,38,68.89460154241645,"뚜렷한 DEAD TIME 없음",0,0,0,5,"","",TRUE,"분석 가능","방배역 3번",86.87339331619538,87.40359897172236,"100 - 16개 상권특성의 평균 절대 백분위 차이"
"경향신문사",3110038,"한식음식점",89.09899888765295,0.6607929515418502,89.09899888765295,"뚜렷한 DEAD TIME 없음",0,0,0,5,"","",TRUE,"분석 가능","강동성심병원",88.18826473859845,96.21802002224695,"100 - 16개 상권특성의 평균 절대 백분위 차이"
"경향신문사",3110038,"분식전문점",94.05684754521964,0,94.05684754521964,"뚜렷한 DEAD TIME 없음",0,0,0,5,"00~06","",TRUE,"분석 가능","문정역 1번",84.15697674418605,94.83204134366925,"100 - 16개 상권특성의 평균 절대 백분위 차이"
"경향신문사",3110038,"커피-음료",51.34730538922155,0.5822416302765648,51.34730538922155,"21~24",97.70723104056437,671.3165745975543,97.70723104056437,5,"","",TRUE,"분석 가능","강동성심병원",87.9303892215569,99.55089820359282,"100 - 16개 상권특성의 평균 절대 백분위 차이"
"경향신문사",3110038,"편의점",62.2107969151671,0,62.2107969151671,"뚜렷한 DEAD TIME 없음",0,0,0,5,"","",TRUE,"분석 가능","충정로현대아파트",89.68508997429306,87.66066838046272,"100 - 16개 상권특성의 평균 절대 백분위 차이"
"회현역 1번",3110039,"한식음식점",68.40934371523916,4.5154185022026425,68.40934371523916,"뚜렷한 DEAD TIME 없음",0,0,0,5,"","",TRUE,"분석 가능","강서구청가양동별관",93.64571746384873,80.53392658509455,"100 - 16개 상권특성의 평균 절대 백분위 차이"
"중구회현체육센터(정화예술대남산캠퍼스)",3110040,"한식음식점",90.65628476084538,5.947136563876652,90.65628476084538,"뚜렷한 DEAD TIME 없음",0,0,0,5,"","",TRUE,"분석 가능","충신시장옆",89.1059510567297,92.1023359288098,"100 - 16개 상권특성의 평균 절대 백분위 차이"
"중구회현체육센터(정화예술대남산캠퍼스)",3110040,"커피-음료",73.95209580838323,3.9301310043668125,73.95209580838323,"뚜렷한 DEAD TIME 없음",0,0,0,4,"00~06,21~24","",TRUE,"분석 가능","청와대사랑채",88.31399700598803,97.30538922155688,"100 - 16개 상권특성의 평균 절대 백분위 차이"
"남산케이블카",3110041,"한식음식점",98.10901001112346,18.94273127753304,98.10901001112346,"뚜렷한 DEAD TIME 없음",0,0,0,5,"","",TRUE,"분석 가능",NA,NA,NA,"100 - 16개 상권특성의 평균 절대 백분위 차이"
"남산케이블카",3110041,"커피-음료",17.81437125748503,13.682678311499272,17.81437125748503,"21~24",99.11816578483244,848.4843955328199,99.11816578483244,5,"","",TRUE,"분석 가능","연희파출소",92.34655688622755,37.72455089820359,"100 - 16개 상권특성의 평균 절대 백분위 차이"
"남산케이블카",3110041,"편의점",8.483290488431876,5.5,8.483290488431876,"17~21",96.40102827763496,45430.56180032914,96.40102827763496,5,"","",TRUE,"분석 가능","가양역 10번",88.15874035989717,39.84575835475578,"100 - 16개 상권특성의 평균 절대 백분위 차이"
"남산골공원옆",3110042,"한식음식점",31.70189098998888,23.45814977973568,31.70189098998888,"뚜렷한 DEAD TIME 없음",0,0,0,5,"","",TRUE,"분석 가능","연희파출소",91.48359288097888,84.98331479421579,"100 - 16개 상권특성의 평균 절대 백분위 차이"
"충무초등학교",3110043,"한식음식점",4.226918798665183,54.62555066079295,4.226918798665183,"21~24",95.83802024746907,2092.758420316034,95.83802024746907,5,"00~06","",TRUE,"분석 가능","안암역 2번",87.63904338153505,81.86874304783093,"100 - 16개 상권특성의 평균 절대 백분위 차이"
"충무초등학교",3110043,"분식전문점",25.839793281653744,38.63080684596577,25.839793281653744,"뚜렷한 DEAD TIME 없음",0,0,0,5,"00~06","",TRUE,"분석 가능","안암역 2번",86.88630490956074,59.43152454780362,"100 - 16개 상권특성의 평균 절대 백분위 차이"
"충무초등학교",3110043,"커피-음료",35.17964071856288,49.053857350800584,35.17964071856288,"뚜렷한 DEAD TIME 없음",0,0,0,5,"00~06","",TRUE,"분석 가능","안암역 2번",89.10928143712576,89.82035928143712,"100 - 16개 상권특성의 평균 절대 백분위 차이"
"충무초등학교",3110043,"편의점",67.09511568123393,33.25,67.09511568123393,"뚜렷한 DEAD TIME 없음",0,0,0,5,"","",TRUE,"분석 가능","제기동역 1번",90.82583547557842,68.12339331619538,"100 - 16개 상권특성의 평균 절대 백분위 차이"
"관성묘",3110044,"한식음식점",55.506117908787544,9.691629955947137,55.506117908787544,"뚜렷한 DEAD TIME 없음",0,0,0,5,"","",TRUE,"분석 가능","회현역 1번",92.99221357063404,68.40934371523916,"100 - 16개 상권특성의 평균 절대 백분위 차이"
"동대문역사문화공원역 5번",3110045,"한식음식점",72.96996662958844,24.88986784140969,72.96996662958844,"뚜렷한 DEAD TIME 없음",0,0,0,5,"","",TRUE,"분석 가능","충신시장옆",88.67491657397107,92.1023359288098,"100 - 16개 상권특성의 평균 절대 백분위 차이"
"동대문역사문화공원역 5번",3110045,"분식전문점",60.98191214470285,11.98044009779951,60.98191214470285,"뚜렷한 DEAD TIME 없음",0,0,0,5,"00~06","",TRUE,"분석 가능","대방역 3번",87.33850129198966,85.78811369509044,"100 - 16개 상권특성의 평균 절대 백분위 차이"
"동대문역사문화공원역 5번",3110045,"호프-간이주점",50.300601202404806,11.067961165048544,50.300601202404806,"뚜렷한 DEAD TIME 없음",0,0,0,4,"06~11","",TRUE,"분석 가능","강동성심병원",92.77304609218437,69.73947895791584,"100 - 16개 상권특성의 평균 절대 백분위 차이"
"동대문역사문화공원역 5번",3110045,"커피-음료",9.880239520958083,19.359534206695777,9.880239520958083,"14~17",98.80239520958084,588.0901150695024,98.80239520958084,4,"00~06,21~24","",TRUE,"분석 가능","베르사이유1아파트",91.45770958083833,49.101796407185624,"100 - 16개 상권특성의 평균 절대 백분위 차이"
"장충동주민센터",3110048,"한식음식점",41.26807563959956,66.51982378854625,41.26807563959956,"뚜렷한 DEAD TIME 없음",0,0,0,5,"","",TRUE,"분석 가능","신설동역 9번",92.08843159065628,44.827586206896555,"100 - 16개 상권특성의 평균 절대 백분위 차이"
"장충동주민센터",3110048,"커피-음료",26.497005988023954,61.863173216885,26.497005988023954,"뚜렷한 DEAD TIME 없음",0,0,0,4,"00~06,21~24","",TRUE,"분석 가능","성미산체육관",89.86714071856288,49.700598802395206,"100 - 16개 상권특성의 평균 절대 백분위 차이"
"장충단 고개",3110049,"한식음식점",14.015572858731925,46.36563876651982,14.015572858731925,"06~11",94.74285714285713,1039.5398460268275,94.74285714285713,5,"","",TRUE,"분석 가능","대흥역 3번",91.35150166852057,46.60734149054505,"100 - 16개 상권특성의 평균 절대 백분위 차이"
"장충단 고개",3110049,"호프-간이주점",45.49098196392786,30.29126213592233,45.49098196392786,"뚜렷한 DEAD TIME 없음",0,0,0,5,"00~06","",TRUE,"분석 가능","논현2동주민센터",89.26603206412827,91.18236472945893,"100 - 16개 상권특성의 평균 절대 백분위 차이"
"장충단 고개",3110049,"커피-음료",32.93413173652694,39.30131004366812,32.93413173652694,"뚜렷한 DEAD TIME 없음",0,0,0,5,"00~06","",TRUE,"분석 가능","대치동아우편취급국",89.50224550898204,39.37125748502994,"100 - 16개 상권특성의 평균 절대 백분위 차이"
"약수역 7번",3110050,"한식음식점",96.55172413793103,27.312775330396477,96.55172413793103,"뚜렷한 DEAD TIME 없음",0,0,0,5,"","",TRUE,"분석 가능","불광역 8번",84.6078976640712,98.77641824249166,"100 - 16개 상권특성의 평균 절대 백분위 차이"
"한양공고앞 교차로",3110051,"한식음식점",35.92880978865406,65.08810572687224,35.92880978865406,"뚜렷한 DEAD TIME 없음",0,0,0,5,"","",TRUE,"분석 가능","천호역 1번(천호문구완구거리)",89.8567853170189,82.8698553948832,"100 - 16개 상권특성의 평균 절대 백분위 차이"
"장충초등학교",3110052,"한식음식점",85.65072302558399,36.34361233480176,85.65072302558399,"뚜렷한 DEAD TIME 없음",0,0,0,5,"","",TRUE,"분석 가능","양천향교역 2번",88.07007786429367,85.76195773081201,"100 - 16개 상권특성의 평균 절대 백분위 차이"
"장충초등학교",3110052,"분식전문점",62.7906976744186,20.048899755501225,62.7906976744186,"뚜렷한 DEAD TIME 없음",0,0,0,5,"00~06","",TRUE,"분석 가능","문현중학교(장지역 1번)",88.14599483204134,78.29457364341084,"100 - 16개 상권특성의 평균 절대 백분위 차이"
"장충초등학교",3110052,"호프-간이주점",90.5811623246493,20.388349514563107,90.5811623246493,"뚜렷한 DEAD TIME 없음",0,0,0,5,"","",TRUE,"분석 가능","성원어린이공원",91.59569138276554,93.9879759519038,"100 - 16개 상권특성의 평균 절대 백분위 차이"
"청구역 1번",3110053,"한식음식점",28.25361512791991,61.12334801762115,28.25361512791991,"뚜렷한 DEAD TIME 없음",0,0,0,5,"","",TRUE,"분석 가능","돌곶이역 1번",88.22997775305895,41.490545050055616,"100 - 16개 상권특성의 평균 절대 백분위 차이"
"청구역 1번",3110053,"호프-간이주점",67.53507014028057,45.63106796116505,67.53507014028057,"뚜렷한 DEAD TIME 없음",0,0,0,2,"00~06,06~11,11~14,14~17","",TRUE,"분석 가능","중앙대학교",83.29158316633266,84.5691382765531,"100 - 16개 상권특성의 평균 절대 백분위 차이"
"청구역 1번",3110053,"편의점",59.12596401028277,38.75,59.12596401028277,"뚜렷한 DEAD TIME 없음",0,0,0,5,"","",TRUE,"분석 가능","중앙대학교",85.36311053984575,91.77377892030847,"100 - 16개 상권특성의 평균 절대 백분위 차이"
"청구역 3번",3110054,"한식음식점",61.957730812013345,55.837004405286336,61.957730812013345,"뚜렷한 DEAD TIME 없음",0,0,0,5,"","",TRUE,"분석 가능","언주역 3번",89.62736373748609,85.87319243604004,"100 - 16개 상권특성의 평균 절대 백분위 차이"
"청구역 3번",3110054,"커피-음료",83.53293413173652,50.36390101892285,83.53293413173652,"뚜렷한 DEAD TIME 없음",0,0,0,5,"00~06","",TRUE,"분석 가능","성동초등학교",87.59356287425149,91.46706586826348,"100 - 16개 상권특성의 평균 절대 백분위 차이"
"청구역 3번",3110054,"편의점",55.26992287917738,34.25,55.26992287917738,"뚜렷한 DEAD TIME 없음",0,0,0,5,"","",TRUE,"분석 가능","신설동역 12번",90.1349614395887,68.89460154241645,"100 - 16개 상권특성의 평균 절대 백분위 차이"
"황학동벼룩시장",3110055,"한식음식점",49.49944382647386,25,49.49944382647386,"뚜렷한 DEAD TIME 없음",0,0,0,5,"","",TRUE,"분석 가능","열정도",89.21718576195772,58.06451612903226,"100 - 16개 상권특성의 평균 절대 백분위 차이"
"황학동벼룩시장",3110055,"호프-간이주점",NA,11.262135922330096,NA,"뚜렷한 DEAD TIME 없음",0,0,0,0,"","00~06,06~11,11~14,14~17,17~21,21~24",FALSE,"활동 또는 관측 근거 부족",NA,NA,NA,"100 - 16개 상권특성의 평균 절대 백분위 차이"
"신당역 3번",3110056,"한식음식점",36.70745272525028,80.1762114537445,36.70745272525028,"뚜렷한 DEAD TIME 없음",0,0,0,5,"","",TRUE,"분석 가능","장승배기역 4번",87.0063959955506,59.06562847608454,"100 - 16개 상권특성의 평균 절대 백분위 차이"
"신당역 3번",3110056,"분식전문점",19.896640826873384,65.28117359413203,19.896640826873384,"21~24",90.25974025974025,146.70867240922166,90.25974025974025,5,"00~06","",TRUE,"분석 가능","장승배기역 4번",89.58333333333334,84.49612403100775,"100 - 16개 상권특성의 평균 절대 백분위 차이"
"신당역 3번",3110056,"호프-간이주점",9.619238476953909,70.87378640776699,9.619238476953909,"뚜렷한 DEAD TIME 없음",0,0,0,5,"","",TRUE,"분석 가능","계상초등학교",85.08266533066133,11.022044088176353,"100 - 16개 상권특성의 평균 절대 백분위 차이"
"신당역 3번",3110056,"커피-음료",47.75449101796407,76.41921397379913,47.75449101796407,"뚜렷한 DEAD TIME 없음",0,0,0,5,"","",TRUE,"분석 가능","숭실대입구역 1번",87.43450598802394,80.53892215568862,"100 - 16개 상권특성의 평균 절대 백분위 차이"
"황학코아루아파트",3110057,"한식음식점",94.9944382647386,59.91189427312775,94.9944382647386,"뚜렷한 DEAD TIME 없음",0,0,0,5,"","",TRUE,"분석 가능","신원동주민센터",81.67408231368188,97.99777530589544,"100 - 16개 상권특성의 평균 절대 백분위 차이"
"황학코아루아파트",3110057,"분식전문점",95.60723514211887,43.27628361858191,95.60723514211887,"뚜렷한 DEAD TIME 없음",0,0,0,5,"","",TRUE,"분석 가능","북한산보국문역 1번",77.47093023255813,97.41602067183463,"100 - 16개 상권특성의 평균 절대 백분위 차이"
"황학코아루아파트",3110057,"커피-음료",96.55688622754491,55.021834061135365,96.55688622754491,"뚜렷한 DEAD TIME 없음",0,0,0,5,"00~06","",TRUE,"분석 가능",NA,NA,NA,"100 - 16개 상권특성의 평균 절대 백분위 차이"
"성심여자고등학교",3110058,"한식음식점",30.367074527252502,79.40528634361233,30.367074527252502,"뚜렷한 DEAD TIME 없음",0,0,0,5,"","",TRUE,"분석 가능","효창공원앞역 2번",91.7686318131257,95.66184649610679,"100 - 16개 상권특성의 평균 절대 백분위 차이"
"성심여자고등학교",3110058,"호프-간이주점",20.440881763527056,69.70873786407768,20.440881763527056,"뚜렷한 DEAD TIME 없음",0,0,0,5,"","",TRUE,"분석 가능","보문역 5번",90.80661322645291,77.15430861723446,"100 - 16개 상권특성의 평균 절대 백분위 차이"
"성심여자고등학교",3110058,"커피-음료",80.38922155688623,75.40029112081513,80.38922155688623,"뚜렷한 DEAD TIME 없음",0,0,0,5,"","",TRUE,"분석 가능","남영역 1번",87.6122754491018,84.28143712574851,"100 - 16개 상권특성의 평균 절대 백분위 차이"
"성심여자고등학교",3110058,"편의점",0,64,0,"21~24",100,19868.84121069766,100,5,"","",TRUE,"분석 가능","효창공원앞역 2번",88.51221079691517,40.3598971722365,"100 - 16개 상권특성의 평균 절대 백분위 차이"
"새남터성지",3110059,"한식음식점",4.004449388209121,40.308370044052865,4.004449388209121,"14~17",97.9955456570156,841.619596850312,97.9955456570156,5,"","",TRUE,"분석 가능","오산고등학교",87.04810901001112,58.28698553948832,"100 - 16개 상권특성의 평균 절대 백분위 차이"
"새남터성지",3110059,"커피-음료",77.9940119760479,33.18777292576419,77.9940119760479,"뚜렷한 DEAD TIME 없음",0,0,0,4,"21~24","",TRUE,"분석 가능","문정동성당",82.72829341317365,82.93413173652695,"100 - 16개 상권특성의 평균 절대 백분위 차이"
"효창공원앞역 6번",3110060,"한식음식점",13.459399332591767,46.035242290748904,13.459399332591767,"06~11",93.25714285714287,193.1050662694514,93.25714285714287,5,"00~06","",TRUE,"분석 가능","망우역 1번",88.86262513904339,57.61957730812013,"100 - 16개 상권특성의 평균 절대 백분위 차이"
"효창공원앞역 6번",3110060,"호프-간이주점",3.807615230460922,29.708737864077673,3.807615230460922,"17~21",97.99196787148594,219.2188871714438,97.99196787148594,4,"11~14","",TRUE,"분석 가능","창동역 2번",86.49799599198397,73.74749498997996,"100 - 16개 상권특성의 평균 절대 백분위 차이"
"효창공원앞역 6번",3110060,"커피-음료",43.11377245508982,38.864628820960704,43.11377245508982,"뚜렷한 DEAD TIME 없음",0,0,0,5,"","",TRUE,"분석 가능","창동역 2번",88.35142215568862,94.311377245509,"100 - 16개 상권특성의 평균 절대 백분위 차이"
"효창공원앞역 6번",3110060,"편의점",44.473007712082264,22,44.473007712082264,"뚜렷한 DEAD TIME 없음",0,0,0,5,"","",TRUE,"분석 가능","그라운드 고척",88.57647814910025,86.63239074550128,"100 - 16개 상권특성의 평균 절대 백분위 차이"
"효창동주민센터",3110061,"한식음식점",88.98776418242491,74.66960352422907,88.98776418242491,"뚜렷한 DEAD TIME 없음",0,0,0,5,"00~06","",TRUE,"분석 가능","오류동역 1번",85.00417130144605,90.10011123470522,"100 - 16개 상권특성의 평균 절대 백분위 차이"
"효창동주민센터",3110061,"커피-음료",52.99401197604791,69.86899563318777,52.99401197604791,"뚜렷한 DEAD TIME 없음",0,0,0,5,"00~06","",TRUE,"분석 가능","간데메공원",91.15830838323353,82.63473053892216,"100 - 16개 상권특성의 평균 절대 백분위 차이"
"한강로동땡땡거리(은행나무길)",3110062,"한식음식점",63.51501668520578,61.23348017621145,63.51501668520578,"뚜렷한 DEAD TIME 없음",0,0,0,5,"","",TRUE,"분석 가능","경수초등학교",91.46968854282537,76.4182424916574,"100 - 16개 상권특성의 평균 절대 백분위 차이"
"한강로동땡땡거리(은행나무길)",3110062,"분식전문점",6.459948320413436,44.743276283618584,6.459948320413436,"17~21",97.66233766233766,1167.246935700509,97.66233766233766,2,"06~11,11~14,14~17","",TRUE,"분석 가능","경수초등학교",88.93733850129199,27.131782945736433,"100 - 16개 상권특성의 평균 절대 백분위 차이"
"한강로동땡땡거리(은행나무길)",3110062,"호프-간이주점",39.67935871743487,45.8252427184466,39.67935871743487,"뚜렷한 DEAD TIME 없음",0,0,0,5,"","",TRUE,"분석 가능","성수동카페거리",91.42034068136272,90.38076152304609,"100 - 16개 상권특성의 평균 절대 백분위 차이"
"한강로동땡땡거리(은행나무길)",3110062,"커피-음료",26.047904191616766,56.477438136826784,26.047904191616766,"뚜렷한 DEAD TIME 없음",0,0,0,5,"00~06","",TRUE,"분석 가능","성수동카페거리",89.81100299401199,48.50299401197605,"100 - 16개 상권특성의 평균 절대 백분위 차이"
"효창공원앞역 5번",3110063,"한식음식점",70.30033370411569,55.06607929515418,70.30033370411569,"뚜렷한 DEAD TIME 없음",0,0,0,5,"","",TRUE,"분석 가능","공군호텔",88.7305339265851,76.52947719688544,"100 - 16개 상권특성의 평균 절대 백분위 차이"
"효창공원앞역 5번",3110063,"호프-간이주점",62.32464929859719,39.80582524271845,62.32464929859719,"뚜렷한 DEAD TIME 없음",0,0,0,5,"","",TRUE,"분석 가능","양평역 2번",89.40380761523046,77.55511022044088,"100 - 16개 상권특성의 평균 절대 백분위 차이"
"효창공원앞역 5번",3110063,"커피-음료",15.568862275449103,49.63609898107715,15.568862275449103,"06~11",92.33128834355828,120.69701834476774,92.33128834355828,5,"00~06","",TRUE,"분석 가능","마포구청역 4번",89.73615269461078,78.1437125748503,"100 - 16개 상권특성의 평균 절대 백분위 차이"
"효창공원앞역 2번",3110064,"한식음식점",95.66184649610679,81.16740088105728,95.66184649610679,"뚜렷한 DEAD TIME 없음",0,0,0,5,"00~06","",TRUE,"분석 가능","마장역 3번",83.7249721913237,98.66518353726363,"100 - 16개 상권특성의 평균 절대 백분위 차이"
"효창공원앞역 2번",3110064,"분식전문점",68.73385012919897,67.23716381418093,68.73385012919897,"뚜렷한 DEAD TIME 없음",0,0,0,5,"","",TRUE,"분석 가능","남영역 1번",87.38695090439276,73.90180878552972,"100 - 16개 상권특성의 평균 절대 백분위 차이"
"효창공원앞역 2번",3110064,"커피-음료",41.91616766467065,77.58369723435226,41.91616766467065,"뚜렷한 DEAD TIME 없음",0,0,0,5,"","",TRUE,"분석 가능","성심여자고등학교",91.24251497005989,80.38922155688623,"100 - 16개 상권특성의 평균 절대 백분위 차이"
"효창공원앞역 2번",3110064,"편의점",40.3598971722365,66.25,40.3598971722365,"뚜렷한 DEAD TIME 없음",0,0,0,5,"","",TRUE,"분석 가능","홍대부속여중고앞",90.19922879177378,70.95115681233933,"100 - 16개 상권특성의 평균 절대 백분위 차이"
"서울역 15번",3110066,"한식음식점",58.843159065628484,85.46255506607929,58.843159065628484,"뚜렷한 DEAD TIME 없음",0,0,0,5,"","",TRUE,"분석 가능","동대문구청",88.1952169076752,59.399332591768626,"100 - 16개 상권특성의 평균 절대 백분위 차이"
"서울역 15번",3110066,"분식전문점",54.78036175710594,74.81662591687042,54.78036175710594,"뚜렷한 DEAD TIME 없음",0,0,0,5,"00~06","",TRUE,"분석 가능","효창공원앞역 2번",87.59689922480621,68.73385012919897,"100 - 16개 상권특성의 평균 절대 백분위 차이"
"서울역 15번",3110066,"호프-간이주점",36.67334669338677,78.44660194174757,36.67334669338677,"뚜렷한 DEAD TIME 없음",0,0,0,3,"06~11,11~14","",TRUE,"분석 가능","효창공원앞역 5번",89.15330661322645,62.32464929859719,"100 - 16개 상권특성의 평균 절대 백분위 차이"
"서울역 15번",3110066,"커피-음료",58.08383233532935,82.6783114992722,58.08383233532935,"뚜렷한 DEAD TIME 없음",0,0,0,5,"00~06","",TRUE,"분석 가능","마포구청역 4번",88.69760479041916,78.1437125748503,"100 - 16개 상권특성의 평균 절대 백분위 차이"
"서울역 15번",3110066,"편의점",95.37275064267352,73.5,95.37275064267352,"뚜렷한 DEAD TIME 없음",0,0,0,5,"","",TRUE,"분석 가능","남영역 1번",86.19858611825192,95.88688946015425,"100 - 16개 상권특성의 평균 절대 백분위 차이"
"배문고등학교",3110067,"한식음식점",47.60845383759733,85.02202643171806,47.60845383759733,"뚜렷한 DEAD TIME 없음",0,0,0,5,"","",TRUE,"분석 가능","후암동주민센터",89.58565072302558,47.830923248053395,"100 - 16개 상권특성의 평균 절대 백분위 차이"
"배문고등학교",3110067,"분식전문점",65.11627906976744,74.32762836185819,65.11627906976744,"뚜렷한 DEAD TIME 없음",0,0,0,4,"00~06,21~24","",TRUE,"분석 가능","중화역 1번",84.86757105943153,86.30490956072352,"100 - 16개 상권특성의 평균 절대 백분위 차이"
"배문고등학교",3110067,"호프-간이주점",38.476953907815634,77.66990291262135,38.476953907815634,"14~17",90.19607843137256,84.75121714407999,90.19607843137256,3,"06~11,11~14","",TRUE,"분석 가능","석촌고분역 4번",89.65430861723446,65.53106212424849,"100 - 16개 상권특성의 평균 절대 백분위 차이"
"배문고등학교",3110067,"커피-음료",67.66467065868264,82.09606986899564,67.66467065868264,"뚜렷한 DEAD TIME 없음",0,0,0,5,"","",TRUE,"분석 가능","화곡역 4번",85.85329341317365,89.22155688622755,"100 - 16개 상권특성의 평균 절대 백분위 차이"
"배문고등학교",3110067,"편의점",29.048843187660665,72.5,29.048843187660665,"뚜렷한 DEAD TIME 없음",0,0,0,5,"","",TRUE,"분석 가능","용마초등학교",89.46015424164524,61.696658097686374,"100 - 16개 상권특성의 평균 절대 백분위 차이"
"남영역 1번",3110068,"한식음식점",63.95995550611791,87.11453744493393,63.95995550611791,"뚜렷한 DEAD TIME 없음",0,0,0,5,"","",TRUE,"분석 가능","효창공원앞역 2번",84.25333704115684,95.66184649610679,"100 - 16개 상권특성의 평균 절대 백분위 차이"
"남영역 1번",3110068,"분식전문점",73.90180878552972,77.50611246943765,73.90180878552972,"뚜렷한 DEAD TIME 없음",0,0,0,5,"","",TRUE,"분석 가능","선유도역 1번",83.64018087855297,79.58656330749353,"100 - 16개 상권특성의 평균 절대 백분위 차이"
"남영역 1번",3110068,"호프-간이주점",80.96192384769539,80.58252427184466,80.96192384769539,"뚜렷한 DEAD TIME 없음",0,0,0,2,"06~11,11~14,14~17","",TRUE,"분석 가능","숙대입구",86.15981963927855,90.18036072144288,"100 - 16개 상권특성의 평균 절대 백분위 차이"
"남영역 1번",3110068,"커피-음료",84.28143712574851,84.4250363901019,84.28143712574851,"뚜렷한 DEAD TIME 없음",0,0,0,5,"","",TRUE,"분석 가능","삼선동주민센터",85.90943113772454,88.02395209580838,"100 - 16개 상권특성의 평균 절대 백분위 차이"
"남영역 1번",3110068,"편의점",95.88688946015425,76.25,95.88688946015425,"뚜렷한 DEAD TIME 없음",0,0,0,5,"","",TRUE,"분석 가능","이화달팽이길",83.37082262210797,100,"100 - 16개 상권특성의 평균 절대 백분위 차이"
"숙대입구",3110069,"한식음식점",56.50723025583982,95.70484581497797,56.50723025583982,"뚜렷한 DEAD TIME 없음",0,0,0,5,"","",TRUE,"분석 가능","장승배기역 4번",81.7853170189099,59.06562847608454,"100 - 16개 상권특성의 평균 절대 백분위 차이"
"숙대입구",3110069,"분식전문점",36.95090439276486,91.68704156479217,36.95090439276486,"뚜렷한 DEAD TIME 없음",0,0,0,5,"","",TRUE,"분석 가능","서강대역 1번",85.6266149870801,62.01550387596899,"100 - 16개 상권특성의 평균 절대 백분위 차이"
"숙대입구",3110069,"호프-간이주점",90.18036072144288,93.20388349514563,90.18036072144288,"뚜렷한 DEAD TIME 없음",0,0,0,5,"","",TRUE,"분석 가능",NA,NA,NA,"100 - 16개 상권특성의 평균 절대 백분위 차이"
"숙대입구",3110069,"커피-음료",74.8502994011976,94.46870451237264,74.8502994011976,"뚜렷한 DEAD TIME 없음",0,0,0,5,"","",TRUE,"분석 가능","삼선동주민센터",87.37836826347305,88.02395209580838,"100 - 16개 상권특성의 평균 절대 백분위 차이"
"숙대입구",3110069,"편의점",40.616966580976865,91.5,40.616966580976865,"뚜렷한 DEAD TIME 없음",0,0,0,5,"","",TRUE,"분석 가능","논현초등학교",84.70437017994858,69.66580976863753,"100 - 16개 상권특성의 평균 절대 백분위 차이"
"한강미주맨션아파트",3110071,"한식음식점",22.246941045606228,6.828193832599119,22.246941045606228,"21~24",96.73790776152981,679.5977632101852,96.73790776152981,5,"00~06","",TRUE,"분석 가능","금호삼성래미안아파트",91.48359288097888,62.95884315906562,"100 - 16개 상권특성의 평균 절대 백분위 차이"
"열정도",3110072,"한식음식점",58.06451612903226,12.334801762114537,58.06451612903226,"뚜렷한 DEAD TIME 없음",0,0,0,5,"","",TRUE,"분석 가능","회현역 1번",84.92074527252502,68.40934371523916,"100 - 16개 상권특성의 평균 절대 백분위 차이"
"열정도",3110072,"호프-간이주점",84.76953907815631,4.271844660194175,84.76953907815631,"14~17",91.93899782135077,99.85272966504762,91.93899782135077,5,"","",TRUE,"분석 가능","영등포시장역 1번",86.19739478957915,93.3867735470942,"100 - 16개 상권특성의 평균 절대 백분위 차이"
"열정도",3110072,"커피-음료",NA,8.005822416302767,NA,"뚜렷한 DEAD TIME 없음",0,0,0,0,"","00~06,06~11,11~14,14~17,17~21,21~24",FALSE,"활동 또는 관측 근거 부족",NA,NA,NA,"100 - 16개 상권특성의 평균 절대 백분위 차이"
"삼각지역 3번",3110073,"한식음식점",4.338153503893214,16.519823788546255,4.338153503893214,"14~17",95.99109131403118,2017.612822031629,95.99109131403118,4,"06~11","",TRUE,"분석 가능","성원어린이공원",87.79199110122357,68.18687430478309,"100 - 16개 상권특성의 평균 절대 백분위 차이"
"서울역 12번",3110074,"한식음식점",17.46384872080089,35.68281938325991,17.46384872080089,"14~17",91.53674832962137,18579.600129818176,91.53674832962137,5,"","",TRUE,"분석 가능","숙대입구역 1번",88.50806451612902,41.935483870967744,"100 - 16개 상권특성의 평균 절대 백분위 차이"
"서울역 12번",3110074,"분식전문점",30.490956072351423,19.559902200489,30.490956072351423,"뚜렷한 DEAD TIME 없음",0,0,0,5,"","",TRUE,"분석 가능","장충초등학교",90.29392764857882,62.7906976744186,"100 - 16개 상권특성의 평균 절대 백분위 차이"
"서울역 12번",3110074,"호프-간이주점",61.72344689378757,19.41747572815534,61.72344689378757,"뚜렷한 DEAD TIME 없음",0,0,0,3,"06~11,11~14","",TRUE,"분석 가능","선정릉역 4번",89.16583166332666,87.17434869739479,"100 - 16개 상권특성의 평균 절대 백분위 차이"
"서울역 12번",3110074,"커피-음료",81.88622754491018,28.529839883551674,81.88622754491018,"뚜렷한 DEAD TIME 없음",0,0,0,5,"","",TRUE,"분석 가능","선유도역 6번",84.73053892215569,83.98203592814372,"100 - 16개 상권특성의 평균 절대 백분위 차이"
"서울역 12번",3110074,"편의점",0.7712082262210797,15.75,0.7712082262210797,"17~21",98.97172236503856,97062.35941015882,98.97172236503856,5,"","",TRUE,"분석 가능","신설동역 9번",87.24293059125964,7.197943444730077,"100 - 16개 상권특성의 평균 절대 백분위 차이"
"숙대입구역 1번",3110075,"한식음식점",41.935483870967744,51.10132158590308,41.935483870967744,"뚜렷한 DEAD TIME 없음",0,0,0,5,"00~06","",TRUE,"분석 가능","성곡미술관",88.04226918798665,57.063403781979986,"100 - 16개 상권특성의 평균 절대 백분위 차이"
"숙대입구역 1번",3110075,"호프-간이주점",64.52905811623246,35.53398058252427,64.52905811623246,"17~21",90.76305220883533,160.1989731315731,90.76305220883533,2,"06~11,11~14,14~17","",TRUE,"분석 가능","용두동신동아아파트",91.01953907815631,95.99198396793587,"100 - 16개 상권특성의 평균 절대 백분위 차이"
"숙대입구역 1번",3110075,"커피-음료",74.40119760479041,45.12372634643377,74.40119760479041,"뚜렷한 DEAD TIME 없음",0,0,0,5,"00~06","",TRUE,"분석 가능","서울역 12번",85.65681137724552,81.88622754491018,"100 - 16개 상권특성의 평균 절대 백분위 차이"
"숙대입구역 1번",3110075,"편의점",32.64781491002571,28.000000000000004,32.64781491002571,"뚜렷한 DEAD TIME 없음",0,0,0,5,"","",TRUE,"분석 가능","성미산체육관",89.94215938303341,61.18251928020566,"100 - 16개 상권특성의 평균 절대 백분위 차이"
"삼각지역 14번",3110076,"한식음식점",69.6329254727475,3.634361233480176,69.6329254727475,"뚜렷한 DEAD TIME 없음",0,0,0,5,"","",TRUE,"분석 가능","고척중학교",83.90572858731925,90.32258064516128,"100 - 16개 상권특성의 평균 절대 백분위 차이"
"삼각지역 14번",3110076,"커피-음료",93.26347305389223,2.911208151382824,93.26347305389223,"뚜렷한 DEAD TIME 없음",0,0,0,5,"00~06","",TRUE,"분석 가능","우장산롯데캐슬아파트앞",80.48278443113772,93.562874251497007,"100 - 16개 상권특성의 평균 절대 백분위 차이"
"삼광초등학교",3110077,"한식음식점",82.98109010011123,42.621145374449334,82.98109010011123,"뚜렷한 DEAD TIME 없음",0,0,0,5,"","",TRUE,"분석 가능","돌곶이역 3번",92.3039488320356,93.65962180200222,"100 - 16개 상권특성의 평균 절대 백분위 차이"
"삼광초등학교",3110077,"분식전문점",NA,24.938875305623473,NA,"뚜렷한 DEAD TIME 없음",0,0,0,0,"","00~06,06~11,11~14,14~17,17~21,21~24",FALSE,"활동 또는 관측 근거 부족",NA,NA,NA,"100 - 16개 상권특성의 평균 절대 백분위 차이"
"삼광초등학교",3110077,"커피-음료",73.05389221556887,35.08005822416303,73.05389221556887,"뚜렷한 DEAD TIME 없음",0,0,0,5,"00~06","",TRUE,"분석 가능","상도4동주민센터",88.22043413173652,80.688622754491007,"100 - 16개 상권특성의 평균 절대 백분위 차이"
"후암동주민센터",3110079,"한식음식점",47.830923248053395,92.40088105726872,47.830923248053395,"뚜렷한 DEAD TIME 없음",0,0,0,5,"","",TRUE,"분석 가능","화곡역 4번",86.65183537263627,49.165739710789765,"100 - 16개 상권특성의 평균 절대 백분위 차이"
"후암동주민센터",3110079,"분식전문점",93.28165374677002,86.06356968215158,93.28165374677002,"뚜렷한 DEAD TIME 없음",0,0,0,5,"","",TRUE,"분석 가능",NA,NA,NA,"100 - 16개 상권특성의 평균 절대 백분위 차이"
"후암동주민센터",3110079,"호프-간이주점",10.821643286573146,88.3495145631068,10.821643286573146,"뚜렷한 DEAD TIME 없음",0,0,0,5,"","",TRUE,"분석 가능","배문고등학교",86.83617234468937,38.476953907815634,"100 - 16개 상권특성의 평균 절대 백분위 차이"
"후암동주민센터",3110079,"커피-음료",22.604790419161677,90.39301310043668,22.604790419161677,"뚜렷한 DEAD TIME 없음",0,0,0,5,"00~06","",TRUE,"분석 가능","배문고등학교",87.37836826347306,67.66467065868264,"100 - 16개 상권특성의 평균 절대 백분위 차이"
"후암동주민센터",3110079,"편의점",74.03598971722364,85.75,74.03598971722364,"뚜렷한 DEAD TIME 없음",0,0,0,5,"","",TRUE,"분석 가능","송정역 3번",86.24678663239075,83.54755784061697,"100 - 16개 상권특성의 평균 절대 백분위 차이"
"해방촌예술마을",3110080,"한식음식점",7.341490545050055,90.30837004405286,7.341490545050055,"17~21",93.32591768631812,3206.4171905312623,93.32591768631812,5,"","",TRUE,"분석 가능","화곡역 2번",89.15461624026696,8.120133481646272,"100 - 16개 상권특성의 평균 절대 백분위 차이"
"해방촌예술마을",3110080,"호프-간이주점",69.93987975951904,85.24271844660194,69.93987975951904,"뚜렷한 DEAD TIME 없음",0,0,0,5,"","",TRUE,"분석 가능","연희대우아파트앞",86.81112224448897,72.94589178356713,"100 - 16개 상권특성의 평균 절대 백분위 차이"
"해방촌예술마을",3110080,"커피-음료",8.682634730538922,88.06404657933042,8.682634730538922,"11~14",97.15142428785607,2774.844078506547,97.15142428785607,4,"00~06,06~11","",TRUE,"분석 가능","연신내역 4번",90.11976047904191,22.45508982035928,"100 - 16개 상권특성의 평균 절대 백분위 차이"
"해방촌예술마을",3110080,"편의점",22.10796915167095,82.25,22.10796915167095,"뚜렷한 DEAD TIME 없음",0,0,0,5,"","",TRUE,"분석 가능","석계역 7번",88.11053984575835,97.68637532133675,"100 - 16개 상권특성의 평균 절대 백분위 차이"
"해방촌 남동측",3110081,"한식음식점",46.162402669632925,86.34361233480176,46.162402669632925,"뚜렷한 DEAD TIME 없음",0,0,0,5,"","",TRUE,"분석 가능","송정체육공원",88.37597330367075,61.40155728587319,"100 - 16개 상권특성의 평균 절대 백분위 차이"
"해방촌 남동측",3110081,"분식전문점",64.85788113695091,76.5281173594132,64.85788113695091,"뚜렷한 DEAD TIME 없음",0,0,0,4,"21~24","",TRUE,"분석 가능","가산동우체국",85.94961240310077,93.54005167958657,"100 - 16개 상권특성의 평균 절대 백분위 차이"
"해방촌 남동측",3110081,"호프-간이주점",31.863727454909817,79.80582524271844,31.863727454909817,"06~11",96.88581314878893,146.45893783654515,96.88581314878893,5,"","",TRUE,"분석 가능","성신여대입구역 7번",88.07615230460922,66.93386773547094,"100 - 16개 상권특성의 평균 절대 백분위 차이"
"해방촌 남동측",3110081,"커피-음료",35.029940119760475,83.69723435225619,35.029940119760475,"뚜렷한 DEAD TIME 없음",0,0,0,5,"","",TRUE,"분석 가능","공항시장역 1번",87.18188622754491,55.38922155688623,"100 - 16개 상권특성의 평균 절대 백분위 차이"
"해방촌 남동측",3110081,"편의점",43.44473007712082,75.25,43.44473007712082,"뚜렷한 DEAD TIME 없음",0,0,0,5,"","",TRUE,"분석 가능","서울시립대",82.31041131105398,54.75578406169666,"100 - 16개 상권특성의 평균 절대 백분위 차이"
"용산구청",3110082,"한식음식점",39.04338153503893,24.669603524229075,39.04338153503893,"뚜렷한 DEAD TIME 없음",0,0,0,5,"","",TRUE,"분석 가능","문래동사거리",86.82563959955506,65.18353726362626,"100 - 16개 상권특성의 평균 절대 백분위 차이"
"용산구청",3110082,"분식전문점",NA,11.7359413202934,NA,"뚜렷한 DEAD TIME 없음",0,0,0,0,"","00~06,06~11,11~14,14~17,17~21,21~24",FALSE,"활동 또는 관측 근거 부족",NA,NA,NA,"100 - 16개 상권특성의 평균 절대 백분위 차이"
"용산구청",3110082,"호프-간이주점",83.36673346693387,10.87378640776699,83.36673346693387,"뚜렷한 DEAD TIME 없음",0,0,0,5,"","",TRUE,"분석 가능","KB국민은행 망원동지점",85.38326653306613,83.56713426853707,"100 - 16개 상권특성의 평균 절대 백분위 차이"
"용산구청",3110082,"커피-음료",61.82634730538922,19.213973799126638,61.82634730538922,"뚜렷한 DEAD TIME 없음",0,0,0,5,"00~06","",TRUE,"분석 가능","그라운드 고척",84.10366766467065,86.67664670658682,"100 - 16개 상권특성의 평균 절대 백분위 차이"
"서빙고역 1번",3110083,"커피-음료",17.664670658682635,2.3289665211062593,17.664670658682635,"06~11",90.1840490797546,61.490711336468394,90.1840490797546,5,"","",TRUE,"분석 가능","더케이호텔(양재리본타워2단지아파트)",90.74663173652695,48.952095808383234,"100 - 16개 상권특성의 평균 절대 백분위 차이"
"경리단길북측",3110084,"한식음식점",30.923248053392662,67.95154185022027,30.923248053392662,"뚜렷한 DEAD TIME 없음",0,0,0,5,"","",TRUE,"분석 가능","석촌역 6번",89.88459399332592,31.81312569521691,"100 - 16개 상권특성의 평균 절대 백분위 차이"
"경리단길북측",3110084,"분식전문점",75.96899224806202,52.81173594132029,75.96899224806202,"뚜렷한 DEAD TIME 없음",0,0,0,5,"00~06","",TRUE,"분석 가능","공군호텔",86.25645994832041,88.88888888888889,"100 - 16개 상권특성의 평균 절대 백분위 차이"
"경리단길북측",3110084,"호프-간이주점",89.37875751503006,54.1747572815534,89.37875751503006,"뚜렷한 DEAD TIME 없음",0,0,0,5,"","",TRUE,"분석 가능","메가박스 상봉",82.16432865731463,91.58316633266533,"100 - 16개 상권특성의 평균 절대 백분위 차이"
"경리단길북측",3110084,"커피-음료",39.970059880239525,63.31877729257642,39.970059880239525,"뚜렷한 DEAD TIME 없음",0,0,0,5,"","",TRUE,"분석 가능","연희대우아파트앞",87.65905688622755,87.72455089820359,"100 - 16개 상권특성의 평균 절대 백분위 차이"
"경리단길북측",3110084,"편의점",38.303341902313626,48.75,38.303341902313626,"뚜렷한 DEAD TIME 없음",0,0,0,5,"","",TRUE,"분석 가능","경리단길남측",87.35539845758355,79.17737789203085,"100 - 16개 상권특성의 평균 절대 백분위 차이"
"경리단길남측",3110085,"한식음식점",15.350389321468297,75.66079295154185,15.350389321468297,"14~17",90.75723830734967,3540.545259387184,90.75723830734967,5,"","",TRUE,"분석 가능","공군호텔",90.50333704115684,76.52947719688544,"100 - 16개 상권특성의 평균 절대 백분위 차이"
"경리단길남측",3110085,"호프-간이주점",64.92985971943888,64.46601941747574,64.92985971943888,"뚜렷한 DEAD TIME 없음",0,0,0,4,"06~11","",TRUE,"분석 가능","경리단길북측",89.69188376753507,89.37875751503006,"100 - 16개 상권특성의 평균 절대 백분위 차이"
"경리단길남측",3110085,"커피-음료",45.209580838323355,71.03347889374089,45.209580838323355,"뚜렷한 DEAD TIME 없음",0,0,0,5,"","",TRUE,"분석 가능","서울역 15번",86.55501497005989,58.08383233532935,"100 - 16개 상권특성의 평균 절대 백분위 차이"
"경리단길남측",3110085,"편의점",79.17737789203085,57.99999999999999,79.17737789203085,"뚜렷한 DEAD TIME 없음",0,0,0,5,"","",TRUE,"분석 가능","서울역 15번",84.59190231362467,95.37275064267352,"100 - 16개 상권특성의 평균 절대 백분위 차이"
"이태원엔틱가구거리",3110087,"한식음식점",25.027808676307007,13.105726872246695,25.027808676307007,"21~24",94.48818897637796,124.97864438748846,94.48818897637796,5,"","",TRUE,"분석 가능","우장산롯데캐슬아파트앞",87.58342602892102,60.95661846496107,"100 - 16개 상권특성의 평균 절대 백분위 차이"
"이태원엔틱가구거리",3110087,"분식전문점",0,4.645476772616137,0,"17~21",100,983.9536722222189,100,4,"00~06,21~24","",TRUE,"분석 가능","신사은행나무공원",87.2577519379845,20.41343669250646,"100 - 16개 상권특성의 평균 절대 백분위 차이"
"이태원엔틱가구거리",3110087,"커피-음료",68.11377245508982,8.442503639010189,68.11377245508982,"21~24",93.47442680776014,260.2167519418808,93.47442680776014,5,"00~06","",TRUE,"분석 가능","우장산롯데캐슬아파트앞",90.82148203592814,93.562874251497007,"100 - 16개 상권특성의 평균 절대 백분위 차이"
"오산고등학교",3110088,"한식음식점",58.28698553948832,25.55066079295154,58.28698553948832,"뚜렷한 DEAD TIME 없음",0,0,0,5,"00~06","",TRUE,"분석 가능","송정역 2번",89.65517241379311,73.1924360400445,"100 - 16개 상권특성의 평균 절대 백분위 차이"
"오산고등학교",3110088,"분식전문점",8.010335917312661,12.224938875305623,8.010335917312661,"11~14",96.62337662337663,323.1002595892212,96.62337662337663,4,"00~06,06~11","",TRUE,"분석 가능","강서구다솔마을",90.26162790697676,58.39793281653747,"100 - 16개 상권특성의 평균 절대 백분위 차이"
"오산고등학교",3110088,"편의점",80.20565552699229,9.5,80.20565552699229,"뚜렷한 DEAD TIME 없음",0,0,0,5,"","",TRUE,"분석 가능","방배역 3번",80.7840616966581,87.40359897172236,"100 - 16개 상권특성의 평균 절대 백분위 차이"
"서빙고동주민센터",3110089,"한식음식점",96.7741935483871,33.480176211453745,96.7741935483871,"뚜렷한 DEAD TIME 없음",0,0,0,5,"00~06","",TRUE,"분석 가능","한국상담대학원대학교",82.27196885428253,99.77753058954394,"100 - 16개 상권특성의 평균 절대 백분위 차이"
"한국폴리텍대학서울정수캠퍼스",3110090,"한식음식점",38.82091212458287,53.30396475770925,38.82091212458287,"뚜렷한 DEAD TIME 없음",0,0,0,5,"","",TRUE,"분석 가능","내방역 5번",90.21134593993325,79.3103448275862,"100 - 16개 상권특성의 평균 절대 백분위 차이"
"한국폴리텍대학서울정수캠퍼스",3110090,"분식전문점",67.44186046511628,36.91931540342298,67.44186046511628,"뚜렷한 DEAD TIME 없음",0,0,0,5,"","",TRUE,"분석 가능","방배아이파크아파트",84.12467700258398,82.94573643410853,"100 - 16개 상권특성의 평균 절대 백분위 차이"
"한국폴리텍대학서울정수캠퍼스",3110090,"호프-간이주점",14.02805611222445,38.05825242718446,14.02805611222445,"뚜렷한 DEAD TIME 없음",0,0,0,3,"00~06,06~11,11~14","",TRUE,"분석 가능","봉은사역 4번",86.20991983967936,92.58517034068137,"100 - 16개 상권특성의 평균 절대 백분위 차이"
"한국폴리텍대학서울정수캠퍼스",3110090,"커피-음료",59.13173652694611,47.74381368267831,59.13173652694611,"뚜렷한 DEAD TIME 없음",0,0,0,5,"00~06","",TRUE,"분석 가능","국악고교사거리",88.85666167664671,88.32335329341318,"100 - 16개 상권특성의 평균 절대 백분위 차이"
"한국폴리텍대학서울정수캠퍼스",3110090,"편의점",18.50899742930591,31,18.50899742930591,"뚜렷한 DEAD TIME 없음",0,0,0,5,"","",TRUE,"분석 가능","방배역 3번",90.11889460154242,87.40359897172236,"100 - 16개 상권특성의 평균 절대 백분위 차이"
"리움미술관",3110091,"한식음식점",62.8476084538376,16.409691629955947,62.8476084538376,"06~11",96.91428571428573,100.11040223724743,96.91428571428573,5,"00~06","",TRUE,"분석 가능","한남IC",90.190489432703,80.31145717463849,"100 - 16개 상권특성의 평균 절대 백분위 차이"
"리움미술관",3110091,"커피-음료",45.05988023952096,11.353711790393014,45.05988023952096,"뚜렷한 DEAD TIME 없음",0,0,0,5,"00~06","",TRUE,"분석 가능","국기원",90.20396706586826,74.7005988023952,"100 - 16개 상권특성의 평균 절대 백분위 차이"
"NH농협은행 보광동지점",3110092,"한식음식점",62.18020022246941,12.885462555066079,62.18020022246941,"뚜렷한 DEAD TIME 없음",0,0,0,5,"","",TRUE,"분석 가능","도봉우체국",87.20105672969967,74.972191323693,"100 - 16개 상권특성의 평균 절대 백분위 차이"
"NH농협은행 보광동지점",3110092,"호프-간이주점",8.016032064128256,4.854368932038835,8.016032064128256,"17~21",91.36546184738957,103.19112819802382,91.36546184738957,4,"06~11","",TRUE,"분석 가능","연신내우체국",88.30160320641282,39.478957915831664,"100 - 16개 상권특성의 평균 절대 백분위 차이"
"우사단길",3110093,"한식음식점",81.53503893214683,71.58590308370044,81.53503893214683,"뚜렷한 DEAD TIME 없음",0,0,0,5,"","",TRUE,"분석 가능","수락산역 4번",81.79226918798665,83.20355951056729,"100 - 16개 상권특성의 평균 절대 백분위 차이"
"우사단길",3110093,"호프-간이주점",11.623246492985972,59.22330097087378,11.623246492985972,"11~14",97.48603351955308,653.0584269779798,97.48603351955308,5,"","",TRUE,"분석 가능","신대방역 4번",86.39779559118236,46.292585170340686,"100 - 16개 상권특성의 평균 절대 백분위 차이"
"우사단길",3110093,"커피-음료",61.67664670658682,66.52110625909754,61.67664670658682,"뚜렷한 DEAD TIME 없음",0,0,0,5,"","",TRUE,"분석 가능","신대방역 2번",82.55988023952095,66.91616766467065,"100 - 16개 상권특성의 평균 절대 백분위 차이"
"오산중학교",3110094,"한식음식점",74.41601779755284,4.405286343612335,74.41601779755284,"뚜렷한 DEAD TIME 없음",0,0,0,5,"","",TRUE,"분석 가능","대왕초등학교(세곡동사거리서남측)",86.83259176863181,97.77530589543937,"100 - 16개 상권특성의 평균 절대 백분위 차이"
"오산중학교",3110094,"호프-간이주점",80.36072144288578,1.3592233009708738,80.36072144288578,"뚜렷한 DEAD TIME 없음",0,0,0,2,"06~11,11~14,14~17","",TRUE,"분석 가능","떡전교사거리",79.29609218436873,92.78557114228457,"100 - 16개 상권특성의 평균 절대 백분위 차이"
"한강진역 3번",3110095,"한식음식점",11.345939933259176,38.54625550660793,11.345939933259176,"06~11",99.42857142857143,289.98402113652554,99.42857142857143,5,"","",TRUE,"분석 가능","성미산체육관",90.83704115684094,83.09232480533927,"100 - 16개 상권특성의 평균 절대 백분위 차이"
"한강진역 3번",3110095,"호프-간이주점",0,22.718446601941746,0,"11~14",96.64804469273743,521.5172113632832,96.64804469273743,5,"","",TRUE,"분석 가능","양천향교역 5번",91.60821643286573,65.93186372745491,"100 - 16개 상권특성의 평균 절대 백분위 차이"
"한강진역 3번",3110095,"커피-음료",21.55688622754491,31.732168850072778,21.55688622754491,"06~11",93.25153374233128,1092.6800766915621,93.25153374233128,5,"00~06","",TRUE,"분석 가능","한강로동땡땡거리(은행나무길)",89.12799401197604,26.047904191616766,"100 - 16개 상권특성의 평균 절대 백분위 차이"
"한강진역 3번",3110095,"편의점",35.47557840616967,17.25,35.47557840616967,"뚜렷한 DEAD TIME 없음",0,0,0,5,"","",TRUE,"분석 가능","성미산체육관",89.91002570694087,61.18251928020566,"100 - 16개 상권특성의 평균 절대 백분위 차이"
"한남힐사이드아파트",3110096,"커피-음료",67.51497005988024,3.7845705967976713,67.51497005988024,"뚜렷한 DEAD TIME 없음",0,0,0,5,"","",TRUE,"분석 가능","바우뫼공원",93.60965568862277,72.45508982035929,"100 - 16개 상권특성의 평균 절대 백분위 차이"
"서울독일학교",3110098,"한식음식점",13.681868743047831,5.286343612334802,13.681868743047831,"06~11",94.39999999999999,266.17779497594404,94.39999999999999,5,"","",TRUE,"분석 가능","뚝섬역교차로",91.3932146829811,53.726362625139046,"100 - 16개 상권특성의 평균 절대 백분위 차이"
"서울독일학교",3110098,"호프-간이주점",89.77955911823648,1.7475728155339807,89.77955911823648,"뚜렷한 DEAD TIME 없음",0,0,0,4,"06~11","",TRUE,"분석 가능","영등포시장역 1번",91.15731462925852,93.3867735470942,"100 - 16개 상권특성의 평균 절대 백분위 차이"
"서울독일학교",3110098,"커피-음료",5.089820359281437,3.6390101892285296,5.089820359281437,"21~24",95.59082892416225,380.54933837867367,95.59082892416225,4,"00~06,06~11","",TRUE,"분석 가능","한남힐사이드아파트",90.4940119760479,67.51497005988024,"100 - 16개 상권특성의 평균 절대 백분위 차이"
"옥수역 6번",3110102,"한식음식점",34.14905450500556,28.744493392070485,34.14905450500556,"뚜렷한 DEAD TIME 없음",0,0,0,5,"","",TRUE,"분석 가능","신서초등학교",91.42797552836484,59.288097886540605,"100 - 16개 상권특성의 평균 절대 백분위 차이"
"옥수역 6번",3110102,"분식전문점",80.87855297157623,14.425427872860636,80.87855297157623,"뚜렷한 DEAD TIME 없음",0,0,0,5,"00~06","",TRUE,"분석 가능","방이역 1번",82.89728682170544,97.1576227390181,"100 - 16개 상권특성의 평균 절대 백분위 차이"
"옥수역 6번",3110102,"호프-간이주점",87.374749498998,13.980582524271846,87.374749498998,"뚜렷한 DEAD TIME 없음",0,0,0,2,"06~11,11~14,14~17","",TRUE,"분석 가능","신서초등학교",93.5245490981964,89.17835671342685,"100 - 16개 상권특성의 평균 절대 백분위 차이"
"옥수역 6번",3110102,"커피-음료",82.33532934131736,22.416302765647742,82.33532934131736,"뚜렷한 DEAD TIME 없음",0,0,0,5,"00~06","",TRUE,"분석 가능","KT금천빌딩(금천구시설관리공단)",89.24026946107784,98.35329341317365,"100 - 16개 상권특성의 평균 절대 백분위 차이"
"옥수역 6번",3110102,"편의점",21.85089974293059,10.5,21.85089974293059,"뚜렷한 DEAD TIME 없음",0,0,0,5,"","",TRUE,"분석 가능","신서초등학교",93.13946015424165,84.06169665809769,"100 - 16개 상권특성의 평균 절대 백분위 차이"
"신금호역 4번",3110104,"한식음식점",91.65739710789767,65.19823788546255,91.65739710789767,"뚜렷한 DEAD TIME 없음",0,0,0,5,"","",TRUE,"분석 가능","KB국민은행 중화동지점",91.4488320355951,97.21913236929922,"100 - 16개 상권특성의 평균 절대 백분위 차이"
"신금호역 4번",3110104,"호프-간이주점",86.37274549098196,50.873786407766985,86.37274549098196,"뚜렷한 DEAD TIME 없음",0,0,0,5,"","",TRUE,"분석 가능","송중동주민센터",90.14278557114228,95.79158316633266,"100 - 16개 상권특성의 평균 절대 백분위 차이"
"금동어린이공원",3110105,"한식음식점",61.512791991101224,46.585903083700444,61.512791991101224,"뚜렷한 DEAD TIME 없음",0,0,0,5,"","",TRUE,"분석 가능","금천금빛공원(은행나무사거리서측)",87.04115684093436,85.53948832035594,"100 - 16개 상권특성의 평균 절대 백분위 차이"
"금동어린이공원",3110105,"분식전문점",NA,28.606356968215156,NA,"뚜렷한 DEAD TIME 없음",0,0,0,0,"","00~06,06~11,11~14,14~17,17~21,21~24",FALSE,"활동 또는 관측 근거 부족",NA,NA,NA,"100 - 16개 상권특성의 평균 절대 백분위 차이"
"금동어린이공원",3110105,"호프-간이주점",21.04208416833667,30.679611650485437,21.04208416833667,"17~21",97.59036144578313,104.58716446771359,97.59036144578313,5,"","",TRUE,"분석 가능","중랑역 1번",87.5876753507014,64.32865731462925,"100 - 16개 상권특성의 평균 절대 백분위 차이"
"금동어린이공원",3110105,"커피-음료",82.78443113772454,39.5924308588064,82.78443113772454,"뚜렷한 DEAD TIME 없음",0,0,0,5,"","",TRUE,"분석 가능","독산동정훈단지",91.38285928143712,89.37125748502994,"100 - 16개 상권특성의 평균 절대 백분위 차이"
"금북초등학교",3110106,"한식음식점",36.15127919911012,6.277533039647578,36.15127919911012,"17~21",94.21579532814238,1078.9538280563952,94.21579532814238,5,"","",TRUE,"분석 가능","금빛새마을금고본점",87.95189098998888,62.62513904338154,"100 - 16개 상권특성의 평균 절대 백분위 차이"
"금호사거리",3110107,"한식음식점",64.18242491657396,2.8634361233480177,64.18242491657396,"뚜렷한 DEAD TIME 없음",0,0,0,5,"","",TRUE,"분석 가능","하나은행 망우동지점",88.16045606229143,79.42157953281423,"100 - 16개 상권특성의 평균 절대 백분위 차이"
"금호사거리",3110107,"분식전문점",84.23772609819122,1.7114914425427872,84.23772609819122,"뚜렷한 DEAD TIME 없음",0,0,0,5,"","",TRUE,"분석 가능","불광역 8번",88.09754521963823,99.48320413436691,"100 - 16개 상권특성의 평균 절대 백분위 차이"
"금호사거리",3110107,"호프-간이주점",43.687374749499,1.1650485436893203,43.687374749499,"17~21",94.17670682730925,113.44891694322715,94.17670682730925,3,"06~11,11~14","",TRUE,"분석 가능","대림역 11번",89.64178356713427,68.33667334669339,"100 - 16개 상권특성의 평균 절대 백분위 차이"
"금호사거리",3110107,"커피-음료",20.508982035928145,2.037845705967977,20.508982035928145,"11~14",91.00449775112443,269.2324332082675,91.00449775112443,4,"00~06,21~24","",TRUE,"분석 가능","남가좌동현대아파트",91.23315868263472,97.45508982035929,"100 - 16개 상권특성의 평균 절대 백분위 차이"
"성동구립금호도서관",3110108,"한식음식점",81.31256952169078,5.066079295154185,81.31256952169078,"뚜렷한 DEAD TIME 없음",0,0,0,5,"","",TRUE,"분석 가능","암사역 4번(삼성광나루아파트)",89.68298109010011,90.43381535038932,"100 - 16개 상권특성의 평균 절대 백분위 차이"
"금호삼성래미안아파트",3110109,"한식음식점",62.95884315906562,30.616740088105725,62.95884315906562,"뚜렷한 DEAD TIME 없음",0,0,0,5,"","",TRUE,"분석 가능","구암초등학교",89.62736373748609,95.88431590656285,"100 - 16개 상권특성의 평균 절대 백분위 차이"
"금호삼성래미안아파트",3110109,"호프-간이주점",45.29058116232465,15.145631067961165,45.29058116232465,"뚜렷한 DEAD TIME 없음",0,0,0,5,"","",TRUE,"분석 가능","덕의초등학교",89.46643286573146,71.34268537074149,"100 - 16개 상권특성의 평균 절대 백분위 차이"
"금호삼성래미안아파트",3110109,"커피-음료",4.341317365269461,23.871906841339154,4.341317365269461,"21~24",97.88359788359789,679.7278527382941,97.88359788359789,5,"00~06","",TRUE,"분석 가능","구암초등학교",91.52320359281437,31.2874251497006,"100 - 16개 상권특성의 평균 절대 백분위 차이"
"상왕십리역 6번",3110110,"한식음식점",96.32925472747496,68.94273127753304,96.32925472747496,"뚜렷한 DEAD TIME 없음",0,0,0,5,"","",TRUE,"분석 가능",NA,NA,NA,"100 - 16개 상권특성의 평균 절대 백분위 차이"
"행당역 2번",3110112,"한식음식점",92.43604004449388,57.819383259911895,92.43604004449388,"뚜렷한 DEAD TIME 없음",0,0,0,5,"","",TRUE,"분석 가능","응암3동주민센터",85.706340378197993,94.6607341490545,"100 - 16개 상권특성의 평균 절대 백분위 차이"
"행당역 2번",3110112,"분식전문점",87.33850129198967,41.32029339853301,87.33850129198967,"뚜렷한 DEAD TIME 없음",0,0,0,5,"","",TRUE,"분석 가능","금천철쭉어린이공원(금하마을)",82.68733850129199,92.50645994832041,"100 - 16개 상권특성의 평균 절대 백분위 차이"
"행당역 2번",3110112,"호프-간이주점",63.326653306613224,42.33009708737864,63.326653306613224,"뚜렷한 DEAD TIME 없음",0,0,0,4,"06~11","",TRUE,"분석 가능","수유역 2번",85.52104208416834,73.94789579158316,"100 - 16개 상권특성의 평균 절대 백분위 차이"
"행당역 2번",3110112,"커피-음료",69.46107784431138,52.54730713245998,69.46107784431138,"뚜렷한 DEAD TIME 없음",0,0,0,5,"00~06","",TRUE,"분석 가능","면목역 3번",89.70808383233533,87.87425149700599,"100 - 16개 상권특성의 평균 절대 백분위 차이"
"응봉산",3110113,"한식음식점",32.81423804226919,10.90308370044053,32.81423804226919,"06~11",94.62857142857143,46.395115140730184,94.62857142857143,5,"00~06","",TRUE,"분석 가능","난향초등학교",88.0492213570634,87.98665183537263,"100 - 16개 상권특성의 평균 절대 백분위 차이"
"응봉산",3110113,"분식전문점",NA,4.156479217603912,NA,"뚜렷한 DEAD TIME 없음",0,0,0,0,"","00~06,06~11,11~14,14~17,17~21,21~24",FALSE,"활동 또는 관측 근거 부족",NA,NA,NA,"100 - 16개 상권특성의 평균 절대 백분위 차이"
"왕십리파출소",3110114,"한식음식점",83.75973303670744,28.524229074889867,83.75973303670744,"뚜렷한 DEAD TIME 없음",0,0,0,5,"00~06","",TRUE,"분석 가능","동대문경찰서",87.32619577308121,93.99332591768632,"100 - 16개 상권특성의 평균 절대 백분위 차이"
"상왕십리역 3번",3110115,"한식음식점",68.07563959955506,62.44493392070485,68.07563959955506,"뚜렷한 DEAD TIME 없음",0,0,0,5,"","",TRUE,"분석 가능","장충초등학교",88.424638487208,85.65072302558399,"100 - 16개 상권특성의 평균 절대 백분위 차이"
"상왕십리역 3번",3110115,"분식전문점",72.09302325581395,45.965770171149146,72.09302325581395,"뚜렷한 DEAD TIME 없음",0,0,0,5,"00~06","",TRUE,"분석 가능","홍대땡땡거리",88.96963824289405,79.32816537467701,"100 - 16개 상권특성의 평균 절대 백분위 차이"
"상왕십리역 3번",3110115,"호프-간이주점",56.51302605210421,47.57281553398058,56.51302605210421,"뚜렷한 DEAD TIME 없음",0,0,0,4,"06~11","",TRUE,"분석 가능","보라매역 6번",90.08016032064128,98.39679358717434,"100 - 16개 상권특성의 평균 절대 백분위 차이"
"상왕십리역 3번",3110115,"커피-음료",47.00598802395209,57.64192139737992,47.00598802395209,"뚜렷한 DEAD TIME 없음",0,0,0,5,"00~06","",TRUE,"분석 가능","보문역 4번",88.97829341317365,54.49101796407185,"100 - 16개 상권특성의 평균 절대 백분위 차이"
"상왕십리역 3번",3110115,"편의점",35.732647814910024,40.75,35.732647814910024,"뚜렷한 DEAD TIME 없음",0,0,0,5,"","",TRUE,"분석 가능","상월곡역 3번",90.07069408740361,55.012853470437015,"100 - 16개 상권특성의 평균 절대 백분위 차이"
"청계천박물관",3110116,"한식음식점",94.54949944382648,44.49339207048458,94.54949944382648,"뚜렷한 DEAD TIME 없음",0,0,0,4,"21~24","",TRUE,"분석 가능","서빙고동주민센터",90.7258064516129,96.7741935483871,"100 - 16개 상권특성의 평균 절대 백분위 차이"
"성동구보건소",3110117,"한식음식점",7.786429365962181,32.378854625550666,7.786429365962181,"14~17",99.22048997772829,1244.577119918811,99.22048997772829,5,"","",TRUE,"분석 가능","사당5동주민센터",91.14293659621802,16.796440489432705,"100 - 16개 상권특성의 평균 절대 백분위 차이"
"성동구보건소",3110117,"호프-간이주점",11.422845691382765,16.50485436893204,11.422845691382765,"14~17",91.50326797385621,96.1066481502547,91.50326797385621,5,"","",TRUE,"분석 가능","쌍문역1번(쌍리단길)",90.08016032064128,67.73547094188376,"100 - 16개 상권특성의 평균 절대 백분위 차이"
"왕십리역 9번",3110118,"한식음식점",43.71523915461624,92.07048458149781,43.71523915461624,"뚜렷한 DEAD TIME 없음",0,0,0,5,"","",TRUE,"분석 가능","돌곶이역 5번",87.67380422691879,87.65294771968854,"100 - 16개 상권특성의 평균 절대 백분위 차이"
"왕십리역 9번",3110118,"커피-음료",95.05988023952095,89.95633187772926,95.05988023952095,"뚜렷한 DEAD TIME 없음",0,0,0,5,"00~06","",TRUE,"분석 가능","쌍문역1번(쌍리단길)",86.72342814371258,99.7005988023952,"100 - 16개 상권특성의 평균 절대 백분위 차이"
"서울숲카페거리",3110120,"호프-간이주점",30.861723446893784,8.737864077669903,30.861723446893784,"17~21",91.76706827309236,185.4274043321251,91.76706827309236,4,"00~06,21~24","",TRUE,"분석 가능","광흥창역 6번",88.71492985971943,70.94188376753507,"100 - 16개 상권특성의 평균 절대 백분위 차이"
"서울숲카페거리",3110120,"커피-음료",NA,15.574963609898107,NA,"뚜렷한 DEAD TIME 없음",0,0,0,0,"","00~06,06~11,11~14,14~17,17~21,21~24",FALSE,"활동 또는 관측 근거 부족",NA,NA,NA,"100 - 16개 상권특성의 평균 절대 백분위 차이"
"한양대역 4번",3110121,"한식음식점",19.021134593993324,14.977973568281937,19.021134593993324,"뚜렷한 DEAD TIME 없음",0,0,0,5,"00~06","",TRUE,"분석 가능","혜원여고",87.01334816462736,71.30144605116796,"100 - 16개 상권특성의 평균 절대 백분위 차이"
"한양대역 4번",3110121,"커피-음료",48.20359281437126,9.8981077147016,48.20359281437126,"17~21",91.5915915915916,596.7239590727646,91.5915915915916,4,"00~06,21~24","",TRUE,"분석 가능","시립대앞사거리",87.37836826347305,95.20958083832335,"100 - 16개 상권특성의 평균 절대 백분위 차이"
"마장역 2번",3110122,"한식음식점",87.20800889877643,27.6431718061674,87.20800889877643,"뚜렷한 DEAD TIME 없음",0,0,0,5,"","",TRUE,"분석 가능","염창역 2번",85.19187986651836,91.21245828698554,"100 - 16개 상권특성의 평균 절대 백분위 차이"
"마장역 2번",3110122,"분식전문점",87.59689922480621,13.691931540342297,87.59689922480621,"뚜렷한 DEAD TIME 없음",0,0,0,4,"00~06,21~24","",TRUE,"분석 가능","연희임광아파트",82.13824289405684,99.74160206718346,"100 - 16개 상권특성의 평균 절대 백분위 차이"
"마장역 2번",3110122,"호프-간이주점",71.9438877755511,13.203883495145632,71.9438877755511,"뚜렷한 DEAD TIME 없음",0,0,0,5,"","",TRUE,"분석 가능","고덕동성당",84.81963927855712,73.14629258517033,"100 - 16개 상권특성의 평균 절대 백분위 차이"
"마장역 2번",3110122,"커피-음료",80.98802395209582,21.397379912663755,80.98802395209582,"뚜렷한 DEAD TIME 없음",0,0,0,5,"00~06","",TRUE,"분석 가능","방화역 1번",85.8065119760479,96.8562874251497,"100 - 16개 상권특성의 평균 절대 백분위 차이"
"마장역 3번",3110123,"한식음식점",98.66518353726363,56.05726872246696,98.66518353726363,"뚜렷한 DEAD TIME 없음",0,0,0,5,"","",TRUE,"분석 가능",NA,NA,NA,"100 - 16개 상권특성의 평균 절대 백분위 차이"
"뚝섬역교차로",3110124,"한식음식점",53.726362625139046,23.237885462555067,53.726362625139046,"뚜렷한 DEAD TIME 없음",0,0,0,5,"","",TRUE,"분석 가능","한남IC",91.02474972191324,80.31145717463849,"100 - 16개 상권특성의 평균 절대 백분위 차이"
"뚝섬역교차로",3110124,"커피-음료",74.10179640718563,18.049490538573508,74.10179640718563,"뚜렷한 DEAD TIME 없음",0,0,0,5,"","",TRUE,"분석 가능","발산역 5번",92.45883233532935,75.89820359281437,"100 - 16개 상권특성의 평균 절대 백분위 차이"
"뚝섬역교차로",3110124,"편의점",68.63753213367609,8.5,68.63753213367609,"뚜렷한 DEAD TIME 없음",0,0,0,5,"","",TRUE,"분석 가능","충정로현대아파트",87.41966580976863,87.66066838046272,"100 - 16개 상권특성의 평균 절대 백분위 차이"
"사근동살곶이상점가",3110125,"한식음식점",77.19688542825361,68.28193832599119,77.19688542825361,"뚜렷한 DEAD TIME 없음",0,0,0,5,"","",TRUE,"분석 가능","정릉3동주민센터",85.53948832035594,95.21690767519466,"100 - 16개 상권특성의 평균 절대 백분위 차이"
"사근동살곶이상점가",3110125,"분식전문점",49.35400516795866,53.30073349633252,49.35400516795866,"뚜렷한 DEAD TIME 없음",0,0,0,5,"","",TRUE,"분석 가능","서울시립대",86.48255813953489,89.66408268733849,"100 - 16개 상권특성의 평균 절대 백분위 차이"
"사근동살곶이상점가",3110125,"호프-간이주점",NA,54.5631067961165,NA,"뚜렷한 DEAD TIME 없음",0,0,0,0,"","00~06,06~11,11~14,14~17,17~21,21~24",FALSE,"활동 또는 관측 근거 부족",NA,NA,NA,"100 - 16개 상권특성의 평균 절대 백분위 차이"
"사근동살곶이상점가",3110125,"커피-음료",60.17964071856288,63.6098981077147,60.17964071856288,"뚜렷한 DEAD TIME 없음",0,0,0,5,"00~06","",TRUE,"분석 가능","서울시립대",84.68375748502994,88.62275449101796,"100 - 16개 상권특성의 평균 절대 백분위 차이"
"사근동살곶이상점가",3110125,"편의점",36.50385604113111,49.5,36.50385604113111,"뚜렷한 DEAD TIME 없음",0,0,0,5,"","",TRUE,"분석 가능","연가초등학교",90.87403598971723,77.6349614395887,"100 - 16개 상권특성의 평균 절대 백분위 차이"
"서울숲역 1번",3110126,"한식음식점",4.560622914349278,18.28193832599119,4.560622914349278,"06~11",99.08571428571429,224.32152737166027,99.08571428571429,5,"00~06","",TRUE,"분석 가능","홍익지구대",92.65155728587318,57.39710789766407,"100 - 16개 상권특성의 평균 절대 백분위 차이"
"서울숲역 1번",3110126,"커피-음료",60.32934131736527,13.100436681222707,60.32934131736527,"뚜렷한 DEAD TIME 없음",0,0,0,5,"00~06","",TRUE,"분석 가능","국기원",85.28255988023952,74.7005988023952,"100 - 16개 상권특성의 평균 절대 백분위 차이"
"성수1가1동주민센터",3110127,"한식음식점",38.15350389321468,8.259911894273127,38.15350389321468,"뚜렷한 DEAD TIME 없음",0,0,0,5,"","",TRUE,"분석 가능","충신시장옆",93.13820912124584,92.1023359288098,"100 - 16개 상권특성의 평균 절대 백분위 차이"
"성수1가1동주민센터",3110127,"커피-음료",47.604790419161674,5.9679767103347885,47.604790419161674,"뚜렷한 DEAD TIME 없음",0,0,0,5,"00~06","",TRUE,"분석 가능","가양역 10번",88.49176646706587,89.07185628742515,"100 - 16개 상권특성의 평균 절대 백분위 차이"
"성원중학교",3110128,"한식음식점",57.28587319243604,67.29074889867842,57.28587319243604,"뚜렷한 DEAD TIME 없음",0,0,0,5,"","",TRUE,"분석 가능","공군호텔",91.6087319243604,76.52947719688544,"100 - 16개 상권특성의 평균 절대 백분위 차이"
"성원중학교",3110128,"분식전문점",45.99483204134367,51.83374083129584,45.99483204134367,"뚜렷한 DEAD TIME 없음",0,0,0,5,"00~06","",TRUE,"분석 가능","노량진역 6번",86.6763565891473,52.4547803617571,"100 - 16개 상권특성의 평균 절대 백분위 차이"
"성원중학교",3110128,"호프-간이주점",12.224448897795591,53.592233009708735,12.224448897795591,"11~14",92.45810055865921,307.6303295770045,92.45810055865921,4,"06~11","",TRUE,"분석 가능","공군호텔",89.66683366733467,30.66132264529058,"100 - 16개 상권특성의 평균 절대 백분위 차이"
"성원중학교",3110128,"커피-음료",28.74251497005988,62.44541484716157,28.74251497005988,"뚜렷한 DEAD TIME 없음",0,0,0,5,"","",TRUE,"분석 가능","석촌역 6번",88.875374251497007,41.16766467065868,"100 - 16개 상권특성의 평균 절대 백분위 차이"
"성원중학교",3110128,"편의점",95.11568123393316,47.5,95.11568123393316,"뚜렷한 DEAD TIME 없음",0,0,0,5,"","",TRUE,"분석 가능","신방화역 2번",85.9254498714653,98.45758354755783,"100 - 16개 상권특성의 평균 절대 백분위 차이"
"성원어린이공원",3110129,"한식음식점",68.18687430478309,8.700440528634362,68.18687430478309,"뚜렷한 DEAD TIME 없음",0,0,0,5,"","",TRUE,"분석 가능","장충초등학교",90.47552836484984,85.65072302558399,"100 - 16개 상권특성의 평균 절대 백분위 차이"
"성원어린이공원",3110129,"호프-간이주점",93.9879759519038,2.524271844660194,93.9879759519038,"뚜렷한 DEAD TIME 없음",0,0,0,3,"06~11,11~14","",TRUE,"분석 가능","영등포구청역 2번",89.97995991983969,99.59919839679358,"100 - 16개 상권특성의 평균 절대 백분위 차이"
"성원어린이공원",3110129,"커피-음료",11.826347305389222,6.11353711790393,11.826347305389222,"17~21",94.5945945945946,4087.483455856147,94.5945945945946,5,"","",TRUE,"분석 가능","영등포구청역 2번",89.53031437125749,37.5748502994012,"100 - 16개 상권특성의 평균 절대 백분위 차이"
"답십리역 6번",3110130,"한식음식점",81.0901001112347,36.23348017621145,81.0901001112347,"뚜렷한 DEAD TIME 없음",0,0,0,5,"","",TRUE,"분석 가능","천동초등학교",89.60650723025584,97.10789766407119,"100 - 16개 상권특성의 평균 절대 백분위 차이"
"성수동카페거리",3110131,"한식음식점",48.05339265850945,69.05286343612335,48.05339265850945,"뚜렷한 DEAD TIME 없음",0,0,0,5,"","",TRUE,"분석 가능","한강로동땡땡거리(은행나무길)",90.51724137931035,63.51501668520578,"100 - 16개 상권특성의 평균 절대 백분위 차이"
"성수동카페거리",3110131,"분식전문점",76.22739018087856,54.034229828850854,76.22739018087856,"뚜렷한 DEAD TIME 없음",0,0,0,5,"","",TRUE,"분석 가능","옥수역 6번",79.82881136950904,80.87855297157623,"100 - 16개 상권특성의 평균 절대 백분위 차이"
"성수동카페거리",3110131,"호프-간이주점",90.38076152304609,55.14563106796116,90.38076152304609,"뚜렷한 DEAD TIME 없음",0,0,0,5,"","",TRUE,"분석 가능","논현2동주민센터",85.63376753507015,91.18236472945893,"100 - 16개 상권특성의 평균 절대 백분위 차이"
"성수동카페거리",3110131,"커피-음료",48.50299401197605,64.19213973799127,48.50299401197605,"뚜렷한 DEAD TIME 없음",0,0,0,5,"","",TRUE,"분석 가능","발산역 5번",85.56324850299401,75.89820359281437,"100 - 16개 상권특성의 평균 절대 백분위 차이"
"성수동카페거리",3110131,"편의점",85.34704370179949,50.24999999999999,85.34704370179949,"뚜렷한 DEAD TIME 없음",0,0,0,5,"","",TRUE,"분석 가능","문래예술촌(문래창작촌)",83.04948586118253,96.65809768637533,"100 - 16개 상권특성의 평균 절대 백분위 차이"
"성수2가3동주민센터",3110132,"한식음식점",76.30700778642937,40.859030837004404,76.30700778642937,"뚜렷한 DEAD TIME 없음",0,0,0,5,"00~06","",TRUE,"분석 가능","선정릉역 4번",90.70494994438265,80.42269187986652,"100 - 16개 상권특성의 평균 절대 백분위 차이"
"성수2가3동주민센터",3110132,"커피-음료",54.34131736526946,33.770014556040756,54.34131736526946,"뚜렷한 DEAD TIME 없음",0,0,0,5,"00~06","",TRUE,"분석 가능","선정릉역 4번",88.63211077844312,63.17365269461078,"100 - 16개 상권특성의 평균 절대 백분위 차이"
"서울교통공사",3110133,"한식음식점",89.21023359288098,16.299559471365637,89.21023359288098,"뚜렷한 DEAD TIME 없음",0,0,0,5,"","",TRUE,"분석 가능","효창공원앞역 2번",86.22080088987765,95.66184649610679,"100 - 16개 상권특성의 평균 절대 백분위 차이"
"서울교통공사",3110133,"커피-음료",NA,11.208151382823871,NA,"뚜렷한 DEAD TIME 없음",0,0,0,0,"","00~06,06~11,11~14,14~17,17~21,21~24",FALSE,"활동 또는 관측 근거 부족",NA,NA,NA,"100 - 16개 상권특성의 평균 절대 백분위 차이"
"성수119안전센터",3110134,"한식음식점",23.915461624026698,82.48898678414098,23.915461624026698,"뚜렷한 DEAD TIME 없음",0,0,0,5,"","",TRUE,"분석 가능","남구로역 3번",91.09427141268075,84.31590656284762,"100 - 16개 상권특성의 평균 절대 백분위 차이"
"성수119안전센터",3110134,"분식전문점",97.67441860465115,69.68215158924205,97.67441860465115,"뚜렷한 DEAD TIME 없음",0,0,0,5,"","",TRUE,"분석 가능",NA,NA,NA,"100 - 16개 상권특성의 평균 절대 백분위 차이"
"성수119안전센터",3110134,"호프-간이주점",23.847695390781563,74.1747572815534,23.847695390781563,"뚜렷한 DEAD TIME 없음",0,0,0,5,"","",TRUE,"분석 가능","남구로역 3번",88.31412825651303,42.48496993987976,"100 - 16개 상권특성의 평균 절대 백분위 차이"
"성수119안전센터",3110134,"커피-음료",28.443113772455092,79.33042212518195,28.443113772455092,"뚜렷한 DEAD TIME 없음",0,0,0,5,"00~06","",TRUE,"분석 가능","성원중학교",87.08832335329342,28.74251497005988,"100 - 16개 상권특성의 평균 절대 백분위 차이"
"성수119안전센터",3110134,"편의점",98.7146529562982,68,98.7146529562982,"뚜렷한 DEAD TIME 없음",0,0,0,5,"","",TRUE,"분석 가능",NA,NA,NA,"100 - 16개 상권특성의 평균 절대 백분위 차이"
"성동세무서",3110135,"한식음식점",57.730812013348164,12.995594713656388,57.730812013348164,"뚜렷한 DEAD TIME 없음",0,0,0,5,"","",TRUE,"분석 가능","영등포시장역 1번",91.45578420467186,64.84983314794216,"100 - 16개 상권특성의 평균 절대 백분위 차이"
"성동세무서",3110135,"커피-음료",4.790419161676647,8.296943231441048,4.790419161676647,"17~21",98.1981981981982,2211.586790268049,98.1981981981982,3,"00~06,06~11,21~24","",TRUE,"분석 가능","남산케이블카",89.56773952095809,17.81437125748503,"100 - 16개 상권특성의 평균 절대 백분위 차이"
"경수초등학교",3110136,"한식음식점",76.4182424916574,67.51101321585902,76.4182424916574,"뚜렷한 DEAD TIME 없음",0,0,0,5,"","",TRUE,"분석 가능","망원역 1번",84.06562847608454,96.99666295884316,"100 - 16개 상권특성의 평균 절대 백분위 차이"
"경수초등학교",3110136,"분식전문점",27.131782945736433,52.32273838630807,27.131782945736433,"뚜렷한 DEAD TIME 없음",0,0,0,4,"00~06,21~24","",TRUE,"분석 가능","성수동카페거리",88.51744186046511,76.22739018087856,"100 - 16개 상권특성의 평균 절대 백분위 차이"
"경수초등학교",3110136,"호프-간이주점",54.50901803607214,53.786407766990294,54.50901803607214,"뚜렷한 DEAD TIME 없음",0,0,0,5,"","",TRUE,"분석 가능","양천향교역 5번",87.72545090180361,65.93186372745491,"100 - 16개 상권특성의 평균 절대 백분위 차이"
"경수초등학교",3110136,"커피-음료",13.47305389221557,62.73653566229985,13.47305389221557,"뚜렷한 DEAD TIME 없음",0,0,0,5,"00~06","",TRUE,"분석 가능","성수동카페거리",90.17589820359282,48.50299401197605,"100 - 16개 상권특성의 평균 절대 백분위 차이"
"경수초등학교",3110136,"편의점",0.2570694087403599,48,0.2570694087403599,"21~24",99.74293059125964,53465.065666069255,99.74293059125964,5,"","",TRUE,"분석 가능","성수초등학교",87.61246786632391,82.77634961439588,"100 - 16개 상권특성의 평균 절대 백분위 차이"
"성수초등학교",3110137,"한식음식점",39.93325917686318,91.51982378854625,39.93325917686318,"뚜렷한 DEAD TIME 없음",0,0,0,5,"","",TRUE,"분석 가능","선유도역 6번",89.31451612903226,75.41713014460511,"100 - 16개 상권특성의 평균 절대 백분위 차이"
"성수초등학교",3110137,"분식전문점",26.614987080103358,84.3520782396088,26.614987080103358,"17~21",91.68831168831169,1413.807748039929,91.68831168831169,4,"00~06,21~24","",TRUE,"분석 가능","양재역 8번(양재동우체국)",85.72351421188631,57.105943152454785,"100 - 16개 상권특성의 평균 절대 백분위 차이"
"성수초등학교",3110137,"호프-간이주점",33.86773547094188,87.18446601941747,33.86773547094188,"17~21",90.96385542168674,218.50418425681613,90.96385542168674,4,"00~06,21~24","",TRUE,"분석 가능","양천향교역 5번",87.80060120240482,65.93186372745491,"100 - 16개 상권특성의 평균 절대 백분위 차이"
"성수초등학교",3110137,"커피-음료",44.61077844311377,89.51965065502183,44.61077844311377,"뚜렷한 DEAD TIME 없음",0,0,0,5,"","",TRUE,"분석 가능","선유도역 6번",89.51160179640718,83.98203592814372,"100 - 16개 상권특성의 평균 절대 백분위 차이"
"성수초등학교",3110137,"편의점",82.77634961439588,84.5,82.77634961439588,"뚜렷한 DEAD TIME 없음",0,0,0,5,"","",TRUE,"분석 가능","문래예술촌(문래창작촌)",77.66709511568124,96.65809768637533,"100 - 16개 상권특성의 평균 절대 백분위 차이"
"송정체육공원",3110138,"한식음식점",61.40155728587319,74.11894273127754,61.40155728587319,"뚜렷한 DEAD TIME 없음",0,0,0,5,"","",TRUE,"분석 가능","수유역 2번",84.75389321468299,65.29477196885428,"100 - 16개 상권특성의 평균 절대 백분위 차이"
"송정체육공원",3110138,"분식전문점",NA,58.679706601467,NA,"뚜렷한 DEAD TIME 없음",0,0,0,0,"","00~06,06~11,11~14,14~17,17~21,21~24",FALSE,"활동 또는 관측 근거 부족",NA,NA,NA,"100 - 16개 상권특성의 평균 절대 백분위 차이"
"송정체육공원",3110138,"커피-음료",69.91017964071857,69.28675400291121,69.91017964071857,"뚜렷한 DEAD TIME 없음",0,0,0,5,"00~06","",TRUE,"분석 가능","동묘앞역 2번",88.32335329341318,81.73652694610777,"100 - 16개 상권특성의 평균 절대 백분위 차이"
"자양4동주민센터",3110139,"한식음식점",53.83759733036707,91.85022026431719,53.83759733036707,"뚜렷한 DEAD TIME 없음",0,0,0,5,"","",TRUE,"분석 가능","남강고등학교(남강중학교)",86.23470522803115,88.54282536151278,"100 - 16개 상권특성의 평균 절대 백분위 차이"
"자양4동주민센터",3110139,"분식전문점",19.12144702842377,85.08557457212714,19.12144702842377,"17~21",99.22077922077922,1304.5503790996747,99.22077922077922,4,"00~06,21~24","",TRUE,"분석 가능","먹골역 1번",84.91602067183463,88.63049095607235,"100 - 16개 상권특성의 평균 절대 백분위 차이"
"자양4동주민센터",3110139,"호프-간이주점",79.15831663326654,87.57281553398059,79.15831663326654,"뚜렷한 DEAD TIME 없음",0,0,0,5,"","",TRUE,"분석 가능","수송초등학교",82.16432865731463,83.96793587174348,"100 - 16개 상권특성의 평균 절대 백분위 차이"
"자양4동주민센터",3110139,"편의점",37.01799485861182,85,37.01799485861182,"뚜렷한 DEAD TIME 없음",0,0,0,5,"","",TRUE,"분석 가능","쌍문초등학교",85.23457583547558,67.60925449871465,"100 - 16개 상권특성의 평균 절대 백분위 차이"
"건대입구역 6번",3110140,"한식음식점",7.230255839822025,95.37444933920705,7.230255839822025,"06~11",93.71428571428572,1957.9665262525189,93.71428571428572,5,"","",TRUE,"분석 가능","연신내역 4번",89.94021134593993,50.94549499443827,"100 - 16개 상권특성의 평균 절대 백분위 차이"
"건대입구역 6번",3110140,"호프-간이주점",56.1122244488978,92.81553398058252,56.1122244488978,"뚜렷한 DEAD TIME 없음",0,0,0,4,"06~11","",TRUE,"분석 가능","자양4동주민센터",85.57114228456913,79.15831663326654,"100 - 16개 상권특성의 평균 절대 백분위 차이"
"건대입구역 6번",3110140,"커피-음료",13.023952095808383,94.17758369723435,13.023952095808383,"뚜렷한 DEAD TIME 없음",0,0,0,5,"","",TRUE,"분석 가능","천호역 6번",89.85778443113772,23.652694610778443,"100 - 16개 상권특성의 평균 절대 백분위 차이"
"건대입구역 6번",3110140,"편의점",76.86375321336762,91,76.86375321336762,"뚜렷한 DEAD TIME 없음",0,0,0,5,"","",TRUE,"분석 가능","까치산역 3번",82.69601542416453,78.66323907455013,"100 - 16개 상권특성의 평균 절대 백분위 차이"
"건대입구역 1번",3110141,"한식음식점",26.251390433815352,85.24229074889867,26.251390433815352,"뚜렷한 DEAD TIME 없음",0,0,0,5,"","",TRUE,"분석 가능","사가정역 1번",84.66351501668521,50.834260289210235,"100 - 16개 상권특성의 평균 절대 백분위 차이"
"건대입구역 1번",3110141,"분식전문점",70.28423772609818,74.57212713936431,70.28423772609818,"뚜렷한 DEAD TIME 없음",0,0,0,5,"","",TRUE,"분석 가능","청룡동주민센터",82.05749354005167,83.72093023255815,"100 - 16개 상권특성의 평균 절대 백분위 차이"
"건대입구역 1번",3110141,"호프-간이주점",47.89579158316633,78.05825242718447,47.89579158316633,"뚜렷한 DEAD TIME 없음",0,0,0,4,"11~14","",TRUE,"분석 가능","증산역 1번",81.38777555110221,79.75951903807615,"100 - 16개 상권특성의 평균 절대 백분위 차이"
"건대입구역 1번",3110141,"커피-음료",33.68263473053892,82.38719068413391,33.68263473053892,"뚜렷한 DEAD TIME 없음",0,0,0,5,"00~06","",TRUE,"분석 가능","증산역 1번",84.2252994011976,44.76047904191617,"100 - 16개 상권특성의 평균 절대 백분위 차이"
"건대입구역 1번",3110141,"편의점",56.555269922879184,73,56.555269922879184,"뚜렷한 DEAD TIME 없음",0,0,0,5,"","",TRUE,"분석 가능","증산역 1번",84.78470437017994,94.08740359897172,"100 - 16개 상권특성의 평균 절대 백분위 차이"
"화양사거리",3110142,"한식음식점",29.36596218020022,91.18942731277532,29.36596218020022,"뚜렷한 DEAD TIME 없음",0,0,0,5,"","",TRUE,"분석 가능","동대부여고",88.48720800889878,90.76751946607341,"100 - 16개 상권특성의 평균 절대 백분위 차이"
"화양사거리",3110142,"분식전문점",6.2015503875969,83.61858190709046,6.2015503875969,"06~11",93.62880886426593,228.20850616487576,93.62880886426593,5,"00~06","",TRUE,"분석 가능","인헌고등학교(인헌중학교)",86.82170542635659,9.560723514211885,"100 - 16개 상권특성의 평균 절대 백분위 차이"
"화양사거리",3110142,"호프-간이주점",24.849699398797593,86.60194174757282,24.849699398797593,"06~11",95.8477508650519,108.29139197180024,95.8477508650519,5,"","",TRUE,"분석 가능","용마초등학교",88.42685370741484,55.31062124248497,"100 - 16개 상권특성의 평균 절대 백분위 차이"
"화양사거리",3110142,"커피-음료",17.365269461077844,89.08296943231441,17.365269461077844,"06~11",95.24539877300614,721.5480203551838,95.24539877300614,5,"","",TRUE,"분석 가능","배문고등학교",86.3304640718563,67.66467065868264,"100 - 16개 상권특성의 평균 절대 백분위 차이"
"화양사거리",3110142,"편의점",60.411311053984576,83.75,60.411311053984576,"뚜렷한 DEAD TIME 없음",0,0,0,5,"","",TRUE,"분석 가능","신림우방아파트",86.793059125964,82.0051413881748,"100 - 16개 상권특성의 평균 절대 백분위 차이"
"뚝섬유원지역 1번",3110143,"한식음식점",78.08676307007786,10.13215859030837,78.08676307007786,"뚜렷한 DEAD TIME 없음",0,0,0,5,"00~06","",TRUE,"분석 가능","암사역 4번(삼성광나루아파트)",90.48248053392658,90.43381535038932,"100 - 16개 상권특성의 평균 절대 백분위 차이"
"어린이대공원역 4번",3110144,"한식음식점",76.19577308120134,28.854625550660796,76.19577308120134,"뚜렷한 DEAD TIME 없음",0,0,0,5,"","",TRUE,"분석 가능","답십리역 6번",86.45717463848722,81.0901001112347,"100 - 16개 상권특성의 평균 절대 백분위 차이"
"어린이대공원역 4번",3110144,"호프-간이주점",46.6933867735471,14.174757281553399,46.6933867735471,"14~17",94.33551198257081,131.57497974247954,94.33551198257081,3,"06~11,11~14","",TRUE,"분석 가능","이대역 5번",89.66683366733467,52.705410821643284,"100 - 16개 상권특성의 평균 절대 백분위 차이"
"어린이대공원역 4번",3110144,"커피-음료",22.15568862275449,22.561863173216885,22.15568862275449,"11~14",94.30284857571213,717.2140836653754,94.30284857571213,5,"","",TRUE,"분석 가능","신원동주민센터",89.61452095808383,91.91616766467065,"100 - 16개 상권특성의 평균 절대 백분위 차이"
"어린이대공원역 4번",3110144,"편의점",2.570694087403599,10.75,2.570694087403599,"11~14",98.97172236503856,42942.645378625144,98.97172236503856,5,"","",TRUE,"분석 가능","회기역 1번",86.53598971722364,12.596401028277635,"100 - 16개 상권특성의 평균 절대 백분위 차이"
"장안초등학교",3110145,"커피-음료",17.065868263473057,18.19505094614265,17.065868263473057,"뚜렷한 DEAD TIME 없음",0,0,0,4,"00~06,06~11","",TRUE,"분석 가능","한양대역 4번",91.56998502994011,48.20359281437126,"100 - 16개 상권특성의 평균 절대 백분위 차이"
"장안초등학교",3110145,"편의점",46.7866323907455,8.75,46.7866323907455,"뚜렷한 DEAD TIME 없음",0,0,0,5,"","",TRUE,"분석 가능","중앙대학교",80.84832904884318,91.77377892030847,"100 - 16개 상권특성의 평균 절대 백분위 차이"
"신자초등학교",3110146,"한식음식점",80.08898776418243,66.40969162995594,80.08898776418243,"뚜렷한 DEAD TIME 없음",0,0,0,5,"","",TRUE,"분석 가능","연신내역 2번",89.88459399332591,84.53837597330367,"100 - 16개 상권특성의 평균 절대 백분위 차이"
"신자초등학교",3110146,"호프-간이주점",88.97795591182364,52.62135922330097,88.97795591182364,"뚜렷한 DEAD TIME 없음",0,0,0,3,"06~11,11~14","",TRUE,"분석 가능","독산2동주민센터",88.28907815631263,96.59318637274549,"100 - 16개 상권특성의 평균 절대 백분위 차이"
"신자초등학교",3110146,"커피-음료",8.08383233532934,61.71761280931587,8.08383233532934,"뚜렷한 DEAD TIME 없음",0,0,0,5,"00~06","",TRUE,"분석 가능","자양동우체국",88.65082335329342,61.07784431137725,"100 - 16개 상권특성의 평균 절대 백분위 차이"
"신자초등학교",3110146,"편의점",19.794344473007712,46.25,19.794344473007712,"뚜렷한 DEAD TIME 없음",0,0,0,5,"","",TRUE,"분석 가능","답십리초등학교",90.45629820051414,30.077120822622106,"100 - 16개 상권특성의 평균 절대 백분위 차이"
"능동우편취급국",3110147,"한식음식점",69.52169076751946,73.6784140969163,69.52169076751946,"뚜렷한 DEAD TIME 없음",0,0,0,5,"","",TRUE,"분석 가능","공항시장역 1번",87.32619577308121,93.10344827586206,"100 - 16개 상권특성의 평균 절대 백분위 차이"
"능동우편취급국",3110147,"호프-간이주점",50.901803607214426,61.94174757281553,50.901803607214426,"뚜렷한 DEAD TIME 없음",0,0,0,4,"06~11","",TRUE,"분석 가능","수송초등학교",86.32264529058116,83.96793587174348,"100 - 16개 상권특성의 평균 절대 백분위 차이"
"능동우편취급국",3110147,"커피-음료",46.40718562874252,68.70451237263464,46.40718562874252,"뚜렷한 DEAD TIME 없음",0,0,0,5,"00~06","",TRUE,"분석 가능","공항시장역 1번",87.6684131736527,55.38922155688623,"100 - 16개 상권특성의 평균 절대 백분위 차이"
"능동우편취급국",3110147,"편의점",66.83804627249359,56.25,66.83804627249359,"뚜렷한 DEAD TIME 없음",0,0,0,5,"","",TRUE,"분석 가능","신림우방아파트",84.30269922879178,82.0051413881748,"100 - 16개 상권특성의 평균 절대 백분위 차이"
"어린이대공원역 3번",3110148,"한식음식점",38.487208008898776,49.669603524229075,38.487208008898776,"21~24",90.88863892013498,2683.5411044974276,90.88863892013498,5,"","",TRUE,"분석 가능","중앙대학교",85.81757508342604,68.74304783092325,"100 - 16개 상권특성의 평균 절대 백분위 차이"
"어린이대공원역 3번",3110148,"분식전문점",26.356589147286826,32.02933985330073,26.356589147286826,"뚜렷한 DEAD TIME 없음",0,0,0,5,"00~06","",TRUE,"분석 가능","행당역 2번",81.6375968992248,87.33850129198967,"100 - 16개 상권특성의 평균 절대 백분위 차이"
"어린이대공원역 3번",3110148,"호프-간이주점",57.71543086172345,33.980582524271846,57.71543086172345,"뚜렷한 DEAD TIME 없음",0,0,0,5,"","",TRUE,"분석 가능","행당역 2번",85.85921843687375,63.326653306613224,"100 - 16개 상권특성의 평균 절대 백분위 차이"
"어린이대공원역 3번",3110148,"커피-음료",66.31736526946108,43.23144104803494,66.31736526946108,"뚜렷한 DEAD TIME 없음",0,0,0,5,"","",TRUE,"분석 가능","행당역 2번",83.70134730538923,69.46107784431138,"100 - 16개 상권특성의 평균 절대 백분위 차이"
"중곡1동 마을마당",3110150,"한식음식점",33.25917686318131,78.41409691629956,33.25917686318131,"뚜렷한 DEAD TIME 없음",0,0,0,5,"","",TRUE,"분석 가능","보라매역 2번",89.83592880978865,50.055617352614014,"100 - 16개 상권특성의 평균 절대 백분위 차이"
"중곡1동 마을마당",3110150,"분식전문점",NA,62.59168704156479,NA,"뚜렷한 DEAD TIME 없음",0,0,0,0,"","00~06,06~11,11~14,14~17,17~21,21~24",FALSE,"활동 또는 관측 근거 부족",NA,NA,NA,"100 - 16개 상권특성의 평균 절대 백분위 차이"
"중곡1동 마을마당",3110150,"호프-간이주점",6.813627254509018,68.3495145631068,6.813627254509018,"17~21",98.39357429718876,1402.4397504898755,98.39357429718876,5,"","",TRUE,"분석 가능","오류2동버들시장",86.98647294589179,66.33266533066133,"100 - 16개 상권특성의 평균 절대 백분위 차이"
"중곡1동 마을마당",3110150,"커피-음료",13.323353293413174,74.09024745269286,13.323353293413174,"뚜렷한 DEAD TIME 없음",0,0,0,5,"00~06","",TRUE,"분석 가능","관악구신사동주민센터",92.0190868263473,35.92814371257485,"100 - 16개 상권특성의 평균 절대 백분위 차이"
"중곡1동 마을마당",3110150,"편의점",10.539845758354756,62.5,10.539845758354756,"14~17",91.00257069408741,16319.420890531383,91.00257069408741,5,"","",TRUE,"분석 가능","오류2동버들시장",89.20308483290489,26.47814910025707,"100 - 16개 상권특성의 평균 절대 백분위 차이"
"자양한강도서관",3110151,"한식음식점",23.136818687430477,75.99118942731278,23.136818687430477,"뚜렷한 DEAD TIME 없음",0,0,0,5,"","",TRUE,"분석 가능","아차산역 1번",93.03392658509455,53.058954393770854,"100 - 16개 상권특성의 평균 절대 백분위 차이"
"자양한강도서관",3110151,"호프-간이주점",25.450901803607213,64.85436893203882,25.450901803607213,"뚜렷한 DEAD TIME 없음",0,0,0,4,"06~11","",TRUE,"분석 가능","오류2동버들시장",88.11372745490982,66.33266533066133,"100 - 16개 상권특성의 평균 절대 백분위 차이"
"자양한강도서관",3110151,"커피-음료",83.23353293413174,71.47016011644833,83.23353293413174,"뚜렷한 DEAD TIME 없음",0,0,0,5,"00~06","",TRUE,"분석 가능",NA,NA,NA,"100 - 16개 상권특성의 평균 절대 백분위 차이"
"자양한강도서관",3110151,"편의점",53.98457583547558,58.5,53.98457583547558,"뚜렷한 DEAD TIME 없음",0,0,0,5,"","",TRUE,"분석 가능","독산119안전센터",87.43573264781492,61.43958868894601,"100 - 16개 상권특성의 평균 절대 백분위 차이"
"중곡어린이공원",3110152,"한식음식점",99.55506117908787,14.20704845814978,99.55506117908787,"뚜렷한 DEAD TIME 없음",0,0,0,5,"","",TRUE,"분석 가능",NA,NA,NA,"100 - 16개 상권특성의 평균 절대 백분위 차이"
"중곡어린이공원",3110152,"커피-음료",0.7485029940119761,9.315866084425037,0.7485029940119761,"11~14",99.55022488755623,317.674800137735,99.55022488755623,3,"00~06,06~11,21~24","",TRUE,"분석 가능","상도4동주민센터",88.33270958083833,80.688622754491007,"100 - 16개 상권특성의 평균 절대 백분위 차이"
"중곡1동주민센터",3110153,"호프-간이주점",84.16833667334669,12.233009708737864,84.16833667334669,"뚜렷한 DEAD TIME 없음",0,0,0,5,"","",TRUE,"분석 가능","독산동정훈단지",82.77805611222445,84.3687374749499,"100 - 16개 상권특성의 평균 절대 백분위 차이"
"광진정말공원",3110154,"한식음식점",70.96774193548387,87.44493392070484,70.96774193548387,"뚜렷한 DEAD TIME 없음",0,0,0,5,"","",TRUE,"분석 가능","동교초등학교",88.50806451612902,76.7519466073415,"100 - 16개 상권특성의 평균 절대 백분위 차이"
"광진정말공원",3110154,"호프-간이주점",5.01002004008016,80.7766990291262,5.01002004008016,"11~14",91.06145251396647,271.71750195240423,91.06145251396647,5,"","",TRUE,"분석 가능","푸른들청소년도서관",87.9258517034068,85.77154308617234,"100 - 16개 상권특성의 평균 절대 백분위 차이"
"광진정말공원",3110154,"커피-음료",47.30538922155689,84.71615720524017,47.30538922155689,"뚜렷한 DEAD TIME 없음",0,0,0,5,"00~06","",TRUE,"분석 가능","푸른들청소년도서관",90.82148203592814,55.23952095808383,"100 - 16개 상권특성의 평균 절대 백분위 차이"
"광진정말공원",3110154,"편의점",33.67609254498715,76.75,33.67609254498715,"뚜렷한 DEAD TIME 없음",0,0,0,5,"","",TRUE,"분석 가능","동교초등학교",89.57262210796915,42.9305912596401,"100 - 16개 상권특성의 평균 절대 백분위 차이"
"광진구청",3110155,"한식음식점",38.37597330367075,67.18061674008811,38.37597330367075,"뚜렷한 DEAD TIME 없음",0,0,0,5,"","",TRUE,"분석 가능","종암중학교",87.49304783092325,83.53726362625139,"100 - 16개 상권특성의 평균 절대 백분위 차이"
"광진구청",3110155,"커피-음료",27.095808383233532,62.29985443959243,27.095808383233532,"뚜렷한 DEAD TIME 없음",0,0,0,5,"","",TRUE,"분석 가능","보문역 5번",91.04603293413174,27.844311377245507,"100 - 16개 상권특성의 평균 절대 백분위 차이"
"광진구청",3110155,"편의점",47.55784061696658,47.25,47.55784061696658,"뚜렷한 DEAD TIME 없음",0,0,0,5,"","",TRUE,"분석 가능","제기동역 1번",89.21915167095116,68.12339331619538,"100 - 16개 상권특성의 평균 절대 백분위 차이"
"군자역 5번",3110156,"한식음식점",81.64627363737486,61.45374449339207,81.64627363737486,"뚜렷한 DEAD TIME 없음",0,0,0,5,"00~06","",TRUE,"분석 가능","동대부여고",92.64460511679644,90.76751946607341,"100 - 16개 상권특성의 평균 절대 백분위 차이"
"군자역 5번",3110156,"분식전문점",61.75710594315246,44.987775061124694,61.75710594315246,"뚜렷한 DEAD TIME 없음",0,0,0,5,"","",TRUE,"분석 가능","배문고등학교",84.54457364341086,65.11627906976744,"100 - 16개 상권특성의 평균 절대 백분위 차이"
"군자역 5번",3110156,"커피-음료",16.91616766467066,56.62299854439592,16.91616766467066,"06~11",93.55828220858896,136.54596809915026,93.55828220858896,4,"00~06,21~24","",TRUE,"분석 가능","동대부여고",90.36302395209582,58.532934131736525,"100 - 16개 상권특성의 평균 절대 백분위 차이"
"군자역 5번",3110156,"편의점",83.80462724935732,39.25,83.80462724935732,"뚜렷한 DEAD TIME 없음",0,0,0,5,"","",TRUE,"분석 가능","우이천 계성교",87.90167095115682,94.85861182519281,"100 - 16개 상권특성의 평균 절대 백분위 차이"
"자양동우체국",3110157,"한식음식점",89.76640711902112,78.08370044052863,89.76640711902112,"뚜렷한 DEAD TIME 없음",0,0,0,5,"","",TRUE,"분석 가능",NA,NA,NA,"100 - 16개 상권특성의 평균 절대 백분위 차이"
"자양동우체국",3110157,"분식전문점",48.06201550387597,62.10268948655256,48.06201550387597,"21~24",92.85714285714286,191.4470969359382,92.85714285714286,5,"","",TRUE,"분석 가능","면목동우체국",90.60077519379844,62.273901808785524,"100 - 16개 상권특성의 평균 절대 백분위 차이"
"자양동우체국",3110157,"호프-간이주점",22.44488977955912,67.76699029126215,22.44488977955912,"뚜렷한 DEAD TIME 없음",0,0,0,5,"","",TRUE,"분석 가능","면목동우체국",90.10521042084167,49.69939879759519,"100 - 16개 상권특성의 평균 절대 백분위 차이"
"자양동우체국",3110157,"커피-음료",61.07784431137725,73.65356622998544,61.07784431137725,"뚜렷한 DEAD TIME 없음",0,0,0,5,"00~06","",TRUE,"분석 가능","자양한강도서관",93.16991017964071,83.23353293413174,"100 - 16개 상권특성의 평균 절대 백분위 차이"
"자양동우체국",3110157,"편의점",30.59125964010283,61.75000000000001,30.59125964010283,"뚜렷한 DEAD TIME 없음",0,0,0,5,"","",TRUE,"분석 가능","자양한강도서관",92.43251928020567,53.98457583547558,"100 - 16개 상권특성의 평균 절대 백분위 차이"
"중곡3동주민센터",3110158,"한식음식점",39.377085650723025,96.47577092511013,39.377085650723025,"뚜렷한 DEAD TIME 없음",0,0,0,5,"","",TRUE,"분석 가능","면목2동체육관",92.87402669632925,44.16017797552836,"100 - 16개 상권특성의 평균 절대 백분위 차이"
"중곡3동주민센터",3110158,"호프-간이주점",44.48897795591182,94.36893203883496,44.48897795591182,"뚜렷한 DEAD TIME 없음",0,0,0,5,"","",TRUE,"분석 가능","용마초등학교",87.7755511022044,55.31062124248497,"100 - 16개 상권특성의 평균 절대 백분위 차이"
"중곡3동주민센터",3110158,"커피-음료",79.04191616766467,95.48762736535662,79.04191616766467,"뚜렷한 DEAD TIME 없음",0,0,0,5,"","",TRUE,"분석 가능","자양한강도서관",88.5198353293413,83.23353293413174,"100 - 16개 상권특성의 평균 절대 백분위 차이"
"중곡3동주민센터",3110158,"편의점",38.56041131105398,93,38.56041131105398,"뚜렷한 DEAD TIME 없음",0,0,0,5,"","",TRUE,"분석 가능","면목역 1번",89.26735218508998,88.94601542416453,"100 - 16개 상권특성의 평균 절대 백분위 차이"
"구의역 4번",3110159,"한식음식점",20.689655172413794,98.12775330396477,20.689655172413794,"뚜렷한 DEAD TIME 없음",0,0,0,5,"","",TRUE,"분석 가능","삼전역 1번",93.22163515016685,55.172413793103445,"100 - 16개 상권특성의 평균 절대 백분위 차이"
"구의역 4번",3110159,"분식전문점",36.434108527131784,95.84352078239608,36.434108527131784,"뚜렷한 DEAD TIME 없음",0,0,0,5,"00~06","",TRUE,"분석 가능","장안1동주민센터",91.76356589147288,38.24289405684754,"100 - 16개 상권특성의 평균 절대 백분위 차이"
"구의역 4번",3110159,"호프-간이주점",4.008016032064128,96.89320388349515,4.008016032064128,"11~14",96.36871508379889,449.3294782479421,96.36871508379889,5,"","",TRUE,"분석 가능","장안1동주민센터",93.7750501002004,40.480961923847694,"100 - 16개 상권특성의 평균 절대 백분위 차이"
"구의역 4번",3110159,"커피-음료",41.31736526946108,97.5254730713246,41.31736526946108,"뚜렷한 DEAD TIME 없음",0,0,0,5,"00~06","",TRUE,"분석 가능","장안1동주민센터",94.32073353293413,51.49700598802395,"100 - 16개 상권특성의 평균 절대 백분위 차이"
"구의역 4번",3110159,"편의점",39.0745501285347,96.25,39.0745501285347,"뚜렷한 DEAD TIME 없음",0,0,0,5,"","",TRUE,"분석 가능","경동고등학교",91.67737789203085,71.97943444730078,"100 - 16개 상권특성의 평균 절대 백분위 차이"
"중곡역 3번",3110161,"한식음식점",42.269187986651836,44.93392070484582,42.269187986651836,"뚜렷한 DEAD TIME 없음",0,0,0,5,"","",TRUE,"분석 가능","독산119안전센터",89.32842046718577,60.28921023359288,"100 - 16개 상권특성의 평균 절대 백분위 차이"
"중곡역 3번",3110161,"분식전문점",100,27.139364303178482,100,"뚜렷한 DEAD TIME 없음",0,0,0,5,"","",TRUE,"분석 가능",NA,NA,NA,"100 - 16개 상권특성의 평균 절대 백분위 차이"
"중곡역 3번",3110161,"호프-간이주점",42.88577154308617,27.96116504854369,42.88577154308617,"뚜렷한 DEAD TIME 없음",0,0,0,5,"","",TRUE,"분석 가능","천호공원(해공체육문화센터)",90.2429859719439,74.9498997995992,"100 - 16개 상권특성의 평균 절대 백분위 차이"
"중곡역 3번",3110161,"커피-음료",33.98203592814371,37.70014556040756,33.98203592814371,"뚜렷한 DEAD TIME 없음",0,0,0,5,"","",TRUE,"분석 가능","천호공원(해공체육문화센터)",92.04715568862277,94.91017964071857,"100 - 16개 상권특성의 평균 절대 백분위 차이"
"군자역 4번",3110162,"한식음식점",26.473859844271413,25.66079295154185,26.473859844271413,"뚜렷한 DEAD TIME 없음",0,0,0,5,"","",TRUE,"분석 가능","연신내역 3번",90.28086763070078,53.281423804226925,"100 - 16개 상권특성의 평균 절대 백분위 차이"
"군자역 4번",3110162,"분식전문점",47.02842377260982,12.469437652811736,47.02842377260982,"뚜렷한 DEAD TIME 없음",0,0,0,5,"00~06","",TRUE,"분석 가능","면목동우체국",88.67894056847545,62.273901808785524,"100 - 16개 상권특성의 평균 절대 백분위 차이"
"군자역 4번",3110162,"커피-음료",57.93413173652695,19.941775836972344,57.93413173652695,"뚜렷한 DEAD TIME 없음",0,0,0,5,"00~06","",TRUE,"분석 가능","면목동우체국",87.30351796407186,94.01197604790418,"100 - 16개 상권특성의 평균 절대 백분위 차이"
"군자역 4번",3110162,"편의점",87.91773778920309,9.75,87.91773778920309,"뚜렷한 DEAD TIME 없음",0,0,0,5,"","",TRUE,"분석 가능","백련산해모로아파트",86.98586118251927,91.51670951156812,"100 - 16개 상권특성의 평균 절대 백분위 차이"
"성자초등학교",3110163,"한식음식점",73.41490545050056,37.22466960352423,73.41490545050056,"뚜렷한 DEAD TIME 없음",0,0,0,5,"","",TRUE,"분석 가능","방화역 1번",88.2091212458287,80.7563959955506,"100 - 16개 상권특성의 평균 절대 백분위 차이"
"성자초등학교",3110163,"분식전문점",77.77777777777779,21.026894865525673,77.77777777777779,"뚜렷한 DEAD TIME 없음",0,0,0,5,"","",TRUE,"분석 가능","방화역 1번",86.38565891472868,98.70801033591732,"100 - 16개 상권특성의 평균 절대 백분위 차이"
"성자초등학교",3110163,"호프-간이주점",94.58917835671342,21.553398058252426,94.58917835671342,"뚜렷한 DEAD TIME 없음",0,0,0,5,"","",TRUE,"분석 가능","방화역 1번",85.72144288577154,97.1943887775551,"100 - 16개 상권특성의 평균 절대 백분위 차이"
"성자초등학교",3110163,"커피-음료",78.89221556886228,30.131004366812224,78.89221556886228,"뚜렷한 DEAD TIME 없음",0,0,0,5,"00~06","",TRUE,"분석 가능","방화역 1번",86.13398203592814,96.8562874251497,"100 - 16개 상권특성의 평균 절대 백분위 차이"
"성자초등학교",3110163,"편의점",66.32390745501286,16.5,66.32390745501286,"뚜렷한 DEAD TIME 없음",0,0,0,5,"","",TRUE,"분석 가능","신설동역 12번",87.88560411311053,68.89460154241645,"100 - 16개 상권특성의 평균 절대 백분위 차이"
"국립정신건강센터",3110165,"한식음식점",25.917686318131256,54.074889867841414,25.917686318131256,"뚜렷한 DEAD TIME 없음",0,0,0,5,"","",TRUE,"분석 가능","우이천 계성교",90.27391546162403,43.937708565072306,"100 - 16개 상권특성의 평균 절대 백분위 차이"
"국립정신건강센터",3110165,"분식전문점",NA,37.89731051344744,NA,"뚜렷한 DEAD TIME 없음",0,0,0,0,"","00~06,06~11,11~14,14~17,17~21,21~24",FALSE,"활동 또는 관측 근거 부족",NA,NA,NA,"100 - 16개 상권특성의 평균 절대 백분위 차이"
"국립정신건강센터",3110165,"호프-간이주점",93.78757515030061,38.44660194174757,93.78757515030061,"뚜렷한 DEAD TIME 없음",0,0,0,3,"06~11,11~14","",TRUE,"분석 가능","양지어린이공원",87.21192384769539,96.19238476953907,"100 - 16개 상권특성의 평균 절대 백분위 차이"
"국립정신건강센터",3110165,"커피-음료",45.958083832335326,48.617176128093156,45.958083832335326,"뚜렷한 DEAD TIME 없음",0,0,0,5,"00~06","",TRUE,"분석 가능","성남고등학교",86.73278443113772,50.898203592814376,"100 - 16개 상권특성의 평균 절대 백분위 차이"
"국립정신건강센터",3110165,"편의점",78.1491002570694,32.25,78.1491002570694,"뚜렷한 DEAD TIME 없음",0,0,0,5,"","",TRUE,"분석 가능","굽은다리역 2번",89.65295629820051,86.11825192802056,"100 - 16개 상권특성의 평균 절대 백분위 차이"
"구의1동주민센터",3110166,"한식음식점",38.598442714126804,86.67400881057269,38.598442714126804,"뚜렷한 DEAD TIME 없음",0,0,0,5,"","",TRUE,"분석 가능","상봉역 4번",91.56701890989989,46.82981090100111,"100 - 16개 상권특성의 평균 절대 백분위 차이"
"구의1동주민센터",3110166,"분식전문점",57.36434108527132,77.01711491442543,57.36434108527132,"뚜렷한 DEAD TIME 없음",0,0,0,5,"","",TRUE,"분석 가능","남성역 1번",84.62532299741602,73.1266149870801,"100 - 16개 상권특성의 평균 절대 백분위 차이"
"구의1동주민센터",3110166,"호프-간이주점",74.14829659318637,80.19417475728156,74.14829659318637,"뚜렷한 DEAD TIME 없음",0,0,0,5,"","",TRUE,"분석 가능","상봉역 4번",89.36623246492987,74.54909819639278,"100 - 16개 상권특성의 평균 절대 백분위 차이"
"구의1동주민센터",3110166,"커피-음료",59.58083832335329,84.13391557496361,59.58083832335329,"뚜렷한 DEAD TIME 없음",0,0,0,5,"00~06","",TRUE,"분석 가능","구립대학경로당(관악산샘말공원)",86.19947604790418,86.37724550898204,"100 - 16개 상권특성의 평균 절대 백분위 차이"
"구의1동주민센터",3110166,"편의점",36.760925449871465,75.75,36.760925449871465,"뚜렷한 DEAD TIME 없음",0,0,0,5,"","",TRUE,"분석 가능","상봉역 4번",88.33547557840618,81.74807197943444,"100 - 16개 상권특성의 평균 절대 백분위 차이"
"용마초등학교",3110167,"한식음식점",47.38598442714127,89.53744493392071,47.38598442714127,"뚜렷한 DEAD TIME 없음",0,0,0,5,"","",TRUE,"분석 가능","화곡역 4번",92.35956618464961,49.165739710789765,"100 - 16개 상권특성의 평균 절대 백분위 차이"
"용마초등학교",3110167,"분식전문점",2.0671834625323,81.41809290953546,2.0671834625323,"14~17",99.74025974025975,400.9518125612749,99.74025974025975,4,"00~06,21~24","",TRUE,"분석 가능","면목동우체국",90.48772609819122,62.273901808785524,"100 - 16개 상권특성의 평균 절대 백분위 차이"
"용마초등학교",3110167,"호프-간이주점",55.31062124248497,84.07766990291262,55.31062124248497,"뚜렷한 DEAD TIME 없음",0,0,0,4,"06~11","",TRUE,"분석 가능","신정역 5번",92.00901803607215,76.55310621242485,"100 - 16개 상권특성의 평균 절대 백분위 차이"
"용마초등학교",3110167,"커피-음료",0,87.19068413391557,0,"11~14",100,1595.8466366079997,100,5,"","",TRUE,"분석 가능","창2동주민센터",91.8880988023952,61.52694610778443,"100 - 16개 상권특성의 평균 절대 백분위 차이"
"용마초등학교",3110167,"편의점",61.696658097686374,81,61.696658097686374,"뚜렷한 DEAD TIME 없음",0,0,0,5,"","",TRUE,"분석 가능","강동구립성내도서관",90.76156812339332,66.58097686375322,"100 - 16개 상권특성의 평균 절대 백분위 차이"
"대원고등학교",3110168,"한식음식점",94.77196885428253,39.647577092511014,94.77196885428253,"뚜렷한 DEAD TIME 없음",0,0,0,5,"00~06","",TRUE,"분석 가능",NA,NA,NA,"100 - 16개 상권특성의 평균 절대 백분위 차이"
"대원고등학교",3110168,"분식전문점",13.436692506459949,22.982885085574573,13.436692506459949,"뚜렷한 DEAD TIME 없음",0,0,0,5,"","",TRUE,"분석 가능","둔촌고등학교(둔촌중학교)",90.93992248062015,48.320413436692505,"100 - 16개 상권특성의 평균 절대 백분위 차이"
"대원고등학교",3110168,"커피-음료",NA,32.60553129548763,NA,"뚜렷한 DEAD TIME 없음",0,0,0,0,"","00~06,06~11,11~14,14~17,17~21,21~24",FALSE,"활동 또는 관측 근거 부족",NA,NA,NA,"100 - 16개 상권특성의 평균 절대 백분위 차이"
"대원고등학교",3110168,"편의점",9.511568123393316,18.25,9.511568123393316,"11~14",93.31619537275064,26190.3583298631,93.31619537275064,5,"","",TRUE,"분석 가능","신월중학교",88.35154241645245,23.13624678663239,"100 - 16개 상권특성의 평균 절대 백분위 차이"
"성동초등학교",3110169,"한식음식점",32.48053392658509,49.44933920704846,32.48053392658509,"뚜렷한 DEAD TIME 없음",0,0,0,5,"00~06","",TRUE,"분석 가능","새절역 3번",89.61345939933258,48.9432703003337,"100 - 16개 상권특성의 평균 절대 백분위 차이"
"성동초등학교",3110169,"커피-음료",91.46706586826348,42.94032023289665,91.46706586826348,"뚜렷한 DEAD TIME 없음",0,0,0,5,"00~06","",TRUE,"분석 가능","사당5동주민센터",89.32447604790418,92.36526946107784,"100 - 16개 상권특성의 평균 절대 백분위 차이"
"성동초등학교",3110169,"편의점",46.01542416452442,26.5,46.01542416452442,"뚜렷한 DEAD TIME 없음",0,0,0,5,"","",TRUE,"분석 가능","청구역 3번",90.32776349614396,55.26992287917738,"100 - 16개 상권특성의 평균 절대 백분위 차이"
"동대부여고",3110170,"한식음식점",90.76751946607341,91.62995594713657,90.76751946607341,"뚜렷한 DEAD TIME 없음",0,0,0,5,"","",TRUE,"분석 가능",NA,NA,NA,"100 - 16개 상권특성의 평균 절대 백분위 차이"
"동대부여고",3110170,"분식전문점",NA,84.59657701711491,NA,"뚜렷한 DEAD TIME 없음",0,0,0,0,"","00~06,06~11,11~14,14~17,17~21,21~24",FALSE,"활동 또는 관측 근거 부족",NA,NA,NA,"100 - 16개 상권특성의 평균 절대 백분위 차이"
"동대부여고",3110170,"커피-음료",58.532934131736525,89.66521106259097,58.532934131736525,"21~24",93.29805996472663,259.52714013866637,93.29805996472663,5,"00~06","",TRUE,"분석 가능","면목동우체국",91.15830838323353,94.01197604790418,"100 - 16개 상권특성의 평균 절대 백분위 차이"
"광진초등학교",3110172,"한식음식점",21.579532814238043,63.32599118942731,21.579532814238043,"21~24",92.1259842519685,910.3886304078057,92.1259842519685,5,"00~06","",TRUE,"분석 가능","신정역 1번",90.60761957730811,50.38932146829811,"100 - 16개 상권특성의 평균 절대 백분위 차이"
"광진초등학교",3110172,"편의점",75.06426735218508,42.5,75.06426735218508,"뚜렷한 DEAD TIME 없음",0,0,0,5,"","",TRUE,"분석 가능","우장산역 1번",89.44408740359897,98.20051413881748,"100 - 16개 상권특성의 평균 절대 백분위 차이"
"구남초등학교",3110173,"한식음식점",69.41045606229143,25.440528634361232,69.41045606229143,"뚜렷한 DEAD TIME 없음",0,0,0,5,"00~06","",TRUE,"분석 가능","신림현대아파트",86.7769744160178,94.10456062291435,"100 - 16개 상권특성의 평균 절대 백분위 차이"
"구남초등학교",3110173,"커피-음료",71.25748502994011,19.7962154294032,71.25748502994011,"뚜렷한 DEAD TIME 없음",0,0,0,5,"00~06","",TRUE,"분석 가능","마장역 2번",90.35366766467065,80.98802395209582,"100 - 16개 상권특성의 평균 절대 백분위 차이"
"아차산역 1번",3110174,"한식음식점",53.058954393770854,52.6431718061674,53.058954393770854,"뚜렷한 DEAD TIME 없음",0,0,0,5,"","",TRUE,"분석 가능","한울중학교",88.84176863181312,58.620689655172406,"100 - 16개 상권특성의 평균 절대 백분위 차이"
"아차산역 1번",3110174,"분식전문점",52.97157622739018,35.45232273838631,52.97157622739018,"뚜렷한 DEAD TIME 없음",0,0,0,5,"","",TRUE,"분석 가능","난우초등학교",87.24160206718345,54.52196382428941,"100 - 16개 상권특성의 평균 절대 백분위 차이"
"아차산역 1번",3110174,"호프-간이주점",6.212424849699398,37.0873786407767,6.212424849699398,"뚜렷한 DEAD TIME 없음",0,0,0,5,"","",TRUE,"분석 가능","자양동우체국",89.21593186372745,22.44488977955912,"100 - 16개 상권특성의 평균 절대 백분위 차이"
"아차산역 1번",3110174,"커피-음료",36.82634730538922,46.87045123726347,36.82634730538922,"21~24",93.12169312169311,249.6691529218778,93.12169312169311,5,"00~06","",TRUE,"분석 가능","해오름공원",89.03443113772455,82.03592814371258,"100 - 16개 상권특성의 평균 절대 백분위 차이"
"아차산역 1번",3110174,"편의점",67.3521850899743,30,67.3521850899743,"뚜렷한 DEAD TIME 없음",0,0,0,5,"","",TRUE,"분석 가능","백련산해모로아파트",87.35539845758356,91.51670951156812,"100 - 16개 상권특성의 평균 절대 백분위 차이"
"푸른동산공원",3110175,"한식음식점",37.81979977753059,64.20704845814979,37.81979977753059,"뚜렷한 DEAD TIME 없음",0,0,0,5,"","",TRUE,"분석 가능","정릉우체국",88.82786429365962,91.10122358175751,"100 - 16개 상권특성의 평균 절대 백분위 차이"
"푸른동산공원",3110175,"분식전문점",68.47545219638242,48.16625916870416,68.47545219638242,"뚜렷한 DEAD TIME 없음",0,0,0,4,"21~24","",TRUE,"분석 가능","공군호텔",84.83527131782947,88.88888888888889,"100 - 16개 상권특성의 평균 절대 백분위 차이"
"푸른동산공원",3110175,"커피-음료",1.347305389221557,59.67976710334789,1.347305389221557,"06~11",98.31288343558282,267.2997798948318,98.31288343558282,5,"00~06","",TRUE,"분석 가능","석촌역 6번",89.18413173652695,41.16766467065868,"100 - 16개 상권특성의 평균 절대 백분위 차이"
"해오름공원",3110176,"한식음식점",49.05450500556173,72.3568281938326,49.05450500556173,"뚜렷한 DEAD TIME 없음",0,0,0,5,"","",TRUE,"분석 가능","아차산역 1번",91.31674082313681,53.058954393770854,"100 - 16개 상권특성의 평균 절대 백분위 차이"
"해오름공원",3110176,"분식전문점",9.819121447028424,56.96821515892421,9.819121447028424,"06~11",98.61495844875347,141.2747825874399,98.61495844875347,5,"","",TRUE,"분석 가능","자양동우체국",91.71511627906976,48.06201550387597,"100 - 16개 상권특성의 평균 절대 백분위 차이"
"해오름공원",3110176,"호프-간이주점",88.57715430861724,60.38834951456311,88.57715430861724,"뚜렷한 DEAD TIME 없음",0,0,0,5,"","",TRUE,"분석 가능","역촌역 3번",87.2745490981964,98.59719438877755,"100 - 16개 상권특성의 평균 절대 백분위 차이"
"해오름공원",3110176,"커피-음료",82.03592814371258,67.39446870451238,82.03592814371258,"뚜렷한 DEAD TIME 없음",0,0,0,5,"","",TRUE,"분석 가능","자양한강도서관",90.5875748502994,83.23353293413174,"100 - 16개 상권특성의 평균 절대 백분위 차이"
"해오름공원",3110176,"편의점",23.39331619537275,54.50000000000001,23.39331619537275,"뚜렷한 DEAD TIME 없음",0,0,0,5,"","",TRUE,"분석 가능","신사1동주민센터",88.81748071979433,90.74550128534705,"100 - 16개 상권특성의 평균 절대 백분위 차이"
"동의초등학교",3110177,"한식음식점",18.687430478309235,8.149779735682818,18.687430478309235,"11~14",94.64882943143813,616.1567847087573,94.64882943143813,5,"","",TRUE,"분석 가능","혜원여고",88.12569521690767,71.30144605116796,"100 - 16개 상권특성의 평균 절대 백분위 차이"
"장로회신학대학교",3110178,"한식음식점",19.13236929922136,22.026431718061673,19.13236929922136,"06~11",98.97142857142858,224.08763823756192,98.97142857142858,5,"","",TRUE,"분석 가능","서울금융고등학교",89.45355951056729,91.32369299221357,"100 - 16개 상권특성의 평균 절대 백분위 차이"
"장로회신학대학교",3110178,"분식전문점",65.37467700258398,10.268948655256724,65.37467700258398,"뚜렷한 DEAD TIME 없음",0,0,0,5,"","",TRUE,"분석 가능","솔밭공원역 1번",86.32105943152455,90.18087855297158,"100 - 16개 상권특성의 평균 절대 백분위 차이"
"장로회신학대학교",3110178,"커피-음료",17.514970059880238,16.448326055312958,17.514970059880238,"21~24",94.3562610229277,319.6389595232591,94.3562610229277,5,"00~06","",TRUE,"분석 가능","내를건너서숲으로도서관",88.09880239520959,51.19760479041916,"100 - 16개 상권특성의 평균 절대 백분위 차이"
"광나루역 1번",3110179,"한식음식점",90.87875417130145,25.991189427312776,90.87875417130145,"뚜렷한 DEAD TIME 없음",0,0,0,5,"","",TRUE,"분석 가능","개포고등학교",89.69688542825361,93.2146829810901,"100 - 16개 상권특성의 평균 절대 백분위 차이"
"광나루역 1번",3110179,"분식전문점",65.63307493540051,12.71393643031785,65.63307493540051,"뚜렷한 DEAD TIME 없음",0,0,0,5,"00~06","",TRUE,"분석 가능","개포고등학교",88.59819121447028,96.12403100775194,"100 - 16개 상권특성의 평균 절대 백분위 차이"
"광나루역 1번",3110179,"호프-간이주점",80.7615230460922,11.650485436893204,80.7615230460922,"뚜렷한 DEAD TIME 없음",0,0,0,4,"00~06,06~11","",TRUE,"분석 가능","개포고등학교",89.89228456913827,82.96593186372746,"100 - 16개 상권특성의 평균 절대 백분위 차이"
"광나루역 1번",3110179,"커피-음료",96.25748502994011,20.232896652110625,96.25748502994011,"뚜렷한 DEAD TIME 없음",0,0,0,5,"00~06","",TRUE,"분석 가능","KB국민은행 서강지점",85.32934131736528,99.25149700598801,"100 - 16개 상권특성의 평균 절대 백분위 차이"
"광진정보도서관",3110180,"한식음식점",51.61290322580645,20.26431718061674,51.61290322580645,"뚜렷한 DEAD TIME 없음",0,0,0,5,"","",TRUE,"분석 가능","신서초등학교",88.47330367074527,59.288097886540605,"100 - 16개 상권특성의 평균 절대 백분위 차이"
"광진정보도서관",3110180,"분식전문점",18.6046511627907,8.557457212713937,18.6046511627907,"06~11",91.41274238227147,60.44208266343074,91.41274238227147,5,"00~06","",TRUE,"분석 가능","방이역 1번",89.64793281653746,97.1576227390181,"100 - 16개 상권특성의 평균 절대 백분위 차이"
"광진정보도서관",3110180,"커피-음료",57.035928143712574,14.556040756914118,57.035928143712574,"뚜렷한 DEAD TIME 없음",0,0,0,5,"00~06","",TRUE,"분석 가능","종암경찰서",88.82859281437125,86.97604790419162,"100 - 16개 상권특성의 평균 절대 백분위 차이"
"신설동역 9번",3110181,"한식음식점",44.827586206896555,72.68722466960352,44.827586206896555,"21~24",94.37570303712036,735.3140178291385,94.37570303712036,5,"","",TRUE,"분석 가능","성곡미술관",89.15461624026696,57.063403781979986,"100 - 16개 상권특성의 평균 절대 백분위 차이"
"신설동역 9번",3110181,"편의점",7.197943444730077,55.00000000000001,7.197943444730077,"17~21",94.85861182519281,107236.00403853453,94.85861182519281,5,"","",TRUE,"분석 가능","성수초등학교",90.1349614395887,82.77634961439588,"100 - 16개 상권특성의 평균 절대 백분위 차이"
"용두희망어린이공원",3110182,"편의점",6.683804627249357,41,6.683804627249357,"17~21",93.573264781491,60512.24433831299,93.573264781491,5,"","",TRUE,"분석 가능","제기동역 1번",88.06233933161953,68.12339331619538,"100 - 16개 상권특성의 평균 절대 백분위 차이"
"한국의류시험연구원",3110183,"한식음식점",19.688542825361512,47.797356828193834,19.688542825361512,"17~21",91.21245828698554,8236.955538149743,91.21245828698554,5,"","",TRUE,"분석 가능","문현중학교(장지역 1번)",90.28086763070078,69.2992213570634,"100 - 16개 상권특성의 평균 절대 백분위 차이"
"한국의류시험연구원",3110183,"커피-음료",9.580838323353294,41.193595342066956,9.580838323353294,"17~21",90.84084084084084,2735.0925251030667,90.84084084084084,5,"","",TRUE,"분석 가능","대방역 3번",90.37238023952095,70.05988023952095,"100 - 16개 상권특성의 평균 절대 백분위 차이"
"용두사거리",3110184,"한식음식점",63.18131256952169,25.770925110132158,63.18131256952169,"뚜렷한 DEAD TIME 없음",0,0,0,5,"00~06","",TRUE,"분석 가능","금천어울림복지센터",89.64822024471634,73.74860956618465,"100 - 16개 상권특성의 평균 절대 백분위 차이"
"용두초등학교",3110185,"한식음식점",52.61401557285873,48.6784140969163,52.61401557285873,"뚜렷한 DEAD TIME 없음",0,0,0,5,"","",TRUE,"분석 가능","아현역 1번",88.44549499443826,98.99888765294772,"100 - 16개 상권특성의 평균 절대 백분위 차이"
"종암초등학교",3110186,"한식음식점",99.6662958843159,9.47136563876652,99.6662958843159,"뚜렷한 DEAD TIME 없음",0,0,0,5,"","",TRUE,"분석 가능",NA,NA,NA,"100 - 16개 상권특성의 평균 절대 백분위 차이"
"제기동역 6번",3110187,"한식음식점",55.28364849833148,97.24669603524228,55.28364849833148,"뚜렷한 DEAD TIME 없음",0,0,0,5,"","",TRUE,"분석 가능","공군호텔",91.059510567297,76.52947719688544,"100 - 16개 상권특성의 평균 절대 백분위 차이"
"제기동역 6번",3110187,"분식전문점",34.62532299741602,93.8875305623472,34.62532299741602,"뚜렷한 DEAD TIME 없음",0,0,0,5,"","",TRUE,"분석 가능","서울역 15번",89.63178294573643,54.78036175710594,"100 - 16개 상권특성의 평균 절대 백분위 차이"
"제기동역 6번",3110187,"커피-음료",49.40119760479042,96.50655021834062,49.40119760479042,"뚜렷한 DEAD TIME 없음",0,0,0,5,"","",TRUE,"분석 가능","공군호텔",90.83083832335329,72.15568862275448,"100 - 16개 상권특성의 평균 절대 백분위 차이"
"제기동역 6번",3110187,"편의점",32.13367609254499,94.5,32.13367609254499,"뚜렷한 DEAD TIME 없음",0,0,0,5,"","",TRUE,"분석 가능","공군호텔",89.39588688946016,39.588688946015424,"100 - 16개 상권특성의 평균 절대 백분위 차이"
"용두동신동아아파트",3110188,"한식음식점",6.229143492769744,44.052863436123346,6.229143492769744,"14~17",94.3207126948775,3093.384890235597,94.3207126948775,5,"","",TRUE,"분석 가능","숙대입구역 1번",89.96802002224695,41.935483870967744,"100 - 16개 상권특성의 평균 절대 백분위 차이"
"용두동신동아아파트",3110188,"호프-간이주점",95.99198396793587,27.184466019417474,95.99198396793587,"뚜렷한 DEAD TIME 없음",0,0,0,2,"06~11,11~14,14~17","",TRUE,"분석 가능","홍대부속여중고앞",83.81763527054107,97.99599198396794,"100 - 16개 상권특성의 평균 절대 백분위 차이"
"용두동신동아아파트",3110188,"커피-음료",35.32934131736527,36.972343522561864,35.32934131736527,"뚜렷한 DEAD TIME 없음",0,0,0,5,"00~06","",TRUE,"분석 가능","서울역 12번",89.72679640718563,81.88622754491018,"100 - 16개 상권특성의 평균 절대 백분위 차이"
"제기동역 1번",3110189,"편의점",68.12339331619538,31.75,68.12339331619538,"뚜렷한 DEAD TIME 없음",0,0,0,5,"","",TRUE,"분석 가능","신중초등학교",92.54498714652956,93.05912596401028,"100 - 16개 상권특성의 평균 절대 백분위 차이"
"고대앞사거리",3110190,"한식음식점",75.97330367074527,69.27312775330397,75.97330367074527,"뚜렷한 DEAD TIME 없음",0,0,0,5,"","",TRUE,"분석 가능","돌곶이역 8번",84.14905450500557,82.64738598442715,"100 - 16개 상권특성의 평균 절대 백분위 차이"
"고대앞사거리",3110190,"편의점",71.2082262210797,50.5,71.2082262210797,"뚜렷한 DEAD TIME 없음",0,0,0,5,"","",TRUE,"분석 가능","중앙대학교",82.50321336760925,91.77377892030847,"100 - 16개 상권특성의 평균 절대 백분위 차이"
"고려대역 6번",3110191,"한식음식점",66.62958843159066,82.26872246696036,66.62958843159066,"뚜렷한 DEAD TIME 없음",0,0,0,5,"","",TRUE,"분석 가능","고대앞사거리",86.0817575083426,75.97330367074527,"100 - 16개 상권특성의 평균 절대 백분위 차이"
"고려대역 6번",3110191,"분식전문점",22.997416020671835,69.43765281173594,22.997416020671835,"14~17",91.42857142857143,581.3462022856074,91.42857142857143,4,"00~06,21~24","",TRUE,"분석 가능","광운대학교 남단",85.46511627906976,23.51421188630491,"100 - 16개 상권특성의 평균 절대 백분위 차이"
"고려대역 6번",3110191,"호프-간이주점",NA,73.7864077669903,NA,"뚜렷한 DEAD TIME 없음",0,0,0,0,"","00~06,06~11,11~14,14~17,17~21,21~24",FALSE,"활동 또는 관측 근거 부족",NA,NA,NA,"100 - 16개 상권특성의 평균 절대 백분위 차이"
"고려대역 6번",3110191,"커피-음료",54.191616766467064,79.03930131004367,54.191616766467064,"뚜렷한 DEAD TIME 없음",0,0,0,5,"","",TRUE,"분석 가능","경희대후문",85.75973053892216,78.44311377245509,"100 - 16개 상권특성의 평균 절대 백분위 차이"
"동의보감타워",3110192,"한식음식점",71.96885428253616,17.290748898678416,71.96885428253616,"뚜렷한 DEAD TIME 없음",0,0,0,5,"","",TRUE,"분석 가능","불광역 8번",90.00973303670744,98.77641824249166,"100 - 16개 상권특성의 평균 절대 백분위 차이"
"동의보감타워",3110192,"호프-간이주점",52.90581162324649,6.601941747572816,52.90581162324649,"뚜렷한 DEAD TIME 없음",0,0,0,3,"06~11,11~14","",TRUE,"분석 가능","옥수역 6번",87.87575150300601,87.374749498998,"100 - 16개 상권특성의 평균 절대 백분위 차이"
"동의보감타워",3110192,"커피-음료",82.18562874251496,12.22707423580786,82.18562874251496,"뚜렷한 DEAD TIME 없음",0,0,0,5,"00~06","",TRUE,"분석 가능","답십리공원",86.67664670658682,90.86826347305389,"100 - 16개 상권특성의 평균 절대 백분위 차이"
"고려대역 4번",3110193,"한식음식점",23.470522803114573,48.78854625550661,23.470522803114573,"뚜렷한 DEAD TIME 없음",0,0,0,5,"","",TRUE,"분석 가능","미림여고",87.01334816462737,30.03337041156841,"100 - 16개 상권특성의 평균 절대 백분위 차이"
"고려대역 4번",3110193,"편의점",28.020565552699228,25.25,28.020565552699228,"뚜렷한 DEAD TIME 없음",0,0,0,5,"","",TRUE,"분석 가능","연천초등학교",85.90938303341902,34.70437017994858,"100 - 16개 상권특성의 평균 절대 백분위 차이"
"홍파초등학교",3110194,"한식음식점",1.0011123470522802,26.762114537444937,1.0011123470522802,"06~11",98.17142857142858,137.71331106658454,98.17142857142858,5,"00~06","",TRUE,"분석 가능","신월중학교",90.68409343715238,70.41156840934372,"100 - 16개 상권특성의 평균 절대 백분위 차이"
"동대문구청",3110195,"한식음식점",59.399332591768626,84.91189427312776,59.399332591768626,"뚜렷한 DEAD TIME 없음",0,0,0,5,"","",TRUE,"분석 가능","마포구청역 4번",91.40711902113459,77.8642936596218,"100 - 16개 상권특성의 평균 절대 백분위 차이"
"동대문구청",3110195,"분식전문점",1.03359173126615,74.08312958435208,1.03359173126615,"21~24",95.12987012987013,243.0260663608438,95.12987012987013,4,"06~11","",TRUE,"분석 가능","공군호텔",91.02067183462532,88.88888888888889,"100 - 16개 상권특성의 평균 절대 백분위 차이"
"동대문구청",3110195,"호프-간이주점",57.31462925851704,77.47572815533981,57.31462925851704,"뚜렷한 DEAD TIME 없음",0,0,0,5,"","",TRUE,"분석 가능","배화여자대학교(박노수미술관)",87.437374749499,86.97394789579158,"100 - 16개 상권특성의 평균 절대 백분위 차이"
"동대문구청",3110195,"커피-음료",59.281437125748504,81.95050946142649,59.281437125748504,"뚜렷한 DEAD TIME 없음",0,0,0,5,"","",TRUE,"분석 가능","마포구청역 4번",92.374625748502993,78.1437125748503,"100 - 16개 상권특성의 평균 절대 백분위 차이"
"세종대왕기념관교차로",3110197,"한식음식점",65.62847608453838,17.51101321585903,65.62847608453838,"뚜렷한 DEAD TIME 없음",0,0,0,5,"","",TRUE,"분석 가능","월계역 3번",91.81729699666296,98.5539488320356,"100 - 16개 상권특성의 평균 절대 백분위 차이"
"세종대왕기념관교차로",3110197,"커피-음료",16.46706586826347,12.372634643377003,16.46706586826347,"17~21",95.94594594594594,473.40723557076575,95.94594594594594,3,"00~06,06~11,21~24","",TRUE,"분석 가능","월계역 3번",89.63323353293413,25.59880239520958,"100 - 16개 상권특성의 평균 절대 백분위 차이"
"동대문중앙새마을금고본점",3110198,"한식음식점",59.84427141268076,23.6784140969163,59.84427141268076,"21~24",92.80089988751406,116.89521722889143,92.80089988751406,5,"00~06","",TRUE,"분석 가능","논현로18길",88.80005561735261,96.66295884315906,"100 - 16개 상권특성의 평균 절대 백분위 차이"
"동대문중앙새마을금고본점",3110198,"호프-간이주점",15.230460921843688,9.902912621359224,15.230460921843688,"17~21",95.38152610441767,718.6268470942516,95.38152610441767,5,"","",TRUE,"분석 가능","홍릉시장",87.0115230460922,32.26452905811623,"100 - 16개 상권특성의 평균 절대 백분위 차이"
"홍릉시장",3110199,"한식음식점",40.155728587319246,26.10132158590308,40.155728587319246,"뚜렷한 DEAD TIME 없음",0,0,0,5,"","",TRUE,"분석 가능","서울금융고등학교",88.08398220244716,91.32369299221357,"100 - 16개 상권특성의 평균 절대 백분위 차이"
"홍릉시장",3110199,"분식전문점",21.963824289405682,12.95843520782396,21.963824289405682,"14~17",91.16883116883116,183.34860223087944,91.16883116883116,4,"00~06,21~24","",TRUE,"분석 가능","대림성모병원",87.79069767441861,74.4186046511628,"100 - 16개 상권특성의 평균 절대 백분위 차이"
"홍릉시장",3110199,"호프-간이주점",32.26452905811623,11.844660194174757,32.26452905811623,"17~21",92.9718875502008,795.5772723250836,92.9718875502008,5,"","",TRUE,"분석 가능","도봉구 정병원",86.94889779559118,77.9559118236473,"100 - 16개 상권특성의 평균 절대 백분위 차이"
"동대문경찰서",3110200,"한식음식점",93.99332591768632,25.11013215859031,93.99332591768632,"뚜렷한 DEAD TIME 없음",0,0,0,5,"","",TRUE,"분석 가능","화랑대역 7번",87.54171301446051,99.44382647385984,"100 - 16개 상권특성의 평균 절대 백분위 차이"
"전농119안전센터",3110201,"한식음식점",65.07230255839822,8.039647577092511,65.07230255839822,"뚜렷한 DEAD TIME 없음",0,0,0,5,"","",TRUE,"분석 가능","답십리역 6번",88.73748609566185,81.0901001112347,"100 - 16개 상권특성의 평균 절대 백분위 차이"
"전농1동주민센터(전농시장)",3110202,"한식음식점",15.239154616240267,33.03964757709251,15.239154616240267,"11~14",99.44258639910814,452.40845868603094,99.44258639910814,4,"06~11","",TRUE,"분석 가능","왕십리파출소",90.67714126807564,83.75973303670744,"100 - 16개 상권특성의 평균 절대 백분위 차이"
"떡전교사거리",3110203,"한식음식점",8.565072302558399,51.87224669603524,8.565072302558399,"14~17",92.65033407572383,1771.060047048129,92.65033407572383,5,"","",TRUE,"분석 가능","쌍문역1번(쌍리단길)",92.06757508342602,69.9666295884316,"100 - 16개 상권특성의 평균 절대 백분위 차이"
"떡전교사거리",3110203,"호프-간이주점",92.78557114228457,36.116504854368934,92.78557114228457,"뚜렷한 DEAD TIME 없음",0,0,0,5,"","",TRUE,"분석 가능","돌곶이역 5번",91.38276553106212,96.39278557114228,"100 - 16개 상권특성의 평균 절대 백분위 차이"
"떡전교사거리",3110203,"커피-음료",50.74850299401198,46.142649199417754,50.74850299401198,"뚜렷한 DEAD TIME 없음",0,0,0,5,"","",TRUE,"분석 가능","쌍문역1번(쌍리단길)",87.87425149700599,99.7005988023952,"100 - 16개 상권특성의 평균 절대 백분위 차이"
"간데메공원",3110204,"한식음식점",24.360400444938822,81.71806167400881,24.360400444938822,"뚜렷한 DEAD TIME 없음",0,0,0,5,"","",TRUE,"분석 가능","암사역 3번(천호동자전거거리)",90.40600667408232,94.3270300333704,"100 - 16개 상권특성의 평균 절대 백분위 차이"
"간데메공원",3110204,"분식전문점",86.04651162790698,68.21515892420538,86.04651162790698,"뚜렷한 DEAD TIME 없음",0,0,0,5,"","",TRUE,"분석 가능","장안제일시장",87.48385012919897,96.38242894056847,"100 - 16개 상권특성의 평균 절대 백분위 차이"
"간데메공원",3110204,"호프-간이주점",23.446893787575153,73.00970873786407,23.446893787575153,"14~17",93.24618736383442,116.39489152410235,93.24618736383442,3,"06~11,11~14","",TRUE,"분석 가능","월드순복음교회",88.60220440881763,67.93587174348697,"100 - 16개 상권특성의 평균 절대 백분위 차이"
"간데메공원",3110204,"커피-음료",82.63473053892216,78.31149927219796,82.63473053892216,"뚜렷한 DEAD TIME 없음",0,0,0,5,"00~06","",TRUE,"분석 가능","영신초등학교",89.77357784431138,87.27544910179641,"100 - 16개 상권특성의 평균 절대 백분위 차이"
"간데메공원",3110204,"편의점",38.04627249357326,67,38.04627249357326,"뚜렷한 DEAD TIME 없음",0,0,0,5,"","",TRUE,"분석 가능","장지동주민센터(한림연예예술고교)",87.08226221079691,44.987146529562985,"100 - 16개 상권특성의 평균 절대 백분위 차이"
"텃골근린공원",3110206,"한식음식점",77.64182424916574,71.0352422907489,77.64182424916574,"뚜렷한 DEAD TIME 없음",0,0,0,5,"","",TRUE,"분석 가능","오류지구대",87.45828698553949,79.97775305895439,"100 - 16개 상권특성의 평균 절대 백분위 차이"
"텃골근린공원",3110206,"호프-간이주점",63.92785571142284,58.44660194174758,63.92785571142284,"뚜렷한 DEAD TIME 없음",0,0,0,4,"06~11","",TRUE,"분석 가능","독산2동주민센터",86.17234468937876,96.59318637274549,"100 - 16개 상권특성의 평균 절대 백분위 차이"
"텃골근린공원",3110206,"커피-음료",23.802395209580837,66.22998544395924,23.802395209580837,"06~11",91.1042944785276,99.9603325048389,91.1042944785276,5,"00~06","",TRUE,"분석 가능","증산역 1번",87.50935628742515,44.76047904191617,"100 - 16개 상권특성의 평균 절대 백분위 차이"
"텃골근린공원",3110206,"편의점",69.1516709511568,52.75,69.1516709511568,"뚜렷한 DEAD TIME 없음",0,0,0,5,"","",TRUE,"분석 가능","장곡초등학교",87.86953727506427,74.80719794344472,"100 - 16개 상권특성의 평균 절대 백분위 차이"
"시립대앞사거리",3110207,"한식음식점",56.84093437152391,54.95594713656388,56.84093437152391,"뚜렷한 DEAD TIME 없음",0,0,0,5,"","",TRUE,"분석 가능","동묘앞역 2번",86.19299221357065,58.509454949944384,"100 - 16개 상권특성의 평균 절대 백분위 차이"
"시립대앞사거리",3110207,"호프-간이주점",54.10821643286573,39.6116504854369,54.10821643286573,"뚜렷한 DEAD TIME 없음",0,0,0,3,"06~11,11~14","",TRUE,"분석 가능","삼양입구사거리",82.59018036072145,73.54709418837675,"100 - 16개 상권특성의 평균 절대 백분위 차이"
"시립대앞사거리",3110207,"커피-음료",95.20958083832335,49.49053857350801,95.20958083832335,"뚜렷한 DEAD TIME 없음",0,0,0,5,"00~06","",TRUE,"분석 가능",NA,NA,NA,"100 - 16개 상권특성의 평균 절대 백분위 차이"
"서울시립대",3110210,"한식음식점",40.04449388209122,95.15418502202643,40.04449388209122,"뚜렷한 DEAD TIME 없음",0,0,0,5,"","",TRUE,"분석 가능","성신여대입구역 1번",88.61929922135707,43.49276974416018,"100 - 16개 상권특성의 평균 절대 백분위 차이"
"서울시립대",3110210,"분식전문점",89.66408268733849,90.70904645476773,89.66408268733849,"뚜렷한 DEAD TIME 없음",0,0,0,5,"","",TRUE,"분석 가능","중앙대학교",83.88242894056847,91.98966408268734,"100 - 16개 상권특성의 평균 절대 백분위 차이"
"서울시립대",3110210,"호프-간이주점",2.6052104208416833,92.42718446601941,2.6052104208416833,"11~14",91.62011173184358,281.4838802578359,91.62011173184358,4,"06~11","",TRUE,"분석 가능","수유초등학교",89.12825651302605,49.298597194388776,"100 - 16개 상권특성의 평균 절대 백분위 차이"
"서울시립대",3110210,"커피-음료",88.62275449101796,93.88646288209607,88.62275449101796,"뚜렷한 DEAD TIME 없음",0,0,0,5,"00~06","",TRUE,"분석 가능","중앙대학교",86.05913173652695,88.77245508982035,"100 - 16개 상권특성의 평균 절대 백분위 차이"
"서울시립대",3110210,"편의점",54.75578406169666,90.5,54.75578406169666,"뚜렷한 DEAD TIME 없음",0,0,0,5,"","",TRUE,"분석 가능","연가초등학교",80.7840616966581,77.6349614395887,"100 - 16개 상권특성의 평균 절대 백분위 차이"
"전곡마을마당공원",3110211,"한식음식점",18.020022246941046,93.6123348017621,18.020022246941046,"뚜렷한 DEAD TIME 없음",0,0,0,5,"","",TRUE,"분석 가능","돌곶이역 8번",88.33426028921023,82.64738598442715,"100 - 16개 상권특성의 평균 절대 백분위 차이"
"전곡마을마당공원",3110211,"분식전문점",6.718346253229974,88.26405867970661,6.718346253229974,"11~14",99.22077922077922,422.1240980821237,99.22077922077922,4,"06~11","",TRUE,"분석 가능","미아역 8번",85.70736434108527,88.11369509043928,"100 - 16개 상권특성의 평균 절대 백분위 차이"
"전곡마을마당공원",3110211,"호프-간이주점",4.809619238476954,90.09708737864077,4.809619238476954,"뚜렷한 DEAD TIME 없음",0,0,0,4,"06~11","",TRUE,"분석 가능","돌곶이역 8번",85.00751503006012,97.59519038076152,"100 - 16개 상권특성의 평균 절대 백분위 차이"
"전곡마을마당공원",3110211,"커피-음료",10.778443113772456,91.84861717612809,10.778443113772456,"06~11",94.6319018404908,59.841030478758384,94.6319018404908,4,"00~06,21~24","",TRUE,"분석 가능","도봉세무서",85.06736526946108,13.17365269461078,"100 - 16개 상권특성의 평균 절대 백분위 차이"
"답십리초등학교",3110212,"한식음식점",22.024471635150167,67.40088105726872,22.024471635150167,"06~11",94.17142857142858,833.1660513949945,94.17142857142858,5,"","",TRUE,"분석 가능","답십리사거리",90.87180200222468,92.54727474972191,"100 - 16개 상권특성의 평균 절대 백분위 차이"
"답십리초등학교",3110212,"분식전문점",0.7751937984496124,52.07823960880196,0.7751937984496124,"11~14",100,2395.9665837453945,100,5,"","",TRUE,"분석 가능","신풍역 1번",87.70994832041343,28.940568475452196,"100 - 16개 상권특성의 평균 절대 백분위 차이"
"답십리초등학교",3110212,"커피-음료",85.02994011976048,62.59097525473072,85.02994011976048,"뚜렷한 DEAD TIME 없음",0,0,0,5,"00~06","",TRUE,"분석 가능","쌍문2동우체국",84.25336826347305,90.11976047904191,"100 - 16개 상권특성의 평균 절대 백분위 차이"
"답십리초등학교",3110212,"편의점",30.077120822622106,47.75,30.077120822622106,"뚜렷한 DEAD TIME 없음",0,0,0,5,"","",TRUE,"분석 가능","독산119안전센터",86.76092544987146,61.43958868894601,"100 - 16개 상권특성의 평균 절대 백분위 차이"
"청량초등학교",3110213,"커피-음료",20.209580838323355,17.758369723435223,20.209580838323355,"뚜렷한 DEAD TIME 없음",0,0,0,5,"00~06","",TRUE,"분석 가능","대광초등학교",88.23914670658682,44.01197604790419,"100 - 16개 상권특성의 평균 절대 백분위 차이"
"경희대후문",3110214,"한식음식점",42.49165739710789,84.47136563876651,42.49165739710789,"뚜렷한 DEAD TIME 없음",0,0,0,5,"00~06","",TRUE,"분석 가능","성신여대입구역 1번",86.46412680756396,43.49276974416018,"100 - 16개 상권특성의 평균 절대 백분위 차이"
"경희대후문",3110214,"커피-음료",78.44311377245509,81.51382823871907,78.44311377245509,"뚜렷한 DEAD TIME 없음",0,0,0,5,"","",TRUE,"분석 가능","중앙대학교",85.61002994011976,88.77245508982035,"100 - 16개 상권특성의 평균 절대 백분위 차이"
"경희대후문",3110214,"편의점",48.0719794344473,71.5,48.0719794344473,"뚜렷한 DEAD TIME 없음",0,0,0,5,"","",TRUE,"분석 가능","서울시립대",84.23843187660668,54.75578406169666,"100 - 16개 상권특성의 평균 절대 백분위 차이"
"회기역 1번",3110215,"한식음식점",56.284760845383765,50.77092511013216,56.284760845383765,"뚜렷한 DEAD TIME 없음",0,0,0,5,"","",TRUE,"분석 가능","정릉3동주민센터",88.7166295884316,95.21690767519466,"100 - 16개 상권특성의 평균 절대 백분위 차이"
"회기역 1번",3110215,"커피-음료",80.08982035928143,44.68704512372635,80.08982035928143,"뚜렷한 DEAD TIME 없음",0,0,0,5,"00~06","",TRUE,"분석 가능","시립대앞사거리",85.69423652694611,95.20958083832335,"100 - 16개 상권특성의 평균 절대 백분위 차이"
"회기역 1번",3110215,"편의점",12.596401028277635,27.500000000000004,12.596401028277635,"06~11",92.03084832904884,3905.1897598788946,92.03084832904884,5,"","",TRUE,"분석 가능","사근동살곶이상점가",81.92480719794345,36.50385604113111,"100 - 16개 상권특성의 평균 절대 백분위 차이"
"전농중학교",3110216,"한식음식점",29.03225806451613,21.145374449339208,29.03225806451613,"뚜렷한 DEAD TIME 없음",0,0,0,5,"","",TRUE,"분석 가능","방화역 3번",89.4674638487208,82.09121245828699,"100 - 16개 상권특성의 평균 절대 백분위 차이"
"전농중학교",3110216,"분식전문점",55.55555555555556,9.04645476772616,55.55555555555556,"뚜렷한 DEAD TIME 없음",0,0,0,5,"","",TRUE,"분석 가능","상계역",86.93475452196382,81.3953488372093,"100 - 16개 상권특성의 평균 절대 백분위 차이"
"전농중학교",3110216,"커피-음료",31.58682634730539,15.283842794759824,31.58682634730539,"뚜렷한 DEAD TIME 없음",0,0,0,5,"00~06","",TRUE,"분석 가능","광흥창역 6번",90.11040419161677,56.73652694610778,"100 - 16개 상권특성의 평균 절대 백분위 차이"
"자동차부품상가",3110217,"한식음식점",0.778642936596218,20.594713656387665,0.778642936596218,"21~24",99.66254218222723,323.3378899607359,99.66254218222723,5,"00~06","",TRUE,"분석 가능","문래소공원",90.71885428253616,86.65183537263627,"100 - 16개 상권특성의 평균 절대 백분위 차이"
"답십리사거리",3110218,"한식음식점",92.54727474972191,70.92511013215858,92.54727474972191,"뚜렷한 DEAD TIME 없음",0,0,0,5,"","",TRUE,"분석 가능",NA,NA,NA,"100 - 16개 상권특성의 평균 절대 백분위 차이"
"답십리사거리",3110218,"호프-간이주점",31.663326653306612,58.252427184466015,31.663326653306612,"17~21",96.78714859437751,437.67879585078214,96.78714859437751,2,"06~11,11~14,14~17","",TRUE,"분석 가능","신자초등학교",87.85070140280561,88.97795591182364,"100 - 16개 상권특성의 평균 절대 백분위 차이"
"답십리사거리",3110218,"커피-음료",31.886227544910177,66.0844250363901,31.886227544910177,"06~11",92.02453987730061,78.99943471486952,92.02453987730061,5,"00~06","",TRUE,"분석 가능","오류2동버들시장",86.33982035928143,58.982035928143716,"100 - 16개 상권특성의 평균 절대 백분위 차이"
"삼육보건대학교",3110219,"한식음식점",3.8932146829810903,78.74449339207048,3.8932146829810903,"06~11",93.48571428571428,2106.726983153067,93.48571428571428,5,"","",TRUE,"분석 가능","배문고등학교",88.52196885428253,47.60845383759733,"100 - 16개 상권특성의 평균 절대 백분위 차이"
"삼육보건대학교",3110219,"분식전문점",3.10077519379845,63.325183374083124,3.10077519379845,"21~24",100,906.6536432920194,100,5,"","",TRUE,"분석 가능","상도역 5번",85.48126614987079,75.45219638242894,"100 - 16개 상권특성의 평균 절대 백분위 차이"
"삼육보건대학교",3110219,"호프-간이주점",49.09819639278557,68.93203883495146,49.09819639278557,"17~21",96.18473895582329,683.0141377754709,96.18473895582329,2,"06~11,11~14,14~17","",TRUE,"분석 가능","구산보건지소",87.2244488977956,76.75350701402806,"100 - 16개 상권특성의 평균 절대 백분위 차이"
"삼육보건대학교",3110219,"커피-음료",17.21556886227545,74.5269286754003,17.21556886227545,"뚜렷한 DEAD TIME 없음",0,0,0,5,"","",TRUE,"분석 가능","배문고등학교",88.64146706586826,67.66467065868264,"100 - 16개 상권특성의 평균 절대 백분위 차이"
"삼육보건대학교",3110219,"편의점",34.96143958868895,63,34.96143958868895,"뚜렷한 DEAD TIME 없음",0,0,0,5,"","",TRUE,"분석 가능","구산보건지소",87.51606683804627,53.470437017994854,"100 - 16개 상권특성의 평균 절대 백분위 차이"
"외대앞역 1번",3110220,"한식음식점",46.0511679644049,89.20704845814979,46.0511679644049,"뚜렷한 DEAD TIME 없음",0,0,0,5,"","",TRUE,"분석 가능","숭실대입구역 4번",90.64238042269189,57.17463848720801,"100 - 16개 상권특성의 평균 절대 백분위 차이"
"외대앞역 1번",3110220,"분식전문점",54.263565891472865,80.92909535452323,54.263565891472865,"뚜렷한 DEAD TIME 없음",0,0,0,5,"","",TRUE,"분석 가능","숭실대입구역 4번",87.72609819121448,57.622739018087856,"100 - 16개 상권특성의 평균 절대 백분위 차이"
"외대앞역 1번",3110220,"호프-간이주점",14.228456913827655,83.68932038834951,14.228456913827655,"뚜렷한 DEAD TIME 없음",0,0,0,5,"","",TRUE,"분석 가능","숭실대입구역 4번",90.21793587174348,63.727454909819635,"100 - 16개 상권특성의 평균 절대 백분위 차이"
"외대앞역 1번",3110220,"커피-음료",95.35928143712576,86.8995633187773,95.35928143712576,"뚜렷한 DEAD TIME 없음",0,0,0,5,"","",TRUE,"분석 가능","숭실대입구역 4번",90.4752994011976,98.80239520958084,"100 - 16개 상권특성의 평균 절대 백분위 차이"
"외대앞역 1번",3110220,"편의점",92.80205655526991,80.25,92.80205655526991,"뚜렷한 DEAD TIME 없음",0,0,0,5,"","",TRUE,"분석 가능","쌍문역1번(쌍리단길)",82.18187660668382,99.48586118251927,"100 - 16개 상권특성의 평균 절대 백분위 차이"
"의릉",3110221,"한식음식점",52.39154616240267,29.405286343612335,52.39154616240267,"뚜렷한 DEAD TIME 없음",0,0,0,5,"","",TRUE,"분석 가능","상계제일중학교",87.14543937708565,98.2202447163515,"100 - 16개 상권특성의 평균 절대 백분위 차이"
"의릉",3110221,"호프-간이주점",61.923847695390776,14.36893203883495,61.923847695390776,"뚜렷한 DEAD TIME 없음",0,0,0,5,"","",TRUE,"분석 가능","송중동주민센터",85.57114228456915,95.79158316633266,"100 - 16개 상권특성의 평균 절대 백분위 차이"
"의릉",3110221,"커피-음료",83.38323353293413,22.852983988355167,83.38323353293413,"뚜렷한 DEAD TIME 없음",0,0,0,5,"00~06","",TRUE,"분석 가능","구로나눔길",83.79491017964071,91.1676646706587,"100 - 16개 상권특성의 평균 절대 백분위 차이"
"회기역 2번",3110222,"한식음식점",2.8921023359288096,1.9823788546255507,2.8921023359288096,"21~24",96.62542182227222,375.7375911539665,96.62542182227222,5,"00~06","",TRUE,"분석 가능","북한산보국문역 1번",84.78170189098999,12.458286985539488,"100 - 16개 상권특성의 평균 절대 백분위 차이"
"군자초등학교",3110223,"한식음식점",14.349276974416018,29.185022026431717,14.349276974416018,"21~24",98.76265466816648,122.43828214938426,98.76265466816648,5,"00~06","",TRUE,"분석 가능","송정역 2번",88.37597330367075,73.1924360400445,"100 - 16개 상권특성의 평균 절대 백분위 차이"
"외대앞역 2번",3110224,"한식음식점",22.803114571746384,42.40088105726873,22.803114571746384,"뚜렷한 DEAD TIME 없음",0,0,0,5,"","",TRUE,"분석 가능","신원동주민센터",86.85344827586206,97.99777530589544,"100 - 16개 상권특성의 평균 절대 백분위 차이"
"외대앞역 2번",3110224,"커피-음료",38.622754491017965,34.78893740902475,38.622754491017965,"뚜렷한 DEAD TIME 없음",0,0,0,5,"00~06","",TRUE,"분석 가능","신원동주민센터",86.0872005988024,91.91616766467065,"100 - 16개 상권특성의 평균 절대 백분위 차이"
"촬영소사거리",3110225,"한식음식점",86.4293659621802,21.916299559471366,86.4293659621802,"뚜렷한 DEAD TIME 없음",0,0,0,5,"","",TRUE,"분석 가능","도봉구민회관",89.53698553948833,94.21579532814238,"100 - 16개 상권특성의 평균 절대 백분위 차이"
"촬영소사거리",3110225,"분식전문점",51.93798449612403,10.024449877750612,51.93798449612403,"뚜렷한 DEAD TIME 없음",0,0,0,5,"00~06","",TRUE,"분석 가능","불광역 8번",90.7138242894057,99.48320413436691,"100 - 16개 상권특성의 평균 절대 백분위 차이"
"촬영소사거리",3110225,"커피-음료",99.40119760479041,16.302765647743815,99.40119760479041,"뚜렷한 DEAD TIME 없음",0,0,0,3,"00~06,17~21,21~24","",TRUE,"분석 가능",NA,NA,NA,"100 - 16개 상권특성의 평균 절대 백분위 차이"
"장안1동주민센터",3110226,"한식음식점",15.684093437152391,97.79735682819384,15.684093437152391,"뚜렷한 DEAD TIME 없음",0,0,0,5,"","",TRUE,"분석 가능","삼전역 1번",95.48109010011123,55.172413793103445,"100 - 16개 상권특성의 평균 절대 백분위 차이"
"장안1동주민센터",3110226,"분식전문점",38.24289405684754,95.11002444987776,38.24289405684754,"뚜렷한 DEAD TIME 없음",0,0,0,5,"","",TRUE,"분석 가능","삼전역 1번",92.91020671834626,84.75452196382429,"100 - 16개 상권특성의 평균 절대 백분위 차이"
"장안1동주민센터",3110226,"호프-간이주점",40.480961923847694,96.31067961165049,40.480961923847694,"뚜렷한 DEAD TIME 없음",0,0,0,5,"","",TRUE,"분석 가능","삼전역 1번",94.1758517034068,92.38476953907816,"100 - 16개 상권특성의 평균 절대 백분위 차이"
"장안1동주민센터",3110226,"커피-음료",51.49700598802395,97.08879184861718,51.49700598802395,"뚜렷한 DEAD TIME 없음",0,0,0,5,"","",TRUE,"분석 가능","강동역 4번(강풀만화거리)",90.53143712574851,52.09580838323353,"100 - 16개 상권특성의 평균 절대 백분위 차이"
"장안1동주민센터",3110226,"편의점",68.38046272493573,95.75,68.38046272493573,"뚜렷한 DEAD TIME 없음",0,0,0,5,"","",TRUE,"분석 가능","까치산역 3번",87.05012853470437,78.66323907455013,"100 - 16개 상권특성의 평균 절대 백분위 차이"
"답십리공원",3110227,"한식음식점",66.18464961067853,36.56387665198238,66.18464961067853,"뚜렷한 DEAD TIME 없음",0,0,0,5,"","",TRUE,"분석 가능","방화역 3번",91.55311457174639,82.09121245828699,"100 - 16개 상권특성의 평균 절대 백분위 차이"
"답십리공원",3110227,"호프-간이주점",NA,20.776699029126213,NA,"뚜렷한 DEAD TIME 없음",0,0,0,0,"","00~06,06~11,11~14,14~17,17~21,21~24",FALSE,"활동 또는 관측 근거 부족",NA,NA,NA,"100 - 16개 상권특성의 평균 절대 백분위 차이"
"답십리공원",3110227,"커피-음료",90.86826347305389,29.257641921397383,90.86826347305389,"뚜렷한 DEAD TIME 없음",0,0,0,5,"00~06","",TRUE,"분석 가능","용강동주민센터",91.80389221556887,93.7125748502994,"100 - 16개 상권특성의 평균 절대 백분위 차이"
"장안근린공원",3110228,"한식음식점",77.30812013348165,90.41850220264317,77.30812013348165,"뚜렷한 DEAD TIME 없음",0,0,0,5,"","",TRUE,"분석 가능","묘곡초등학교(고덕아이파크아파트)",87.6598998887653,84.76084538375973,"100 - 16개 상권특성의 평균 절대 백분위 차이"
"장안근린공원",3110228,"분식전문점",29.71576227390181,82.3960880195599,29.71576227390181,"21~24",98.7012987012987,421.630336994625,98.7012987012987,5,"","",TRUE,"분석 가능","신방화역 2번",89.42183462532299,95.09043927648578,"100 - 16개 상권특성의 평균 절대 백분위 차이"
"장안근린공원",3110228,"호프-간이주점",12.625250501002002,85.43689320388349,12.625250501002002,"14~17",96.94989106753813,204.5721701185849,96.94989106753813,5,"","",TRUE,"분석 가능","정릉역 1번",87.0741482965932,55.51102204408818,"100 - 16개 상권특성의 평균 절대 백분위 차이"
"장안근린공원",3110228,"커피-음료",26.79640718562874,88.20960698689956,26.79640718562874,"뚜렷한 DEAD TIME 없음",0,0,0,5,"00~06","",TRUE,"분석 가능","정릉역 1번",88.46369760479041,52.84431137724551,"100 - 16개 상권특성의 평균 절대 백분위 차이"
"장평중학교",3110229,"한식음식점",14.126807563959956,84.14096916299559,14.126807563959956,"뚜렷한 DEAD TIME 없음",0,0,0,5,"","",TRUE,"분석 가능","구로초등학교",89.2797552836485,16.68520578420467,"100 - 16개 상권특성의 평균 절대 백분위 차이"
"장평중학교",3110229,"분식전문점",70.02583979328165,72.86063569682152,70.02583979328165,"뚜렷한 DEAD TIME 없음",0,0,0,5,"","",TRUE,"분석 가능","선유도역 1번",86.54715762273901,79.58656330749353,"100 - 16개 상권특성의 평균 절대 백분위 차이"
"장평중학교",3110229,"호프-간이주점",40.08016032064128,76.50485436893204,40.08016032064128,"14~17",96.73202614379085,200.8207139013367,96.73202614379085,3,"06~11,11~14","",TRUE,"분석 가능","구로초등학교",85.89679358717434,57.11422845691383,"100 - 16개 상권특성의 평균 절대 백분위 차이"
"장평중학교",3110229,"커피-음료",26.94610778443114,81.22270742358079,26.94610778443114,"뚜렷한 DEAD TIME 없음",0,0,0,5,"","",TRUE,"분석 가능","성심여자고등학교",87.60291916167665,80.38922155688623,"100 - 16개 상권특성의 평균 절대 백분위 차이"
"장평중학교",3110229,"편의점",62.46786632390745,71,62.46786632390745,"뚜렷한 DEAD TIME 없음",0,0,0,5,"","",TRUE,"분석 가능","논현초등학교",86.07005141388176,69.66580976863753,"100 - 16개 상권특성의 평균 절대 백분위 차이"
"장안현대홈타운1차아파트",3110230,"한식음식점",29.92213570634038,80.06607929515418,29.92213570634038,"뚜렷한 DEAD TIME 없음",0,0,0,5,"","",TRUE,"분석 가능","양지어린이공원",88.26473859844272,61.62402669632926,"100 - 16개 상권특성의 평균 절대 백분위 차이"
"장안현대홈타운1차아파트",3110230,"호프-간이주점",84.96993987975952,70.67961165048544,84.96993987975952,"뚜렷한 DEAD TIME 없음",0,0,0,5,"","",TRUE,"분석 가능","인헌고등학교(인헌중학교)",86.68587174348697,85.57114228456913,"100 - 16개 상권특성의 평균 절대 백분위 차이"
"장안현대홈타운1차아파트",3110230,"커피-음료",5.538922155688622,76.27365356622998,5.538922155688622,"06~11",97.85276073619632,60.08793468470791,97.85276073619632,5,"","",TRUE,"분석 가능","가좌역 2번",91.20508982035929,11.526946107784433,"100 - 16개 상권특성의 평균 절대 백분위 차이"
"장안현대홈타운1차아파트",3110230,"편의점",97.17223650385604,64.75,97.17223650385604,"뚜렷한 DEAD TIME 없음",0,0,0,5,"","",TRUE,"분석 가능",NA,NA,NA,"100 - 16개 상권특성의 평균 절대 백분위 차이"
"동대부고",3110232,"한식음식점",20.57842046718576,55.17621145374449,20.57842046718576,"뚜렷한 DEAD TIME 없음",0,0,0,5,"","",TRUE,"분석 가능","개봉중학교",89.32842046718577,49.2769744160178,"100 - 16개 상권특성의 평균 절대 백분위 차이"
"동대부고",3110232,"분식전문점",32.041343669250644,39.119804400978,32.041343669250644,"뚜렷한 DEAD TIME 없음",0,0,0,5,"","",TRUE,"분석 가능","난향초등학교",86.69250645994833,40.56847545219638,"100 - 16개 상권특성의 평균 절대 백분위 차이"
"동대부고",3110232,"커피-음료",58.83233532934131,49.78165938864629,58.83233532934131,"뚜렷한 DEAD TIME 없음",0,0,0,5,"00~06","",TRUE,"분석 가능","성자초등학교",86.94797904191617,78.89221556886228,"100 - 16개 상권특성의 평균 절대 백분위 차이"
"동대부고",3110232,"편의점",14.652956298200515,33.75,14.652956298200515,"21~24",91.51670951156812,3990.8622097901734,91.51670951156812,5,"","",TRUE,"분석 가능","성자초등학교",89.1388174807198,66.32390745501286,"100 - 16개 상권특성의 평균 절대 백분위 차이"
"중랑역 1번",3110233,"한식음식점",47.94215795328142,77.31277533039648,47.94215795328142,"뚜렷한 DEAD TIME 없음",0,0,0,5,"","",TRUE,"분석 가능","미아역 5번",89.01557285873193,57.8420467185762,"100 - 16개 상권특성의 평균 절대 백분위 차이"
"중랑역 1번",3110233,"호프-간이주점",64.32865731462925,66.60194174757281,64.32865731462925,"뚜렷한 DEAD TIME 없음",0,0,0,4,"06~11","",TRUE,"분석 가능","미아역 5번",87.1618236472946,65.13026052104209,"100 - 16개 상권특성의 평균 절대 백분위 차이"
"중랑역 1번",3110233,"편의점",29.30591259640103,60.75000000000001,29.30591259640103,"뚜렷한 DEAD TIME 없음",0,0,0,5,"","",TRUE,"분석 가능","사가정역 4번",89.81362467866325,52.95629820051414,"100 - 16개 상권특성의 평균 절대 백분위 차이"
"중랑역 4번",3110234,"한식음식점",87.31924360400444,19.493392070484582,87.31924360400444,"뚜렷한 DEAD TIME 없음",0,0,0,5,"","",TRUE,"분석 가능","난곡초등학교(난곡동벽화마을)",84.28114571746384,87.54171301446051,"100 - 16개 상권특성의 평균 절대 백분위 차이"
"중랑역 4번",3110234,"커피-음료",NA,14.264919941775837,NA,"뚜렷한 DEAD TIME 없음",0,0,0,0,"","00~06,06~11,11~14,14~17,17~21,21~24",FALSE,"활동 또는 관측 근거 부족",NA,NA,NA,"100 - 16개 상권특성의 평균 절대 백분위 차이"
"신묵초등학교",3110236,"한식음식점",36.48498331479422,83.70044052863436,36.48498331479422,"뚜렷한 DEAD TIME 없음",0,0,0,5,"","",TRUE,"분석 가능","화곡2동주민센터",93.79171301446051,59.62180200222469,"100 - 16개 상권특성의 평균 절대 백분위 차이"
"신묵초등학교",3110236,"분식전문점",9.043927648578812,71.88264058679707,9.043927648578812,"06~11",97.78393351800554,106.7145009571507,97.78393351800554,5,"","",TRUE,"분석 가능","북가좌2동주민센터",90.22932816537468,31.266149870801037,"100 - 16개 상권특성의 평균 절대 백분위 차이"
"신묵초등학교",3110236,"호프-간이주점",26.853707414829657,75.92233009708738,26.853707414829657,"뚜렷한 DEAD TIME 없음",0,0,0,5,"","",TRUE,"분석 가능","화곡2동주민센터",92.02154308617234,37.4749498997996,"100 - 16개 상권특성의 평균 절대 백분위 차이"
"신묵초등학교",3110236,"편의점",NA,70,NA,"뚜렷한 DEAD TIME 없음",0,0,0,0,"","00~06,06~11,11~14,14~17,17~21,21~24",FALSE,"활동 또는 관측 근거 부족",NA,NA,NA,"100 - 16개 상권특성의 평균 절대 백분위 차이"
"메가박스 상봉",3110237,"한식음식점",14.57174638487208,60.57268722466961,14.57174638487208,"뚜렷한 DEAD TIME 없음",0,0,0,5,"","",TRUE,"분석 가능","문성초등학교",90.65628476084538,56.17352614015573,"100 - 16개 상권특성의 평균 절대 백분위 차이"
"메가박스 상봉",3110237,"분식전문점",2.3255813953488373,44.00977995110024,2.3255813953488373,"11~14",99.74025974025975,547.2511324147442,99.74025974025975,5,"","",TRUE,"분석 가능","홍제3동주민센터",90.45542635658914,89.14728682170544,"100 - 16개 상권특성의 평균 절대 백분위 차이"
"메가박스 상봉",3110237,"호프-간이주점",91.58316633266533,44.85436893203884,91.58316633266533,"뚜렷한 DEAD TIME 없음",0,0,0,5,"","",TRUE,"분석 가능","정릉우체국",82.50250501002004,98.19639278557113,"100 - 16개 상권특성의 평균 절대 백분위 차이"
"메가박스 상봉",3110237,"커피-음료",71.8562874251497,55.895196506550214,71.8562874251497,"뚜렷한 DEAD TIME 없음",0,0,0,5,"","",TRUE,"분석 가능","문성초등학교",89.94199101796407,90.41916167664671,"100 - 16개 상권특성의 평균 절대 백분위 차이"
"메가박스 상봉",3110237,"편의점",5.912596401028278,38.25,5.912596401028278,"11~14",96.65809768637533,33441.07718559318,96.65809768637533,5,"","",TRUE,"분석 가능","금천세무서",88.35154241645245,84.83290488431876,"100 - 16개 상권특성의 평균 절대 백분위 차이"
"중랑역 2번",3110239,"한식음식점",85.31701890989989,9.581497797356828,85.31701890989989,"뚜렷한 DEAD TIME 없음",0,0,0,5,"","",TRUE,"분석 가능","천동초등학교",82.86290322580645,97.10789766407119,"100 - 16개 상권특성의 평균 절대 백분위 차이"
"중랑역 2번",3110239,"호프-간이주점",NA,3.300970873786408,NA,"뚜렷한 DEAD TIME 없음",0,0,0,0,"","00~06,06~11,11~14,14~17,17~21,21~24",FALSE,"활동 또는 관측 근거 부족",NA,NA,NA,"100 - 16개 상권특성의 평균 절대 백분위 차이"
"태릉시장 특화거리",3110240,"한식음식점",60.62291434927698,36.013215859030836,60.62291434927698,"뚜렷한 DEAD TIME 없음",0,0,0,5,"","",TRUE,"분석 가능","금동어린이공원",86.27641824249166,61.512791991101224,"100 - 16개 상권특성의 평균 절대 백분위 차이"
"태릉시장 특화거리",3110240,"호프-간이주점",13.226452905811623,19.80582524271845,13.226452905811623,"뚜렷한 DEAD TIME 없음",0,0,0,5,"","",TRUE,"분석 가능","대림역 2번",87.14929859719439,32.06412825651302,"100 - 16개 상권특성의 평균 절대 백분위 차이"
"태릉시장 특화거리",3110240,"커피-음료",36.07784431137724,28.966521106259098,36.07784431137724,"뚜렷한 DEAD TIME 없음",0,0,0,5,"00~06","",TRUE,"분석 가능","대림역 2번",88.10815868263472,81.437125748502993,"100 - 16개 상권특성의 평균 절대 백분위 차이"
"먹골역 5번",3110241,"한식음식점",36.04004449388209,62.99559471365639,36.04004449388209,"뚜렷한 DEAD TIME 없음",0,0,0,5,"","",TRUE,"분석 가능","KB국민은행 망원동지점",87.97969966629589,41.37931034482759,"100 - 16개 상권특성의 평균 절대 백분위 차이"
"먹골역 5번",3110241,"분식전문점",24.289405684754524,46.69926650366748,24.289405684754524,"뚜렷한 DEAD TIME 없음",0,0,0,5,"00~06","",TRUE,"분석 가능","종암동주민센터",86.98320413436691,30.23255813953488,"100 - 16개 상권특성의 평균 절대 백분위 차이"
"먹골역 5번",3110241,"호프-간이주점",47.49498997995992,48.15533980582524,47.49498997995992,"뚜렷한 DEAD TIME 없음",0,0,0,5,"","",TRUE,"분석 가능","강북구청",88.55210420841684,83.76753507014027,"100 - 16개 상권특성의 평균 절대 백분위 차이"
"먹골역 5번",3110241,"커피-음료",74.55089820359282,58.369723435225616,74.55089820359282,"뚜렷한 DEAD TIME 없음",0,0,0,5,"00~06","",TRUE,"분석 가능","은평구청",84.375,93.41317365269461,"100 - 16개 상권특성의 평균 절대 백분위 차이"
"면목5동주민센터",3110242,"한식음식점",59.51056729699666,41.07929515418502,59.51056729699666,"뚜렷한 DEAD TIME 없음",0,0,0,5,"","",TRUE,"분석 가능","백련산해모로아파트",88.40378197997777,63.73748609566184,"100 - 16개 상권특성의 평균 절대 백분위 차이"
"면목5동주민센터",3110242,"분식전문점",27.648578811369507,23.4718826405868,27.648578811369507,"뚜렷한 DEAD TIME 없음",0,0,0,5,"00~06","",TRUE,"분석 가능","아차산역 1번",87.14470284237727,52.97157622739018,"100 - 16개 상권특성의 평균 절대 백분위 차이"
"면목5동주민센터",3110242,"호프-간이주점",28.45691382765531,24.854368932038835,28.45691382765531,"뚜렷한 DEAD TIME 없음",0,0,0,3,"06~11,11~14","",TRUE,"분석 가능","국립정신건강센터",87.82565130260521,93.78757515030061,"100 - 16개 상권특성의 평균 절대 백분위 차이"
"면목5동주민센터",3110242,"편의점",53.213367609254504,19,53.213367609254504,"뚜렷한 DEAD TIME 없음",0,0,0,5,"","",TRUE,"분석 가능","국립정신건강센터",85.50771208226222,78.1491002570694,"100 - 16개 상권특성의 평균 절대 백분위 차이"
"중랑노인종합복지관",3110243,"한식음식점",36.92992213570634,48.89867841409692,36.92992213570634,"뚜렷한 DEAD TIME 없음",0,0,0,5,"","",TRUE,"분석 가능","도봉구보건소",88.17436040044494,62.5139043381535,"100 - 16개 상권특성의 평균 절대 백분위 차이"
"중랑노인종합복지관",3110243,"분식전문점",14.987080103359174,31.295843520782395,14.987080103359174,"11~14",94.28571428571428,1307.5828823604481,94.28571428571428,5,"","",TRUE,"분석 가능","정릉우체국",86.36950904392765,55.81395348837209,"100 - 16개 상권특성의 평균 절대 백분위 차이"
"중랑노인종합복지관",3110243,"호프-간이주점",27.25450901803607,33.00970873786408,27.25450901803607,"뚜렷한 DEAD TIME 없음",0,0,0,5,"","",TRUE,"분석 가능","도봉세무서",87.88827655310621,78.55711422845691,"100 - 16개 상권특성의 평균 절대 백분위 차이"
"중랑노인종합복지관",3110243,"커피-음료",24.251497005988025,42.35807860262008,24.251497005988025,"17~21",91.44144144144144,1640.5753045532592,91.44144144144144,4,"00~06,21~24","",TRUE,"분석 가능","정릉우체국",88.9502245508982,85.92814371257485,"100 - 16개 상권특성의 평균 절대 백분위 차이"
"중랑노인종합복지관",3110243,"편의점",64.01028277634961,25.5,64.01028277634961,"뚜렷한 DEAD TIME 없음",0,0,0,5,"","",TRUE,"분석 가능","화원중학교",85.26670951156812,93.31619537275064,"100 - 16개 상권특성의 평균 절대 백분위 차이"
"중화역 4번",3110244,"한식음식점",66.40711902113459,64.31718061674009,66.40711902113459,"뚜렷한 DEAD TIME 없음",0,0,0,5,"","",TRUE,"분석 가능","창신역 4번",91.15684093437153,89.32146829810901,"100 - 16개 상권특성의 평균 절대 백분위 차이"
"중화역 4번",3110244,"분식전문점",72.60981912144703,48.41075794621027,72.60981912144703,"뚜렷한 DEAD TIME 없음",0,0,0,5,"00~06","",TRUE,"분석 가능","서울여자간호대학교",85.65891472868216,93.02325581395348,"100 - 16개 상권특성의 평균 절대 백분위 차이"
"중화역 4번",3110244,"호프-간이주점",82.36472945891784,49.70873786407767,82.36472945891784,"뚜렷한 DEAD TIME 없음",0,0,0,5,"","",TRUE,"분석 가능","강북구청",83.83016032064128,83.76753507014027,"100 - 16개 상권특성의 평균 절대 백분위 차이"
"중화역 4번",3110244,"커피-음료",42.06586826347306,59.82532751091703,42.06586826347306,"뚜렷한 DEAD TIME 없음",0,0,0,5,"","",TRUE,"분석 가능","서울여자간호대학교",88.24850299401199,57.18562874251497,"100 - 16개 상권특성의 평균 절대 백분위 차이"
"KB국민은행 중화동지점",3110245,"한식음식점",97.21913236929922,38.87665198237886,97.21913236929922,"뚜렷한 DEAD TIME 없음",0,0,0,5,"","",TRUE,"분석 가능","중곡어린이공원",85.2266407119021,99.55506117908787,"100 - 16개 상권특성의 평균 절대 백분위 차이"
"월드순복음교회",3110246,"한식음식점",13.236929922135706,68.83259911894272,13.236929922135706,"14~17",93.76391982182628,4002.356141629675,93.76391982182628,5,"","",TRUE,"분석 가능","화곡초등학교",90.190489432703,30.478309232480534,"100 - 16개 상권특성의 평균 절대 백분위 차이"
"월드순복음교회",3110246,"호프-간이주점",67.93587174348697,54.95145631067962,67.93587174348697,"뚜렷한 DEAD TIME 없음",0,0,0,4,"06~11","",TRUE,"분석 가능","화곡초등학교",89.66683366733467,76.95390781563127,"100 - 16개 상권특성의 평균 절대 백분위 차이"
"월드순복음교회",3110246,"커피-음료",76.34730538922156,64.04657933042213,76.34730538922156,"뚜렷한 DEAD TIME 없음",0,0,0,5,"","",TRUE,"분석 가능","서울지방병무청",89.12799401197604,93.11377245508982,"100 - 16개 상권특성의 평균 절대 백분위 차이"
"월드순복음교회",3110246,"편의점",22.62210796915167,50,22.62210796915167,"뚜렷한 DEAD TIME 없음",0,0,0,5,"","",TRUE,"분석 가능","화곡초등학교",88.92994858611826,74.55012853470437,"100 - 16개 상권특성의 평균 절대 백분위 차이"
"먹골역 1번",3110247,"한식음식점",80.97886540600668,92.95154185022027,80.97886540600668,"뚜렷한 DEAD TIME 없음",0,0,0,5,"","",TRUE,"분석 가능","굽은다리역 1번(십자성마을)",90.94827586206897,93.43715239154616,"100 - 16개 상권특성의 평균 절대 백분위 차이"
"먹골역 1번",3110247,"분식전문점",88.63049095607235,87.04156479217605,88.63049095607235,"뚜렷한 DEAD TIME 없음",0,0,0,5,"","",TRUE,"분석 가능",NA,NA,NA,"100 - 16개 상권특성의 평균 절대 백분위 차이"
"먹골역 1번",3110247,"커피-음료",67.21556886227546,91.12081513828238,67.21556886227546,"뚜렷한 DEAD TIME 없음",0,0,0,5,"00~06","",TRUE,"분석 가능","서경대학교",89.10928143712576,74.25149700598801,"100 - 16개 상권특성의 평균 절대 백분위 차이"
"먹골역 1번",3110247,"편의점",NA,86.75,NA,"뚜렷한 DEAD TIME 없음",0,0,0,0,"","00~06,06~11,11~14,14~17,17~21,21~24",FALSE,"활동 또는 관측 근거 부족",NA,NA,NA,"100 - 16개 상권특성의 평균 절대 백분위 차이"
"먹골파출소",3110248,"한식음식점",51.94660734149055,37.44493392070485,51.94660734149055,"뚜렷한 DEAD TIME 없음",0,0,0,5,"","",TRUE,"분석 가능","상도4동주민센터",88.66101223581758,86.20689655172413,"100 - 16개 상권특성의 평균 절대 백분위 차이"
"중화역 1번",3110249,"한식음식점",5.89543937708565,82.81938325991189,5.89543937708565,"06~11",95.19999999999999,704.3472544405896,95.19999999999999,5,"","",TRUE,"분석 가능","구산보건지소",92.95745272525028,8.453837597330367,"100 - 16개 상권특성의 평균 절대 백분위 차이"
"중화역 1번",3110249,"분식전문점",86.30490956072352,70.17114914425427,86.30490956072352,"뚜렷한 DEAD TIME 없음",0,0,0,4,"21~24","",TRUE,"분석 가능","신월1동주민센터",86.20801033591731,96.89922480620154,"100 - 16개 상권특성의 평균 절대 백분위 차이"
"중화역 1번",3110249,"호프-간이주점",43.28657314629258,74.5631067961165,43.28657314629258,"17~21",98.99598393574297,183.44698818725223,98.99598393574297,2,"06~11,11~14,14~17","",TRUE,"분석 가능","화곡4동주민센터",88.80260521042085,72.14428857715431,"100 - 16개 상권특성의 평균 절대 백분위 차이"
"중화역 1번",3110249,"커피-음료",11.976047904191617,79.62154294032024,11.976047904191617,"21~24",96.64902998236332,448.0743095273269,96.64902998236332,5,"00~06","",TRUE,"분석 가능","연희초등학교",90.11040419161677,26.19760479041916,"100 - 16개 상권특성의 평균 절대 백분위 차이"
"중화역 1번",3110249,"편의점",1.2853470437017995,68.75,1.2853470437017995,"11~14",99.48586118251927,40661.45790943373,99.48586118251927,5,"","",TRUE,"분석 가능","구산보건지소",91.83804627249357,53.470437017994854,"100 - 16개 상권특성의 평균 절대 백분위 차이"
"화랑대역 7번",3110250,"한식음식점",99.44382647385984,27.20264317180617,99.44382647385984,"뚜렷한 DEAD TIME 없음",0,0,0,5,"","",TRUE,"분석 가능",NA,NA,NA,"100 - 16개 상권특성의 평균 절대 백분위 차이"
"장안중학교",3110251,"한식음식점",74.52725250278087,48.01762114537445,74.52725250278087,"뚜렷한 DEAD TIME 없음",0,0,0,5,"","",TRUE,"분석 가능","둔촌동역 3번(성내3동주민센터)",86.81173526140155,75.3058954393771,"100 - 16개 상권특성의 평균 절대 백분위 차이"
"장안중학교",3110251,"분식전문점",42.377260981912144,30.317848410757946,42.377260981912144,"뚜렷한 DEAD TIME 없음",0,0,0,4,"00~06,21~24","",TRUE,"분석 가능","백산초등학교",92.03811369509044,90.69767441860465,"100 - 16개 상권특성의 평균 절대 백분위 차이"
"장안중학교",3110251,"호프-간이주점",87.7755511022044,31.844660194174757,87.7755511022044,"뚜렷한 DEAD TIME 없음",0,0,0,3,"06~11,11~14","",TRUE,"분석 가능","가오리역 2번",85.60871743486975,96.9939879759519,"100 - 16개 상권특성의 평균 절대 백분위 차이"
"장안중학교",3110251,"커피-음료",16.017964071856287,41.48471615720524,16.017964071856287,"뚜렷한 DEAD TIME 없음",0,0,0,5,"00~06","",TRUE,"분석 가능","신방화역 8번",89.35254491017965,39.07185628742515,"100 - 16개 상권특성의 평균 절대 백분위 차이"
"장안중학교",3110251,"편의점",13.110539845758353,24.25,13.110539845758353,"뚜렷한 DEAD TIME 없음",0,0,0,5,"","",TRUE,"분석 가능","사가정역 4번",86.793059125964,52.95629820051414,"100 - 16개 상권특성의 평균 절대 백분위 차이"
"장안제일시장",3110252,"한식음식점",46.38487208008899,64.75770925110133,46.38487208008899,"뚜렷한 DEAD TIME 없음",0,0,0,5,"","",TRUE,"분석 가능","구산역 4번",90.66323692992214,47.4972191323693,"100 - 16개 상권특성의 평균 절대 백분위 차이"
"장안제일시장",3110252,"분식전문점",96.38242894056847,49.1442542787286,96.38242894056847,"뚜렷한 DEAD TIME 없음",0,0,0,5,"00~06","",TRUE,"분석 가능","신월1동주민센터",88.74354005167959,96.89922480620154,"100 - 16개 상권특성의 평균 절대 백분위 차이"
"장안제일시장",3110252,"호프-간이주점",89.57915831663327,50.48543689320388,89.57915831663327,"뚜렷한 DEAD TIME 없음",0,0,0,3,"06~11,11~14","",TRUE,"분석 가능","굽은다리역 1번(십자성마을)",85.38326653306613,93.5871743486974,"100 - 16개 상권특성의 평균 절대 백분위 차이"
"중곡초등학교",3110253,"한식음식점",40.266963292547274,54.51541850220264,40.266963292547274,"뚜렷한 DEAD TIME 없음",0,0,0,5,"","",TRUE,"분석 가능","연신내역 2번",90.84399332591768,84.53837597330367,"100 - 16개 상권특성의 평균 절대 백분위 차이"
"중곡초등학교",3110253,"분식전문점",24.8062015503876,38.386308068459655,24.8062015503876,"뚜렷한 DEAD TIME 없음",0,0,0,5,"00~06","",TRUE,"분석 가능","영등포푸르지오아파트",89.21188630490956,44.96124031007752,"100 - 16개 상권특성의 평균 절대 백분위 차이"
"중곡초등학교",3110253,"호프-간이주점",68.5370741482966,39.22330097087379,68.5370741482966,"뚜렷한 DEAD TIME 없음",0,0,0,5,"","",TRUE,"분석 가능","장안제일시장",88.86523046092185,89.57915831663327,"100 - 16개 상권특성의 평균 절대 백분위 차이"
"중곡초등학교",3110253,"편의점",75.57840616966581,33,75.57840616966581,"뚜렷한 DEAD TIME 없음",0,0,0,5,"","",TRUE,"분석 가능","홍제3동주민센터",86.00578406169666,91.25964010282776,"100 - 16개 상권특성의 평균 절대 백분위 차이"
"오거리공원",3110254,"한식음식점",17.797552836484982,97.13656387665198,17.797552836484982,"뚜렷한 DEAD TIME 없음",0,0,0,5,"","",TRUE,"분석 가능","암사역 2번(서울강동초등학교)",89.87764182424917,51.16796440489433,"100 - 16개 상권특성의 평균 절대 백분위 차이"
"오거리공원",3110254,"호프-간이주점",8.817635270541082,95.33980582524272,8.817635270541082,"뚜렷한 DEAD TIME 없음",0,0,0,3,"06~11,11~14","",TRUE,"분석 가능","신묵초등학교",88.08867735470942,26.853707414829657,"100 - 16개 상권특성의 평균 절대 백분위 차이"
"오거리공원",3110254,"커피-음료",80.23952095808383,96.36098981077147,80.23952095808383,"뚜렷한 DEAD TIME 없음",0,0,0,5,"00~06","",TRUE,"분석 가능","암사역 2번(서울강동초등학교)",91.71032934131736,83.8323353293413,"100 - 16개 상권특성의 평균 절대 백분위 차이"
"오거리공원",3110254,"편의점",88.4318766066838,94.25,88.4318766066838,"뚜렷한 DEAD TIME 없음",0,0,0,5,"","",TRUE,"분석 가능","남강고등학교(남강중학교)",86.60025706940874,97.42930591259639,"100 - 16개 상권특성의 평균 절대 백분위 차이"
"상봉역 4번",3110255,"한식음식점",46.82981090100111,93.3920704845815,46.82981090100111,"뚜렷한 DEAD TIME 없음",0,0,0,5,"","",TRUE,"분석 가능","삼전역 1번",90.05839822024471,55.172413793103445,"100 - 16개 상권특성의 평균 절대 백분위 차이"
"상봉역 4번",3110255,"분식전문점",28.68217054263566,87.77506112469437,28.68217054263566,"뚜렷한 DEAD TIME 없음",0,0,0,5,"","",TRUE,"분석 가능","까치산역 3번",94.1375968992248,39.276485788113696,"100 - 16개 상권특성의 평균 절대 백분위 차이"
"상봉역 4번",3110255,"호프-간이주점",74.54909819639278,89.70873786407768,74.54909819639278,"뚜렷한 DEAD TIME 없음",0,0,0,5,"","",TRUE,"분석 가능","사당역 4번",87.04909819639279,83.16633266533067,"100 - 16개 상권특성의 평균 절대 백분위 차이"
"상봉역 4번",3110255,"커피-음료",9.131736526946108,91.70305676855895,9.131736526946108,"06~11",94.93865030674846,254.31410558911296,94.93865030674846,5,"00~06","",TRUE,"분석 가능","까치산역 3번",91.41092814371258,15.718562874251496,"100 - 16개 상권특성의 평균 절대 백분위 차이"
"상봉역 4번",3110255,"편의점",81.74807197943444,87.75,81.74807197943444,"뚜렷한 DEAD TIME 없음",0,0,0,5,"","",TRUE,"분석 가능",NA,NA,NA,"100 - 16개 상권특성의 평균 절대 백분위 차이"
"면목2동체육관",3110256,"한식음식점",44.16017797552836,89.75770925110133,44.16017797552836,"뚜렷한 DEAD TIME 없음",0,0,0,5,"","",TRUE,"분석 가능","용마초등학교",93.15906562847609,47.38598442714127,"100 - 16개 상권특성의 평균 절대 백분위 차이"
"면목2동체육관",3110256,"호프-간이주점",70.74148296593187,84.46601941747572,70.74148296593187,"뚜렷한 DEAD TIME 없음",0,0,0,5,"","",TRUE,"분석 가능","역촌역 3번",94.61422845691384,98.59719438877755,"100 - 16개 상권특성의 평균 절대 백분위 차이"
"면목2동체육관",3110256,"커피-음료",1.4970059880239521,87.48180494905385,1.4970059880239521,"06~11",98.77300613496932,122.61126064475705,98.77300613496932,4,"00~06,21~24","",TRUE,"분석 가능","강동구립성내도서관",92.81437125748504,47.1556886227545,"100 - 16개 상권특성의 평균 절대 백분위 차이"
"상봉역 7번",3110257,"한식음식점",9.121245828698555,87.77533039647577,9.121245828698555,"14~17",97.216035634743875,2059.2822002502576,97.216035634743875,5,"","",TRUE,"분석 가능","미아역 5번",89.3353726362625,57.8420467185762,"100 - 16개 상권특성의 평균 절대 백분위 차이"
"상봉역 7번",3110257,"편의점",42.673521850899746,77.5,42.673521850899746,"뚜렷한 DEAD TIME 없음",0,0,0,5,"","",TRUE,"분석 가능","미아역 5번",87.40359897172236,76.34961439588689,"100 - 16개 상권특성의 평균 절대 백분위 차이"
"면동초등학교",3110258,"한식음식점",3.0033370411568407,55.50660792951542,3.0033370411568407,"06~11",99.65714285714286,391.77628775741107,99.65714285714286,5,"","",TRUE,"분석 가능","구산역 2번",88.424638487208,21.134593993325918,"100 - 16개 상권특성의 평균 절대 백분위 차이"
"면동초등학교",3110258,"호프-간이주점",95.19038076152304,40.19417475728155,95.19038076152304,"뚜렷한 DEAD TIME 없음",0,0,0,5,"","",TRUE,"분석 가능","수유1동주민센터",82.77805611222445,96.79358717434869,"100 - 16개 상권특성의 평균 절대 백분위 차이"
"면동초등학교",3110258,"커피-음료",43.712574850299404,50.21834061135371,43.712574850299404,"뚜렷한 DEAD TIME 없음",0,0,0,5,"00~06","",TRUE,"분석 가능","천호공원(해공체육문화센터)",89.15606287425149,94.91017964071857,"100 - 16개 상권특성의 평균 절대 백분위 차이"
"사가정역 1번",3110259,"한식음식점",50.834260289210235,75,50.834260289210235,"뚜렷한 DEAD TIME 없음",0,0,0,5,"","",TRUE,"분석 가능","쌍문2동우체국",87.1384872080089,68.63181312569522,"100 - 16개 상권특성의 평균 절대 백분위 차이"
"사가정역 1번",3110259,"호프-간이주점",5.410821643286573,63.883495145631066,5.410821643286573,"06~11",96.19377162629758,114.06847728099467,96.19377162629758,5,"","",TRUE,"분석 가능","시흥초등학교(시흥1동우체국)",87.78807615230461,9.819639278557114,"100 - 16개 상권특성의 평균 절대 백분위 차이"
"사가정역 1번",3110259,"커피-음료",19.311377245508982,70.3056768558952,19.311377245508982,"17~21",96.3963963963964,1918.3864032348924,96.3963963963964,4,"00~06,21~24","",TRUE,"분석 가능","연신내역 5번",88.75374251497006,35.47904191616767,"100 - 16개 상권특성의 평균 절대 백분위 차이"
"면목역 3번",3110260,"한식음식점",74.08231368186874,78.52422907488987,74.08231368186874,"뚜렷한 DEAD TIME 없음",0,0,0,5,"","",TRUE,"분석 가능","행당역 2번",87.22886540600668,92.43604004449388,"100 - 16개 상권특성의 평균 절대 백분위 차이"
"면목역 3번",3110260,"분식전문점",18.34625322997416,62.8361858190709,18.34625322997416,"뚜렷한 DEAD TIME 없음",0,0,0,4,"00~06,21~24","",TRUE,"분석 가능","강북중학교",87.90374677002583,35.400516795865634,"100 - 16개 상권특성의 평균 절대 백분위 차이"
"면목역 3번",3110260,"호프-간이주점",51.302605210420836,68.54368932038835,51.302605210420836,"뚜렷한 DEAD TIME 없음",0,0,0,5,"","",TRUE,"분석 가능","행당역 2번",85.58366733466933,63.326653306613224,"100 - 16개 상권특성의 평균 절대 백분위 차이"
"면목역 3번",3110260,"커피-음료",87.87425149700599,74.235807860262,87.87425149700599,"뚜렷한 DEAD TIME 없음",0,0,0,5,"00~06","",TRUE,"분석 가능","사가정역 4번",88.55726047904191,92.66467065868264,"100 - 16개 상권특성의 평균 절대 백분위 차이"
"사가정역 4번",3110261,"한식음식점",35.706340378198,78.8546255506608,35.706340378198,"뚜렷한 DEAD TIME 없음",0,0,0,5,"","",TRUE,"분석 가능","홍제역 2번",90.09315906562847,51.279199110122356,"100 - 16개 상권특성의 평균 절대 백분위 차이"
"사가정역 4번",3110261,"분식전문점",39.01808785529715,63.56968215158925,39.01808785529715,"뚜렷한 DEAD TIME 없음",0,0,0,5,"","",TRUE,"분석 가능","남강고등학교(남강중학교)",87.27390180878552,69.50904392764858,"100 - 16개 상권특성의 평균 절대 백분위 차이"
"사가정역 4번",3110261,"호프-간이주점",49.498997995991985,69.12621359223301,49.498997995991985,"21~24",96.9758064516129,1.4182541893466976,96.9758064516129,4,"06~11","",TRUE,"분석 가능","암사역 3번(천호동자전거거리)",89.64178356713427,52.30460921843687,"100 - 16개 상권특성의 평균 절대 백분위 차이"
"사가정역 4번",3110261,"커피-음료",92.66467065868264,74.67248908296943,92.66467065868264,"뚜렷한 DEAD TIME 없음",0,0,0,5,"00~06","",TRUE,"분석 가능","천호공원(해공체육문화센터)",89.25898203592814,94.91017964071857,"100 - 16개 상권특성의 평균 절대 백분위 차이"
"사가정역 4번",3110261,"편의점",52.95629820051414,63.24999999999999,52.95629820051414,"뚜렷한 DEAD TIME 없음",0,0,0,5,"","",TRUE,"분석 가능","증산역 1번",88.8978149100257,94.08740359897172,"100 - 16개 상권특성의 평균 절대 백분위 차이"
"상봉역 3번",3110262,"한식음식점",19.46607341490545,76.65198237885463,19.46607341490545,"14~17",92.0935412026726,24632.35667289655,92.0935412026726,5,"","",TRUE,"분석 가능","신대방역 2번",89.41184649610679,60.40044493882091,"100 - 16개 상권특성의 평균 절대 백분위 차이"
"상봉역 3번",3110262,"호프-간이주점",19.238476953907817,65.8252427184466,19.238476953907817,"뚜렷한 DEAD TIME 없음",0,0,0,5,"","",TRUE,"분석 가능","망리단길",84.2184368737475,36.47294589178357,"100 - 16개 상권특성의 평균 절대 백분위 차이"
"상봉역 3번",3110262,"커피-음료",50.1497005988024,72.19796215429403,50.1497005988024,"뚜렷한 DEAD TIME 없음",0,0,0,5,"00~06","",TRUE,"분석 가능","송파나루역 2번",84.76796407185628,77.69461077844312,"100 - 16개 상권특성의 평균 절대 백분위 차이"
"상봉역 3번",3110262,"편의점",75.83547557840618,59.25,75.83547557840618,"뚜렷한 DEAD TIME 없음",0,0,0,5,"","",TRUE,"분석 가능","상봉역 4번",84.06169665809769,81.74807197943444,"100 - 16개 상권특성의 평균 절대 백분위 차이"
"면목역 1번",3110263,"한식음식점",0.5561735261401557,88.98678414096916,0.5561735261401557,"06~11",96.8,190.70946646317162,96.8,5,"","",TRUE,"분석 가능","강동구립 천호도서관",91.24026696329256,13.014460511679642,"100 - 16개 상권특성의 평균 절대 백분위 차이"
"면목역 1번",3110263,"호프-간이주점",1.402805611222445,83.30097087378641,1.402805611222445,"17~21",98.19277108433735,251.01295964159704,98.19277108433735,5,"","",TRUE,"분석 가능","강동구립 천호도서관",93.16132264529058,4.609218436873747,"100 - 16개 상권특성의 평균 절대 백분위 차이"
"면목역 1번",3110263,"커피-음료",97.75449101796407,86.60844250363901,97.75449101796407,"뚜렷한 DEAD TIME 없음",0,0,0,4,"00~06,21~24","",TRUE,"분석 가능",NA,NA,NA,"100 - 16개 상권특성의 평균 절대 백분위 차이"
"면목역 1번",3110263,"편의점",88.94601542416453,79.75,88.94601542416453,"뚜렷한 DEAD TIME 없음",0,0,0,5,"","",TRUE,"분석 가능","석촌고분역 4번",86.11825192802056,93.573264781491,"100 - 16개 상권특성의 평균 절대 백분위 차이"
"면목역 2번",3110264,"한식음식점",87.09677419354838,97.57709251101322,87.09677419354838,"뚜렷한 DEAD TIME 없음",0,0,0,5,"","",TRUE,"분석 가능","역촌역 3번",88.72358175750834,88.87652947719688,"100 - 16개 상권특성의 평균 절대 백분위 차이"
"면목역 2번",3110264,"분식전문점",15.503875968992247,94.62102689486552,15.503875968992247,"21~24",99.35064935064936,438.52479959878883,99.35064935064936,5,"00~06","",TRUE,"분석 가능","화곡역 4번",89.59948320413437,50.64599483204134,"100 - 16개 상권특성의 평균 절대 백분위 차이"
"면목역 2번",3110264,"호프-간이주점",60.72144288577155,95.92233009708738,60.72144288577155,"뚜렷한 DEAD TIME 없음",0,0,0,5,"","",TRUE,"분석 가능","관악구 중앙길",88.25150300601202,71.14228456913828,"100 - 16개 상권특성의 평균 절대 백분위 차이"
"면목역 2번",3110264,"편의점",64.78149100257069,95.25,64.78149100257069,"뚜렷한 DEAD TIME 없음",0,0,0,5,"","",TRUE,"분석 가능","까치산역 4번",87.27506426735219,75.32133676092545,"100 - 16개 상권특성의 평균 절대 백분위 차이"
"망우역 1번",3110265,"한식음식점",57.61957730812013,42.51101321585903,57.61957730812013,"뚜렷한 DEAD TIME 없음",0,0,0,5,"","",TRUE,"분석 가능","도봉구민회관",87.77808676307008,94.21579532814238,"100 - 16개 상권특성의 평균 절대 백분위 차이"
"망우역 1번",3110265,"호프-간이주점",95.59118236472945,26.019417475728158,95.59118236472945,"뚜렷한 DEAD TIME 없음",0,0,0,4,"06~11","",TRUE,"분석 가능",NA,NA,NA,"100 - 16개 상권특성의 평균 절대 백분위 차이"
"망우역 1번",3110265,"커피-음료",2.3952095808383236,34.93449781659388,2.3952095808383236,"21~24",96.82539682539682,454.7883442953026,96.82539682539682,5,"00~06","",TRUE,"분석 가능","상계역",89.6051646706587,96.40718562874252,"100 - 16개 상권특성의 평균 절대 백분위 차이"
"면목동우체국",3110266,"한식음식점",16.017797552836484,79.29515418502203,16.017797552836484,"14~17",93.98663697104676,2937.644792203851,93.98663697104676,5,"","",TRUE,"분석 가능","장안현대홈타운1차아파트",91.69215795328142,29.92213570634038,"100 - 16개 상권특성의 평균 절대 백분위 차이"
"면목동우체국",3110266,"분식전문점",62.273901808785524,64.30317848410758,62.273901808785524,"뚜렷한 DEAD TIME 없음",0,0,0,5,"","",TRUE,"분석 가능","성신여대운정그린캠퍼스",90.27777777777779,98.19121447028424,"100 - 16개 상권특성의 평균 절대 백분위 차이"
"면목동우체국",3110266,"호프-간이주점",49.69939879759519,69.51456310679612,49.69939879759519,"뚜렷한 DEAD TIME 없음",0,0,0,4,"06~11","",TRUE,"분석 가능","면목2동체육관",90.55611222444891,70.74148296593187,"100 - 16개 상권특성의 평균 절대 백분위 차이"
"면목동우체국",3110266,"커피-음료",94.01197604790418,75.254730713246,94.01197604790418,"뚜렷한 DEAD TIME 없음",0,0,0,5,"","",TRUE,"분석 가능","면목역 1번",87.82747005988024,97.75449101796407,"100 - 16개 상권특성의 평균 절대 백분위 차이"
"망우역 2번",3110267,"한식음식점",6.451612903225806,81.05726872246696,6.451612903225806,"06~11",91.77142857142857,510.9626979818411,91.77142857142857,5,"","",TRUE,"분석 가능","영등포푸르지오아파트",90.40600667408232,23.35928809788654,"100 - 16개 상권특성의 평균 절대 백분위 차이"
"망우역 2번",3110267,"분식전문점",47.286821705426355,66.99266503667481,47.286821705426355,"뚜렷한 DEAD TIME 없음",0,0,0,4,"00~06,21~24","",TRUE,"분석 가능","간데메공원",87.1608527131783,86.04651162790698,"100 - 16개 상권특성의 평균 절대 백분위 차이"
"망우역 2번",3110267,"호프-간이주점",77.75551102204409,72.23300970873787,77.75551102204409,"뚜렷한 DEAD TIME 없음",0,0,0,3,"06~11,11~14","",TRUE,"분석 가능","장안제일시장",83.91783567134267,89.57915831663327,"100 - 16개 상권특성의 평균 절대 백분위 차이"
"망우역 2번",3110267,"커피-음료",58.38323353293413,77.43813682678311,58.38323353293413,"뚜렷한 DEAD TIME 없음",0,0,0,5,"","",TRUE,"분석 가능","영신초등학교",88.88473053892216,87.27544910179641,"100 - 16개 상권특성의 평균 절대 백분위 차이"
"망우역 2번",3110267,"편의점",15.938303341902312,66,15.938303341902312,"뚜렷한 DEAD TIME 없음",0,0,0,5,"","",TRUE,"분석 가능","구로4동주민센터",86.35925449871465,70.17994858611826,"100 - 16개 상권특성의 평균 절대 백분위 차이"
"망우3동주민센터",3110268,"한식음식점",88.32035595105673,42.290748898678416,88.32035595105673,"뚜렷한 DEAD TIME 없음",0,0,0,5,"","",TRUE,"분석 가능","장승배기역 5번",88.84176863181312,98.44271412680756,"100 - 16개 상권특성의 평균 절대 백분위 차이"
"망우3동주민센터",3110268,"커피-음료",69.311377245509,34.643377001455605,69.311377245509,"뚜렷한 DEAD TIME 없음",0,0,0,5,"00~06","",TRUE,"분석 가능","회기역 1번",87.97717065868264,80.08982035928143,"100 - 16개 상권특성의 평균 절대 백분위 차이"
"용마문화복지센터",3110269,"한식음식점",84.20467185761957,41.29955947136564,84.20467185761957,"뚜렷한 DEAD TIME 없음",0,0,0,5,"","",TRUE,"분석 가능","돌곶이역 5번",86.630978865406007,87.65294771968854,"100 - 16개 상권특성의 평균 절대 백분위 차이"
"용마문화복지센터",3110269,"호프-간이주점",52.505010020040075,25.24271844660194,52.505010020040075,"뚜렷한 DEAD TIME 없음",0,0,0,3,"06~11,11~14","",TRUE,"분석 가능","쌍문역1번(쌍리단길)",89.75450901803606,67.73547094188376,"100 - 16개 상권특성의 평균 절대 백분위 차이"
"혜원여고",3110270,"한식음식점",71.30144605116796,14.867841409691628,71.30144605116796,"뚜렷한 DEAD TIME 없음",0,0,0,5,"","",TRUE,"분석 가능","종암초등학교",88.11179087875416,99.6662958843159,"100 - 16개 상권특성의 평균 절대 백분위 차이"
"혜원여고",3110270,"분식전문점",33.850129198966414,5.8679706601467,33.850129198966414,"뚜렷한 DEAD TIME 없음",0,0,0,4,"00~06,21~24","",TRUE,"분석 가능","만리재",83.54328165374677,81.65374677002583,"100 - 16개 상권특성의 평균 절대 백분위 차이"
"혜원여고",3110270,"호프-간이주점",94.98997995991984,5.631067961165048,94.98997995991984,"뚜렷한 DEAD TIME 없음",0,0,0,4,"11~14","",TRUE,"분석 가능","송중동주민센터",82.60270541082164,95.79158316633266,"100 - 16개 상권특성의 평균 절대 백분위 차이"
"혜원여고",3110270,"커피-음료",NA,9.75254730713246,NA,"뚜렷한 DEAD TIME 없음",0,0,0,0,"","00~06,06~11,11~14,14~17,17~21,21~24",FALSE,"활동 또는 관측 근거 부족",NA,NA,NA,"100 - 16개 상권특성의 평균 절대 백분위 차이"
"신내역 1번",3110271,"한식음식점",73.63737486095661,3.9647577092511015,73.63737486095661,"뚜렷한 DEAD TIME 없음",0,0,0,5,"","",TRUE,"분석 가능","잠원역",85.87319243604004,91.87986651835372,"100 - 16개 상권특성의 평균 절대 백분위 차이"
"신내1동주민센터",3110272,"한식음식점",35.03893214682981,76.2114537444934,35.03893214682981,"뚜렷한 DEAD TIME 없음",0,0,0,5,"","",TRUE,"분석 가능","수락산디자인거리",89.8289766407119,58.73192436040044,"100 - 16개 상권특성의 평균 절대 백분위 차이"
"신내1동주민센터",3110272,"분식전문점",49.09560723514212,60.14669926650367,49.09560723514212,"뚜렷한 DEAD TIME 없음",0,0,0,5,"00~06","",TRUE,"분석 가능","수락산역 4번",90.40697674418604,82.42894056847545,"100 - 16개 상권특성의 평균 절대 백분위 차이"
"신내1동주민센터",3110272,"호프-간이주점",46.893787575150306,65.24271844660194,46.893787575150306,"뚜렷한 DEAD TIME 없음",0,0,0,5,"","",TRUE,"분석 가능","수락산디자인거리",87.63777555110221,66.73346693386773,"100 - 16개 상권특성의 평균 절대 백분위 차이"
"신내1동주민센터",3110272,"커피-음료",85.47904191616766,71.76128093158661,85.47904191616766,"뚜렷한 DEAD TIME 없음",0,0,0,5,"","",TRUE,"분석 가능","방학1동주민센터",86.98540419161677,88.17365269461078,"100 - 16개 상권특성의 평균 절대 백분위 차이"
"장스여성병원",3110273,"한식음식점",90.98998887652948,50.55066079295154,90.98998887652948,"뚜렷한 DEAD TIME 없음",0,0,0,5,"","",TRUE,"분석 가능","대림1동주민센터",85.8801446051168,91.43492769744161,"100 - 16개 상권특성의 평균 절대 백분위 차이"
"장스여성병원",3110273,"분식전문점",36.69250645994832,33.496332518337404,36.69250645994832,"뚜렷한 DEAD TIME 없음",0,0,0,5,"","",TRUE,"분석 가능","백산초등학교",90.66537467700259,90.69767441860465,"100 - 16개 상권특성의 평균 절대 백분위 차이"
"장스여성병원",3110273,"호프-간이주점",41.48296593186373,35.33980582524272,41.48296593186373,"뚜렷한 DEAD TIME 없음",0,0,0,5,"","",TRUE,"분석 가능","목동로데오거리",87.5876753507014,47.29458917835671,"100 - 16개 상권특성의 평균 절대 백분위 차이"
"장스여성병원",3110273,"커피-음료",84.58083832335329,44.395924308588064,84.58083832335329,"뚜렷한 DEAD TIME 없음",0,0,0,4,"00~06,21~24","",TRUE,"분석 가능","모래내우체국",90.06362275449102,95.95808383233533,"100 - 16개 상권특성의 평균 절대 백분위 차이"
"서일대학교",3110274,"한식음식점",72.74749721913237,82.04845814977973,72.74749721913237,"뚜렷한 DEAD TIME 없음",0,0,0,5,"","",TRUE,"분석 가능","공항시장역 1번",88.5706340378198,93.10344827586206,"100 - 16개 상권특성의 평균 절대 백분위 차이"
"서일대학교",3110274,"분식전문점",59.68992248062015,68.94865525672371,59.68992248062015,"뚜렷한 DEAD TIME 없음",0,0,0,5,"","",TRUE,"분석 가능","응암정보도서관",87.19315245478036,67.95865633074936,"100 - 16개 상권특성의 평균 절대 백분위 차이"
"서일대학교",3110274,"커피-음료",62.874251497005986,78.74818049490538,62.874251497005986,"뚜렷한 DEAD TIME 없음",0,0,0,5,"","",TRUE,"분석 가능","정릉우체국",85.92814371257485,85.92814371257485,"100 - 16개 상권특성의 평균 절대 백분위 차이"
"서일대학교",3110274,"편의점",53.72750642673522,67.25,53.72750642673522,"뚜렷한 DEAD TIME 없음",0,0,0,5,"","",TRUE,"분석 가능","구산역 4번",85.0417737789203,79.94858611825192,"100 - 16개 상권특성의 평균 절대 백분위 차이"
"하나은행 망우동지점",3110275,"한식음식점",79.42157953281423,36.45374449339207,79.42157953281423,"뚜렷한 DEAD TIME 없음",0,0,0,5,"","",TRUE,"분석 가능","방학초등학교",90.00973303670744,95.55061179087876,"100 - 16개 상권특성의 평균 절대 백분위 차이"
"하나은행 망우동지점",3110275,"호프-간이주점",18.43687374749499,20.58252427184466,18.43687374749499,"06~11",95.15570934256056,95.83513102180893,95.15570934256056,5,"","",TRUE,"분석 가능","석계역 2번",88.16382765531063,34.66933867735471,"100 - 16개 상권특성의 평균 절대 백분위 차이"
"하나은행 망우동지점",3110275,"커피-음료",45.50898203592814,29.112081513828237,45.50898203592814,"뚜렷한 DEAD TIME 없음",0,0,0,5,"","",TRUE,"분석 가능","방학초등학교",88.78181137724552,52.544910179640716,"100 - 16개 상권특성의 평균 절대 백분위 차이"
"러스크서울병원",3110277,"한식음식점",60.51167964404895,49.33920704845815,60.51167964404895,"뚜렷한 DEAD TIME 없음",0,0,0,5,"","",TRUE,"분석 가능","망우본동주민센터",91.96329254727476,72.8587319243604,"100 - 16개 상권특성의 평균 절대 백분위 차이"
"러스크서울병원",3110277,"호프-간이주점",60.120240480961925,33.592233009708735,60.120240480961925,"21~24",97.17741935483872,4.440283889112671,97.17741935483872,5,"","",TRUE,"분석 가능","도봉세무서",90.46843687374749,78.55711422845691,"100 - 16개 상권특성의 평균 절대 백분위 차이"
"러스크서울병원",3110277,"커피-음료",48.65269461077844,42.79475982532751,48.65269461077844,"뚜렷한 DEAD TIME 없음",0,0,0,5,"00~06","",TRUE,"분석 가능","계상초등학교",87.94910179640718,59.4311377245509,"100 - 16개 상권특성의 평균 절대 백분위 차이"
"러스크서울병원",3110277,"편의점",84.57583547557842,26.25,84.57583547557842,"뚜렷한 DEAD TIME 없음",0,0,0,5,"","",TRUE,"분석 가능","홍제3동주민센터",86.08611825192803,91.25964010282776,"100 - 16개 상권특성의 평균 절대 백분위 차이"
"망우본동주민센터",3110278,"한식음식점",72.8587319243604,48.12775330396476,72.8587319243604,"뚜렷한 DEAD TIME 없음",0,0,0,5,"","",TRUE,"분석 가능","아카데미하우스",86.35984427141268,88.65406006674083,"100 - 16개 상권특성의 평균 절대 백분위 차이"
"망우본동주민센터",3110278,"분식전문점",78.55297157622739,30.56234718826406,78.55297157622739,"뚜렷한 DEAD TIME 없음",0,0,0,5,"00~06","",TRUE,"분석 가능","구로4동주민센터",80.37790697674419,91.21447028423772,"100 - 16개 상권특성의 평균 절대 백분위 차이"
"망우본동주민센터",3110278,"호프-간이주점",62.725450901803605,32.038834951456316,62.725450901803605,"뚜렷한 DEAD TIME 없음",0,0,0,5,"","",TRUE,"분석 가능","도봉구 정병원",87.1618236472946,77.9559118236473,"100 - 16개 상권특성의 평균 절대 백분위 차이"
"망우본동주민센터",3110278,"커피-음료",76.19760479041916,41.630276564774384,76.19760479041916,"뚜렷한 DEAD TIME 없음",0,0,0,5,"00~06","",TRUE,"분석 가능","도봉산역 1번",83.62649700598801,85.62874251497006,"100 - 16개 상권특성의 평균 절대 백분위 차이"
"망우본동주민센터",3110278,"편의점",58.86889460154242,24.5,58.86889460154242,"뚜렷한 DEAD TIME 없음",0,0,0,5,"","",TRUE,"분석 가능","계상초등학교",89.01028277634961,60.9254498714653,"100 - 16개 상권특성의 평균 절대 백분위 차이"
"북정마을",3110280,"커피-음료",26.646706586826348,15.429403202328967,26.646706586826348,"뚜렷한 DEAD TIME 없음",0,0,0,4,"00~06,06~11","",TRUE,"분석 가능","강서구다솔마을",85.26384730538923,34.73053892215569,"100 - 16개 상권특성의 평균 절대 백분위 차이"
"국민대학교앞",3110282,"한식음식점",20.133481646273637,0.3303964757709251,20.133481646273637,"14~17",94.20935412026726,622.1205172315455,94.20935412026726,5,"","",TRUE,"분석 가능","대방역 4번",86.15127919911012,74.86095661846495,"100 - 16개 상권특성의 평균 절대 백분위 차이"
"국민대학교앞",3110282,"호프-간이주점",53.90781563126252,0,53.90781563126252,"뚜렷한 DEAD TIME 없음",0,0,0,5,"","",TRUE,"분석 가능","시립대앞사거리",82.50250501002003,54.10821643286573,"100 - 16개 상권특성의 평균 절대 백분위 차이"
"성북초등학교앞",3110283,"한식음식점",93.54838709677419,10.352422907488986,93.54838709677419,"뚜렷한 DEAD TIME 없음",0,0,0,5,"","",TRUE,"분석 가능","국립국악고등학교",86.10956618464961,96.1067853170189,"100 - 16개 상권특성의 평균 절대 백분위 차이"
"성북초등학교앞",3110283,"커피-음료",0.14970059880239522,6.986899563318777,0.14970059880239522,"17~21",99.84984984984985,2273.927400306068,99.84984984984985,4,"00~06,21~24","",TRUE,"분석 가능","강동구청(강동구청역 2번)",88.64146706586826,58.68263473053892,"100 - 16개 상권특성의 평균 절대 백분위 차이"
"홍대부중",3110285,"한식음식점",65.85094549499443,7.929515418502203,65.85094549499443,"뚜렷한 DEAD TIME 없음",0,0,0,5,"","",TRUE,"분석 가능","서빙고동주민센터",88.32035595105673,96.7741935483871,"100 - 16개 상권특성의 평균 절대 백분위 차이"
"홍대부중",3110285,"커피-음료",54.79041916167665,5.822416302765648,54.79041916167665,"뚜렷한 DEAD TIME 없음",0,0,0,5,"00~06","",TRUE,"분석 가능","한국폴리텍대학서울정수캠퍼스",86.0497754491018,59.13173652694611,"100 - 16개 상권특성의 평균 절대 백분위 차이"
"홍대부중",3110285,"편의점",12.339331619537274,2,12.339331619537274,"뚜렷한 DEAD TIME 없음",0,0,0,5,"","",TRUE,"분석 가능","송정역 2번",92.22365038560412,60.15424164524421,"100 - 16개 상권특성의 평균 절대 백분위 차이"
"한성대입구역 5번",3110286,"한식음식점",21.913236929922135,59.801762114537446,21.913236929922135,"뚜렷한 DEAD TIME 없음",0,0,0,5,"","",TRUE,"분석 가능","새절역 3번",89.57869855394883,48.9432703003337,"100 - 16개 상권특성의 평균 절대 백분위 차이"
"한성대입구역 5번",3110286,"분식전문점",60.72351421188631,43.03178484107579,60.72351421188631,"뚜렷한 DEAD TIME 없음",0,0,0,5,"00~06","",TRUE,"분석 가능","상왕십리역 3번",87.59689922480621,72.09302325581395,"100 - 16개 상권특성의 평균 절대 백분위 차이"
"한성대입구역 5번",3110286,"호프-간이주점",70.34068136272545,44.07766990291262,70.34068136272545,"뚜렷한 DEAD TIME 없음",0,0,0,4,"06~11","",TRUE,"분석 가능","보문역 8번",89.10320641282566,98.99799599198397,"100 - 16개 상권특성의 평균 절대 백분위 차이"
"한성대입구역 5번",3110286,"커피-음료",27.994011976047904,54.87627365356623,27.994011976047904,"뚜렷한 DEAD TIME 없음",0,0,0,5,"","",TRUE,"분석 가능","숙대입구역 1번",90.34431137724552,74.40119760479041,"100 - 16개 상권특성의 평균 절대 백분위 차이"
"한성대입구역 5번",3110286,"편의점",49.10025706940874,37.75,49.10025706940874,"뚜렷한 DEAD TIME 없음",0,0,0,5,"","",TRUE,"분석 가능","상월곡역 3번",90.97043701799487,55.012853470437015,"100 - 16개 상권특성의 평균 절대 백분위 차이"
"정릉3동주민센터",3110287,"한식음식점",95.21690767519466,11.45374449339207,95.21690767519466,"뚜렷한 DEAD TIME 없음",0,0,0,5,"","",TRUE,"분석 가능","종암초등학교",85.80367074527253,99.6662958843159,"100 - 16개 상권특성의 평균 절대 백분위 차이"
"정릉3동주민센터",3110287,"커피-음료",46.55688622754491,7.423580786026202,46.55688622754491,"뚜렷한 DEAD TIME 없음",0,0,0,5,"00~06","",TRUE,"분석 가능","회기역 1번",88.6695359281437,80.08982035928143,"100 - 16개 상권특성의 평균 절대 백분위 차이"
"동구여중",3110288,"한식음식점",97.44160177975529,16.629955947136562,97.44160177975529,"뚜렷한 DEAD TIME 없음",0,0,0,5,"","",TRUE,"분석 가능",NA,NA,NA,"100 - 16개 상권특성의 평균 절대 백분위 차이"
"동구여중",3110288,"커피-음료",12.275449101796406,11.644832605531295,12.275449101796406,"뚜렷한 DEAD TIME 없음",0,0,0,5,"","",TRUE,"분석 가능","연희파출소",89.53031437125749,37.72455089820359,"100 - 16개 상권특성의 평균 절대 백분위 차이"
"북한산보국문역 2번",3110289,"한식음식점",73.08120133481646,77.5330396475771,73.08120133481646,"뚜렷한 DEAD TIME 없음",0,0,0,5,"","",TRUE,"분석 가능","서경대학교",83.28003337041156,89.65517241379311,"100 - 16개 상권특성의 평균 절대 백분위 차이"
"북한산보국문역 1번",3110290,"한식음식점",12.458286985539488,10.682819383259911,12.458286985539488,"뚜렷한 DEAD TIME 없음",0,0,0,5,"00~06","",TRUE,"분석 가능","정릉3동주민센터",87.36095661846495,95.21690767519466,"100 - 16개 상권특성의 평균 절대 백분위 차이"
"북한산보국문역 1번",3110290,"분식전문점",97.41602067183463,3.9119804400977993,97.41602067183463,"뚜렷한 DEAD TIME 없음",0,0,0,5,"","",TRUE,"분석 가능",NA,NA,NA,"100 - 16개 상권특성의 평균 절대 백분위 차이"
"한성대입구역 3번",3110291,"한식음식점",25.695216907675196,92.84140969162996,25.695216907675196,"뚜렷한 DEAD TIME 없음",0,0,0,5,"","",TRUE,"분석 가능","삼선동주민센터",90.1765850945495,41.71301446051168,"100 - 16개 상권특성의 평균 절대 백분위 차이"
"한성대입구역 3번",3110291,"분식전문점",32.55813953488372,86.79706601466992,32.55813953488372,"뚜렷한 DEAD TIME 없음",0,0,0,5,"","",TRUE,"분석 가능","외대앞역 1번",85.35206718346254,54.263565891472865,"100 - 16개 상권특성의 평균 절대 백분위 차이"
"한성대입구역 3번",3110291,"호프-간이주점",86.77354709418837,89.126213592233,86.77354709418837,"뚜렷한 DEAD TIME 없음",0,0,0,3,"06~11,11~14","",TRUE,"분석 가능","정릉우체국",83.07865731462925,98.19639278557113,"100 - 16개 상권특성의 평균 절대 백분위 차이"
"한성대입구역 3번",3110291,"커피-음료",13.622754491017963,90.97525473071325,13.622754491017963,"21~24",98.94179894179894,845.5691607958435,98.94179894179894,5,"00~06","",TRUE,"분석 가능","삼선동주민센터",89.60516467065868,88.02395209580838,"100 - 16개 상권특성의 평균 절대 백분위 차이"
"정릉역 2번",3110292,"한식음식점",75.75083426028921,20.92511013215859,75.75083426028921,"뚜렷한 DEAD TIME 없음",0,0,0,5,"","",TRUE,"분석 가능","돌곶이역 3번",89.99582869855395,93.65962180200222,"100 - 16개 상권특성의 평균 절대 백분위 차이"
"삼선중학교",3110293,"한식음식점",47.1635150166852,84.03083700440529,47.1635150166852,"뚜렷한 DEAD TIME 없음",0,0,0,5,"","",TRUE,"분석 가능","상왕십리역 3번",86.65183537263627,68.07563959955506,"100 - 16개 상권특성의 평균 절대 백분위 차이"
"삼선중학교",3110293,"분식전문점",61.240310077519375,72.6161369193154,61.240310077519375,"뚜렷한 DEAD TIME 없음",0,0,0,4,"00~06,21~24","",TRUE,"분석 가능","상왕십리역 3번",87.58074935400516,72.09302325581395,"100 - 16개 상권특성의 평균 절대 백분위 차이"
"삼선중학교",3110293,"커피-음료",55.83832335329342,81.07714701601164,55.83832335329342,"뚜렷한 DEAD TIME 없음",0,0,0,5,"00~06","",TRUE,"분석 가능","동대문구청",87.93038922155688,59.281437125748504,"100 - 16개 상권특성의 평균 절대 백분위 차이"
"삼선중학교",3110293,"편의점",6.940874035989718,70.75,6.940874035989718,"뚜렷한 DEAD TIME 없음",0,0,0,5,"","",TRUE,"분석 가능","상월곡역 3번",88.12660668380462,55.012853470437015,"100 - 16개 상권특성의 평균 절대 백분위 차이"
"서경대학교",3110294,"한식음식점",89.65517241379311,74.8898678414097,89.65517241379311,"뚜렷한 DEAD TIME 없음",0,0,0,5,"","",TRUE,"분석 가능","북가좌2동주민센터",91.23331479421579,95.77308120133482,"100 - 16개 상권특성의 평균 절대 백분위 차이"
"서경대학교",3110294,"호프-간이주점",17.234468937875754,63.689320388349515,17.234468937875754,"14~17",92.37472766884531,107.77755394258944,92.37472766884531,5,"","",TRUE,"분석 가능","북가좌2동주민센터",89.05310621242485,72.74549098196393,"100 - 16개 상권특성의 평균 절대 백분위 차이"
"서경대학교",3110294,"커피-음료",74.25149700598801,70.16011644832606,74.25149700598801,"뚜렷한 DEAD TIME 없음",0,0,0,5,"","",TRUE,"분석 가능","역촌노인복지관",90.13847305389223,83.08383233532935,"100 - 16개 상권특성의 평균 절대 백분위 차이"
"정릉우체국",3110295,"한식음식점",91.10122358175751,62.11453744493392,91.10122358175751,"뚜렷한 DEAD TIME 없음",0,0,0,5,"","",TRUE,"분석 가능","행당역 2번",87.31229143492769,92.43604004449388,"100 - 16개 상권특성의 평균 절대 백분위 차이"
"정릉우체국",3110295,"분식전문점",55.81395348837209,45.72127139364303,55.81395348837209,"뚜렷한 DEAD TIME 없음",0,0,0,5,"00~06","",TRUE,"분석 가능","홍제3동주민센터",90.01937984496125,89.14728682170544,"100 - 16개 상권특성의 평균 절대 백분위 차이"
"정릉우체국",3110295,"호프-간이주점",98.19639278557113,46.990291262135926,98.19639278557113,"뚜렷한 DEAD TIME 없음",0,0,0,2,"06~11,11~14,14~17","",TRUE,"분석 가능",NA,NA,NA,"100 - 16개 상권특성의 평균 절대 백분위 차이"
"정릉우체국",3110295,"커피-음료",85.92814371257485,57.35080058224163,85.92814371257485,"뚜렷한 DEAD TIME 없음",0,0,0,5,"","",TRUE,"분석 가능","석계역 7번",89.32447604790418,98.65269461077844,"100 - 16개 상권특성의 평균 절대 백분위 차이"
"정릉우체국",3110295,"편의점",20.565552699228792,40.25,20.565552699228792,"뚜렷한 DEAD TIME 없음",0,0,0,5,"","",TRUE,"분석 가능","중랑노인종합복지관",87.19473007712082,64.01028277634961,"100 - 16개 상권특성의 평균 절대 백분위 차이"
"성신여대입구역 4번",3110296,"한식음식점",29.477196885428253,63.76651982378855,29.477196885428253,"뚜렷한 DEAD TIME 없음",0,0,0,5,"00~06","",TRUE,"분석 가능","숭실대입구역 1번",86.2833704115684,73.5261401557286,"100 - 16개 상권특성의 평균 절대 백분위 차이"
"성신여대입구역 4번",3110296,"분식전문점",47.803617571059434,47.43276283618582,47.803617571059434,"뚜렷한 DEAD TIME 없음",0,0,0,5,"","",TRUE,"분석 가능","홍대땡땡거리",88.48514211886305,79.32816537467701,"100 - 16개 상권특성의 평균 절대 백분위 차이"
"성신여대입구역 4번",3110296,"커피-음료",99.10179640718563,59.09752547307132,99.10179640718563,"뚜렷한 DEAD TIME 없음",0,0,0,5,"","",TRUE,"분석 가능",NA,NA,NA,"100 - 16개 상권특성의 평균 절대 백분위 차이"
"경동고등학교",3110297,"한식음식점",7.007786429365963,94.93392070484582,7.007786429365963,"06~11",95.65714285714286,1136.4564579633861,95.65714285714286,5,"","",TRUE,"분석 가능","공군호텔",91.40016685205784,76.52947719688544,"100 - 16개 상권특성의 평균 절대 백분위 차이"
"경동고등학교",3110297,"분식전문점",5.426356589147287,90.2200488997555,5.426356589147287,"06~11",96.95290858725761,88.71092706206714,96.95290858725761,4,"00~06,21~24","",TRUE,"분석 가능","노량진역 6번",88.79198966408268,52.4547803617571,"100 - 16개 상권특성의 평균 절대 백분위 차이"
"경동고등학교",3110297,"호프-간이주점",51.10220440881763,92.03883495145631,51.10220440881763,"뚜렷한 DEAD TIME 없음",0,0,0,3,"06~11,11~14","",TRUE,"분석 가능","상봉역 4번",86.62324649298597,74.54909819639278,"100 - 16개 상권특성의 평균 절대 백분위 차이"
"경동고등학교",3110297,"커피-음료",5.239520958083832,93.59534206695778,5.239520958083832,"21~24",90.47619047619048,1022.6948220557517,90.47619047619048,5,"00~06","",TRUE,"분석 가능","구의역 4번",88.98764970059881,41.31736526946108,"100 - 16개 상권특성의 평균 절대 백분위 차이"
"경동고등학교",3110297,"편의점",71.97943444730078,90.25,71.97943444730078,"뚜렷한 DEAD TIME 없음",0,0,0,5,"","",TRUE,"분석 가능","둔촌동역 1번(한산중학교)",87.13046272493573,73.52185089974293,"100 - 16개 상권특성의 평균 절대 백분위 차이"
"정릉역 1번",3110299,"한식음식점",26.585094549499445,89.09691629955947,26.585094549499445,"뚜렷한 DEAD TIME 없음",0,0,0,5,"","",TRUE,"분석 가능","문성초등학교",89.78726362625139,56.17352614015573,"100 - 16개 상권특성의 평균 절대 백분위 차이"
"정릉역 1번",3110299,"분식전문점",20.671834625322997,80.68459657701712,20.671834625322997,"06~11",97.50692520775624,98.14052875624492,97.50692520775624,5,"00~06","",TRUE,"분석 가능","방학1동주민센터",88.92118863049096,36.17571059431525,"100 - 16개 상권특성의 평균 절대 백분위 차이"
"정릉역 1번",3110299,"호프-간이주점",55.51102204408818,83.49514563106796,55.51102204408818,"뚜렷한 DEAD TIME 없음",0,0,0,4,"06~11","",TRUE,"분석 가능","신월1파출소",86.51052104208416,58.116232464929865,"100 - 16개 상권특성의 평균 절대 백분위 차이"
"정릉역 1번",3110299,"커피-음료",52.84431137724551,86.75400291120815,52.84431137724551,"뚜렷한 DEAD TIME 없음",0,0,0,5,"00~06","",TRUE,"분석 가능","문성초등학교",87.76197604790418,90.41916167664671,"100 - 16개 상권특성의 평균 절대 백분위 차이"
"정릉역 1번",3110299,"편의점",65.55269922879178,80,65.55269922879178,"뚜렷한 DEAD TIME 없음",0,0,0,5,"","",TRUE,"분석 가능","뜸부기어린이공원",87.74100257069408,72.49357326478149,"100 - 16개 상권특성의 평균 절대 백분위 차이"
"삼선동주민센터",3110300,"한식음식점",41.71301446051168,98.45814977973568,41.71301446051168,"뚜렷한 DEAD TIME 없음",0,0,0,5,"","",TRUE,"분석 가능","서강대역 1번",90.3921023359288,52.169076751946605,"100 - 16개 상권특성의 평균 절대 백분위 차이"
"삼선동주민센터",3110300,"분식전문점",34.366925064599485,96.57701711491443,34.366925064599485,"뚜렷한 DEAD TIME 없음",0,0,0,4,"00~06,21~24","",TRUE,"분석 가능","곰달래도서관",86.04651162790698,93.7984496124031,"100 - 16개 상권특성의 평균 절대 백분위 차이"
"삼선동주민센터",3110300,"호프-간이주점",3.6072144288577155,97.47572815533981,3.6072144288577155,"11~14",97.20670391061452,561.4589665948439,97.20670391061452,5,"","",TRUE,"분석 가능","한성대입구역 3번",90.19288577154309,86.77354709418837,"100 - 16개 상권특성의 평균 절대 백분위 차이"
"삼선동주민센터",3110300,"커피-음료",88.02395209580838,97.96215429403202,88.02395209580838,"뚜렷한 DEAD TIME 없음",0,0,0,5,"","",TRUE,"분석 가능","외대앞역 1번",88.49176646706587,95.35928143712576,"100 - 16개 상권특성의 평균 절대 백분위 차이"
"성신여대입구역 7번",3110301,"한식음식점",88.43159065628477,81.93832599118943,88.43159065628477,"뚜렷한 DEAD TIME 없음",0,0,0,5,"","",TRUE,"분석 가능","정릉우체국",86.56145717463848,91.10122358175751,"100 - 16개 상권특성의 평균 절대 백분위 차이"
"성신여대입구역 7번",3110301,"분식전문점",11.369509043927648,68.7041564792176,11.369509043927648,"06~11",92.24376731301939,54.15570381701701,92.24376731301939,4,"00~06,21~24","",TRUE,"분석 가능","가산동우체국",87.41925064599482,93.54005167958657,"100 - 16개 상권특성의 평균 절대 백분위 차이"
"성신여대입구역 7번",3110301,"호프-간이주점",66.93386773547094,73.39805825242719,66.93386773547094,"뚜렷한 DEAD TIME 없음",0,0,0,4,"06~11","",TRUE,"분석 가능","수유역 2번",90.84418837675351,73.94789579158316,"100 - 16개 상권특성의 평균 절대 백분위 차이"
"성신여대입구역 7번",3110301,"커피-음료",30.988023952095805,78.60262008733623,30.988023952095805,"뚜렷한 DEAD TIME 없음",0,0,0,5,"00~06","",TRUE,"분석 가능","가산동우체국",90.07297904191617,36.227544910179645,"100 - 16개 상권특성의 평균 절대 백분위 차이"
"보문역 8번",3110302,"한식음식점",83.31479421579533,15.748898678414097,83.31479421579533,"뚜렷한 DEAD TIME 없음",0,0,0,5,"","",TRUE,"분석 가능","동구여중",86.77002224694105,97.44160177975529,"100 - 16개 상권특성의 평균 절대 백분위 차이"
"보문역 8번",3110302,"분식전문점",60.20671834625323,6.112469437652812,60.20671834625323,"뚜렷한 DEAD TIME 없음",0,0,0,5,"00~06","",TRUE,"분석 가능","한성대입구역 5번",89.30878552971576,60.72351421188631,"100 - 16개 상권특성의 평균 절대 백분위 차이"
"보문역 8번",3110302,"호프-간이주점",98.99799599198397,6.019417475728155,98.99799599198397,"뚜렷한 DEAD TIME 없음",0,0,0,3,"06~11,11~14","",TRUE,"분석 가능",NA,NA,NA,"100 - 16개 상권특성의 평균 절대 백분위 차이"
"보문역 8번",3110302,"커피-음료",68.26347305389223,10.771470160116449,68.26347305389223,"뚜렷한 DEAD TIME 없음",0,0,0,5,"00~06","",TRUE,"분석 가능","사당5동주민센터",86.90119760479043,92.36526946107784,"100 - 16개 상권특성의 평균 절대 백분위 차이"
"성신여대입구역 1번",3110303,"한식음식점",43.49276974416018,75.55066079295155,43.49276974416018,"뚜렷한 DEAD TIME 없음",0,0,0,5,"","",TRUE,"분석 가능","동묘앞역 2번",87.62513904338154,58.509454949944384,"100 - 16개 상권특성의 평균 절대 백분위 차이"
"성신여대입구역 1번",3110303,"호프-간이주점",18.03607214428858,64.27184466019418,18.03607214428858,"뚜렷한 DEAD TIME 없음",0,0,0,5,"","",TRUE,"분석 가능","수유초등학교",87.374749498998,49.298597194388776,"100 - 16개 상권특성의 평균 절대 백분위 차이"
"성신여대입구역 1번",3110303,"커피-음료",16.317365269461078,70.88791848617177,16.317365269461078,"11~14",90.70464767616193,1906.358198945758,90.70464767616193,5,"","",TRUE,"분석 가능","중앙대학교",91.65419161676647,88.77245508982035,"100 - 16개 상권특성의 평균 절대 백분위 차이"
"성신여대입구역 1번",3110303,"편의점",25.449871465295633,57.75,25.449871465295633,"뚜렷한 DEAD TIME 없음",0,0,0,5,"","",TRUE,"분석 가능","중앙대학교",88.8978149100257,91.77377892030847,"100 - 16개 상권특성의 평균 절대 백분위 차이"
"보문역 4번",3110304,"한식음식점",43.82647385984427,64.97797356828194,43.82647385984427,"뚜렷한 DEAD TIME 없음",0,0,0,5,"00~06","",TRUE,"분석 가능","상왕십리역 3번",87.64599555061179,68.07563959955506,"100 - 16개 상권특성의 평균 절대 백분위 차이"
"보문역 4번",3110304,"커피-음료",54.49101796407185,60.55312954876274,54.49101796407185,"뚜렷한 DEAD TIME 없음",0,0,0,5,"00~06","",TRUE,"분석 가능","서강대역 1번",85.45097305389223,65.71856287425149,"100 - 16개 상권특성의 평균 절대 백분위 차이"
"보문역 4번",3110304,"편의점",89.20308483290489,43.75,89.20308483290489,"뚜렷한 DEAD TIME 없음",0,0,0,5,"","",TRUE,"분석 가능","쌍문역1번(쌍리단길)",85.74871465295631,99.48586118251927,"100 - 16개 상권특성의 평균 절대 백분위 차이"
"보문역 5번",3110305,"한식음식점",20.02224694104561,93.72246696035242,20.02224694104561,"뚜렷한 DEAD TIME 없음",0,0,0,5,"","",TRUE,"분석 가능","광진구청",93.78476084538376,38.37597330367075,"100 - 16개 상권특성의 평균 절대 백분위 차이"
"보문역 5번",3110305,"호프-간이주점",77.15430861723446,90.29126213592234,77.15430861723446,"뚜렷한 DEAD TIME 없음",0,0,0,2,"06~11,11~14,14~17","",TRUE,"분석 가능","선정릉역 4번",86.84869739478958,87.17434869739479,"100 - 16개 상권특성의 평균 절대 백분위 차이"
"보문역 5번",3110305,"커피-음료",27.844311377245507,91.99417758369724,27.844311377245507,"뚜렷한 DEAD TIME 없음",0,0,0,5,"00~06","",TRUE,"분석 가능","효창공원앞역 2번",91.43899700598801,41.91616766467065,"100 - 16개 상권특성의 평균 절대 백분위 차이"
"미아초등학교",3110306,"호프-간이주점",69.53907815631263,3.8834951456310676,69.53907815631263,"뚜렷한 DEAD TIME 없음",0,0,0,1,"06~11,11~14,14~17,17~21","",TRUE,"분석 가능","덕의초등학교",86.32264529058116,71.34268537074149,"100 - 16개 상권특성의 평균 절대 백분위 차이"
"미아초등학교",3110306,"커피-음료",24.70059880239521,7.5691411935953425,24.70059880239521,"21~24",91.18165784832452,192.1760192291448,91.18165784832452,5,"00~06","",TRUE,"분석 가능","홍은종합사회복지관",91.73839820359282,85.77844311377245,"100 - 16개 상권특성의 평균 절대 백분위 차이"
"길음역 7번",3110307,"한식음식점",2.1134593993325916,48.56828193832599,2.1134593993325916,"06~11",100,1026.4343469246805,100,5,"","",TRUE,"분석 가능","상계역",88.17436040044494,78.30923248053394,"100 - 16개 상권특성의 평균 절대 백분위 차이"
"길음역 7번",3110307,"호프-간이주점",33.66733466933868,32.81553398058252,33.66733466933868,"뚜렷한 DEAD TIME 없음",0,0,0,5,"","",TRUE,"분석 가능","개봉역",86.93637274549098,44.68937875751503,"100 - 16개 상권특성의 평균 절대 백분위 차이"
"길음역 8번",3110308,"한식음식점",54.2825361512792,58.920704845814974,54.2825361512792,"뚜렷한 DEAD TIME 없음",0,0,0,5,"","",TRUE,"분석 가능","수유동우체국",87.31229143492769,88.2091212458287,"100 - 16개 상권특성의 평균 절대 백분위 차이"
"길음역 8번",3110308,"분식전문점",10.077519379844961,42.298288508557455,10.077519379844961,"뚜렷한 DEAD TIME 없음",0,0,0,5,"00~06","",TRUE,"분석 가능","영신여고",81.99289405684755,48.57881136950905,"100 - 16개 상권특성의 평균 절대 백분위 차이"
"길음역 8번",3110308,"커피-음료",55.688622754491014,53.85735080058224,55.688622754491014,"뚜렷한 DEAD TIME 없음",0,0,0,5,"","",TRUE,"분석 가능","계상초등학교",84.0943113772455,59.4311377245509,"100 - 16개 상권특성의 평균 절대 백분위 차이"
"대광초등학교",3110309,"커피-음료",44.01197604790419,27.802037845705968,44.01197604790419,"뚜렷한 DEAD TIME 없음",0,0,0,5,"00~06","",TRUE,"분석 가능","경신고등학교",88.43562874251496,44.31137724550898,"100 - 16개 상권특성의 평균 절대 백분위 차이"
"안암역 2번",3110312,"한식음식점",81.86874304783093,42.951541850220266,81.86874304783093,"뚜렷한 DEAD TIME 없음",0,0,0,5,"","",TRUE,"분석 가능","한영중고",82.94632925472747,85.98442714126807,"100 - 16개 상권특성의 평균 절대 백분위 차이"
"안암역 2번",3110312,"분식전문점",59.43152454780362,25.4278728606357,59.43152454780362,"뚜렷한 DEAD TIME 없음",0,0,0,5,"","",TRUE,"분석 가능","솔밭공원역 1번",85.12596899224806,90.18087855297158,"100 - 16개 상권특성의 평균 절대 백분위 차이"
"안암역 2번",3110312,"호프-간이주점",82.56513026052104,26.407766990291265,82.56513026052104,"뚜렷한 DEAD TIME 없음",0,0,0,5,"","",TRUE,"분석 가능","가산디지털단지역 1번 출입구",83.96793587174349,86.57314629258516,"100 - 16개 상권특성의 평균 절대 백분위 차이"
"안암역 2번",3110312,"커피-음료",89.82035928143712,35.516739446870446,89.82035928143712,"뚜렷한 DEAD TIME 없음",0,0,0,5,"","",TRUE,"분석 가능","한영중고",83.39258982035929,92.21556886227546,"100 - 16개 상권특성의 평균 절대 백분위 차이"
"안암역 2번",3110312,"편의점",19.02313624678663,19.75,19.02313624678663,"뚜렷한 DEAD TIME 없음",0,0,0,5,"","",TRUE,"분석 가능","종암중학교",84.41516709511568,41.131105398457585,"100 - 16개 상권특성의 평균 절대 백분위 차이"
"안암역 3번",3110313,"한식음식점",33.9265850945495,89.64757709251101,33.9265850945495,"뚜렷한 DEAD TIME 없음",0,0,0,5,"","",TRUE,"분석 가능","광운대역 1번",85.34482758620689,48.60956618464961,"100 - 16개 상권특성의 평균 절대 백분위 차이"
"안암역 3번",3110313,"분식전문점",40.05167958656331,81.66259168704157,40.05167958656331,"뚜렷한 DEAD TIME 없음",0,0,0,5,"","",TRUE,"분석 가능","광운대역 1번",84.67377260981912,64.59948320413437,"100 - 16개 상권특성의 평균 절대 백분위 차이"
"안암역 3번",3110313,"호프-간이주점",10.02004008016032,84.27184466019418,10.02004008016032,"뚜렷한 DEAD TIME 없음",0,0,0,5,"","",TRUE,"분석 가능","외대앞역 1번",82.96593186372745,14.228456913827655,"100 - 16개 상권특성의 평균 절대 백분위 차이"
"안암역 3번",3110313,"커피-음료",73.20359281437125,87.33624454148472,73.20359281437125,"뚜렷한 DEAD TIME 없음",0,0,0,5,"","",TRUE,"분석 가능","광운대역 1번",85.51646706586826,78.74251497005989,"100 - 16개 상권특성의 평균 절대 백분위 차이"
"안암역 3번",3110313,"편의점",11.053984575835475,81.25,11.053984575835475,"06~11",94.85861182519281,17759.19249711032,94.85861182519281,5,"","",TRUE,"분석 가능","덕성여대시반거리",82.6478149100257,65.03856041131105,"100 - 16개 상권특성의 평균 절대 백분위 차이"
"종암경찰서",3110314,"한식음식점",32.36929922135706,57.048458149779734,32.36929922135706,"뚜렷한 DEAD TIME 없음",0,0,0,5,"","",TRUE,"분석 가능","대흥역 3번",89.01557285873191,46.60734149054505,"100 - 16개 상권특성의 평균 절대 백분위 차이"
"종암경찰서",3110314,"분식전문점",69.25064599483204,40.58679706601467,69.25064599483204,"뚜렷한 DEAD TIME 없음",0,0,0,5,"","",TRUE,"분석 가능","대흥역 3번",87.19315245478036,70.80103359173127,"100 - 16개 상권특성의 평균 절대 백분위 차이"
"종암경찰서",3110314,"호프-간이주점",77.35470941883767,41.16504854368932,77.35470941883767,"뚜렷한 DEAD TIME 없음",0,0,0,5,"","",TRUE,"분석 가능","옥수역 6번",82.75300601202404,87.374749498998,"100 - 16개 상권특성의 평균 절대 백분위 차이"
"종암경찰서",3110314,"커피-음료",86.97604790419162,51.67394468704513,86.97604790419162,"뚜렷한 DEAD TIME 없음",0,0,0,5,"","",TRUE,"분석 가능","방학역 2번",86.44273952095809,88.47305389221557,"100 - 16개 상권특성의 평균 절대 백분위 차이"
"종암아이파크2차",3110315,"한식음식점",5.116796440489433,87.22466960352423,5.116796440489433,"06~11",93.02857142857142,461.99535090549796,93.02857142857142,5,"","",TRUE,"분석 가능","방배아이파크아파트",85.05978865406007,89.9888765294772,"100 - 16개 상권특성의 평균 절대 백분위 차이"
"종암아이파크2차",3110315,"분식전문점",44.44444444444444,77.75061124694376,44.44444444444444,"뚜렷한 DEAD TIME 없음",0,0,0,5,"00~06","",TRUE,"분석 가능","방배아이파크아파트",82.76808785529715,82.94573643410853,"100 - 16개 상권특성의 평균 절대 백분위 차이"
"종암아이파크2차",3110315,"커피-음료",73.80239520958084,84.57059679767104,73.80239520958084,"뚜렷한 DEAD TIME 없음",0,0,0,4,"00~06,21~24","",TRUE,"분석 가능","새남터성지",81.47455089820359,77.9940119760479,"100 - 16개 상권특성의 평균 절대 백분위 차이"
"숭곡초등학교",3110316,"한식음식점",9.232480533926585,97.90748898678414,9.232480533926585,"뚜렷한 DEAD TIME 없음",0,0,0,5,"","",TRUE,"분석 가능","장안근린공원",89.27280311457174,77.30812013348165,"100 - 16개 상권특성의 평균 절대 백분위 차이"
"숭곡초등학교",3110316,"분식전문점",58.656330749354005,95.354523227383865,58.656330749354005,"뚜렷한 DEAD TIME 없음",0,0,0,5,"","",TRUE,"분석 가능","남구로역 3번",86.88630490956074,74.16020671834626,"100 - 16개 상권특성의 평균 절대 백분위 차이"
"숭곡초등학교",3110316,"호프-간이주점",87.5751503006012,96.50485436893203,87.5751503006012,"뚜렷한 DEAD TIME 없음",0,0,0,4,"06~11","",TRUE,"분석 가능","수락산역 4번",82.21442885771543,97.39478957915831,"100 - 16개 상권특성의 평균 절대 백분위 차이"
"숭곡초등학교",3110316,"커피-음료",63.772455089820355,97.23435225618631,63.772455089820355,"뚜렷한 DEAD TIME 없음",0,0,0,5,"00~06","",TRUE,"분석 가능","수락산역 4번",88.37949101796407,79.64071856287424,"100 - 16개 상권특성의 평균 절대 백분위 차이"
"종암중학교",3110317,"한식음식점",83.53726362625139,55.2863436123348,83.53726362625139,"뚜렷한 DEAD TIME 없음",0,0,0,5,"","",TRUE,"분석 가능","청계천박물관",84.00305895439377,94.54949944382648,"100 - 16개 상권특성의 평균 절대 백분위 차이"
"종암중학교",3110317,"커피-음료",86.22754491017965,49.927219796215425,86.22754491017965,"뚜렷한 DEAD TIME 없음",0,0,0,5,"00~06","",TRUE,"분석 가능","보인중학교",81.47455089820359,93.8622754491018,"100 - 16개 상권특성의 평균 절대 백분위 차이"
"종암중학교",3110317,"편의점",41.131105398457585,34,41.131105398457585,"뚜렷한 DEAD TIME 없음",0,0,0,5,"","",TRUE,"분석 가능","홍대부속여중고앞",84.36696658097686,70.95115681233933,"100 - 16개 상권특성의 평균 절대 백분위 차이"
"KT월곡지사",3110318,"한식음식점",62.736373748609566,87.00440528634361,62.736373748609566,"뚜렷한 DEAD TIME 없음",0,0,0,5,"","",TRUE,"분석 가능","용마문화복지센터",85.98442714126809,84.20467185761957,"100 - 16개 상권특성의 평균 절대 백분위 차이"
"종암동주민센터",3110319,"한식음식점",40.934371523915466,81.82819383259911,40.934371523915466,"뚜렷한 DEAD TIME 없음",0,0,0,5,"","",TRUE,"분석 가능","신정롯데캐슬아파트",89.4674638487208,43.159065628476085,"100 - 16개 상권특성의 평균 절대 백분위 차이"
"종암동주민센터",3110319,"분식전문점",30.23255813953488,68.45965770171149,30.23255813953488,"뚜렷한 DEAD TIME 없음",0,0,0,4,"00~06,06~11","",TRUE,"분석 가능","신정롯데캐슬아파트",90.0032299741602,78.0361757105943,"100 - 16개 상권특성의 평균 절대 백분위 차이"
"종암동주민센터",3110319,"호프-간이주점",67.13426853707415,73.20388349514563,67.13426853707415,"뚜렷한 DEAD TIME 없음",0,0,0,5,"","",TRUE,"분석 가능","수락산역 4번",86.89879759519037,97.39478957915831,"100 - 16개 상권특성의 평균 절대 백분위 차이"
"종암동주민센터",3110319,"커피-음료",6.736526946107785,78.4570596797671,6.736526946107785,"06~11",99.23312883435584,201.60283737133125,99.23312883435584,4,"00~06,21~24","",TRUE,"분석 가능","신정롯데캐슬아파트",88.43562874251496,43.862275449101794,"100 - 16개 상권특성의 평균 절대 백분위 차이"
"KB국민은행 종암동지점",3110320,"한식음식점",73.85984427141268,9.361233480176212,73.85984427141268,"뚜렷한 DEAD TIME 없음",0,0,0,5,"00~06","",TRUE,"분석 가능","혜화동주민센터",89.70383759733038,80.64516129032258,"100 - 16개 상권특성의 평균 절대 백분위 차이"
"장위1동주민센터",3110322,"한식음식점",63.84872080088988,56.6079295154185,63.84872080088988,"뚜렷한 DEAD TIME 없음",0,0,0,5,"","",TRUE,"분석 가능","상도4동주민센터",93.777808676307,86.20689655172413,"100 - 16개 상권특성의 평균 절대 백분위 차이"
"장위1동주민센터",3110322,"호프-간이주점",31.462925851703403,40.77669902912621,31.462925851703403,"뚜렷한 DEAD TIME 없음",0,0,0,3,"06~11,11~14","",TRUE,"분석 가능","국립정신건강센터",92.19689378757515,93.78757515030061,"100 - 16개 상권특성의 평균 절대 백분위 차이"
"상월곡역 1번",3110323,"한식음식점",35.37263626251391,79.62555066079295,35.37263626251391,"뚜렷한 DEAD TIME 없음",0,0,0,5,"","",TRUE,"분석 가능","숭실대입구역 4번",90.84399332591768,57.17463848720801,"100 - 16개 상권특성의 평균 절대 백분위 차이"
"상월곡역 1번",3110323,"분식전문점",25.581395348837212,64.79217603911981,25.581395348837212,"뚜렷한 DEAD TIME 없음",0,0,0,5,"","",TRUE,"분석 가능","숭실대입구역 4번",88.63049095607235,57.622739018087856,"100 - 16개 상권특성의 평균 절대 백분위 차이"
"상월곡역 1번",3110323,"호프-간이주점",76.35270541082164,70.09708737864078,76.35270541082164,"뚜렷한 DEAD TIME 없음",0,0,0,5,"","",TRUE,"분석 가능","한성대입구역 3번",81.187374749499,86.77354709418837,"100 - 16개 상권특성의 평균 절대 백분위 차이"
"상월곡역 1번",3110323,"커피-음료",70.95808383233533,75.69141193595343,70.95808383233533,"뚜렷한 DEAD TIME 없음",0,0,0,5,"","",TRUE,"분석 가능","4.19민주묘지역 2번",88.86601796407186,88.92215568862275,"100 - 16개 상권특성의 평균 절대 백분위 차이"
"장곡초등학교",3110325,"한식음식점",54.50500556173527,65.30837004405286,54.50500556173527,"뚜렷한 DEAD TIME 없음",0,0,0,5,"","",TRUE,"분석 가능","쌍문2동우체국",88.08398220244716,68.63181312569522,"100 - 16개 상권특성의 평균 절대 백분위 차이"
"장곡초등학교",3110325,"분식전문점",80.36175710594316,49.38875305623472,80.36175710594316,"뚜렷한 DEAD TIME 없음",0,0,0,5,"00~06","",TRUE,"분석 가능","미아역 5번",85.91731266149871,95.34883720930233,"100 - 16개 상권특성의 평균 절대 백분위 차이"
"장곡초등학교",3110325,"호프-간이주점",54.90981963927856,51.262135922330096,54.90981963927856,"14~17",95.20697167755992,147.74926177744487,95.20697167755992,3,"06~11,11~14","",TRUE,"분석 가능","천호공원(해공체육문화센터)",89.87975951903809,74.9498997995992,"100 - 16개 상권특성의 평균 절대 백분위 차이"
"장곡초등학교",3110325,"편의점",74.80719794344472,44,74.80719794344472,"뚜렷한 DEAD TIME 없음",0,0,0,5,"","",TRUE,"분석 가능","당고개역 5번",87.08226221079691,89.46015424164524,"100 - 16개 상권특성의 평균 절대 백분위 차이"
"상월곡역 2번",3110327,"한식음식점",53.39265850945495,86.45374449339207,53.39265850945495,"뚜렷한 DEAD TIME 없음",0,0,0,5,"","",TRUE,"분석 가능","돌곶이역 8번",90.5241935483871,82.64738598442715,"100 - 16개 상권특성의 평균 절대 백분위 차이"
"상월곡역 2번",3110327,"커피-음료",44.16167664670659,83.84279475982532,44.16167664670659,"21~24",96.11992945326278,413.42573482343255,96.11992945326278,5,"00~06","",TRUE,"분석 가능","영신초등학교",89.74550898203593,87.27544910179641,"100 - 16개 상권특성의 평균 절대 백분위 차이"
"상월곡역 3번",3110328,"한식음식점",21.69076751946607,62.66519823788547,21.69076751946607,"17~21",96.32925472747496,1239.9835354192844,96.32925472747496,5,"","",TRUE,"분석 가능","한성대입구역 5번",90.7119021134594,21.913236929922135,"100 - 16개 상권특성의 평균 절대 백분위 차이"
"상월곡역 3번",3110328,"커피-음료",51.646706586826355,57.933042212518195,51.646706586826355,"뚜렷한 DEAD TIME 없음",0,0,0,5,"00~06","",TRUE,"분석 가능","보문역 8번",91.82260479041916,68.26347305389223,"100 - 16개 상권특성의 평균 절대 백분위 차이"
"상월곡역 3번",3110328,"편의점",55.012853470437015,41.5,55.012853470437015,"뚜렷한 DEAD TIME 없음",0,0,0,5,"","",TRUE,"분석 가능","쌍문역1번(쌍리단길)",87.05012853470437,99.48586118251927,"100 - 16개 상권특성의 평균 절대 백분위 차이"
"우리은행체육관",3110329,"한식음식점",56.729699666295886,58.25991189427313,56.729699666295886,"뚜렷한 DEAD TIME 없음",0,0,0,5,"","",TRUE,"분석 가능","석관중앙교회",88.76529477196885,68.29810901001112,"100 - 16개 상권특성의 평균 절대 백분위 차이"
"우리은행체육관",3110329,"호프-간이주점",19.438877755511022,42.71844660194174,19.438877755511022,"뚜렷한 DEAD TIME 없음",0,0,0,4,"06~11","",TRUE,"분석 가능","장위1동주민센터",89.95490981963928,31.462925851703403,"100 - 16개 상권특성의 평균 절대 백분위 차이"
"돌곶이역 1번",3110330,"한식음식점",41.490545050055616,61.67400881057269,41.490545050055616,"뚜렷한 DEAD TIME 없음",0,0,0,5,"","",TRUE,"분석 가능","상왕십리역 3번",87.15934371523916,68.07563959955506,"100 - 16개 상권특성의 평균 절대 백분위 차이"
"돌곶이역 1번",3110330,"호프-간이주점",52.104208416833664,46.213592233009706,52.104208416833664,"뚜렷한 DEAD TIME 없음",0,0,0,3,"06~11,11~14","",TRUE,"분석 가능","청구역 1번",87.5501002004008,67.53507014028057,"100 - 16개 상권특성의 평균 절대 백분위 차이"
"돌곶이역 1번",3110330,"커피-음료",29.94011976047904,56.91411935953421,29.94011976047904,"뚜렷한 DEAD TIME 없음",0,0,0,5,"00~06","",TRUE,"분석 가능","쌍문역1번(쌍리단길)",89.01571856287424,99.7005988023952,"100 - 16개 상권특성의 평균 절대 백분위 차이"
"돌곶이역 8번",3110331,"한식음식점",82.64738598442715,70.81497797356829,82.64738598442715,"뚜렷한 DEAD TIME 없음",0,0,0,5,"","",TRUE,"분석 가능","용마문화복지센터",85.37958843159066,84.20467185761957,"100 - 16개 상권특성의 평균 절대 백분위 차이"
"돌곶이역 8번",3110331,"분식전문점",NA,55.501222493887525,NA,"뚜렷한 DEAD TIME 없음",0,0,0,0,"","00~06,06~11,11~14,14~17,17~21,21~24",FALSE,"활동 또는 관측 근거 부족",NA,NA,NA,"100 - 16개 상권특성의 평균 절대 백분위 차이"
"돌곶이역 8번",3110331,"호프-간이주점",97.59519038076152,58.05825242718446,97.59519038076152,"뚜렷한 DEAD TIME 없음",0,0,0,2,"06~11,11~14,14~17","",TRUE,"분석 가능","보라매역 6번",83.96793587174349,98.39679358717434,"100 - 16개 상권특성의 평균 절대 백분위 차이"
"돌곶이역 8번",3110331,"커피-음료",68.7125748502994,65.93886462882097,68.7125748502994,"뚜렷한 DEAD TIME 없음",0,0,0,5,"","",TRUE,"분석 가능","연신내역 7번",89.09056886227546,76.79640718562875,"100 - 16개 상권특성의 평균 절대 백분위 차이"
"돌곶이역 3번",3110332,"한식음식점",93.65962180200222,35.352422907488986,93.65962180200222,"뚜렷한 DEAD TIME 없음",0,0,0,5,"","",TRUE,"분석 가능","황학코아루아파트",85.13626251390434,94.9944382647386,"100 - 16개 상권특성의 평균 절대 백분위 차이"
"돌곶이역 5번",3110333,"한식음식점",87.65294771968854,39.09691629955947,87.65294771968854,"뚜렷한 DEAD TIME 없음",0,0,0,5,"","",TRUE,"분석 가능","행당역 2번",83.99610678531701,92.43604004449388,"100 - 16개 상권특성의 평균 절대 백분위 차이"
"돌곶이역 5번",3110333,"분식전문점",33.33333333333333,22.249388753056234,33.33333333333333,"11~14",95.32467532467533,652.672102211998,95.32467532467533,4,"06~11","",TRUE,"분석 가능","상왕십리역 3번",87.70994832041343,72.09302325581395,"100 - 16개 상권특성의 평균 절대 백분위 차이"
"돌곶이역 5번",3110333,"호프-간이주점",96.39278557114228,23.106796116504853,96.39278557114228,"뚜렷한 DEAD TIME 없음",0,0,0,5,"","",TRUE,"분석 가능","보문역 8번",82.27705410821645,98.99799599198397,"100 - 16개 상권특성의 평균 절대 백분위 차이"
"돌곶이역 5번",3110333,"커피-음료",47.90419161676647,32.02328966521107,47.90419161676647,"뚜렷한 DEAD TIME 없음",0,0,0,5,"00~06","",TRUE,"분석 가능","서울여자간호대학교",90.40980538922156,57.18562874251497,"100 - 16개 상권특성의 평균 절대 백분위 차이"
"석관중앙교회",3110334,"한식음식점",68.29810901001112,89.97797356828194,68.29810901001112,"뚜렷한 DEAD TIME 없음",0,0,0,5,"","",TRUE,"분석 가능","송중동주민센터",86.99944382647386,71.52391546162403,"100 - 16개 상권특성의 평균 절대 백분위 차이"
"석계역 7번",3110335,"한식음식점",37.37486095661847,90.19823788546255,37.37486095661847,"뚜렷한 DEAD TIME 없음",0,0,0,5,"","",TRUE,"분석 가능","경춘선숲길 우측",89.293659621802007,38.70967741935484,"100 - 16개 상권특성의 평균 절대 백분위 차이"
"석계역 7번",3110335,"분식전문점",2.842377260981912,82.15158924205379,2.842377260981912,"14~17",97.66233766233766,326.3296340855187,97.66233766233766,4,"00~06,06~11","",TRUE,"분석 가능","성신여대입구역 7번",85.85271317829456,11.369509043927648,"100 - 16개 상권특성의 평균 절대 백분위 차이"
"석계역 7번",3110335,"호프-간이주점",5.61122244488978,85.04854368932038,5.61122244488978,"11~14",100,2045.3502548367123,100,5,"","",TRUE,"분석 가능","메가박스 상봉",88.47695390781564,91.58316633266533,"100 - 16개 상권특성의 평균 절대 백분위 차이"
"석계역 7번",3110335,"커피-음료",98.65269461077844,87.91848617176127,98.65269461077844,"뚜렷한 DEAD TIME 없음",0,0,0,5,"","",TRUE,"분석 가능","남강고등학교(남강중학교)",85.20770958083833,100,"100 - 16개 상권특성의 평균 절대 백분위 차이"
"석계역 7번",3110335,"편의점",97.68637532133675,82,97.68637532133675,"뚜렷한 DEAD TIME 없음",0,0,0,5,"","",TRUE,"분석 가능",NA,NA,NA,"100 - 16개 상권특성의 평균 절대 백분위 차이"
"석관고등학교",3110336,"한식음식점",72.63626251390434,26.982378854625548,72.63626251390434,"뚜렷한 DEAD TIME 없음",0,0,0,5,"","",TRUE,"분석 가능","난향초등학교",87.38181312569522,87.98665183537263,"100 - 16개 상권특성의 평균 절대 백분위 차이"
"석관고등학교",3110336,"호프-간이주점",2.404809619238477,13.009708737864079,2.404809619238477,"17~21",97.38955823293173,173.05287036660556,97.38955823293173,5,"","",TRUE,"분석 가능","혜원여고",87.29959919839679,94.98997995991984,"100 - 16개 상권특성의 평균 절대 백분위 차이"
"아카데미하우스",3110337,"한식음식점",88.65406006674083,33.70044052863436,88.65406006674083,"뚜렷한 DEAD TIME 없음",0,0,0,5,"","",TRUE,"분석 가능","대림1동주민센터",88.54282536151278,91.43492769744161,"100 - 16개 상권특성의 평균 절대 백분위 차이"
"아카데미하우스",3110337,"커피-음료",78.2934131736527,27.074235807860266,78.2934131736527,"뚜렷한 DEAD TIME 없음",0,0,0,5,"","",TRUE,"분석 가능","구로4동주민센터",84.87088323353294,94.76047904191617,"100 - 16개 상권특성의 평균 절대 백분위 차이"
"국립4.19민주묘지",3110339,"한식음식점",74.74972191323694,1.1013215859030838,74.74972191323694,"뚜렷한 DEAD TIME 없음",0,0,0,5,"","",TRUE,"분석 가능","금강수목원아파트",86.00528364849833,79.64404894327029,"100 - 16개 상권특성의 평균 절대 백분위 차이"
"국립4.19민주묘지",3110339,"호프-간이주점",11.823647294589177,0.5825242718446602,11.823647294589177,"14~17",90.41394335511983,86.1806759463446,90.41394335511983,4,"11~14","",TRUE,"분석 가능","의릉",86.97394789579158,61.923847695390776,"100 - 16개 상권특성의 평균 절대 백분위 차이"
"인수중학교",3110340,"한식음식점",0.33370411568409347,23.017621145374452,0.33370411568409347,"06~11",98.28571428571429,146.1037870030502,98.28571428571429,5,"","",TRUE,"분석 가능","영천시장입구",90.21134593993327,40.48943270300334,"100 - 16개 상권특성의 평균 절대 백분위 차이"
"북한산우이역 2번",3110341,"한식음식점",78.1979977753059,18.612334801762113,78.1979977753059,"뚜렷한 DEAD TIME 없음",0,0,0,5,"","",TRUE,"분석 가능","서울북부고용노동지청",79.77614015572858,92.880978865406007,"100 - 16개 상권특성의 평균 절대 백분위 차이"
"북한산우이역 2번",3110341,"분식전문점",32.299741602067186,7.579462102689487,32.299741602067186,"17~21",95.58441558441558,1167.042024038752,95.58441558441558,4,"21~24","",TRUE,"분석 가능","시흥4동주민센터(서울신흥초등학교)",80.58785529715762,37.2093023255814,"100 - 16개 상권특성의 평균 절대 백분위 차이"
"북한산우이역 2번",3110341,"호프-간이주점",98.79759519038076,7.766990291262135,98.79759519038076,"뚜렷한 DEAD TIME 없음",0,0,0,5,"","",TRUE,"분석 가능",NA,NA,NA,"100 - 16개 상권특성의 평균 절대 백분위 차이"
"북한산우이역 2번",3110341,"커피-음료",8.982035928143713,13.24599708879185,8.982035928143713,"17~21",93.69369369369369,1468.937418472982,93.69369369369369,4,"00~06,21~24","",TRUE,"분석 가능","솔밭공원역 2번",86.1059131736527,19.46107784431138,"100 - 16개 상권특성의 평균 절대 백분위 차이"
"북한산우이역 2번",3110341,"편의점",94.60154241645245,4.75,94.60154241645245,"뚜렷한 DEAD TIME 없음",0,0,0,5,"","",TRUE,"분석 가능","이화달팽이길",80.47879177377892,100,"100 - 16개 상권특성의 평균 절대 백분위 차이"
"국립재활원",3110342,"분식전문점",3.359173126614987,51.58924205378973,3.359173126614987,"11~14",98.96103896103897,262.8060518980113,98.96103896103897,4,"00~06,06~11","",TRUE,"분석 가능","당고개역 5번",90.61692506459949,10.852713178294573,"100 - 16개 상권특성의 평균 절대 백분위 차이"
"국립재활원",3110342,"편의점",21.336760925449873,46.75,21.336760925449873,"뚜렷한 DEAD TIME 없음",0,0,0,5,"","",TRUE,"분석 가능","연천초등학교",88.65681233933162,34.70437017994858,"100 - 16개 상권특성의 평균 절대 백분위 차이"
"무너미어린이공원",3110343,"한식음식점",5.672969966629588,47.57709251101321,5.672969966629588,"06~11",95.54285714285714,58.61170628709,95.54285714285714,5,"","",TRUE,"분석 가능","도봉우체국",92.35956618464961,74.972191323693,"100 - 16개 상권특성의 평균 절대 백분위 차이"
"무너미어린이공원",3110343,"분식전문점",63.04909560723514,30.073349633251834,63.04909560723514,"뚜렷한 DEAD TIME 없음",0,0,0,5,"","",TRUE,"분석 가능","장곡초등학교",89.30878552971576,80.36175710594316,"100 - 16개 상권특성의 평균 절대 백분위 차이"
"무너미어린이공원",3110343,"커피-음료",6.58682634730539,40.90247452692867,6.58682634730539,"06~11",98.00613496932516,62.313935803800646,98.00613496932516,5,"00~06","",TRUE,"분석 가능","당고개역 5번",93.95583832335329,99.8502994011976,"100 - 16개 상권특성의 평균 절대 백분위 차이"
"무너미어린이공원",3110343,"편의점",2.313624678663239,23.75,2.313624678663239,"11~14",97.68637532133675,22052.582758758497,97.68637532133675,5,"","",TRUE,"분석 가능","당고개역 5번",89.1388174807198,89.46015424164524,"100 - 16개 상권특성의 평균 절대 백분위 차이"
"화계중학교",3110344,"한식음식점",3.4482758620689653,26.431718061674008,3.4482758620689653,"21~24",98.65016872890888,89.20217766331962,98.65016872890888,5,"00~06","",TRUE,"분석 가능","봉원사",86.9785873192436,99.88876529477196,"100 - 16개 상권특성의 평균 절대 백분위 차이"
"화계중학교",3110344,"커피-음료",12.574850299401197,20.815138282387192,12.574850299401197,"11~14",93.55322338830585,156.38809706205404,93.55322338830585,3,"00~06,06~11,21~24","",TRUE,"분석 가능","봉원사",85.59131736526946,50.44910179640718,"100 - 16개 상권특성의 평균 절대 백분위 차이"
"솔밭공원역 2번",3110345,"한식음식점",72.08008898776419,37.11453744493392,72.08008898776419,"뚜렷한 DEAD TIME 없음",0,0,0,5,"","",TRUE,"분석 가능","연신내역 2번",85.75500556173526,84.53837597330367,"100 - 16개 상권특성의 평균 절대 백분위 차이"
"솔밭공원역 2번",3110345,"호프-간이주점",13.026052104208416,21.35922330097087,13.026052104208416,"뚜렷한 DEAD TIME 없음",0,0,0,4,"06~11","",TRUE,"분석 가능","도신초등학교",88.15130260521042,68.7374749498998,"100 - 16개 상권특성의 평균 절대 백분위 차이"
"솔밭공원역 2번",3110345,"커피-음료",19.46107784431138,29.985443959243085,19.46107784431138,"17~21",95.04504504504504,1209.675217767067,95.04504504504504,4,"00~06,21~24","",TRUE,"분석 가능","시흥4동주민센터(서울신흥초등학교)",87.93038922155688,98.05389221556887,"100 - 16개 상권특성의 평균 절대 백분위 차이"
"4.19민주묘지역 2번",3110346,"한식음식점",74.3047830923248,62.88546255506608,74.3047830923248,"뚜렷한 DEAD TIME 없음",0,0,0,5,"","",TRUE,"분석 가능","방화역 2번",83.69716351501668,96.88542825361512,"100 - 16개 상권특성의 평균 절대 백분위 차이"
"4.19민주묘지역 2번",3110346,"분식전문점",79.84496124031007,46.454767726161364,79.84496124031007,"뚜렷한 DEAD TIME 없음",0,0,0,5,"00~06","",TRUE,"분석 가능","백산초등학교",80.4748062015504,90.69767441860465,"100 - 16개 상권특성의 평균 절대 백분위 차이"
"4.19민주묘지역 2번",3110346,"호프-간이주점",9.418837675350701,47.96116504854369,9.418837675350701,"뚜렷한 DEAD TIME 없음",0,0,0,5,"","",TRUE,"분석 가능","수유역 2번",83.16633266533067,73.94789579158316,"100 - 16개 상권특성의 평균 절대 백분위 차이"
"4.19민주묘지역 2번",3110346,"커피-음료",88.92215568862275,58.22416302765647,88.92215568862275,"뚜렷한 DEAD TIME 없음",0,0,0,5,"","",TRUE,"분석 가능","숭실대입구역 4번",84.12238023952095,98.80239520958084,"100 - 16개 상권특성의 평균 절대 백분위 차이"
"4.19민주묘지역 2번",3110346,"편의점",41.645244215938305,42,41.645244215938305,"뚜렷한 DEAD TIME 없음",0,0,0,5,"","",TRUE,"분석 가능","이수역 9번",86.31105398457584,83.29048843187661,"100 - 16개 상권특성의 평균 절대 백분위 차이"
"강북문화예술회관",3110348,"한식음식점",66.85205784204672,92.62114537444934,66.85205784204672,"뚜렷한 DEAD TIME 없음",0,0,0,5,"","",TRUE,"분석 가능","굽은다리역 2번",89.62736373748609,78.9766407119021,"100 - 16개 상권특성의 평균 절대 백분위 차이"
"강북문화예술회관",3110348,"호프-간이주점",59.719438877755515,88.7378640776699,59.719438877755515,"뚜렷한 DEAD TIME 없음",0,0,0,4,"06~11","",TRUE,"분석 가능","굽은다리역 2번",87.95090180360722,65.7314629258517,"100 - 16개 상권특성의 평균 절대 백분위 차이"
"강북문화예술회관",3110348,"커피-음료",75.2994011976048,90.68413391557496,75.2994011976048,"뚜렷한 DEAD TIME 없음",0,0,0,5,"00~06","",TRUE,"분석 가능","굽은다리역 2번",87.28480538922156,98.95209580838323,"100 - 16개 상권특성의 평균 절대 백분위 차이"
"강북문화예술회관",3110348,"편의점",18.76606683804627,86.25,18.76606683804627,"뚜렷한 DEAD TIME 없음",0,0,0,5,"","",TRUE,"분석 가능","강서고등학교",89.95822622107968,92.2879177377892,"100 - 16개 상권특성의 평균 절대 백분위 차이"
"화계역 2번",3110349,"호프-간이주점",41.68336673346693,20,41.68336673346693,"뚜렷한 DEAD TIME 없음",0,0,0,4,"06~11","",TRUE,"분석 가능","혜원여고",89.37875751503006,94.98997995991984,"100 - 16개 상권특성의 평균 절대 백분위 차이"
"가오리역 2번",3110350,"한식음식점",61.846496106785324,45.59471365638766,61.846496106785324,"뚜렷한 DEAD TIME 없음",0,0,0,5,"00~06","",TRUE,"분석 가능","도봉우체국",87.55561735261401,74.972191323693,"100 - 16개 상권특성의 평균 절대 백분위 차이"
"가오리역 2번",3110350,"분식전문점",43.669250645994836,28.117359413202937,43.669250645994836,"06~11",95.29085872576178,63.72488293227546,95.29085872576178,4,"00~06,21~24","",TRUE,"분석 가능","대림역 2번",85.88501291989664,83.97932816537468,"100 - 16개 상권특성의 평균 절대 백분위 차이"
"가오리역 2번",3110350,"호프-간이주점",96.9939879759519,28.932038834951456,96.9939879759519,"뚜렷한 DEAD TIME 없음",0,0,0,2,"06~11,11~14,14~17","",TRUE,"분석 가능",NA,NA,NA,"100 - 16개 상권특성의 평균 절대 백분위 차이"
"가오리역 2번",3110350,"커피-음료",72.90419161676647,38.427947598253276,72.90419161676647,"뚜렷한 DEAD TIME 없음",0,0,0,5,"00~06","",TRUE,"분석 가능","쌍문2동우체국",88.84730538922156,90.11976047904191,"100 - 16개 상권특성의 평균 절대 백분위 차이"
"수유북부시장옆",3110351,"한식음식점",36.26251390433816,34.030837004405285,36.26251390433816,"14~17",91.75946547884188,631.9586980614333,91.75946547884188,5,"","",TRUE,"분석 가능","난향초등학교",90.60066740823136,87.98665183537263,"100 - 16개 상권특성의 평균 절대 백분위 차이"
"수유북부시장옆",3110351,"호프-간이주점",NA,17.864077669902912,NA,"뚜렷한 DEAD TIME 없음",0,0,0,0,"","00~06,06~11,11~14,14~17,17~21,21~24",FALSE,"활동 또는 관측 근거 부족",NA,NA,NA,"100 - 16개 상권특성의 평균 절대 백분위 차이"
"수유1동주민센터",3110352,"한식음식점",29.810901001112345,84.36123348017621,29.810901001112345,"뚜렷한 DEAD TIME 없음",0,0,0,5,"","",TRUE,"분석 가능","삼성산자연공원(서울금천초등학교)",91.76167964404894,93.77085650723026,"100 - 16개 상권특성의 평균 절대 백분위 차이"
"수유1동주민센터",3110352,"분식전문점",3.6175710594315245,73.34963325183375,3.6175710594315245,"14~17",98.7012987012987,819.8434343428745,98.7012987012987,3,"00~06,17~21,21~24","",TRUE,"분석 가능","역촌노인복지관",90.58462532299741,14.728682170542637,"100 - 16개 상권특성의 평균 절대 백분위 차이"
"수유1동주민센터",3110352,"호프-간이주점",96.79358717434869,76.89320388349515,96.79358717434869,"뚜렷한 DEAD TIME 없음",0,0,0,3,"06~11,11~14","",TRUE,"분석 가능","역촌역 3번",85.10771543086173,98.59719438877755,"100 - 16개 상권특성의 평균 절대 백분위 차이"
"수유1동주민센터",3110352,"편의점",37.275064267352185,71.25,37.275064267352185,"뚜렷한 DEAD TIME 없음",0,0,0,5,"","",TRUE,"분석 가능","신곡초등학교",88.75321336760925,54.498714652956295,"100 - 16개 상권특성의 평균 절대 백분위 차이"
"수유동우체국",3110353,"한식음식점",88.2091212458287,62.22466960352423,88.2091212458287,"뚜렷한 DEAD TIME 없음",0,0,0,5,"","",TRUE,"분석 가능","서울북부고용노동지청",83.78058954393771,92.880978865406007,"100 - 16개 상권특성의 평균 절대 백분위 차이"
"수유동우체국",3110353,"호프-간이주점",28.857715430861724,47.18446601941748,28.857715430861724,"17~21",92.570281124498,120.59112623491407,92.570281124498,3,"11~14,14~17","",TRUE,"분석 가능","가오리역 1번",90.80661322645291,53.50701402805611,"100 - 16개 상권특성의 평균 절대 백분위 차이"
"수유동우체국",3110353,"편의점",0.5141388174807198,40.5,0.5141388174807198,"11~14",99.74293059125964,16378.981481104154,99.74293059125964,5,"","",TRUE,"분석 가능","신길3동주민센터",87.82133676092545,89.97429305912597,"100 - 16개 상권특성의 평균 절대 백분위 차이"
"삼각산119안전센터",3110354,"한식음식점",94.88320355951056,3.303964757709251,94.88320355951056,"뚜렷한 DEAD TIME 없음",0,0,0,5,"","",TRUE,"분석 가능","창동중학교",88.1952169076752,97.55283648498332,"100 - 16개 상권특성의 평균 절대 백분위 차이"
"삼각산119안전센터",3110354,"커피-음료",94.16167664670658,2.4745269286754,94.16167664670658,"뚜렷한 DEAD TIME 없음",0,0,0,5,"00~06","",TRUE,"분석 가능","상계역",82.37275449101796,96.40718562874252,"100 - 16개 상권특성의 평균 절대 백분위 차이"
"삼양사거리역 2번",3110355,"한식음식점",50.50055617352614,76.3215859030837,50.50055617352614,"뚜렷한 DEAD TIME 없음",0,0,0,5,"","",TRUE,"분석 가능","미아역 5번",88.46635150166853,57.8420467185762,"100 - 16개 상권특성의 평균 절대 백분위 차이"
"삼양사거리역 2번",3110355,"커피-음료",60.47904191616767,71.90684133915575,60.47904191616767,"뚜렷한 DEAD TIME 없음",0,0,0,5,"","",TRUE,"분석 가능","쌍문2동우체국",89.4554640718563,90.11976047904191,"100 - 16개 상권특성의 평균 절대 백분위 차이"
"덕수교",3110356,"한식음식점",87.87541713014461,59.03083700440529,87.87541713014461,"뚜렷한 DEAD TIME 없음",0,0,0,5,"","",TRUE,"분석 가능","예술인마을",85.5464404894327,97.8865406006674,"100 - 16개 상권특성의 평균 절대 백분위 차이"
"덕수교",3110356,"호프-간이주점",29.659318637274552,43.30097087378641,29.659318637274552,"뚜렷한 DEAD TIME 없음",0,0,0,3,"06~11,11~14","",TRUE,"분석 가능","개웅초등학교(개웅중학교)",87.09919839679358,49.899799599198396,"100 - 16개 상권특성의 평균 절대 백분위 차이"
"가오리역 1번",3110357,"한식음식점",67.96440489432703,59.140969162995596,67.96440489432703,"뚜렷한 DEAD TIME 없음",0,0,0,5,"","",TRUE,"분석 가능","수유동우체국",89.51612903225806,88.2091212458287,"100 - 16개 상권특성의 평균 절대 백분위 차이"
"가오리역 1번",3110357,"호프-간이주점",53.50701402805611,43.49514563106796,53.50701402805611,"뚜렷한 DEAD TIME 없음",0,0,0,3,"06~11,11~14","",TRUE,"분석 가능","덕의초등학교",87.562625250501,71.34268537074149,"100 - 16개 상권특성의 평균 절대 백분위 차이"
"가오리역 1번",3110357,"커피-음료",0.4491017964071856,54.00291120815138,0.4491017964071856,"17~21",97.74774774774775,504.95576022246007,97.74774774774775,2,"00~06,06~11,11~14,21~24","",TRUE,"분석 가능","당고개역 2번",87.96781437125748,20.958083832335326,"100 - 16개 상권특성의 평균 절대 백분위 차이"
"인수동 우편취급국",3110358,"한식음식점",7.563959955506118,64.64757709251101,7.563959955506118,"06~11",90.62857142857142,442.62876961318693,90.62857142857142,5,"","",TRUE,"분석 가능","마장역 3번",92.02586206896551,98.66518353726363,"100 - 16개 상권특성의 평균 절대 백분위 차이"
"인수동 우편취급국",3110358,"호프-간이주점",7.014028056112225,50.29126213592233,7.014028056112225,"뚜렷한 DEAD TIME 없음",0,0,0,5,"","",TRUE,"분석 가능","성신여대입구역 7번",88.86523046092184,66.93386773547094,"100 - 16개 상권특성의 평균 절대 백분위 차이"
"인수동 우편취급국",3110358,"커피-음료",9.281437125748502,60.26200873362445,9.281437125748502,"14~17",94.01197604790418,581.3213356334858,94.01197604790418,5,"","",TRUE,"분석 가능","성신여대입구역 7번",88.5198353293413,30.988023952095805,"100 - 16개 상권특성의 평균 절대 백분위 차이"
"수유시장옆",3110359,"한식음식점",4.894327030033371,79.95594713656388,4.894327030033371,"06~11",99.88571428571429,677.0124672643068,99.88571428571429,5,"","",TRUE,"분석 가능","성신여대운정그린캠퍼스",89.76640711902114,24.582869855394883,"100 - 16개 상권특성의 평균 절대 백분위 차이"
"수유시장옆",3110359,"호프-간이주점",NA,70.48543689320388,NA,"뚜렷한 DEAD TIME 없음",0,0,0,0,"","00~06,06~11,11~14,14~17,17~21,21~24",FALSE,"활동 또는 관측 근거 부족",NA,NA,NA,"100 - 16개 상권특성의 평균 절대 백분위 차이"
"수유시장옆",3110359,"커피-음료",7.18562874251497,76.12809315866085,7.18562874251497,"17~21",90.69069069069069,711.8689385730478,90.69069069069069,4,"00~06,21~24","",TRUE,"분석 가능","강동구립 천호도서관",89.40868263473054,77.09580838323353,"100 - 16개 상권특성의 평균 절대 백분위 차이"
"수유초등학교",3110360,"한식음식점",58.39822024471635,73.568281938326,58.39822024471635,"뚜렷한 DEAD TIME 없음",0,0,0,5,"","",TRUE,"분석 가능","수유역 2번",89.86373748609566,65.29477196885428,"100 - 16개 상권특성의 평균 절대 백분위 차이"
"수유초등학교",3110360,"분식전문점",0.2583979328165375,57.94621026894865,0.2583979328165375,"17~21",99.74025974025975,826.3497281073952,99.74025974025975,3,"00~06,06~11,21~24","",TRUE,"분석 가능","성신여대입구역 7번",89.5671834625323,11.369509043927648,"100 - 16개 상권특성의 평균 절대 백분위 차이"
"수유초등학교",3110360,"호프-간이주점",49.298597194388776,61.74757281553398,49.298597194388776,"뚜렷한 DEAD TIME 없음",0,0,0,5,"","",TRUE,"분석 가능","수유역 2번",91.60821643286573,73.94789579158316,"100 - 16개 상권특성의 평균 절대 백분위 차이"
"수유초등학교",3110360,"커피-음료",20.359281437125748,68.5589519650655,20.359281437125748,"뚜렷한 DEAD TIME 없음",0,0,0,4,"00~06,21~24","",TRUE,"분석 가능","성신여대입구역 7번",90.42851796407186,30.988023952095805,"100 - 16개 상권특성의 평균 절대 백분위 차이"
"수유초등학교",3110360,"편의점",26.735218508997427,56.00000000000001,26.735218508997427,"뚜렷한 DEAD TIME 없음",0,0,0,5,"","",TRUE,"분석 가능","서울시립대",87.77313624678663,54.75578406169666,"100 - 16개 상권특성의 평균 절대 백분위 차이"
"삼양사거리역 1번",3110361,"한식음식점",0,67.07048458149781,0,"17~21",100,870.5082993433554,100,5,"00~06","",TRUE,"분석 가능","길음역 8번",90.08620689655173,54.2825361512792,"100 - 16개 상권특성의 평균 절대 백분위 차이"
"삼양사거리역 1번",3110361,"편의점",26.221079691516707,47,26.221079691516707,"뚜렷한 DEAD TIME 없음",0,0,0,5,"","",TRUE,"분석 가능","천호초등학교",90.45629820051414,45.501285347043705,"100 - 16개 상권특성의 평균 절대 백분위 차이"
"우이천 계성교",3110362,"한식음식점",43.937708565072306,46.47577092511013,43.937708565072306,"뚜렷한 DEAD TIME 없음",0,0,0,5,"","",TRUE,"분석 가능","증산역 3번",91.65044493882091,44.38264738598443,"100 - 16개 상권특성의 평균 절대 백분위 차이"
"우이천 계성교",3110362,"호프-간이주점",39.879759519038075,30.485436893203882,39.879759519038075,"뚜렷한 DEAD TIME 없음",0,0,0,3,"06~11,11~14","",TRUE,"분석 가능","증산역 3번",89.64178356713427,42.28456913827655,"100 - 16개 상권특성의 평균 절대 백분위 차이"
"우이천 계성교",3110362,"커피-음료",36.97604790419162,39.44687045123727,36.97604790419162,"뚜렷한 DEAD TIME 없음",0,0,0,4,"00~06,21~24","",TRUE,"분석 가능","방배노인종합복지관(이수중학교)",89.97005988023953,92.06586826347305,"100 - 16개 상권특성의 평균 절대 백분위 차이"
"우이천 계성교",3110362,"편의점",94.85861182519281,22.5,94.85861182519281,"뚜렷한 DEAD TIME 없음",0,0,0,5,"","",TRUE,"분석 가능",NA,NA,NA,"100 - 16개 상권특성의 평균 절대 백분위 차이"
"송천동주민센터",3110363,"한식음식점",17.908787541713014,23.568281938325992,17.908787541713014,"11~14",96.20958751393533,276.970728337214,96.20958751393533,5,"","",TRUE,"분석 가능","동대문경찰서",89.37708565072303,93.99332591768632,"100 - 16개 상권특성의 평균 절대 백분위 차이"
"미아역 8번",3110364,"한식음식점",22.914349276974416,93.5022026431718,22.914349276974416,"뚜렷한 DEAD TIME 없음",0,0,0,5,"","",TRUE,"분석 가능","천호지구대(천호동자전거거리)",87.61818687430478,57.95328142380423,"100 - 16개 상권특성의 평균 절대 백분위 차이"
"미아역 8번",3110364,"분식전문점",88.11369509043928,88.01955990220048,88.11369509043928,"뚜렷한 DEAD TIME 없음",0,0,0,5,"","",TRUE,"분석 가능","공항시장역 1번",80.62015503875969,90.95607235142118,"100 - 16개 상권특성의 평균 절대 백분위 차이"
"미아역 8번",3110364,"호프-간이주점",81.1623246492986,89.90291262135922,81.1623246492986,"뚜렷한 DEAD TIME 없음",0,0,0,4,"11~14","",TRUE,"분석 가능","한성대입구역 3번",82.51503006012024,86.77354709418837,"100 - 16개 상권특성의 평균 절대 백분위 차이"
"미아역 8번",3110364,"편의점",90.48843187660668,88,90.48843187660668,"뚜렷한 DEAD TIME 없음",0,0,0,5,"","",TRUE,"분석 가능","이화달팽이길",80.33419023136247,100,"100 - 16개 상권특성의 평균 절대 백분위 차이"
"미아역 5번",3110365,"한식음식점",57.8420467185762,91.96035242290749,57.8420467185762,"뚜렷한 DEAD TIME 없음",0,0,0,5,"","",TRUE,"분석 가능","텃골근린공원",88.70967741935483,77.64182424916574,"100 - 16개 상권특성의 평균 절대 백분위 차이"
"미아역 5번",3110365,"분식전문점",95.34883720930233,85.33007334963325,95.34883720930233,"뚜렷한 DEAD TIME 없음",0,0,0,5,"","",TRUE,"분석 가능","성신여대운정그린캠퍼스",87.4515503875969,98.19121447028424,"100 - 16개 상권특성의 평균 절대 백분위 차이"
"미아역 5번",3110365,"호프-간이주점",65.13026052104209,87.76699029126213,65.13026052104209,"뚜렷한 DEAD TIME 없음",0,0,0,4,"06~11","",TRUE,"분석 가능","굽은다리역 1번(십자성마을)",88.15130260521042,93.5871743486974,"100 - 16개 상권특성의 평균 절대 백분위 차이"
"미아역 5번",3110365,"편의점",76.34961439588689,85.25,76.34961439588689,"뚜렷한 DEAD TIME 없음",0,0,0,5,"","",TRUE,"분석 가능","굽은다리역 1번(십자성마을)",86.34318766066838,80.46272493573264,"100 - 16개 상권특성의 평균 절대 백분위 차이"
"광산사거리",3110366,"한식음식점",66.96329254727475,39.20704845814978,66.96329254727475,"뚜렷한 DEAD TIME 없음",0,0,0,5,"","",TRUE,"분석 가능","불광역 3번",89.36318131256952,76.64071190211345,"100 - 16개 상권특성의 평균 절대 백분위 차이"
"광산사거리",3110366,"호프-간이주점",32.66533066132264,23.300970873786408,32.66533066132264,"뚜렷한 DEAD TIME 없음",0,0,0,5,"","",TRUE,"분석 가능","서울여자간호대학교",90.7940881763527,57.51503006012024,"100 - 16개 상권특성의 평균 절대 백분위 차이"
"광산사거리",3110366,"편의점",NA,17.5,NA,"뚜렷한 DEAD TIME 없음",0,0,0,0,"","00~06,06~11,11~14,14~17,17~21,21~24",FALSE,"활동 또는 관측 근거 부족",NA,NA,NA,"100 - 16개 상권특성의 평균 절대 백분위 차이"
"강북구청",3110367,"한식음식점",25.806451612903224,72.4669603524229,25.806451612903224,"뚜렷한 DEAD TIME 없음",0,0,0,5,"","",TRUE,"분석 가능","성균관대학교",89.30061179087876,32.03559510567297,"100 - 16개 상권특성의 평균 절대 백분위 차이"
"강북구청",3110367,"호프-간이주점",83.76753507014027,60.58252427184466,83.76753507014027,"뚜렷한 DEAD TIME 없음",0,0,0,5,"","",TRUE,"분석 가능","신길6동주민센터",81.87625250501002,91.38276553106212,"100 - 16개 상권특성의 평균 절대 백분위 차이"
"강북구청",3110367,"커피-음료",53.443113772455085,67.54002911208151,53.443113772455085,"뚜렷한 DEAD TIME 없음",0,0,0,5,"00~06","",TRUE,"분석 가능","성신여대입구역 4번",87.57485029940119,99.10179640718563,"100 - 16개 상권특성의 평균 절대 백분위 차이"
"강북구청",3110367,"편의점",66.0668380462725,54.75,66.0668380462725,"뚜렷한 DEAD TIME 없음",0,0,0,5,"","",TRUE,"분석 가능","신길6동주민센터",88.75321336760925,98.97172236503856,"100 - 16개 상권특성의 평균 절대 백분위 차이"
"송천초등학교",3110368,"한식음식점",5.450500556173527,80.61674008810573,5.450500556173527,"21~24",97.18785151856018,548.6981449399933,97.18785151856018,5,"00~06","",TRUE,"분석 가능","신월중학교",86.63793103448276,70.41156840934372,"100 - 16개 상권특성의 평균 절대 백분위 차이"
"송천초등학교",3110368,"분식전문점",1.8087855297157622,66.01466992665037,1.8087855297157622,"17~21",99.48051948051948,380.6394471322908,99.48051948051948,3,"00~06,06~11,21~24","",TRUE,"분석 가능","둔촌고등학교(둔촌중학교)",85.10981912144703,48.320413436692505,"100 - 16개 상권특성의 평균 절대 백분위 차이"
"송천초등학교",3110368,"호프-간이주점",43.8877755511022,71.45631067961165,43.8877755511022,"17~21",91.96787148594377,99.90168140878112,91.96787148594377,5,"","",TRUE,"분석 가능","도봉세무서",84.08066132264528,78.55711422845691,"100 - 16개 상권특성의 평균 절대 백분위 차이"
"성신여대운정그린캠퍼스",3110369,"한식음식점",24.582869855394883,74.77973568281938,24.582869855394883,"뚜렷한 DEAD TIME 없음",0,0,0,5,"","",TRUE,"분석 가능","중곡3동주민센터",88.69577308120134,39.377085650723025,"100 - 16개 상권특성의 평균 절대 백분위 차이"
"성신여대운정그린캠퍼스",3110369,"분식전문점",98.19121447028424,59.41320293398533,98.19121447028424,"뚜렷한 DEAD TIME 없음",0,0,0,5,"","",TRUE,"분석 가능",NA,NA,NA,"100 - 16개 상권특성의 평균 절대 백분위 차이"
"성신여대운정그린캠퍼스",3110369,"호프-간이주점",38.677354709418836,63.49514563106796,38.677354709418836,"뚜렷한 DEAD TIME 없음",0,0,0,4,"06~11","",TRUE,"분석 가능","면목동우체국",87.36222444889779,49.69939879759519,"100 - 16개 상권특성의 평균 절대 백분위 차이"
"성신여대운정그린캠퍼스",3110369,"커피-음료",42.66467065868264,70.01455604075691,42.66467065868264,"뚜렷한 DEAD TIME 없음",0,0,0,5,"00~06","",TRUE,"분석 가능","서경대학교",88.80052395209582,74.25149700598801,"100 - 16개 상권특성의 평균 절대 백분위 차이"
"성신여대운정그린캠퍼스",3110369,"편의점",8.226221079691516,56.99999999999999,8.226221079691516,"11~14",91.00257069408741,55129.83022362139,91.00257069408741,5,"","",TRUE,"분석 가능","수송초등학교",87.30719794344472,56.81233933161953,"100 - 16개 상권특성의 평균 절대 백분위 차이"
"도봉세무서",3110370,"한식음식점",51.50166852057843,63.436123348017624,51.50166852057843,"뚜렷한 DEAD TIME 없음",0,0,0,5,"","",TRUE,"분석 가능","창신역 4번",89.50222469410456,89.32146829810901,"100 - 16개 상권특성의 평균 절대 백분위 차이"
"도봉세무서",3110370,"호프-간이주점",78.55711422845691,48.54368932038835,78.55711422845691,"뚜렷한 DEAD TIME 없음",0,0,0,3,"06~11,11~14","",TRUE,"분석 가능","돌곶이역 8번",84.6943887775551,97.59519038076152,"100 - 16개 상권특성의 평균 절대 백분위 차이"
"도봉세무서",3110370,"커피-음료",13.17365269461078,58.660844250363894,13.17365269461078,"뚜렷한 DEAD TIME 없음",0,0,0,5,"00~06","",TRUE,"분석 가능","상계2동주민센터",88.71631736526946,27.54491017964072,"100 - 16개 상권특성의 평균 절대 백분위 차이"
"도봉세무서",3110370,"편의점",50.6426735218509,42.75,50.6426735218509,"뚜렷한 DEAD TIME 없음",0,0,0,5,"","",TRUE,"분석 가능","러스크서울병원",89.37982005141389,84.57583547557842,"100 - 16개 상권특성의 평균 절대 백분위 차이"
"삼양입구사거리",3110371,"한식음식점",56.0622914349277,62.33480176211453,56.0622914349277,"뚜렷한 DEAD TIME 없음",0,0,0,5,"","",TRUE,"분석 가능","석관고등학교",83.70411568409344,72.63626251390434,"100 - 16개 상권특성의 평균 절대 백분위 차이"
"삼양입구사거리",3110371,"호프-간이주점",73.54709418837675,47.37864077669903,73.54709418837675,"뚜렷한 DEAD TIME 없음",0,0,0,5,"","",TRUE,"분석 가능","중앙대학교",81.38777555110221,84.5691382765531,"100 - 16개 상권특성의 평균 절대 백분위 차이"
"삼양입구사거리",3110371,"커피-음료",34.281437125748504,57.49636098981077,34.281437125748504,"뚜렷한 DEAD TIME 없음",0,0,0,4,"00~06,21~24","",TRUE,"분석 가능","삼양사거리역 2번",86.38660179640718,60.47904191616767,"100 - 16개 상권특성의 평균 절대 백분위 차이"
"강북중학교",3110372,"한식음식점",50.16685205784205,77.86343612334802,50.16685205784205,"뚜렷한 DEAD TIME 없음",0,0,0,5,"","",TRUE,"분석 가능","수유역 2번",88.06312569521691,65.29477196885428,"100 - 16개 상권특성의 평균 절대 백분위 차이"
"강북중학교",3110372,"분식전문점",35.400516795865634,61.858190709046454,35.400516795865634,"뚜렷한 DEAD TIME 없음",0,0,0,4,"00~06,21~24","",TRUE,"분석 가능","천호공원(해공체육문화센터)",87.20930232558139,44.18604651162791,"100 - 16개 상권특성의 평균 절대 백분위 차이"
"강북중학교",3110372,"호프-간이주점",NA,67.37864077669903,NA,"뚜렷한 DEAD TIME 없음",0,0,0,0,"","00~06,06~11,11~14,14~17,17~21,21~24",FALSE,"활동 또는 관측 근거 부족",NA,NA,NA,"100 - 16개 상권특성의 평균 절대 백분위 차이"
"강북중학교",3110372,"커피-음료",29.34131736526946,73.36244541484717,29.34131736526946,"뚜렷한 DEAD TIME 없음",0,0,0,5,"","",TRUE,"분석 가능","천호공원(해공체육문화센터)",90.48465568862277,94.91017964071857,"100 - 16개 상권특성의 평균 절대 백분위 차이"
"강북중학교",3110372,"편의점",24.164524421593832,61.25000000000001,24.164524421593832,"뚜렷한 DEAD TIME 없음",0,0,0,5,"","",TRUE,"분석 가능","연천초등학교",87.40359897172236,34.70437017994858,"100 - 16개 상권특성의 평균 절대 백분위 차이"
"수유역 2번",3110373,"한식음식점",65.29477196885428,81.3876651982379,65.29477196885428,"뚜렷한 DEAD TIME 없음",0,0,0,5,"","",TRUE,"분석 가능","성신여대입구역 7번",94.03503893214683,88.43159065628477,"100 - 16개 상권특성의 평균 절대 백분위 차이"
"수유역 2번",3110373,"분식전문점",64.34108527131784,67.48166259168704,64.34108527131784,"뚜렷한 DEAD TIME 없음",0,0,0,5,"","",TRUE,"분석 가능","상계초등학교",86.53100775193798,77.2609819121447,"100 - 16개 상권특성의 평균 절대 백분위 차이"
"수유역 2번",3110373,"호프-간이주점",73.94789579158316,72.62135922330097,73.94789579158316,"뚜렷한 DEAD TIME 없음",0,0,0,2,"06~11,11~14,14~17","",TRUE,"분석 가능","구의1동주민센터",85.04509018036073,74.14829659318637,"100 - 16개 상권특성의 평균 절대 백분위 차이"
"수유역 2번",3110373,"커피-음료",NA,77.87481804949053,NA,"뚜렷한 DEAD TIME 없음",0,0,0,0,"","00~06,06~11,11~14,14~17,17~21,21~24",FALSE,"활동 또는 관측 근거 부족",NA,NA,NA,"100 - 16개 상권특성의 평균 절대 백분위 차이"
"송중초등학교",3110374,"한식음식점",8.342602892102335,93.83259911894272,8.342602892102335,"17~21",92.65850945494995,6810.261074259968,92.65850945494995,5,"","",TRUE,"분석 가능","서일대학교",90.44076751946606,72.74749721913237,"100 - 16개 상권특성의 평균 절대 백분위 차이"
"송중초등학교",3110374,"분식전문점",59.17312661498708,88.50855745721272,59.17312661498708,"뚜렷한 DEAD TIME 없음",0,0,0,5,"","",TRUE,"분석 가능","동대문역 1번",89.06653746770026,75.71059431524549,"100 - 16개 상권특성의 평균 절대 백분위 차이"
"송중초등학교",3110374,"커피-음료",75.44910179640718,92.13973799126637,75.44910179640718,"뚜렷한 DEAD TIME 없음",0,0,0,4,"00~06,21~24","",TRUE,"분석 가능","신월4동주민센터",85.6380988023952,76.64670658682635,"100 - 16개 상권특성의 평균 절대 백분위 차이"
"서울북부고용노동지청",3110375,"한식음식점",92.880978865406007,38.1057268722467,92.880978865406007,"뚜렷한 DEAD TIME 없음",0,0,0,5,"","",TRUE,"분석 가능","상왕십리역 6번",86.89516129032258,96.32925472747496,"100 - 16개 상권특성의 평균 절대 백분위 차이"
"서울북부고용노동지청",3110375,"커피-음료",45.359281437125745,31.149927219796215,45.359281437125745,"뚜렷한 DEAD TIME 없음",0,0,0,5,"00~06","",TRUE,"분석 가능","서울여자간호대학교",88.37949101796407,57.18562874251497,"100 - 16개 상권특성의 평균 절대 백분위 차이"
"수송초등학교",3110376,"한식음식점",11.568409343715238,94.49339207048459,11.568409343715238,"11~14",92.19620958751393,6306.00644051386,92.19620958751393,5,"","",TRUE,"분석 가능","신창초등학교",90.41991101223581,26.362625139043384,"100 - 16개 상권특성의 평균 절대 백분위 차이"
"수송초등학교",3110376,"호프-간이주점",83.96793587174348,91.2621359223301,83.96793587174348,"뚜렷한 DEAD TIME 없음",0,0,0,5,"","",TRUE,"분석 가능",NA,NA,NA,"100 - 16개 상권특성의 평균 절대 백분위 차이"
"수송초등학교",3110376,"커피-음료",10.928143712574851,93.01310043668121,10.928143712574851,"21~24",97.53086419753086,659.0561507453402,97.53086419753086,5,"00~06","",TRUE,"분석 가능","성신여대운정그린캠퍼스",89.77357784431138,42.66467065868264,"100 - 16개 상권특성의 평균 절대 백분위 차이"
"수송초등학교",3110376,"편의점",56.81233933161953,89.25,56.81233933161953,"뚜렷한 DEAD TIME 없음",0,0,0,5,"","",TRUE,"분석 가능","능동우편취급국",84.73650385604114,66.83804627249359,"100 - 16개 상권특성의 평균 절대 백분위 차이"
"미아사거리역 3번",3110377,"한식음식점",40.60066740823137,44.38325991189427,40.60066740823137,"뚜렷한 DEAD TIME 없음",0,0,0,5,"","",TRUE,"분석 가능","흑리단길",88.3829254727475,78.53170189098999,"100 - 16개 상권특성의 평균 절대 백분위 차이"
"미아사거리역 3번",3110377,"호프-간이주점",39.278557114228455,27.57281553398058,39.278557114228455,"뚜렷한 DEAD TIME 없음",0,0,0,4,"06~11","",TRUE,"분석 가능","중화역 4번",85.43336673346693,82.36472945891784,"100 - 16개 상권특성의 평균 절대 백분위 차이"
"미아사거리역 3번",3110377,"커피-음료",35.778443113772454,37.26346433770015,35.778443113772454,"뚜렷한 DEAD TIME 없음",0,0,0,5,"","",TRUE,"분석 가능","흑리단길",90.37238023952095,96.7065868263473,"100 - 16개 상권특성의 평균 절대 백분위 차이"
"송중동주민센터",3110378,"한식음식점",71.52391546162403,63.986784140969164,71.52391546162403,"뚜렷한 DEAD TIME 없음",0,0,0,5,"","",TRUE,"분석 가능","KB국민은행 중화동지점",88.29254727474972,97.21913236929922,"100 - 16개 상권특성의 평균 절대 백분위 차이"
"송중동주민센터",3110378,"호프-간이주점",95.79158316633266,49.320388349514566,95.79158316633266,"뚜렷한 DEAD TIME 없음",0,0,0,2,"06~11,11~14,14~17","",TRUE,"분석 가능",NA,NA,NA,"100 - 16개 상권특성의 평균 절대 백분위 차이"
"송중동주민센터",3110378,"커피-음료",44.461077844311376,59.388646288209614,44.461077844311376,"뚜렷한 DEAD TIME 없음",0,0,0,5,"00~06","",TRUE,"분석 가능","상도4동주민센터",87.06025449101796,80.688622754491007,"100 - 16개 상권특성의 평균 절대 백분위 차이"
"번동주공2단지",3110381,"한식음식점",92.76974416017798,12.444933920704845,92.76974416017798,"뚜렷한 DEAD TIME 없음",0,0,0,5,"","",TRUE,"분석 가능","서울북부고용노동지청",84.73303670745273,92.880978865406007,"100 - 16개 상권특성의 평균 절대 백분위 차이"
"솔밭공원역 1번",3110382,"한식음식점",19.35483870967742,41.18942731277533,19.35483870967742,"11~14",99.77703455964325,532.5504408022668,99.77703455964325,4,"06~11","",TRUE,"분석 가능","신광명마을",91.36540600667409,20.24471635150167,"100 - 16개 상권특성의 평균 절대 백분위 차이"
"솔밭공원역 1번",3110382,"분식전문점",90.18087855297158,23.71638141809291,90.18087855297158,"뚜렷한 DEAD TIME 없음",0,0,0,5,"","",TRUE,"분석 가능","화랑대철도공원",83.41408268733849,90.43927648578811,"100 - 16개 상권특성의 평균 절대 백분위 차이"
"솔밭공원역 1번",3110382,"호프-간이주점",60.320641282565134,25.04854368932039,60.320641282565134,"뚜렷한 DEAD TIME 없음",0,0,0,3,"06~11,11~14","",TRUE,"분석 가능","안암역 2번",89.14078156312625,82.56513026052104,"100 - 16개 상권특성의 평균 절대 백분위 차이"
"덕성여대시반거리",3110383,"한식음식점",63.29254727474972,6.497797356828194,63.29254727474972,"21~24",96.06299212598425,363.0941147090958,96.06299212598425,5,"00~06","",TRUE,"분석 가능","중계초등학교",85.03893214682982,80.20022246941045,"100 - 16개 상권특성의 평균 절대 백분위 차이"
"덕성여대시반거리",3110383,"분식전문점",50.90439276485789,2.444987775061125,50.90439276485789,"뚜렷한 DEAD TIME 없음",0,0,0,5,"00~06","",TRUE,"분석 가능","솔밭공원역 1번",87.61304909560724,90.18087855297158,"100 - 16개 상권특성의 평균 절대 백분위 차이"
"덕성여대시반거리",3110383,"커피-음료",82.48502994011976,4.2212518195050945,82.48502994011976,"뚜렷한 DEAD TIME 없음",0,0,0,5,"","",TRUE,"분석 가능","흑리단길",83.34580838323353,96.7065868263473,"100 - 16개 상권특성의 평균 절대 백분위 차이"
"덕성여대시반거리",3110383,"편의점",65.03856041131105,1.25,65.03856041131105,"뚜렷한 DEAD TIME 없음",0,0,0,5,"","",TRUE,"분석 가능","가산동주민센터",87.24293059125964,82.51928020565553,"100 - 16개 상권특성의 평균 절대 백분위 차이"
"쌍문초등학교",3110387,"한식음식점",14.794215795328142,81.6079295154185,14.794215795328142,"뚜렷한 DEAD TIME 없음",0,0,0,5,"","",TRUE,"분석 가능","중랑역 1번",87.97969966629589,47.94215795328142,"100 - 16개 상권특성의 평균 절대 백분위 차이"
"쌍문초등학교",3110387,"분식전문점",17.31266149870801,67.97066014669927,17.31266149870801,"뚜렷한 DEAD TIME 없음",0,0,0,5,"00~06","",TRUE,"분석 가능","방학중학교",87.09625322997417,19.379844961240313,"100 - 16개 상권특성의 평균 절대 백분위 차이"
"쌍문초등학교",3110387,"커피-음료",29.640718562874252,78.16593886462883,29.640718562874252,"뚜렷한 DEAD TIME 없음",0,0,0,5,"00~06","",TRUE,"분석 가능","석계역 7번",89.31511976047905,98.65269461077844,"100 - 16개 상권특성의 평균 절대 백분위 차이"
"쌍문초등학교",3110387,"편의점",67.60925449871465,66.75,67.60925449871465,"뚜렷한 DEAD TIME 없음",0,0,0,5,"","",TRUE,"분석 가능","시흥동 은행나무사거리",85.0417737789203,96.91516709511568,"100 - 16개 상권특성의 평균 절대 백분위 차이"
"도봉우체국",3110388,"한식음식점",74.972191323693,43.72246696035242,74.972191323693,"21~24",97.07536557930258,170.15601199871537,97.07536557930258,5,"00~06","",TRUE,"분석 가능","신금호역 4번",89.57174638487207,91.65739710789767,"100 - 16개 상권특성의 평균 절대 백분위 차이"
"도봉우체국",3110388,"호프-간이주점",34.46893787575151,26.990291262135923,34.46893787575151,"뚜렷한 DEAD TIME 없음",0,0,0,3,"06~11,11~14","",TRUE,"분석 가능","명일역 1번",86.81112224448897,47.69539078156313,"100 - 16개 상권특성의 평균 절대 백분위 차이"
"도봉우체국",3110388,"커피-음료",86.07784431137725,36.53566229985444,86.07784431137725,"뚜렷한 DEAD TIME 없음",0,0,0,5,"00~06","",TRUE,"분석 가능","당고개역 5번",88.17365269461078,99.8502994011976,"100 - 16개 상권특성의 평균 절대 백분위 차이"
"한일병원",3110389,"한식음식점",62.40266963292548,30.726872246696036,62.40266963292548,"뚜렷한 DEAD TIME 없음",0,0,0,5,"","",TRUE,"분석 가능","화랑대역 7번",89.71078976640712,99.44382647385984,"100 - 16개 상권특성의 평균 절대 백분위 차이"
"방학초등학교",3110390,"한식음식점",95.55061179087876,32.59911894273127,95.55061179087876,"뚜렷한 DEAD TIME 없음",0,0,0,5,"","",TRUE,"분석 가능",NA,NA,NA,"100 - 16개 상권특성의 평균 절대 백분위 차이"
"방학초등학교",3110390,"호프-간이주점",0.8016032064128256,16.893203883495143,0.8016032064128256,"14~17",91.06753812636165,90.39605626918352,91.06753812636165,4,"06~11","",TRUE,"분석 가능","덕의초등학교",92.62274549098196,71.34268537074149,"100 - 16개 상권특성의 평균 절대 백분위 차이"
"방학초등학교",3110390,"커피-음료",52.544910179640716,25.90975254730713,52.544910179640716,"뚜렷한 DEAD TIME 없음",0,0,0,5,"","",TRUE,"분석 가능","용강동주민센터",88.62275449101796,93.7125748502994,"100 - 16개 상권특성의 평균 절대 백분위 차이"
"방학초등학교",3110390,"편의점",14.910025706940875,13,14.910025706940875,"21~24",92.03084832904884,10050.405721530076,92.03084832904884,5,"","",TRUE,"분석 가능","수락산디자인거리",86.58419023136247,19.28020565552699,"100 - 16개 상권특성의 평균 절대 백분위 차이"
"샘말어린이공원",3110391,"한식음식점",17.57508342602892,39.97797356828194,17.57508342602892,"뚜렷한 DEAD TIME 없음",0,0,0,5,"","",TRUE,"분석 가능","동대문역 1번",84.42018909899889,38.9321468298109,"100 - 16개 상권특성의 평균 절대 백분위 차이"
"샘말어린이공원",3110391,"분식전문점",87.85529715762273,23.227383863080682,87.85529715762273,"뚜렷한 DEAD TIME 없음",0,0,0,5,"","",TRUE,"분석 가능","미아역 5번",81.34689922480621,95.34883720930233,"100 - 16개 상권특성의 평균 절대 백분위 차이"
"국민은행방학지점",3110393,"한식음식점",18.5761957730812,1.3215859030837005,18.5761957730812,"뚜렷한 DEAD TIME 없음",0,0,0,4,"00~06,06~11","",TRUE,"분석 가능","신정네거리역 4번",92.72107897664071,67.63070077864293,"100 - 16개 상권특성의 평균 절대 백분위 차이"
"방학중학교",3110394,"한식음식점",65.96218020022246,65.85903083700441,65.96218020022246,"뚜렷한 DEAD TIME 없음",0,0,0,5,"","",TRUE,"분석 가능","북한산보국문역 2번",84.2463848720801,73.08120133481646,"100 - 16개 상권특성의 평균 절대 백분위 차이"
"방학중학교",3110394,"분식전문점",19.379844961240313,50.36674816625917,19.379844961240313,"17~21",90.38961038961038,333.81183045337764,90.38961038961038,4,"00~06,21~24","",TRUE,"분석 가능","천호역 6번",83.68863049095607,71.0594315245478,"100 - 16개 상권특성의 평균 절대 백분위 차이"
"방학중학교",3110394,"호프-간이주점",80.16032064128257,51.84466019417475,80.16032064128257,"뚜렷한 DEAD TIME 없음",0,0,0,5,"","",TRUE,"분석 가능","시흥동 은행나무사거리",83.26653306613227,87.97595190380761,"100 - 16개 상권특성의 평균 절대 백분위 차이"
"방학중학교",3110394,"커피-음료",84.88023952095809,60.98981077147017,84.88023952095809,"뚜렷한 DEAD TIME 없음",0,0,0,5,"","",TRUE,"분석 가능","사가정역 4번",88.08944610778443,92.66467065868264,"100 - 16개 상권특성의 평균 절대 백분위 차이"
"방학중학교",3110394,"편의점",36.246786632390744,45,36.246786632390744,"뚜렷한 DEAD TIME 없음",0,0,0,5,"","",TRUE,"분석 가능","쌍문초등학교",87.58033419023137,67.60925449871465,"100 - 16개 상권특성의 평균 절대 백분위 차이"
"신한은행 방학동지점",3110395,"한식음식점",62.291434927697445,25.88105726872247,62.291434927697445,"뚜렷한 DEAD TIME 없음",0,0,0,5,"","",TRUE,"분석 가능","상계제일중학교",90.48943270300333,98.2202447163515,"100 - 16개 상권특성의 평균 절대 백분위 차이"
"신한은행 방학동지점",3110395,"호프-간이주점",24.248496993987974,11.45631067961165,24.248496993987974,"11~14",92.73743016759776,321.62210918630785,92.73743016759776,5,"","",TRUE,"분석 가능","의릉",86.88627254509018,61.923847695390776,"100 - 16개 상권특성의 평균 절대 백분위 차이"
"신한은행 방학동지점",3110395,"커피-음료",10.32934131736527,20.087336244541483,10.32934131736527,"06~11",97.08588957055214,41.01872282984962,97.08588957055214,4,"00~06,21~24","",TRUE,"분석 가능","의릉",88.6695359281437,83.38323353293413,"100 - 16개 상권특성의 평균 절대 백분위 차이"
"쌍문역1번(쌍리단길)",3110396,"한식음식점",69.9666295884316,52.5330396475771,69.9666295884316,"뚜렷한 DEAD TIME 없음",0,0,0,5,"","",TRUE,"분석 가능","용마문화복지센터",86.90906562847609,84.20467185761957,"100 - 16개 상권특성의 평균 절대 백분위 차이"
"쌍문역1번(쌍리단길)",3110396,"분식전문점",98.96640826873386,35.2078239608802,98.96640826873386,"뚜렷한 DEAD TIME 없음",0,0,0,5,"","",TRUE,"분석 가능",NA,NA,NA,"100 - 16개 상권특성의 평균 절대 백분위 차이"
"쌍문역1번(쌍리단길)",3110396,"호프-간이주점",67.73547094188376,36.89320388349515,67.73547094188376,"뚜렷한 DEAD TIME 없음",0,0,0,5,"","",TRUE,"분석 가능","떡전교사거리",88.80260521042084,92.78557114228457,"100 - 16개 상권특성의 평균 절대 백분위 차이"
"쌍문역1번(쌍리단길)",3110396,"커피-음료",99.7005988023952,46.724890829694324,99.7005988023952,"뚜렷한 DEAD TIME 없음",0,0,0,5,"00~06","",TRUE,"분석 가능",NA,NA,NA,"100 - 16개 상권특성의 평균 절대 백분위 차이"
"쌍문역1번(쌍리단길)",3110396,"편의점",99.48586118251927,29.75,99.48586118251927,"뚜렷한 DEAD TIME 없음",0,0,0,5,"","",TRUE,"분석 가능",NA,NA,NA,"100 - 16개 상권특성의 평균 절대 백분위 차이"
"도봉산입구",3110397,"한식음식점",45.93993325917686,82.92951541850219,45.93993325917686,"뚜렷한 DEAD TIME 없음",0,0,0,5,"","",TRUE,"분석 가능","구산역 4번",84.70522803114572,47.4972191323693,"100 - 16개 상권특성의 평균 절대 백분위 차이"
"도봉산입구",3110397,"분식전문점",98.44961240310077,70.4156479217604,98.44961240310077,"뚜렷한 DEAD TIME 없음",0,0,0,5,"","",TRUE,"분석 가능",NA,NA,NA,"100 - 16개 상권특성의 평균 절대 백분위 차이"
"도봉산입구",3110397,"호프-간이주점",21.24248496993988,74.75728155339806,21.24248496993988,"뚜렷한 DEAD TIME 없음",0,0,0,5,"","",TRUE,"분석 가능","도봉역 2번",86.83617234468937,59.118236472945895,"100 - 16개 상권특성의 평균 절대 백분위 차이"
"도봉산입구",3110397,"커피-음료",69.01197604790418,79.76710334788937,69.01197604790418,"뚜렷한 DEAD TIME 없음",0,0,0,5,"00~06","",TRUE,"분석 가능","마천역(마천초등학교)",84.89895209580838,77.24550898203593,"100 - 16개 상권특성의 평균 절대 백분위 차이"
"도봉산입구",3110397,"편의점",93.83033419023135,69,93.83033419023135,"뚜렷한 DEAD TIME 없음",0,0,0,5,"","",TRUE,"분석 가능",NA,NA,NA,"100 - 16개 상권특성의 평균 절대 백분위 차이"
"쌍문2동우체국",3110398,"한식음식점",68.63181312569522,69.7136563876652,68.63181312569522,"뚜렷한 DEAD TIME 없음",0,0,0,5,"","",TRUE,"분석 가능","연신내역 2번",89.30061179087876,84.53837597330367,"100 - 16개 상권특성의 평균 절대 백분위 차이"
"쌍문2동우체국",3110398,"분식전문점",56.07235142118863,54.278728606356964,56.07235142118863,"뚜렷한 DEAD TIME 없음",0,0,0,5,"","",TRUE,"분석 가능","장곡초등학교",88.61434108527132,80.36175710594316,"100 - 16개 상권특성의 평균 절대 백분위 차이"
"쌍문2동우체국",3110398,"호프-간이주점",33.26653306613226,56.116504854368934,33.26653306613226,"뚜렷한 DEAD TIME 없음",0,0,0,5,"","",TRUE,"분석 가능","GS강동자이아파트",90.00501002004009,46.09218436873748,"100 - 16개 상권특성의 평균 절대 백분위 차이"
"쌍문2동우체국",3110398,"커피-음료",90.11976047904191,64.77438136826783,90.11976047904191,"뚜렷한 DEAD TIME 없음",0,0,0,5,"","",TRUE,"분석 가능","천호공원(해공체육문화센터)",88.45434131736528,94.91017964071857,"100 - 16개 상권특성의 평균 절대 백분위 차이"
"쌍문2동우체국",3110398,"편의점",51.156812339331616,51.24999999999999,51.156812339331616,"뚜렷한 DEAD TIME 없음",0,0,0,5,"","",TRUE,"분석 가능","장곡초등학교",89.05848329048844,74.80719794344472,"100 - 16개 상권특성의 평균 절대 백분위 차이"
"창2동주민센터",3110399,"한식음식점",52.72525027808677,84.80176211453745,52.72525027808677,"뚜렷한 DEAD TIME 없음",0,0,0,5,"","",TRUE,"분석 가능","강동구립성내도서관",90.7258064516129,64.96106785317018,"100 - 16개 상권특성의 평균 절대 백분위 차이"
"창2동주민센터",3110399,"호프-간이주점",21.8436873747495,77.28155339805825,21.8436873747495,"뚜렷한 DEAD TIME 없음",0,0,0,4,"06~11","",TRUE,"분석 가능","신월2동주민센터",91.52054108216433,85.97194388777555,"100 - 16개 상권특성의 평균 절대 백분위 차이"
"창2동주민센터",3110399,"커피-음료",61.52694610778443,81.80494905385734,61.52694610778443,"뚜렷한 DEAD TIME 없음",0,0,0,5,"00~06","",TRUE,"분석 가능","역촌노인복지관",91.70097305389223,83.08383233532935,"100 - 16개 상권특성의 평균 절대 백분위 차이"
"창2동주민센터",3110399,"편의점",77.12082262210797,72.25,77.12082262210797,"뚜렷한 DEAD TIME 없음",0,0,0,5,"","",TRUE,"분석 가능","시립서북병원",88.35154241645245,97.94344473007712,"100 - 16개 상권특성의 평균 절대 백분위 차이"
"도봉구보건소",3110400,"한식음식점",62.5139043381535,71.36563876651982,62.5139043381535,"뚜렷한 DEAD TIME 없음",0,0,0,5,"","",TRUE,"분석 가능","정릉우체국",89.34232480533927,91.10122358175751,"100 - 16개 상권특성의 평균 절대 백분위 차이"
"도봉구보건소",3110400,"호프-간이주점",2.004008016032064,58.83495145631068,2.004008016032064,"14~17",95.64270152505446,165.82705865741184,95.64270152505446,4,"06~11","",TRUE,"분석 가능","영신초등학교",92.78557114228457,30.060120240480963,"100 - 16개 상권특성의 평균 절대 백분위 차이"
"도봉구민회관",3110401,"한식음식점",94.21579532814238,11.123348017621145,94.21579532814238,"뚜렷한 DEAD TIME 없음",0,0,0,5,"","",TRUE,"분석 가능","불광역 8번",91.75472747497219,98.77641824249166,"100 - 16개 상권특성의 평균 절대 백분위 차이"
"도봉구 정병원",3110402,"한식음식점",23.692992213570633,34.2511013215859,23.692992213570633,"11~14",93.31103678929766,3411.418169316892,93.31103678929766,5,"","",TRUE,"분석 가능","망우본동주민센터",88.0353170189099,72.8587319243604,"100 - 16개 상권특성의 평균 절대 백분위 차이"
"도봉구 정병원",3110402,"호프-간이주점",77.9559118236473,18.058252427184467,77.9559118236473,"뚜렷한 DEAD TIME 없음",0,0,0,3,"06~11,11~14","",TRUE,"분석 가능","망우역 1번",79.45891783567134,95.59118236472945,"100 - 16개 상권특성의 평균 절대 백분위 차이"
"도봉구 정병원",3110402,"편의점",52.44215938303341,14.499999999999998,52.44215938303341,"뚜렷한 DEAD TIME 없음",0,0,0,5,"","",TRUE,"분석 가능","계상초등학교",89.34768637532133,60.9254498714653,"100 - 16개 상권특성의 평균 절대 백분위 차이"
"방학1동주민센터",3110403,"한식음식점",26.028921023359285,83.25991189427313,26.028921023359285,"뚜렷한 DEAD TIME 없음",0,0,0,5,"","",TRUE,"분석 가능","신내1동주민센터",91.56006674082315,35.03893214682981,"100 - 16개 상권특성의 평균 절대 백분위 차이"
"방학1동주민센터",3110403,"분식전문점",36.17571059431525,71.14914425427872,36.17571059431525,"뚜렷한 DEAD TIME 없음",0,0,0,4,"00~06,21~24","",TRUE,"분석 가능","도곡초등학교",88.16214470284238,73.38501291989664,"100 - 16개 상권특성의 평균 절대 백분위 차이"
"방학1동주민센터",3110403,"호프-간이주점",3.406813627254509,75.33980582524272,3.406813627254509,"뚜렷한 DEAD TIME 없음",0,0,0,5,"","",TRUE,"분석 가능","신내1동주민센터",90.3056112224449,46.893787575150306,"100 - 16개 상권특성의 평균 절대 백분위 차이"
"방학1동주민센터",3110403,"커피-음료",88.17365269461078,80.2037845705968,88.17365269461078,"뚜렷한 DEAD TIME 없음",0,0,0,5,"00~06","",TRUE,"분석 가능","구로4동주민센터",87.45321856287424,94.76047904191617,"100 - 16개 상권특성의 평균 절대 백분위 차이"
"방학1동주민센터",3110403,"편의점",71.72236503856041,69.5,71.72236503856041,"뚜렷한 DEAD TIME 없음",0,0,0,5,"","",TRUE,"분석 가능","길동주민센터(강동도서관)",84.59190231362467,72.23650385604114,"100 - 16개 상권특성의 평균 절대 백분위 차이"
"신창초등학교",3110404,"한식음식점",26.362625139043384,97.68722466960352,26.362625139043384,"뚜렷한 DEAD TIME 없음",0,0,0,5,"","",TRUE,"분석 가능","암사역 2번(서울강동초등학교)",92.51251390433815,51.16796440489433,"100 - 16개 상권특성의 평균 절대 백분위 차이"
"신창초등학교",3110404,"분식전문점",22.22222222222222,94.86552567237165,22.22222222222222,"17~21",91.94805194805194,1607.417765261771,91.94805194805194,4,"00~06,21~24","",TRUE,"분석 가능","세곡초등학교",88.30749354005167,41.60206718346253,"100 - 16개 상권특성의 평균 절대 백분위 차이"
"신창초등학교",3110404,"호프-간이주점",7.414829659318638,96.11650485436894,7.414829659318638,"뚜렷한 DEAD TIME 없음",0,0,0,4,"06~11","",TRUE,"분석 가능","암사역 2번(서울강동초등학교)",92.56012024048097,37.27454909819639,"100 - 16개 상권특성의 평균 절대 백분위 차이"
"신창초등학교",3110404,"커피-음료",23.952095808383234,96.94323144104804,23.952095808383234,"뚜렷한 DEAD TIME 없음",0,0,0,5,"","",TRUE,"분석 가능","암사역 2번(서울강동초등학교)",90.812125748502993,83.8323353293413,"100 - 16개 상권특성의 평균 절대 백분위 차이"
"신창초등학교",3110404,"편의점",17.994858611825194,95.5,17.994858611825194,"뚜렷한 DEAD TIME 없음",0,0,0,5,"","",TRUE,"분석 가능","수송초등학교",87.53213367609256,56.81233933161953,"100 - 16개 상권특성의 평균 절대 백분위 차이"
"방학역 1번",3110405,"한식음식점",18.35372636262514,68.06167400881057,18.35372636262514,"뚜렷한 DEAD TIME 없음",0,0,0,5,"","",TRUE,"분석 가능","수락산역 4번",86.67964404894327,83.20355951056729,"100 - 16개 상권특성의 평균 절대 백분위 차이"
"방학역 1번",3110405,"분식전문점",57.88113695090439,53.0562347188264,57.88113695090439,"뚜렷한 DEAD TIME 없음",0,0,0,5,"","",TRUE,"분석 가능","수락산역 4번",85.8204134366925,82.42894056847545,"100 - 16개 상권특성의 평균 절대 백분위 차이"
"방학역 1번",3110405,"호프-간이주점",22.645290581162325,54.36893203883495,22.645290581162325,"11~14",98.88268156424581,893.5400880554132,98.88268156424581,5,"","",TRUE,"분석 가능","길동주민센터(강동도서관)",86.41032064128257,59.919839679358724,"100 - 16개 상권특성의 평균 절대 백분위 차이"
"방학역 1번",3110405,"커피-음료",12.125748502994012,63.464337700145556,12.125748502994012,"06~11",96.77914110429448,131.04876158746367,96.77914110429448,5,"00~06","",TRUE,"분석 가능","방학1동주민센터",87.3315868263473,88.17365269461078,"100 - 16개 상권특성의 평균 절대 백분위 차이"
"방학역 1번",3110405,"편의점",83.03341902313625,49,83.03341902313625,"뚜렷한 DEAD TIME 없음",0,0,0,5,"","",TRUE,"분석 가능","숭실대입구역 1번",83.85282776349614,88.17480719794345,"100 - 16개 상권특성의 평균 절대 백분위 차이"
"도봉산역 1번",3110406,"한식음식점",58.175750834260285,20.37444933920705,58.175750834260285,"21~24",90.10123734533182,5139.929405172582,90.10123734533182,5,"","",TRUE,"분석 가능","망우본동주민센터",86.20689655172414,72.8587319243604,"100 - 16개 상권특성의 평균 절대 백분위 차이"
"도봉산역 1번",3110406,"호프-간이주점",43.08617234468938,8.349514563106796,43.08617234468938,"뚜렷한 DEAD TIME 없음",0,0,0,3,"00~06,06~11,11~14","",TRUE,"분석 가능","도봉구 정병원",87.80060120240482,77.9559118236473,"100 - 16개 상권특성의 평균 절대 백분위 차이"
"도봉산역 1번",3110406,"커피-음료",85.62874251497006,14.701601164483261,85.62874251497006,"뚜렷한 DEAD TIME 없음",0,0,0,5,"00~06","",TRUE,"분석 가능","은곡마을(은곡마을공원)",80.90381736526946,89.52095808383234,"100 - 16개 상권특성의 평균 절대 백분위 차이"
"도봉산역 1번",3110406,"편의점",90.23136246786633,6.5,90.23136246786633,"뚜렷한 DEAD TIME 없음",0,0,0,5,"","",TRUE,"분석 가능","묘곡초등학교(고덕아이파크아파트)",79.0327763496144,94.34447300771208,"100 - 16개 상권특성의 평균 절대 백분위 차이"
"도봉역 2번",3110407,"한식음식점",43.270300333704114,66.74008810572687,43.270300333704114,"뚜렷한 DEAD TIME 없음",0,0,0,5,"","",TRUE,"분석 가능","신월1동주민센터",91.0734149054505,45.82869855394883,"100 - 16개 상권특성의 평균 절대 백분위 차이"
"도봉역 2번",3110407,"분식전문점",16.795865633074936,51.1002444987775,16.795865633074936,"뚜렷한 DEAD TIME 없음",0,0,0,5,"00~06","",TRUE,"분석 가능","신월1동주민센터",91.13372093023256,96.89922480620154,"100 - 16개 상권특성의 평균 절대 백분위 차이"
"도봉역 2번",3110407,"호프-간이주점",59.118236472945895,53.00970873786408,59.118236472945895,"뚜렷한 DEAD TIME 없음",0,0,0,5,"","",TRUE,"분석 가능","신월3동주민센터",89.87975951903809,64.72945891783567,"100 - 16개 상권특성의 평균 절대 백분위 차이"
"도봉역 2번",3110407,"커피-음료",62.72455089820359,62.00873362445415,62.72455089820359,"뚜렷한 DEAD TIME 없음",0,0,0,5,"00~06","",TRUE,"분석 가능","신월3동주민센터",88.71631736526946,89.67065868263472,"100 - 16개 상권특성의 평균 절대 백분위 차이"
"도봉역 2번",3110407,"편의점",57.326478149100254,46.5,57.326478149100254,"뚜렷한 DEAD TIME 없음",0,0,0,5,"","",TRUE,"분석 가능","신월3동주민센터",91.78984575835476,71.46529562982005,"100 - 16개 상권특성의 평균 절대 백분위 차이"
"가인초등학교",3110408,"한식음식점",40.82313681868743,19.383259911894275,40.82313681868743,"뚜렷한 DEAD TIME 없음",0,0,0,5,"","",TRUE,"분석 가능","도봉구민회관",91.4766407119021,94.21579532814238,"100 - 16개 상권특성의 평균 절대 백분위 차이"
"가인초등학교",3110408,"커피-음료",75,14.119359534206696,75,"뚜렷한 DEAD TIME 없음",0,0,0,5,"00~06","",TRUE,"분석 가능","홍은종합사회복지관",91.92552395209582,85.77844311377245,"100 - 16개 상권특성의 평균 절대 백분위 차이"
"가인초등학교",3110408,"편의점",47.81491002570694,5.75,47.81491002570694,"뚜렷한 DEAD TIME 없음",0,0,0,5,"","",TRUE,"분석 가능","그라운드 고척",90.84190231362467,86.63239074550128,"100 - 16개 상권특성의 평균 절대 백분위 차이"
"창동역 2번",3110409,"한식음식점",10.678531701890991,39.4273127753304,10.678531701890991,"06~11",92.45714285714286,1305.6562801260736,92.45714285714286,5,"","",TRUE,"분석 가능","효창공원앞역 6번",87.14543937708565,13.459399332591767,"100 - 16개 상권특성의 평균 절대 백분위 차이"
"창동역 2번",3110409,"분식전문점",7.493540051679587,22.493887530562347,7.493540051679587,"11~14",96.88311688311688,610.1801756007926,96.88311688311688,4,"06~11","",TRUE,"분석 가능","홍은종합사회복지관",88.46899224806202,86.82170542635659,"100 - 16개 상권특성의 평균 절대 백분위 차이"
"창동역 2번",3110409,"호프-간이주점",73.74749498997996,23.495145631067963,73.74749498997996,"뚜렷한 DEAD TIME 없음",0,0,0,4,"06~11","",TRUE,"분석 가능","망우역 1번",88.02605210420842,95.59118236472945,"100 - 16개 상권특성의 평균 절대 백분위 차이"
"창동역 2번",3110409,"커피-음료",94.311377245509,32.314410480349345,94.311377245509,"뚜렷한 DEAD TIME 없음",0,0,0,5,"","",TRUE,"분석 가능","상계역",88.33270958083833,96.40718562874252,"100 - 16개 상권특성의 평균 절대 백분위 차이"
"창동역 2번",3110409,"편의점",24.42159383033419,17.75,24.42159383033419,"뚜렷한 DEAD TIME 없음",0,0,0,5,"","",TRUE,"분석 가능","효창공원앞역 6번",90.5366323907455,44.473007712082264,"100 - 16개 상권특성의 평균 절대 백분위 차이"
"방학역 2번",3110410,"한식음식점",32.92547274749722,46.69603524229075,32.92547274749722,"뚜렷한 DEAD TIME 없음",0,0,0,5,"","",TRUE,"분석 가능","수락산디자인거리",91.16379310344827,58.73192436040044,"100 - 16개 상권특성의 평균 절대 백분위 차이"
"방학역 2번",3110410,"분식전문점",45.73643410852713,28.850855745721272,45.73643410852713,"뚜렷한 DEAD TIME 없음",0,0,0,5,"","",TRUE,"분석 가능","수락산디자인거리",90.37467700258398,56.84754521963824,"100 - 16개 상권특성의 평균 절대 백분위 차이"
"방학역 2번",3110410,"호프-간이주점",69.33867735470942,30.87378640776699,69.33867735470942,"뚜렷한 DEAD TIME 없음",0,0,0,5,"","",TRUE,"분석 가능","창동역 2번",88.25150300601202,73.74749498997996,"100 - 16개 상권특성의 평균 절대 백분위 차이"
"방학역 2번",3110410,"커피-음료",88.47305389221557,39.737991266375545,88.47305389221557,"뚜렷한 DEAD TIME 없음",0,0,0,5,"","",TRUE,"분석 가능","창동역 2번",89.87649700598801,94.311377245509,"100 - 16개 상권특성의 평균 절대 백분위 차이"
"방학역 2번",3110410,"편의점",34.19023136246786,22.75,34.19023136246786,"뚜렷한 DEAD TIME 없음",0,0,0,5,"","",TRUE,"분석 가능","경의선책거리",83.90102827763496,42.159383033419026,"100 - 16개 상권특성의 평균 절대 백분위 차이"
"도봉역 3번",3110411,"한식음식점",28.47608453837597,48.348017621145374,28.47608453837597,"뚜렷한 DEAD TIME 없음",0,0,0,5,"","",TRUE,"분석 가능","쌍문역1번(쌍리단길)",87.3401001112347,69.9666295884316,"100 - 16개 상권특성의 평균 절대 백분위 차이"
"도봉역 3번",3110411,"호프-간이주점",0.4008016032064128,32.42718446601941,0.4008016032064128,"17~21",100,353.3796397267694,100,4,"11~14","",TRUE,"분석 가능","서울여자간호대학교",88.85270541082164,57.51503006012024,"100 - 16개 상권특성의 평균 절대 백분위 차이"
"도봉역 3번",3110411,"커피-음료",18.41317365269461,41.92139737991266,18.41317365269461,"17~21",94.44444444444444,847.0727216823201,94.44444444444444,4,"00~06,21~24","",TRUE,"분석 가능","장스여성병원",87.28480538922156,84.58083832335329,"100 - 16개 상권특성의 평균 절대 백분위 차이"
"창동중학교",3110412,"한식음식점",97.55283648498332,8.370044052863436,97.55283648498332,"뚜렷한 DEAD TIME 없음",0,0,0,5,"00~06","",TRUE,"분석 가능","아현역 1번",89.72469410456063,98.99888765294772,"100 - 16개 상권특성의 평균 절대 백분위 차이"
"누원고등학교",3110413,"한식음식점",95.32814238042269,4.295154185022026,95.32814238042269,"뚜렷한 DEAD TIME 없음",0,0,0,5,"","",TRUE,"분석 가능","화랑대역 7번",86.35984427141268,99.44382647385984,"100 - 16개 상권특성의 평균 절대 백분위 차이"
"수락산역 4번",3110415,"한식음식점",83.20355951056729,90.08810572687224,83.20355951056729,"뚜렷한 DEAD TIME 없음",0,0,0,5,"","",TRUE,"분석 가능","남구로역 3번",83.89182424916574,84.31590656284762,"100 - 16개 상권특성의 평균 절대 백분위 차이"
"수락산역 4번",3110415,"분식전문점",82.42894056847545,81.90709046454768,82.42894056847545,"뚜렷한 DEAD TIME 없음",0,0,0,5,"","",TRUE,"분석 가능","신방화역 2번",81.04005167958657,95.09043927648578,"100 - 16개 상권특성의 평균 절대 백분위 차이"
"수락산역 4번",3110415,"호프-간이주점",97.39478957915831,84.85436893203884,97.39478957915831,"뚜렷한 DEAD TIME 없음",0,0,0,5,"","",TRUE,"분석 가능",NA,NA,NA,"100 - 16개 상권특성의 평균 절대 백분위 차이"
"수락산역 4번",3110415,"커피-음료",79.64071856287424,87.77292576419214,79.64071856287424,"뚜렷한 DEAD TIME 없음",0,0,0,5,"00~06","",TRUE,"분석 가능","신내1동주민센터",91.26122754491017,85.47904191616766,"100 - 16개 상권특성의 평균 절대 백분위 차이"
"수락산역 4번",3110415,"편의점",63.49614395886889,81.75,63.49614395886889,"뚜렷한 DEAD TIME 없음",0,0,0,5,"","",TRUE,"분석 가능","방학1동주민센터",92.0629820051414,71.72236503856041,"100 - 16개 상권특성의 평균 절대 백분위 차이"
"노원초등학교",3110416,"한식음식점",82.31368186874305,56.27753303964758,82.31368186874305,"뚜렷한 DEAD TIME 없음",0,0,0,5,"","",TRUE,"분석 가능","방학초등학교",90.39905450500557,95.55061179087876,"100 - 16개 상권특성의 평균 절대 백분위 차이"
"노원초등학교",3110416,"호프-간이주점",40.6813627254509,40.58252427184466,40.6813627254509,"뚜렷한 DEAD TIME 없음",0,0,0,4,"06~11","",TRUE,"분석 가능","수락산디자인거리",87.81312625250501,66.73346693386773,"100 - 16개 상권특성의 평균 절대 백분위 차이"
"노원초등학교",3110416,"커피-음료",38.92215568862276,50.80058224163027,38.92215568862276,"뚜렷한 DEAD TIME 없음",0,0,0,5,"00~06","",TRUE,"분석 가능","방학초등학교",88.40755988023952,52.544910179640716,"100 - 16개 상권특성의 평균 절대 백분위 차이"
"노원초등학교",3110416,"편의점",73.7789203084833,34.75,73.7789203084833,"뚜렷한 DEAD TIME 없음",0,0,0,5,"","",TRUE,"분석 가능","러스크서울병원",87.48393316195373,84.57583547557842,"100 - 16개 상권특성의 평균 절대 백분위 차이"
"월계역 3번",3110417,"한식음식점",98.5539488320356,29.295154185022028,98.5539488320356,"뚜렷한 DEAD TIME 없음",0,0,0,5,"00~06","",TRUE,"분석 가능","중곡어린이공원",83.12708565072302,99.55506117908787,"100 - 16개 상권특성의 평균 절대 백분위 차이"
"월계역 3번",3110417,"분식전문점",20.930232558139537,14.66992665036675,20.930232558139537,"14~17",98.96103896103897,203.10777634202836,98.96103896103897,3,"00~06,06~11,21~24","",TRUE,"분석 가능","혜원여고",84.20542635658914,33.850129198966414,"100 - 16개 상권특성의 평균 절대 백분위 차이"
"월계역 3번",3110417,"커피-음료",25.59880239520958,22.707423580786028,25.59880239520958,"뚜렷한 DEAD TIME 없음",0,0,0,5,"00~06","",TRUE,"분석 가능","송중동주민센터",86.76085329341318,44.461077844311376,"100 - 16개 상권특성의 평균 절대 백분위 차이"
"광운대학교 남단",3110418,"한식음식점",17.352614015572858,58.03964757709251,17.352614015572858,"21~24",96.8503937007874,526.414434625416,96.8503937007874,5,"00~06","",TRUE,"분석 가능","솔밭공원역 1번",89.05728587319244,19.35483870967742,"100 - 16개 상권특성의 평균 절대 백분위 차이"
"광운대학교 남단",3110418,"분식전문점",23.51421188630491,41.56479217603912,23.51421188630491,"뚜렷한 DEAD TIME 없음",0,0,0,4,"00~06,21~24","",TRUE,"분석 가능","솔밭공원역 1번",88.0813953488372,90.18087855297158,"100 - 16개 상권특성의 평균 절대 백분위 차이"
"광운대학교 남단",3110418,"커피-음료",75.59880239520959,52.838427947598255,75.59880239520959,"뚜렷한 DEAD TIME 없음",0,0,0,5,"00~06","",TRUE,"분석 가능","한영중고",82.625374251497007,92.21556886227546,"100 - 16개 상권특성의 평균 절대 백분위 차이"
"수락산디자인거리",3110419,"한식음식점",58.73192436040044,53.08370044052864,58.73192436040044,"뚜렷한 DEAD TIME 없음",0,0,0,5,"","",TRUE,"분석 가능","노원초등학교",88.47330367074527,82.31368186874305,"100 - 16개 상권특성의 평균 절대 백분위 차이"
"수락산디자인거리",3110419,"분식전문점",56.84754521963824,36.43031784841076,56.84754521963824,"뚜렷한 DEAD TIME 없음",0,0,0,5,"","",TRUE,"분석 가능","망우본동주민센터",86.07881136950904,78.55297157622739,"100 - 16개 상권특성의 평균 절대 백분위 차이"
"수락산디자인거리",3110419,"호프-간이주점",66.73346693386773,37.66990291262136,66.73346693386773,"뚜렷한 DEAD TIME 없음",0,0,0,4,"06~11","",TRUE,"분석 가능","방학역 2번",90.00501002004009,69.33867735470942,"100 - 16개 상권특성의 평균 절대 백분위 차이"
"수락산디자인거리",3110419,"커피-음료",65.5688622754491,47.45269286754003,65.5688622754491,"뚜렷한 DEAD TIME 없음",0,0,0,5,"","",TRUE,"분석 가능","방학역 2번",90.7559880239521,88.47305389221557,"100 - 16개 상권특성의 평균 절대 백분위 차이"
"수락산디자인거리",3110419,"편의점",19.28020565552699,30.5,19.28020565552699,"뚜렷한 DEAD TIME 없음",0,0,0,5,"","",TRUE,"분석 가능","방학역 2번",91.25964010282776,34.19023136246786,"100 - 16개 상권특성의 평균 절대 백분위 차이"
"광운대역 1번",3110420,"한식음식점",48.60956618464961,36.67400881057269,48.60956618464961,"뚜렷한 DEAD TIME 없음",0,0,0,5,"","",TRUE,"분석 가능","돌곶이역 5번",87.08982202447164,87.65294771968854,"100 - 16개 상권특성의 평균 절대 백분위 차이"
"광운대역 1번",3110420,"분식전문점",64.59948320413437,20.293398533007334,64.59948320413437,"뚜렷한 DEAD TIME 없음",0,0,0,5,"","",TRUE,"분석 가능","문현중학교(장지역 1번)",84.02777777777779,78.29457364341084,"100 - 16개 상권특성의 평균 절대 백분위 차이"
"광운대역 1번",3110420,"호프-간이주점",10.420841683366733,20.97087378640777,10.420841683366733,"뚜렷한 DEAD TIME 없음",0,0,0,5,"","",TRUE,"분석 가능","용마문화복지센터",90.13026052104209,52.505010020040075,"100 - 16개 상권특성의 평균 절대 백분위 차이"
"광운대역 1번",3110420,"커피-음료",78.74251497005989,29.403202328966522,78.74251497005989,"뚜렷한 DEAD TIME 없음",0,0,0,5,"00~06","",TRUE,"분석 가능","덕성여대시반거리",87.2005988023952,82.48502994011976,"100 - 16개 상권특성의 평균 절대 백분위 차이"
"광운대역 1번",3110420,"편의점",33.933161953727506,16.25,33.933161953727506,"뚜렷한 DEAD TIME 없음",0,0,0,5,"","",TRUE,"분석 가능","덕성여대시반거리",89.66902313624678,65.03856041131105,"100 - 16개 상권특성의 평균 절대 백분위 차이"
"석계역 1번",3110421,"한식음식점",33.14794215795328,26.54185022026432,33.14794215795328,"뚜렷한 DEAD TIME 없음",0,0,0,5,"","",TRUE,"분석 가능","그라운드 고척",86.56145717463848,56.61846496106785,"100 - 16개 상권특성의 평균 절대 백분위 차이"
"석계역 1번",3110421,"분식전문점",31.52454780361757,13.202933985330073,31.52454780361757,"뚜렷한 DEAD TIME 없음",0,0,0,5,"00~06","",TRUE,"분석 가능","돌곶이역 5번",86.3533591731266,33.33333333333333,"100 - 16개 상권특성의 평균 절대 백분위 차이"
"석계역 1번",3110421,"호프-간이주점",24.649298597194388,12.62135922330097,24.649298597194388,"뚜렷한 DEAD TIME 없음",0,0,0,5,"","",TRUE,"분석 가능","석계역 2번",88.56462925851703,34.66933867735471,"100 - 16개 상권특성의 평균 절대 백분위 차이"
"석계역 1번",3110421,"커피-음료",89.97005988023952,20.96069868995633,89.97005988023952,"뚜렷한 DEAD TIME 없음",0,0,0,5,"","",TRUE,"분석 가능","신길6동주민센터",86.41467065868264,94.61077844311377,"100 - 16개 상권특성의 평균 절대 백분위 차이"
"석계역 1번",3110421,"편의점",62.724935732647815,10,62.724935732647815,"뚜렷한 DEAD TIME 없음",0,0,0,5,"","",TRUE,"분석 가능","신길6동주민센터",89.29948586118253,98.97172236503856,"100 - 16개 상권특성의 평균 절대 백분위 차이"
"석계역 2번",3110423,"한식음식점",35.26140155728587,18.17180616740088,35.26140155728587,"뚜렷한 DEAD TIME 없음",0,0,0,5,"","",TRUE,"분석 가능","동의보감타워",86.62402669632925,71.96885428253616,"100 - 16개 상권특성의 평균 절대 백분위 차이"
"석계역 2번",3110423,"분식전문점",11.886304909560723,7.090464547677261,11.886304909560723,"17~21",95.32467532467533,2195.938992332091,95.32467532467533,4,"21~24","",TRUE,"분석 가능","그라운드 고척",88.58204134366925,76.74418604651163,"100 - 16개 상권특성의 평균 절대 백분위 차이"
"석계역 2번",3110423,"호프-간이주점",34.66933867735471,7.3786407766990285,34.66933867735471,"11~14",93.57541899441341,337.23120467593776,93.57541899441341,4,"06~11","",TRUE,"분석 가능","동의보감타워",87.6753507014028,52.90581162324649,"100 - 16개 상권특성의 평균 절대 백분위 차이"
"석계역 2번",3110423,"커피-음료",46.10778443113773,12.954876273653564,46.10778443113773,"뚜렷한 DEAD TIME 없음",0,0,0,4,"00~06,21~24","",TRUE,"분석 가능","홍은종합사회복지관",89.71744011976048,85.77844311377245,"100 - 16개 상권특성의 평균 절대 백분위 차이"
"석계역 2번",3110423,"편의점",10.282776349614396,4.5,10.282776349614396,"11~14",91.25964010282776,32530.429260611505,91.25964010282776,5,"","",TRUE,"분석 가능","그라운드 고척",89.9582262210797,86.63239074550128,"100 - 16개 상권특성의 평균 절대 백분위 차이"
"상계초등학교",3110424,"한식음식점",9.454949944382648,94.38325991189427,9.454949944382648,"17~21",92.54727474972191,16028.701931975553,92.54727474972191,5,"","",TRUE,"분석 가능","수유초등학교",87.95884315906562,58.39822024471635,"100 - 16개 상권특성의 평균 절대 백분위 차이"
"상계초등학교",3110424,"분식전문점",77.2609819121447,89.48655256723717,77.2609819121447,"뚜렷한 DEAD TIME 없음",0,0,0,5,"","",TRUE,"분석 가능","중앙대학교",82.86498708010336,91.98966408268734,"100 - 16개 상권특성의 평균 절대 백분위 차이"
"상계초등학교",3110424,"커피-음료",73.50299401197606,92.86754002911208,73.50299401197606,"뚜렷한 DEAD TIME 없음",0,0,0,5,"00~06","",TRUE,"분석 가능","송중초등학교",84.58083832335329,75.44910179640718,"100 - 16개 상권특성의 평균 절대 백분위 차이"
"계상초등학교",3110425,"한식음식점",48.83203559510567,47.136563876651984,48.83203559510567,"뚜렷한 DEAD TIME 없음",0,0,0,5,"","",TRUE,"분석 가능","러스크서울병원",88.0492213570634,60.51167964404895,"100 - 16개 상권특성의 평균 절대 백분위 차이"
"계상초등학교",3110425,"분식전문점",38.50129198966408,29.584352078239608,38.50129198966408,"뚜렷한 DEAD TIME 없음",0,0,0,5,"00~06","",TRUE,"분석 가능","영신여고",85.578165374677,48.57881136950905,"100 - 16개 상권특성의 평균 절대 백분위 차이"
"계상초등학교",3110425,"호프-간이주점",11.022044088176353,31.456310679611647,11.022044088176353,"17~21",98.59437751004016,979.1448464176658,98.59437751004016,5,"","",TRUE,"분석 가능","도봉구 정병원",88.68987975951903,77.9559118236473,"100 - 16개 상권특성의 평균 절대 백분위 차이"
"계상초등학교",3110425,"커피-음료",59.4311377245509,40.174672489082965,59.4311377245509,"뚜렷한 DEAD TIME 없음",0,0,0,5,"00~06","",TRUE,"분석 가능","망우본동주민센터",87.69648203592814,76.19760479041916,"100 - 16개 상권특성의 평균 절대 백분위 차이"
"계상초등학교",3110425,"편의점",60.9254498714653,23.25,60.9254498714653,"뚜렷한 DEAD TIME 없음",0,0,0,5,"","",TRUE,"분석 가능","러스크서울병원",87.30719794344472,84.57583547557842,"100 - 16개 상권특성의 평균 절대 백분위 차이"
"상계2동주민센터",3110426,"한식음식점",13.125695216907676,84.2511013215859,13.125695216907676,"뚜렷한 DEAD TIME 없음",0,0,0,5,"","",TRUE,"분석 가능","구로4동주민센터",91.18464961067853,53.61512791991101,"100 - 16개 상권특성의 평균 절대 백분위 차이"
"상계2동주민센터",3110426,"분식전문점",8.527131782945736,73.10513447432763,8.527131782945736,"06~11",91.68975069252078,41.726680578985935,91.68975069252078,5,"00~06","",TRUE,"분석 가능","당고개역 2번",88.87273901808786,28.42377260981912,"100 - 16개 상권특성의 평균 절대 백분위 차이"
"상계2동주민센터",3110426,"호프-간이주점",16.432865731462925,76.69902912621359,16.432865731462925,"17~21",97.79116465863453,1651.4861099275454,97.79116465863453,5,"","",TRUE,"분석 가능","구로4동주민센터",87.31212424849699,48.49699398797595,"100 - 16개 상권특성의 평균 절대 백분위 차이"
"상계2동주민센터",3110426,"커피-음료",27.54491017964072,81.36826783114994,27.54491017964072,"뚜렷한 DEAD TIME 없음",0,0,0,5,"","",TRUE,"분석 가능","구로4동주민센터",88.58532934131736,94.76047904191617,"100 - 16개 상권특성의 평균 절대 백분위 차이"
"상계5동주민센터",3110428,"한식음식점",24.805339265850947,98.23788546255507,24.805339265850947,"11~14",91.75027870680044,9036.596187170282,91.75027870680044,5,"","",TRUE,"분석 가능","역촌노인복지관",92.19271412680756,27.808676307007786,"100 - 16개 상권특성의 평균 절대 백분위 차이"
"상계5동주민센터",3110428,"분식전문점",87.08010335917312,96.08801955990221,87.08010335917312,"뚜렷한 DEAD TIME 없음",0,0,0,5,"","",TRUE,"분석 가능","신월1동주민센터",81.60529715762273,96.89922480620154,"100 - 16개 상권특성의 평균 절대 백분위 차이"
"상계5동주민센터",3110428,"호프-간이주점",28.65731462925852,97.0873786407767,28.65731462925852,"뚜렷한 DEAD TIME 없음",0,0,0,5,"","",TRUE,"분석 가능","화곡2동주민센터",89.55410821643287,37.4749498997996,"100 - 16개 상권특성의 평균 절대 백분위 차이"
"상계5동주민센터",3110428,"커피-음료",56.287425149700596,97.67103347889375,56.287425149700596,"뚜렷한 DEAD TIME 없음",0,0,0,5,"","",TRUE,"분석 가능","역촌노인복지관",92.43076347305389,83.08383233532935,"100 - 16개 상권특성의 평균 절대 백분위 차이"
"공릉동 국수거리",3110429,"한식음식점",28.809788654060064,88.43612334801763,28.809788654060064,"뚜렷한 DEAD TIME 없음",0,0,0,5,"","",TRUE,"분석 가능","서강대역 1번",91.10122358175751,52.169076751946605,"100 - 16개 상권특성의 평균 절대 백분위 차이"
"공릉동 국수거리",3110429,"분식전문점",5.684754521963824,79.46210268948656,5.684754521963824,"17~21",97.14285714285714,2717.516612714475,97.14285714285714,4,"00~06,21~24","",TRUE,"분석 가능","서강대역 1번",88.37209302325581,62.01550387596899,"100 - 16개 상권특성의 평균 절대 백분위 차이"
"공릉동 국수거리",3110429,"호프-간이주점",6.012024048096192,82.33009708737865,6.012024048096192,"뚜렷한 DEAD TIME 없음",0,0,0,5,"","",TRUE,"분석 가능","서강대역 1번",89.99248496993988,78.95791583166333,"100 - 16개 상권특성의 평균 절대 백분위 차이"
"공릉동 국수거리",3110429,"커피-음료",17.964071856287426,85.8806404657933,17.964071856287426,"뚜렷한 DEAD TIME 없음",0,0,0,5,"00~06","",TRUE,"분석 가능","서강대역 1번",90.40044910179641,65.71856287425149,"100 - 16개 상권특성의 평균 절대 백분위 차이"
"공릉동 국수거리",3110429,"편의점",89.7172236503856,78.5,89.7172236503856,"뚜렷한 DEAD TIME 없음",0,0,0,5,"","",TRUE,"분석 가능","남영역 1번",86.29498714652956,95.88688946015425,"100 - 16개 상권특성의 평균 절대 백분위 차이"
"중계초등학교",3110430,"한식음식점",80.20022246941045,3.7444933920704844,80.20022246941045,"뚜렷한 DEAD TIME 없음",0,0,0,5,"00~06","",TRUE,"분석 가능","방배동사이길",87.22191323692992,95.99555061179088,"100 - 16개 상권특성의 평균 절대 백분위 차이"
"상계역",3110431,"한식음식점",78.30923248053394,43.392070484581495,78.30923248053394,"뚜렷한 DEAD TIME 없음",0,0,0,5,"","",TRUE,"분석 가능","도봉구민회관",86.17908787541712,94.21579532814238,"100 - 16개 상권특성의 평균 절대 백분위 차이"
"상계역",3110431,"분식전문점",81.3953488372093,25.67237163814181,81.3953488372093,"뚜렷한 DEAD TIME 없음",0,0,0,5,"","",TRUE,"분석 가능","홍은종합사회복지관",85.59431524547804,86.82170542635659,"100 - 16개 상권특성의 평균 절대 백분위 차이"
"상계역",3110431,"호프-간이주점",53.707414829659314,26.796116504854368,53.707414829659314,"뚜렷한 DEAD TIME 없음",0,0,0,5,"","",TRUE,"분석 가능","그라운드 고척",90.99448897795591,75.55110220440882,"100 - 16개 상권특성의 평균 절대 백분위 차이"
"상계역",3110431,"커피-음료",96.40718562874252,36.098981077147016,96.40718562874252,"뚜렷한 DEAD TIME 없음",0,0,0,5,"","",TRUE,"분석 가능","성신여대입구역 4번",83.0183383233533,99.10179640718563,"100 - 16개 상권특성의 평균 절대 백분위 차이"
"대진고등학교",3110432,"한식음식점",10.122358175750835,19.273127753303964,10.122358175750835,"21~24",95.2755905511811,1726.582978270812,95.2755905511811,5,"00~06","",TRUE,"분석 가능","안암역 2번",88.9460511679644,81.86874304783093,"100 - 16개 상권특성의 평균 절대 백분위 차이"
"대진고등학교",3110432,"분식전문점",50.3875968992248,8.06845965770171,50.3875968992248,"뚜렷한 DEAD TIME 없음",0,0,0,5,"","",TRUE,"분석 가능","안암역 2번",90.1485788113695,59.43152454780362,"100 - 16개 상권특성의 평균 절대 백분위 차이"
"대진고등학교",3110432,"커피-음료",5.389221556886228,13.973799126637553,5.389221556886228,"17~21",97.8978978978979,5521.188830045349,97.8978978978979,4,"00~06,21~24","",TRUE,"분석 가능","안암역 2번",90.46594311377245,89.82035928143712,"100 - 16개 상권특성의 평균 절대 백분위 차이"
"공릉역 2번",3110433,"한식음식점",9.788654060066742,77.42290748898678,9.788654060066742,"11~14",90.63545150501672,2043.2109937144996,90.63545150501672,5,"","",TRUE,"분석 가능","창2동주민센터",88.29254727474972,52.72525027808677,"100 - 16개 상권특성의 평균 절대 백분위 차이"
"공릉역 2번",3110433,"호프-간이주점",29.458917835671343,66.79611650485437,29.458917835671343,"뚜렷한 DEAD TIME 없음",0,0,0,3,"06~11,11~14","",TRUE,"분석 가능","목동보건지소",86.82364729458918,53.106212424849694,"100 - 16개 상권특성의 평균 절대 백분위 차이"
"공릉역 2번",3110433,"커피-음료",18.7125748502994,73.07132459970887,18.7125748502994,"14~17",92.96407185628742,3050.583269887453,92.96407185628742,5,"","",TRUE,"분석 가능","성신여대운정그린캠퍼스",86.57372754491017,42.66467065868264,"100 - 16개 상권특성의 평균 절대 백분위 차이"
"태릉입구역 4번",3110434,"한식음식점",77.53058954393771,35.13215859030837,77.53058954393771,"뚜렷한 DEAD TIME 없음",0,0,0,5,"","",TRUE,"분석 가능","답십리역 6번",88.64015572858732,81.0901001112347,"100 - 16개 상권특성의 평균 절대 백분위 차이"
"태릉입구역 4번",3110434,"커피-음료",2.245508982035928,28.238719068413392,2.245508982035928,"06~11",99.84662576687117,258.93035146825565,99.84662576687117,5,"00~06","",TRUE,"분석 가능","이대역 5번",88.44498502994011,7.48502994011976,"100 - 16개 상권특성의 평균 절대 백분위 차이"
"서울과학기술대",3110435,"한식음식점",34.37152391546162,7.158590308370044,34.37152391546162,"뚜렷한 DEAD TIME 없음",0,0,0,5,"","",TRUE,"분석 가능","정릉역 2번",83.54421579532814,75.75083426028921,"100 - 16개 상권특성의 평균 절대 백분위 차이"
"서울과학기술대",3110435,"분식전문점",66.1498708010336,2.93398533007335,66.1498708010336,"뚜렷한 DEAD TIME 없음",0,0,0,5,"00~06","",TRUE,"분석 가능","4.19민주묘지역 2번",76.17894056847545,79.84496124031007,"100 - 16개 상권특성의 평균 절대 백분위 차이"
"서울과학기술대",3110435,"호프-간이주점",27.054108216432866,2.1359223300970873,27.054108216432866,"14~17",91.28540305010894,91.21120801199842,91.28540305010894,4,"06~11","",TRUE,"분석 가능","혜원여고",82.62775551102204,94.98997995991984,"100 - 16개 상권특성의 평균 절대 백분위 차이"
"서울과학기술대",3110435,"커피-음료",91.01796407185628,4.9490538573508,91.01796407185628,"뚜렷한 DEAD TIME 없음",0,0,0,5,"00~06","",TRUE,"분석 가능","강일동주민센터",78.15306886227545,97.0059880239521,"100 - 16개 상권특성의 평균 절대 백분위 차이"
"상계제일중학교",3110436,"한식음식점",98.2202447163515,38.76651982378855,98.2202447163515,"뚜렷한 DEAD TIME 없음",0,0,0,5,"","",TRUE,"분석 가능",NA,NA,NA,"100 - 16개 상권특성의 평균 절대 백분위 차이"
"당고개역 2번",3110437,"한식음식점",24.916573971078975,80.94713656387665,24.916573971078975,"뚜렷한 DEAD TIME 없음",0,0,0,5,"","",TRUE,"분석 가능","신길3동주민센터",92.21357063403782,31.368186874304783,"100 - 16개 상권특성의 평균 절대 백분위 차이"
"당고개역 2번",3110437,"분식전문점",28.42377260981912,66.74816625916871,28.42377260981912,"뚜렷한 DEAD TIME 없음",0,0,0,5,"","",TRUE,"분석 가능","계상초등학교",89.34108527131784,38.50129198966408,"100 - 16개 상권특성의 평균 절대 백분위 차이"
"당고개역 2번",3110437,"호프-간이주점",62.525050100200396,72.03883495145631,62.525050100200396,"뚜렷한 DEAD TIME 없음",0,0,0,5,"","",TRUE,"분석 가능","도봉세무서",86.63577154308616,78.55711422845691,"100 - 16개 상권특성의 평균 절대 백분위 차이"
"당고개역 2번",3110437,"커피-음료",20.958083832335326,77.29257641921397,20.958083832335326,"11~14",92.80359820089956,310.4574102340049,92.80359820089956,5,"","",TRUE,"분석 가능","러스크서울병원",89.95134730538922,48.65269461077844,"100 - 16개 상권특성의 평균 절대 백분위 차이"
"경춘선숲길 우측",3110438,"한식음식점",38.70967741935484,84.69162995594714,38.70967741935484,"뚜렷한 DEAD TIME 없음",0,0,0,5,"","",TRUE,"분석 가능","외대앞역 1번",87.33314794215796,46.0511679644049,"100 - 16개 상권특성의 평균 절대 백분위 차이"
"경춘선숲길 우측",3110438,"분식전문점",48.837209302325576,73.83863080684596,48.837209302325576,"뚜렷한 DEAD TIME 없음",0,0,0,5,"","",TRUE,"분석 가능","응암역 2번",88.22674418604652,76.48578811369508,"100 - 16개 상권특성의 평균 절대 백분위 차이"
"경춘선숲길 우측",3110438,"호프-간이주점",58.91783567134269,77.08737864077669,58.91783567134269,"뚜렷한 DEAD TIME 없음",0,0,0,4,"06~11","",TRUE,"분석 가능","화곡역 2번",87.5751503006012,66.13226452905812,"100 - 16개 상권특성의 평균 절대 백분위 차이"
"경춘선숲길 우측",3110438,"커피-음료",51.796407185628745,81.6593886462882,51.796407185628745,"뚜렷한 DEAD TIME 없음",0,0,0,5,"","",TRUE,"분석 가능","외대앞역 1번",86.81699101796407,95.35928143712576,"100 - 16개 상권특성의 평균 절대 백분위 차이"
"경춘선숲길 우측",3110438,"편의점",25.70694087403599,72,25.70694087403599,"뚜렷한 DEAD TIME 없음",0,0,0,5,"","",TRUE,"분석 가능","방학1동주민센터",83.62789203084833,71.72236503856041,"100 - 16개 상권특성의 평균 절대 백분위 차이"
"당고개역 5번",3110439,"한식음식점",10.456062291434929,52.092511013215855,10.456062291434929,"17~21",90.43381535038932,3619.9912731851027,90.43381535038932,5,"","",TRUE,"분석 가능","장곡초등학교",89.43270300333704,54.50500556173527,"100 - 16개 상권특성의 평균 절대 백분위 차이"
"당고개역 5번",3110439,"분식전문점",10.852713178294573,34.71882640586797,10.852713178294573,"17~21",98.7012987012987,834.3670702782769,98.7012987012987,4,"00~06,21~24","",TRUE,"분석 가능","무너미어린이공원",91.2467700258398,63.04909560723514,"100 - 16개 상권특성의 평균 절대 백분위 차이"
"당고개역 5번",3110439,"호프-간이주점",15.631262525050099,36.50485436893204,15.631262525050099,"뚜렷한 DEAD TIME 없음",0,0,0,4,"06~11","",TRUE,"분석 가능","개웅초등학교(개웅중학교)",87.03657314629258,49.899799599198396,"100 - 16개 상권특성의 평균 절대 백분위 차이"
"당고개역 5번",3110439,"커피-음료",99.8502994011976,46.43377001455604,99.8502994011976,"뚜렷한 DEAD TIME 없음",0,0,0,5,"00~06","",TRUE,"분석 가능",NA,NA,NA,"100 - 16개 상권특성의 평균 절대 백분위 차이"
"당고개역 5번",3110439,"편의점",89.46015424164524,28.999999999999996,89.46015424164524,"뚜렷한 DEAD TIME 없음",0,0,0,5,"","",TRUE,"분석 가능","백련산해모로아파트",85.71658097686375,91.51670951156812,"100 - 16개 상권특성의 평균 절대 백분위 차이"
"영신여고",3110441,"한식음식점",16.46273637374861,36.784140969163,16.46273637374861,"06~11",99.31428571428572,267.7777308385889,99.31428571428572,5,"","",TRUE,"분석 가능","동대문경찰서",89.6690767519466,93.99332591768632,"100 - 16개 상권특성의 평균 절대 백분위 차이"
"영신여고",3110441,"분식전문점",48.57881136950905,20.537897310513447,48.57881136950905,"21~24",94.8051948051948,239.7827525474417,94.8051948051948,5,"","",TRUE,"분석 가능","망우본동주민센터",82.7842377260982,78.55297157622739,"100 - 16개 상권특성의 평균 절대 백분위 차이"
"영신여고",3110441,"호프-간이주점",14.428857715430862,21.16504854368932,14.428857715430862,"21~24",99.79838709677419,25.798029430071594,99.79838709677419,3,"00~06,06~11,11~14","",TRUE,"분석 가능","러스크서울병원",88.47695390781564,60.120240480961925,"100 - 16개 상권특성의 평균 절대 백분위 차이"
"영신여고",3110441,"커피-음료",41.76646706586826,29.54876273653566,41.76646706586826,"뚜렷한 DEAD TIME 없음",0,0,0,5,"00~06","",TRUE,"분석 가능","계상초등학교",85.8813622754491,59.4311377245509,"100 - 16개 상권특성의 평균 절대 백분위 차이"
"화랑대철도공원",3110442,"분식전문점",90.43927648578811,2.2004889975550124,90.43927648578811,"뚜렷한 DEAD TIME 없음",0,0,0,4,"00~06,21~24","",TRUE,"분석 가능","가양역 10번",80.55555555555556,91.7312661498708,"100 - 16개 상권특성의 평균 절대 백분위 차이"
"화랑대철도공원",3110442,"커피-음료",69.76047904191617,2.7656477438136826,69.76047904191617,"뚜렷한 DEAD TIME 없음",0,0,0,4,"00~06,21~24","",TRUE,"분석 가능","연희세브란스병원",84.21594311377245,85.32934131736528,"100 - 16개 상권특성의 평균 절대 백분위 차이"
"수색성당",3110444,"한식음식점",86.31813125695217,11.563876651982378,86.31813125695217,"뚜렷한 DEAD TIME 없음",0,0,0,5,"","",TRUE,"분석 가능","마장역 2번",86.10261401557287,87.20800889877643,"100 - 16개 상권특성의 평균 절대 백분위 차이"
"내를건너서숲으로도서관",3110446,"분식전문점",11.627906976744185,5.134474327628362,11.627906976744185,"뚜렷한 DEAD TIME 없음",0,0,0,5,"","",TRUE,"분석 가능","광나루역 1번",88.61434108527132,65.63307493540051,"100 - 16개 상권특성의 평균 절대 백분위 차이"
"내를건너서숲으로도서관",3110446,"커피-음료",51.19760479041916,8.73362445414847,51.19760479041916,"뚜렷한 DEAD TIME 없음",0,0,0,4,"00~06,21~24","",TRUE,"분석 가능","KB국민은행 서강지점",87.8555389221557,99.25149700598801,"100 - 16개 상권특성의 평균 절대 백분위 차이"
"내를건너서숲으로도서관",3110446,"편의점",NA,3,NA,"뚜렷한 DEAD TIME 없음",0,0,0,0,"","00~06,06~11,11~14,14~17,17~21,21~24",FALSE,"활동 또는 관측 근거 부족",NA,NA,NA,"100 - 16개 상권특성의 평균 절대 백분위 차이"
"상신초등학교입구",3110448,"분식전문점",NA,9.5354523227383865,NA,"뚜렷한 DEAD TIME 없음",0,0,0,0,"","00~06,06~11,11~14,14~17,17~21,21~24",FALSE,"활동 또는 관측 근거 부족",NA,NA,NA,"100 - 16개 상권특성의 평균 절대 백분위 차이"
"증산역 3번",3110449,"한식음식점",44.38264738598443,63.54625550660793,44.38264738598443,"뚜렷한 DEAD TIME 없음",0,0,0,5,"","",TRUE,"분석 가능","서대문구보건소별관",90.19744160177976,59.95550611790878,"100 - 16개 상권특성의 평균 절대 백분위 차이"
"증산역 3번",3110449,"분식전문점",88.37209302325581,47.18826405867971,88.37209302325581,"뚜렷한 DEAD TIME 없음",0,0,0,5,"00~06","",TRUE,"분석 가능","신월3동주민센터",86.3533591731266,96.64082687338501,"100 - 16개 상권특성의 평균 절대 백분위 차이"
"증산역 3번",3110449,"호프-간이주점",42.28456913827655,48.737864077669904,42.28456913827655,"뚜렷한 DEAD TIME 없음",0,0,0,4,"11~14","",TRUE,"분석 가능","석촌고분역 4번",88.58967935871743,65.53106212424849,"100 - 16개 상권특성의 평균 절대 백분위 차이"
"증산역 3번",3110449,"커피-음료",63.47305389221557,58.806404657933044,63.47305389221557,"뚜렷한 DEAD TIME 없음",0,0,0,5,"","",TRUE,"분석 가능","시립서북병원",90.94311377245509,69.61077844311377,"100 - 16개 상권특성의 평균 절대 백분위 차이"
"시립서북병원",3110450,"한식음식점",28.698553948832036,91.74008810572687,28.698553948832036,"뚜렷한 DEAD TIME 없음",0,0,0,5,"","",TRUE,"분석 가능","신월1동우편취급국",91.90072302558399,62.06896551724138,"100 - 16개 상권특성의 평균 절대 백분위 차이"
"시립서북병원",3110450,"분식전문점",13.953488372093023,84.84107579462102,13.953488372093023,"21~24",98.37662337662337,408.7238495200222,98.37662337662337,5,"00~06","",TRUE,"분석 가능","목동보건지소",91.45671834625323,50.129198966408275,"100 - 16개 상권특성의 평균 절대 백분위 차이"
"시립서북병원",3110450,"호프-간이주점",35.87174348697395,87.37864077669903,35.87174348697395,"뚜렷한 DEAD TIME 없음",0,0,0,4,"06~11","",TRUE,"분석 가능","목동보건지소",93.17384769539078,53.106212424849694,"100 - 16개 상권특성의 평균 절대 백분위 차이"
"시립서북병원",3110450,"커피-음료",69.61077844311377,89.8107714701601,69.61077844311377,"뚜렷한 DEAD TIME 없음",0,0,0,5,"","",TRUE,"분석 가능","신월2동주민센터",91.07410179640718,76.94610778443113,"100 - 16개 상권특성의 평균 절대 백분위 차이"
"시립서북병원",3110450,"편의점",97.94344473007712,84.75,97.94344473007712,"뚜렷한 DEAD TIME 없음",0,0,0,5,"","",TRUE,"분석 가능",NA,NA,NA,"100 - 16개 상권특성의 평균 절대 백분위 차이"
"증산역 4번",3110451,"한식음식점",7.119021134593993,41.519823788546255,7.119021134593993,"21~24",95.61304836895388,769.973682910025,95.61304836895388,5,"","",TRUE,"분석 가능","신정역 1번",89.88459399332592,50.38932146829811,"100 - 16개 상권특성의 평균 절대 백분위 차이"
"증산역 4번",3110451,"분식전문점",26.098191214470283,23.96088019559902,26.098191214470283,"뚜렷한 DEAD TIME 없음",0,0,0,5,"00~06","",TRUE,"분석 가능","수궁동주민센터",85.98191214470285,73.64341085271317,"100 - 16개 상권특성의 평균 절대 백분위 차이"
"새절역 3번",3110452,"한식음식점",48.9432703003337,51.431718061674005,48.9432703003337,"뚜렷한 DEAD TIME 없음",0,0,0,5,"","",TRUE,"분석 가능","쌍문역1번(쌍리단길)",89.73859844271412,69.9666295884316,"100 - 16개 상권특성의 평균 절대 백분위 차이"
"새절역 3번",3110452,"분식전문점",43.927648578811365,33.98533007334964,43.927648578811365,"뚜렷한 DEAD TIME 없음",0,0,0,5,"00~06","",TRUE,"분석 가능","쌍문역1번(쌍리단길)",91.4890180878553,98.96640826873386,"100 - 16개 상권특성의 평균 절대 백분위 차이"
"새절역 3번",3110452,"커피-음료",2.095808383233533,45.56040756914119,2.095808383233533,"17~21",98.7987987987988,1146.544329240744,98.7987987987988,5,"00~06","",TRUE,"분석 가능","성동초등학교",88.99700598802396,91.46706586826348,"100 - 16개 상권특성의 평균 절대 백분위 차이"
"새절역 3번",3110452,"편의점",28.53470437017995,28.249999999999996,28.53470437017995,"뚜렷한 DEAD TIME 없음",0,0,0,5,"","",TRUE,"분석 가능","보문역 4번",88.54434447300771,89.20308483290489,"100 - 16개 상권특성의 평균 절대 백분위 차이"
"신사1동주민센터",3110453,"한식음식점",46.49610678531702,62.00440528634361,46.49610678531702,"뚜렷한 DEAD TIME 없음",0,0,0,5,"","",TRUE,"분석 가능","독산동성당",91.43492769744161,50.27808676307007,"100 - 16개 상권특성의 평균 절대 백분위 차이"
"신사1동주민센터",3110453,"호프-간이주점",41.08216432865731,46.79611650485437,41.08216432865731,"뚜렷한 DEAD TIME 없음",0,0,0,3,"06~11,11~14","",TRUE,"분석 가능","오류2동버들시장",87.5250501002004,66.33266533066133,"100 - 16개 상권특성의 평균 절대 백분위 차이"
"신사1동주민센터",3110453,"편의점",90.74550128534705,40,90.74550128534705,"뚜렷한 DEAD TIME 없음",0,0,0,5,"","",TRUE,"분석 가능","시흥동 은행나무사거리",85.78084832904884,96.91516709511568,"100 - 16개 상권특성의 평균 절대 백분위 차이"
"선정중학교",3110454,"한식음식점",1.3348164627363739,80.39647577092511,1.3348164627363739,"11~14",99.55406911928651,476.6800459456178,99.55406911928651,5,"","",TRUE,"분석 가능","신곡초등학교",91.03170189098999,93.88209121245829,"100 - 16개 상권특성의 평균 절대 백분위 차이"
"선정중학교",3110454,"커피-음료",18.263473053892216,76.7103347889374,18.263473053892216,"뚜렷한 DEAD TIME 없음",0,0,0,5,"00~06","",TRUE,"분석 가능","강서고등학교",91.60741017964071,25.149700598802394,"100 - 16개 상권특성의 평균 절대 백분위 차이"
"선정중학교",3110454,"편의점",50.128534704370175,65.25,50.128534704370175,"뚜렷한 DEAD TIME 없음",0,0,0,5,"","",TRUE,"분석 가능","신곡초등학교",88.97814910025707,54.498714652956295,"100 - 16개 상권특성의 평균 절대 백분위 차이"
"역촌노인복지관",3110455,"한식음식점",27.808676307007786,79.73568281938326,27.808676307007786,"뚜렷한 DEAD TIME 없음",0,0,0,5,"","",TRUE,"분석 가능","굽은다리역 1번(십자성마을)",91.01084538375973,93.43715239154616,"100 - 16개 상권특성의 평균 절대 백분위 차이"
"역촌노인복지관",3110455,"분식전문점",14.728682170542637,65.03667481662592,14.728682170542637,"21~24",96.75324675324676,337.60635906371743,96.75324675324676,5,"00~06","",TRUE,"분석 가능","독산동성당",91.69896640826873,29.198966408268735,"100 - 16개 상권특성의 평균 절대 백분위 차이"
"역촌노인복지관",3110455,"호프-간이주점",74.34869739478958,70.29126213592232,74.34869739478958,"뚜렷한 DEAD TIME 없음",0,0,0,5,"","",TRUE,"분석 가능","수유1동주민센터",89.17835671342685,96.79358717434869,"100 - 16개 상권특성의 평균 절대 백분위 차이"
"역촌노인복지관",3110455,"커피-음료",83.08383233532935,75.83697234352256,83.08383233532935,"뚜렷한 DEAD TIME 없음",0,0,0,5,"00~06","",TRUE,"분석 가능",NA,NA,NA,"100 - 16개 상권특성의 평균 절대 백분위 차이"
"구산보건지소",3110456,"한식음식점",8.453837597330367,83.81057268722468,8.453837597330367,"14~17",92.20489977728286,2814.7509745198863,92.20489977728286,5,"","",TRUE,"분석 가능","신월1동주민센터",91.40711902113459,45.82869855394883,"100 - 16개 상권특성의 평균 절대 백분위 차이"
"구산보건지소",3110456,"분식전문점",22.739018087855296,72.12713936430319,22.739018087855296,"21~24",92.20779220779221,185.06303825624738,92.20779220779221,5,"00~06","",TRUE,"분석 가능","중화역 1번",90.82687338501292,86.30490956072352,"100 - 16개 상권특성의 평균 절대 백분위 차이"
"구산보건지소",3110456,"호프-간이주점",76.75350701402806,76.11650485436893,76.75350701402806,"뚜렷한 DEAD TIME 없음",0,0,0,3,"06~11,11~14","",TRUE,"분석 가능","둔촌동역 1번(한산중학교)",85.05761523046093,90.78156312625251,"100 - 16개 상권특성의 평균 절대 백분위 차이"
"구산보건지소",3110456,"커피-음료",8.532934131736528,80.78602620087337,8.532934131736528,"17~21",96.84684684684684,4195.680586870197,96.84684684684684,5,"","",TRUE,"분석 가능","중화역 1번",91.00860778443113,11.976047904191617,"100 - 16개 상권특성의 평균 절대 백분위 차이"
"구산보건지소",3110456,"편의점",53.470437017994854,70.25,53.470437017994854,"뚜렷한 DEAD TIME 없음",0,0,0,5,"","",TRUE,"분석 가능","신월3동주민센터",89.26735218508998,71.46529562982005,"100 - 16개 상권특성의 평균 절대 백분위 차이"
"예일여고",3110457,"한식음식점",86.54060066740823,50.22026431718062,86.54060066740823,"뚜렷한 DEAD TIME 없음",0,0,0,5,"","",TRUE,"분석 가능",NA,NA,NA,"100 - 16개 상권특성의 평균 절대 백분위 차이"
"예일여고",3110457,"커피-음료",97.90419161676647,43.95924308588064,97.90419161676647,"뚜렷한 DEAD TIME 없음",0,0,0,5,"00~06","",TRUE,"분석 가능","시흥4동주민센터(서울신흥초등학교)",84.15980538922156,98.05389221556887,"100 - 16개 상권특성의 평균 절대 백분위 차이"
"예일여고",3110457,"편의점",69.9228791773779,27,69.9228791773779,"뚜렷한 DEAD TIME 없음",0,0,0,5,"","",TRUE,"분석 가능","신정역 1번",88.31940874035989,82.26221079691517,"100 - 16개 상권특성의 평균 절대 백분위 차이"
"선일여고",3110458,"한식음식점",55.39488320355951,53.414096916299556,55.39488320355951,"뚜렷한 DEAD TIME 없음",0,0,0,5,"","",TRUE,"분석 가능","장안중학교",87.68770856507231,74.52725250278087,"100 - 16개 상권특성의 평균 절대 백분위 차이"
"선일여고",3110458,"분식전문점",60.46511627906976,37.163814180929094,60.46511627906976,"뚜렷한 DEAD TIME 없음",0,0,0,5,"00~06","",TRUE,"분석 가능","성자초등학교",84.30232558139534,77.77777777777779,"100 - 16개 상권특성의 평균 절대 백분위 차이"
"선일여고",3110458,"커피-음료",87.57485029940119,47.88937409024746,87.57485029940119,"뚜렷한 DEAD TIME 없음",0,0,0,5,"","",TRUE,"분석 가능","예일여고",86.20883233532935,97.90419161676647,"100 - 16개 상권특성의 평균 절대 백분위 차이"
"선일여고",3110458,"편의점",13.881748071979436,31.25,13.881748071979436,"11~14",90.23136246786633,28413.728032399198,90.23136246786633,5,"","",TRUE,"분석 가능","중랑노인종합복지관",84.2866323907455,64.01028277634961,"100 - 16개 상권특성의 평균 절대 백분위 차이"
"응암역 2번",3110459,"한식음식점",34.81646273637375,72.57709251101322,34.81646273637375,"뚜렷한 DEAD TIME 없음",0,0,0,5,"","",TRUE,"분석 가능","대림1동주민센터",88.3551167964405,91.43492769744161,"100 - 16개 상권특성의 평균 절대 백분위 차이"
"응암역 2번",3110459,"분식전문점",76.48578811369508,57.21271393643031,76.48578811369508,"뚜렷한 DEAD TIME 없음",0,0,0,5,"","",TRUE,"분석 가능","구로4동주민센터",88.00064599483204,91.21447028423772,"100 - 16개 상권특성의 평균 절대 백분위 차이"
"구산역 4번",3110460,"한식음식점",47.4972191323693,83.92070484581498,47.4972191323693,"뚜렷한 DEAD TIME 없음",0,0,0,5,"","",TRUE,"분석 가능","푸른들청소년도서관",89.72469410456063,52.28031145717463,"100 - 16개 상권특성의 평균 절대 백분위 차이"
"구산역 4번",3110460,"분식전문점",74.93540051679587,72.37163814180929,74.93540051679587,"뚜렷한 DEAD TIME 없음",0,0,0,4,"00~06,21~24","",TRUE,"분석 가능","먹골역 1번",87.85529715762273,88.63049095607235,"100 - 16개 상권특성의 평균 절대 백분위 차이"
"구산역 4번",3110460,"호프-간이주점",94.18837675350701,76.31067961165049,94.18837675350701,"뚜렷한 DEAD TIME 없음",0,0,0,2,"06~11,11~14,14~17","",TRUE,"분석 가능",NA,NA,NA,"100 - 16개 상권특성의 평균 절대 백분위 차이"
"구산역 4번",3110460,"커피-음료",14.221556886227546,80.9315866084425,14.221556886227546,"21~24",97.17813051146385,556.9017406669034,97.17813051146385,5,"00~06","",TRUE,"분석 가능","먹골역 1번",90.50336826347305,67.21556886227546,"100 - 16개 상권특성의 평균 절대 백분위 차이"
"구산역 4번",3110460,"편의점",79.94858611825192,70.5,79.94858611825192,"뚜렷한 DEAD TIME 없음",0,0,0,5,"","",TRUE,"분석 가능","남강고등학교(남강중학교)",85.78084832904884,97.42930591259639,"100 - 16개 상권특성의 평균 절대 백분위 차이"
"새절역 2번",3110461,"한식음식점",83.42602892102336,13.54625550660793,83.42602892102336,"뚜렷한 DEAD TIME 없음",0,0,0,5,"","",TRUE,"분석 가능","중랑역 4번",84.70522803114572,87.31924360400444,"100 - 16개 상권특성의 평균 절대 백분위 차이"
"새절역 2번",3110461,"커피-음료",NA,9.024745269286754,NA,"뚜렷한 DEAD TIME 없음",0,0,0,0,"","00~06,06~11,11~14,14~17,17~21,21~24",FALSE,"활동 또는 관측 근거 부족",NA,NA,NA,"100 - 16개 상권특성의 평균 절대 백분위 차이"
"갈현건영아파트",3110462,"한식음식점",3.225806451612903,58.590308370044056,3.225806451612903,"06~11",97.48571428571428,116.68733664876315,97.48571428571428,5,"","",TRUE,"분석 가능","성남고등학교",87.43743047830922,96.440489432703,"100 - 16개 상권특성의 평균 절대 백분위 차이"
"갈현건영아파트",3110462,"커피-음료",50.59880239520959,53.42066957787481,50.59880239520959,"17~21",90.39039039039038,400.3465084120623,90.39039039039038,4,"00~06,21~24","",TRUE,"분석 가능","상도4동주민센터",87.91167664670658,80.688622754491007,"100 - 16개 상권특성의 평균 절대 백분위 차이"
"응암3동주민센터",3110463,"한식음식점",94.6607341490545,46.25550660792951,94.6607341490545,"뚜렷한 DEAD TIME 없음",0,0,0,5,"","",TRUE,"분석 가능",NA,NA,NA,"100 - 16개 상권특성의 평균 절대 백분위 차이"
"응암3동주민센터",3110463,"호프-간이주점",35.47094188376754,30.097087378640776,35.47094188376754,"뚜렷한 DEAD TIME 없음",0,0,0,5,"","",TRUE,"분석 가능","신길6동주민센터",87.8381763527054,91.38276553106212,"100 - 16개 상권특성의 평균 절대 백분위 차이"
"응암3동주민센터",3110463,"커피-음료",71.10778443113772,39.15574963609898,71.10778443113772,"뚜렷한 DEAD TIME 없음",0,0,0,5,"","",TRUE,"분석 가능","신길6동주민센터",85.43226047904191,94.61077844311377,"100 - 16개 상권특성의 평균 절대 백분위 차이"
"연신내역 5번",3110464,"한식음식점",67.07452725250278,41.85022026431718,67.07452725250278,"뚜렷한 DEAD TIME 없음",0,0,0,5,"","",TRUE,"분석 가능","달마을공원",87.68075639599556,67.29699666295885,"100 - 16개 상권특성의 평균 절대 백분위 차이"
"연신내역 5번",3110464,"호프-간이주점",1.2024048096192386,25.436893203883493,1.2024048096192386,"14~17",97.82135076252723,222.74220072752604,97.82135076252723,4,"06~11","",TRUE,"분석 가능","난우초등학교",85.82164328657315,43.48697394789579,"100 - 16개 상권특성의 평균 절대 백분위 차이"
"연신내역 5번",3110464,"커피-음료",35.47904191616767,34.206695778748184,35.47904191616767,"뚜렷한 DEAD TIME 없음",0,0,0,5,"00~06","",TRUE,"분석 가능","문성초등학교",88.22979041916167,90.41916167664671,"100 - 16개 상권특성의 평균 절대 백분위 차이"
"연신내역 7번",3110465,"한식음식점",11.012235817575084,65.41850220264317,11.012235817575084,"06~11",96.11428571428571,1300.502605598136,96.11428571428571,5,"","",TRUE,"분석 가능","돌곶이역 8번",88.18826473859845,82.64738598442715,"100 - 16개 상권특성의 평균 절대 백분위 차이"
"연신내역 7번",3110465,"분식전문점",85.27131782945736,49.63325183374083,85.27131782945736,"뚜렷한 DEAD TIME 없음",0,0,0,5,"","",TRUE,"분석 가능","쌍문역1번(쌍리단길)",87.62919896640827,98.96640826873386,"100 - 16개 상권특성의 평균 절대 백분위 차이"
"연신내역 7번",3110465,"호프-간이주점",5.811623246492986,51.45631067961165,5.811623246492986,"14~17",99.78213507625271,542.9721623236171,99.78213507625271,3,"06~11,11~14","",TRUE,"분석 가능","아현역 2번",85.63376753507013,34.2685370741483,"100 - 16개 상권특성의 평균 절대 백분위 차이"
"연신내역 7번",3110465,"커피-음료",76.79640718562875,60.698689956331876,76.79640718562875,"뚜렷한 DEAD TIME 없음",0,0,0,5,"00~06","",TRUE,"분석 가능","쌍문역1번(쌍리단길)",83.82297904191617,99.7005988023952,"100 - 16개 상권특성의 평균 절대 백분위 차이"
"연신내역 7번",3110465,"편의점",NA,44.25,NA,"뚜렷한 DEAD TIME 없음",0,0,0,0,"","00~06,06~11,11~14,14~17,17~21,21~24",FALSE,"활동 또는 관측 근거 부족",NA,NA,NA,"100 - 16개 상권특성의 평균 절대 백분위 차이"
"구산역 2번",3110466,"한식음식점",21.134593993325918,52.42290748898678,21.134593993325918,"17~21",91.99110122358177,5246.512892929132,91.99110122358177,5,"","",TRUE,"분석 가능","시흥초등학교(시흥1동우체국)",92.41518353726363,88.09788654060067,"100 - 16개 상권특성의 평균 절대 백분위 차이"
"구산역 2번",3110466,"호프-간이주점",48.09619238476954,36.699029126213595,48.09619238476954,"뚜렷한 DEAD TIME 없음",0,0,0,3,"06~11,11~14","",TRUE,"분석 가능","면목동우체국",88.79008016032064,49.69939879759519,"100 - 16개 상권특성의 평균 절대 백분위 차이"
"구산역 2번",3110466,"편의점",57.0694087403599,29.5,57.0694087403599,"뚜렷한 DEAD TIME 없음",0,0,0,5,"","",TRUE,"분석 가능","장곡초등학교",90.50449871465295,74.80719794344472,"100 - 16개 상권특성의 평균 절대 백분위 차이"
"은평요양병원",3110467,"한식음식점",64.73859844271412,22.136563876651984,64.73859844271412,"뚜렷한 DEAD TIME 없음",0,0,0,5,"","",TRUE,"분석 가능","구남초등학교",86.74916573971079,69.41045606229143,"100 - 16개 상권특성의 평균 절대 백분위 차이"
"은평요양병원",3110467,"분식전문점",33.59173126614987,10.513447432762836,33.59173126614987,"뚜렷한 DEAD TIME 없음",0,0,0,5,"00~06","",TRUE,"분석 가능","마장역 2번",86.64405684754522,87.59689922480621,"100 - 16개 상권특성의 평균 절대 백분위 차이"
"은평요양병원",3110467,"호프-간이주점",16.03206412825651,9.320388349514563,16.03206412825651,"뚜렷한 DEAD TIME 없음",0,0,0,5,"","",TRUE,"분석 가능","강서구청옆",88.57715430861724,72.54509018036072,"100 - 16개 상권특성의 평균 절대 백분위 차이"
"은평요양병원",3110467,"커피-음료",7.784431137724551,16.593886462882097,7.784431137724551,"17~21",93.09309309309309,2619.280689882165,93.09309309309309,5,"00~06","",TRUE,"분석 가능","구남초등학교",89.623877245509,71.25748502994011,"100 - 16개 상권특성의 평균 절대 백분위 차이"
"은평요양병원",3110467,"편의점",46.52956298200514,7.5,46.52956298200514,"뚜렷한 DEAD TIME 없음",0,0,0,5,"","",TRUE,"분석 가능","고덕동성당",87.37146529562982,78.40616966580977,"100 - 16개 상권특성의 평균 절대 백분위 차이"
"응암역 3번",3110468,"한식음식점",33.815350389321466,94.7136563876652,33.815350389321466,"뚜렷한 DEAD TIME 없음",0,0,0,5,"","",TRUE,"분석 가능","푸른들청소년도서관",92.81840934371523,52.28031145717463,"100 - 16개 상권특성의 평균 절대 백분위 차이"
"응암역 3번",3110468,"분식전문점",41.86046511627907,89.73105134474328,41.86046511627907,"뚜렷한 DEAD TIME 없음",0,0,0,5,"00~06","",TRUE,"분석 가능","까치산역 4번",89.16343669250647,46.770025839793284,"100 - 16개 상권특성의 평균 절대 백분위 차이"
"응암역 3번",3110468,"호프-간이주점",63.126252505010015,91.6504854368932,63.126252505010015,"뚜렷한 DEAD TIME 없음",0,0,0,5,"","",TRUE,"분석 가능","푸른들청소년도서관",92.72294589178357,85.77154308617234,"100 - 16개 상권특성의 평균 절대 백분위 차이"
"응암역 3번",3110468,"커피-음료",15.269461077844312,93.30422125181951,15.269461077844312,"뚜렷한 DEAD TIME 없음",0,0,0,5,"","",TRUE,"분석 가능","남성역 1번",91.20508982035929,70.20958083832335,"100 - 16개 상권특성의 평균 절대 백분위 차이"
"응암역 3번",3110468,"편의점",45.24421593830334,89.75,45.24421593830334,"뚜렷한 DEAD TIME 없음",0,0,0,5,"","",TRUE,"분석 가능","까치산역 4번",88.6728791773779,75.32133676092545,"100 - 16개 상권특성의 평균 절대 백분위 차이"
"응암정보도서관",3110469,"한식음식점",39.265850945494996,80.2863436123348,39.265850945494996,"뚜렷한 DEAD TIME 없음",0,0,0,5,"","",TRUE,"분석 가능","서일대학교",90.90656284760846,72.74749721913237,"100 - 16개 상권특성의 평균 절대 백분위 차이"
"응암정보도서관",3110469,"분식전문점",67.95865633074936,65.52567237163814,67.95865633074936,"뚜렷한 DEAD TIME 없음",0,0,0,5,"","",TRUE,"분석 가능","공항시장역 1번",87.2577519379845,90.95607235142118,"100 - 16개 상권특성의 평균 절대 백분위 차이"
"응암정보도서관",3110469,"호프-간이주점",27.655310621242485,71.06796116504854,27.655310621242485,"17~21",93.77510040160642,565.1574741719982,93.77510040160642,5,"","",TRUE,"분석 가능","도봉역 2번",86.46042084168337,59.118236472945895,"100 - 16개 상권특성의 평균 절대 백분위 차이"
"응암정보도서관",3110469,"커피-음료",11.22754491017964,76.56477438136827,11.22754491017964,"뚜렷한 DEAD TIME 없음",0,0,0,5,"00~06","",TRUE,"분석 가능","서일대학교",91.59805389221557,62.874251497005986,"100 - 16개 상권특성의 평균 절대 백분위 차이"
"응암정보도서관",3110469,"편의점",69.40874035989717,65,69.40874035989717,"뚜렷한 DEAD TIME 없음",0,0,0,5,"","",TRUE,"분석 가능","도봉산입구",88.1426735218509,93.83033419023135,"100 - 16개 상권특성의 평균 절대 백분위 차이"
"신진과학기술고등학교",3110470,"한식음식점",88.76529477196885,47.46696035242291,88.76529477196885,"뚜렷한 DEAD TIME 없음",0,0,0,5,"","",TRUE,"분석 가능","KB국민은행 중화동지점",90.87875417130145,97.21913236929922,"100 - 16개 상권특성의 평균 절대 백분위 차이"
"신진과학기술고등학교",3110470,"커피-음료",3.74251497005988,40.756914119359536,3.74251497005988,"21~24",92.41622574955908,235.99798723202514,92.41622574955908,5,"","",TRUE,"분석 가능","명일역 1번",89.35254491017965,52.24550898203593,"100 - 16개 상권특성의 평균 절대 백분위 차이"
"응암동우체국",3110471,"한식음식점",45.272525027808676,76.54185022026432,45.272525027808676,"뚜렷한 DEAD TIME 없음",0,0,0,5,"","",TRUE,"분석 가능","신한은행 신월동지점",88.61929922135707,54.83870967741935,"100 - 16개 상권특성의 평균 절대 백분위 차이"
"응암동우체국",3110471,"호프-간이주점",10.62124248496994,65.63106796116504,10.62124248496994,"14~17",93.68191721132898,125.43154285787844,93.68191721132898,3,"06~11,11~14","",TRUE,"분석 가능","금산초등학교(금천고등학교)",88.50200400801603,94.78957915831663,"100 - 16개 상권특성의 평균 절대 백분위 차이"
"연신내역 4번",3110472,"한식음식점",50.94549499443827,85.79295154185021,50.94549499443827,"뚜렷한 DEAD TIME 없음",0,0,0,5,"","",TRUE,"분석 가능","구로4동주민센터",86.41546162402669,53.61512791991101,"100 - 16개 상권특성의 평균 절대 백분위 차이"
"연신내역 4번",3110472,"분식전문점",NA,75.55012224938875,NA,"뚜렷한 DEAD TIME 없음",0,0,0,0,"","00~06,06~11,11~14,14~17,17~21,21~24",FALSE,"활동 또는 관측 근거 부족",NA,NA,NA,"100 - 16개 상권특성의 평균 절대 백분위 차이"
"연신내역 4번",3110472,"호프-간이주점",7.615230460921844,79.02912621359224,7.615230460921844,"14~17",94.55337690631809,140.01550744569772,94.55337690631809,4,"06~11","",TRUE,"분석 가능","해방촌예술마을",87.7755511022044,69.93987975951904,"100 - 16개 상권특성의 평균 절대 백분위 차이"
"연신내역 4번",3110472,"커피-음료",22.45508982035928,83.11499272197962,22.45508982035928,"뚜렷한 DEAD TIME 없음",0,0,0,5,"","",TRUE,"분석 가능","석계역 7번",88.60404191616766,98.65269461077844,"100 - 16개 상권특성의 평균 절대 백분위 차이"
"연신내역 4번",3110472,"편의점",18.251928020565554,74.25,18.251928020565554,"06~11",93.05912596401028,1658.8396879916663,93.05912596401028,5,"","",TRUE,"분석 가능","석계역 7번",87.91773778920309,97.68637532133675,"100 - 16개 상권특성의 평균 절대 백분위 차이"
"구산역 1번",3110473,"한식음식점",25.25027808676307,83.03964757709251,25.25027808676307,"뚜렷한 DEAD TIME 없음",0,0,0,5,"","",TRUE,"분석 가능","응암정보도서관",90.5520022246941,39.265850945494996,"100 - 16개 상권특성의 평균 절대 백분위 차이"
"구산역 1번",3110473,"분식전문점",22.48062015503876,70.6601466992665,22.48062015503876,"뚜렷한 DEAD TIME 없음",0,0,0,4,"00~06,21~24","",TRUE,"분석 가능","수유역 2번",87.09625322997417,64.34108527131784,"100 - 16개 상권특성의 평균 절대 백분위 차이"
"구산역 1번",3110473,"호프-간이주점",55.91182364729459,74.9514563106796,55.91182364729459,"뚜렷한 DEAD TIME 없음",0,0,0,4,"11~14","",TRUE,"분석 가능","공항시장역 1번",88.30160320641282,76.15230460921843,"100 - 16개 상권특성의 평균 절대 백분위 차이"
"구산역 1번",3110473,"커피-음료",14.97005988023952,79.91266375545851,14.97005988023952,"21~24",92.9453262786596,249.39975100803278,92.9453262786596,5,"00~06","",TRUE,"분석 가능","공항시장역 1번",89.14670658682635,55.38922155688623,"100 - 16개 상권특성의 평균 절대 백분위 차이"
"구산역 1번",3110473,"편의점",48.329048843187664,69.25,48.329048843187664,"뚜렷한 DEAD TIME 없음",0,0,0,5,"","",TRUE,"분석 가능","응암정보도서관",87.62853470437018,69.40874035989717,"100 - 16개 상권특성의 평균 절대 백분위 차이"
"세명컴퓨터고등학교",3110474,"한식음식점",38.26473859844272,61.34361233480177,38.26473859844272,"뚜렷한 DEAD TIME 없음",0,0,0,5,"","",TRUE,"분석 가능","예술인마을",93.2007786429366,97.8865406006674,"100 - 16개 상권특성의 평균 절대 백분위 차이"
"세명컴퓨터고등학교",3110474,"편의점",17.223650385604113,39,17.223650385604113,"뚜렷한 DEAD TIME 없음",0,0,0,5,"","",TRUE,"분석 가능","신곡초등학교",89.34768637532133,54.498714652956295,"100 - 16개 상권특성의 평균 절대 백분위 차이"
"백련산해모로아파트",3110475,"한식음식점",63.73748609566184,30.066079295154186,63.73748609566184,"뚜렷한 DEAD TIME 없음",0,0,0,5,"","",TRUE,"분석 가능","도봉우체국",89.8567853170189,74.972191323693,"100 - 16개 상권특성의 평균 절대 백분위 차이"
"백련산해모로아파트",3110475,"호프-간이주점",81.96392785571143,14.951456310679612,81.96392785571143,"뚜렷한 DEAD TIME 없음",0,0,0,3,"06~11,11~14","",TRUE,"분석 가능","신금호역 4번",87.02404809619239,86.37274549098196,"100 - 16개 상권특성의 평균 절대 백분위 차이"
"백련산해모로아파트",3110475,"커피-음료",33.08383233532935,23.435225618631733,33.08383233532935,"뚜렷한 DEAD TIME 없음",0,0,0,4,"00~06,21~24","",TRUE,"분석 가능","도봉우체국",88.54790419161677,86.07784431137725,"100 - 16개 상권특성의 평균 절대 백분위 차이"
"백련산해모로아파트",3110475,"편의점",91.51670951156812,11.75,91.51670951156812,"뚜렷한 DEAD TIME 없음",0,0,0,5,"","",TRUE,"분석 가능","한울중학교",80.55912596401028,99.74293059125964,"100 - 16개 상권특성의 평균 절대 백분위 차이"
"역촌역 2번",3110476,"한식음식점",15.906562847608456,5.39647577092511,15.906562847608456,"06~11",90.17142857142856,135.59133609833867,90.17142857142856,5,"","",TRUE,"분석 가능","난곡초등학교(난곡동벽화마을)",88.7305339265851,87.54171301446051,"100 - 16개 상권특성의 평균 절대 백분위 차이"
"은평세무서",3110477,"한식음식점",79.86651835372636,31.828193832599116,79.86651835372636,"뚜렷한 DEAD TIME 없음",0,0,0,5,"","",TRUE,"분석 가능","방화역 1번",87.50695216907675,80.7563959955506,"100 - 16개 상권특성의 평균 절대 백분위 차이"
"은평세무서",3110477,"호프-간이주점",19.839679358717436,16.116504854368934,19.839679358717436,"06~11",94.11764705882352,89.61625008594145,94.11764705882352,5,"","",TRUE,"분석 가능","대림역 5번",87.19939879759518,75.95190380761522,"100 - 16개 상권특성의 평균 절대 백분위 차이"
"은평세무서",3110477,"커피-음료",34.13173652694611,25.181950509461426,34.13173652694611,"뚜렷한 DEAD TIME 없음",0,0,0,5,"","",TRUE,"분석 가능","상왕십리역 3번",87.01347305389223,47.00598802395209,"100 - 16개 상권특성의 평균 절대 백분위 차이"
"은평세무서",3110477,"편의점",3.8560411311053984,12.75,3.8560411311053984,"17~21",96.65809768637533,50639.03735957869,96.65809768637533,5,"","",TRUE,"분석 가능","대림역 5번",86.71272493573264,16.966580976863753,"100 - 16개 상권특성의 평균 절대 백분위 차이"
"응암1동주민센터",3110478,"한식음식점",91.99110122358177,20.154185022026432,91.99110122358177,"뚜렷한 DEAD TIME 없음",0,0,0,5,"","",TRUE,"분석 가능","방화역 2번",86.69354838709677,96.88542825361512,"100 - 16개 상권특성의 평균 절대 백분위 차이"
"응암1동주민센터",3110478,"분식전문점",11.11111111111111,8.312958435207824,11.11111111111111,"06~11",95.84487534626038,83.38917902547243,95.84487534626038,5,"","",TRUE,"분석 가능","연신내역 3번",87.38695090439276,41.343669250645995,"100 - 16개 상권특성의 평균 절대 백분위 차이"
"연신내역 2번",3110479,"한식음식점",84.53837597330367,60.68281938325991,84.53837597330367,"뚜렷한 DEAD TIME 없음",0,0,0,5,"","",TRUE,"분석 가능","시흥초등학교(시흥1동우체국)",88.92519466073415,88.09788654060067,"100 - 16개 상권특성의 평균 절대 백분위 차이"
"연신내역 2번",3110479,"호프-간이주점",73.34669338677354,45.04854368932038,73.34669338677354,"뚜렷한 DEAD TIME 없음",0,0,0,5,"","",TRUE,"분석 가능","장안제일시장",87.4498997995992,89.57915831663327,"100 - 16개 상권특성의 평균 절대 백분위 차이"
"연신내역 3번",3110480,"한식음식점",53.281423804226925,15.859030837004406,53.281423804226925,"뚜렷한 DEAD TIME 없음",0,0,0,5,"","",TRUE,"분석 가능","오류지구대",91.87291434927698,79.97775305895439,"100 - 16개 상권특성의 평균 절대 백분위 차이"
"연신내역 3번",3110480,"분식전문점",41.343669250645995,6.356968215158925,41.343669250645995,"뚜렷한 DEAD TIME 없음",0,0,0,5,"00~06","",TRUE,"분석 가능","군자역 4번",87.22545219638242,47.02842377260982,"100 - 16개 상권특성의 평균 절대 백분위 차이"
"연신내역 3번",3110480,"편의점",16.195372750642672,3.75,16.195372750642672,"뚜렷한 DEAD TIME 없음",0,0,0,5,"","",TRUE,"분석 가능","군자역 4번",90.10282776349614,87.91773778920309,"100 - 16개 상권특성의 평균 절대 백분위 차이"
"불광역 7번",3110481,"한식음식점",28.142380422691883,98.34801762114537,28.142380422691883,"뚜렷한 DEAD TIME 없음",0,0,0,5,"","",TRUE,"분석 가능","장안현대홈타운1차아파트",89.1337597330367,29.92213570634038,"100 - 16개 상권특성의 평균 절대 백분위 차이"
"불광역 7번",3110481,"분식전문점",17.05426356589147,96.33251833740832,17.05426356589147,"11~14",91.16883116883116,689.8372376352056,91.16883116883116,5,"","",TRUE,"분석 가능","시흥초등학교(시흥1동우체국)",84.73837209302324,83.4625322997416,"100 - 16개 상권특성의 평균 절대 백분위 차이"
"불광역 7번",3110481,"호프-간이주점",8.41683366733467,97.28155339805825,8.41683366733467,"뚜렷한 DEAD TIME 없음",0,0,0,5,"","",TRUE,"분석 가능","장안현대홈타운1차아파트",90.05511022044088,84.96993987975952,"100 - 16개 상권특성의 평균 절대 백분위 차이"
"불광역 7번",3110481,"커피-음료",52.39520958083832,97.81659388646288,52.39520958083832,"뚜렷한 DEAD TIME 없음",0,0,0,5,"","",TRUE,"분석 가능","역촌노인복지관",85.61938622754491,83.08383233532935,"100 - 16개 상권특성의 평균 절대 백분위 차이"
"불광역 7번",3110481,"편의점",22.36503856041131,96.5,22.36503856041131,"뚜렷한 DEAD TIME 없음",0,0,0,5,"","",TRUE,"분석 가능","상봉역 7번",89.0745501285347,42.673521850899746,"100 - 16개 상권특성의 평균 절대 백분위 차이"
"연신초등학교",3110482,"한식음식점",52.83648498331479,22.46696035242291,52.83648498331479,"뚜렷한 DEAD TIME 없음",0,0,0,5,"","",TRUE,"분석 가능","신한은행 방학동지점",88.99471635150167,62.291434927697445,"100 - 16개 상권특성의 평균 절대 백분위 차이"
"연신초등학교",3110482,"커피-음료",33.83233532934132,17.17612809315866,33.83233532934132,"17~21",93.84384384384384,1361.1043091016193,93.84384384384384,4,"00~06,21~24","",TRUE,"분석 가능","연신내우체국",88.99700598802394,87.42514970059881,"100 - 16개 상권특성의 평균 절대 백분위 차이"
"연천초등학교",3110483,"한식음식점",41.824249165739715,57.37885462555066,41.824249165739715,"뚜렷한 DEAD TIME 없음",0,0,0,5,"","",TRUE,"분석 가능","장위1동주민센터",89.17547274749722,63.84872080088988,"100 - 16개 상권특성의 평균 절대 백분위 차이"
"연천초등학교",3110483,"호프-간이주점",20.04008016032064,41.55339805825243,20.04008016032064,"17~21",96.98795180722891,109.26991233764907,96.98795180722891,3,"06~11,11~14","",TRUE,"분석 가능","장위1동주민센터",87.3246492985972,31.462925851703403,"100 - 16개 상권특성의 평균 절대 백분위 차이"
"연천초등학교",3110483,"편의점",34.70437017994858,35.75,34.70437017994858,"뚜렷한 DEAD TIME 없음",0,0,0,5,"","",TRUE,"분석 가능","굽은다리역 2번",89.10668380462725,86.11825192802056,"100 - 16개 상권특성의 평균 절대 백분위 차이"
"역촌역 3번",3110484,"한식음식점",88.87652947719688,71.91629955947137,88.87652947719688,"뚜렷한 DEAD TIME 없음",0,0,0,5,"","",TRUE,"분석 가능","자양동우체국",89.21023359288097,89.76640711902112,"100 - 16개 상권특성의 평균 절대 백분위 차이"
"역촌역 3번",3110484,"호프-간이주점",98.59719438877755,59.6116504854369,98.59719438877755,"뚜렷한 DEAD TIME 없음",0,0,0,2,"06~11,11~14,14~17","",TRUE,"분석 가능",NA,NA,NA,"100 - 16개 상권특성의 평균 절대 백분위 차이"
"역촌역 3번",3110484,"편의점",58.09768637532133,54,58.09768637532133,"뚜렷한 DEAD TIME 없음",0,0,0,5,"","",TRUE,"분석 가능","면목역 2번",87.93380462724936,64.78149100257069,"100 - 16개 상권특성의 평균 절대 백분위 차이"
"연신내우체국",3110485,"한식음식점",45.383759733036705,30.837004405286343,45.383759733036705,"뚜렷한 DEAD TIME 없음",0,0,0,5,"","",TRUE,"분석 가능","예일여고",87.79199110122357,86.54060066740823,"100 - 16개 상권특성의 평균 절대 백분위 차이"
"연신내우체국",3110485,"분식전문점",34.10852713178294,15.647921760391197,34.10852713178294,"17~21",98.44155844155844,470.6622607756398,98.44155844155844,4,"00~06,21~24","",TRUE,"분석 가능","장안중학교",85.0452196382429,42.377260981912144,"100 - 16개 상권특성의 평균 절대 백분위 차이"
"연신내우체국",3110485,"호프-간이주점",39.478957915831664,15.339805825242719,39.478957915831664,"뚜렷한 DEAD TIME 없음",0,0,0,4,"06~11","",TRUE,"분석 가능","가오리역 2번",87.23697394789579,96.9939879759519,"100 - 16개 상권특성의 평균 절대 백분위 차이"
"연신내우체국",3110485,"커피-음료",87.42514970059881,24.163027656477436,87.42514970059881,"뚜렷한 DEAD TIME 없음",0,0,0,5,"","",TRUE,"분석 가능","예일여고",87.47193113772455,97.90419161676647,"100 - 16개 상권특성의 평균 절대 백분위 차이"
"은평구청",3110486,"한식음식점",69.85539488320356,38.986784140969164,69.85539488320356,"뚜렷한 DEAD TIME 없음",0,0,0,5,"","",TRUE,"분석 가능","신길6동주민센터",87.18020022246942,75.86206896551724,"100 - 16개 상권특성의 평균 절대 백분위 차이"
"은평구청",3110486,"분식전문점",45.21963824289406,22.00488997555012,45.21963824289406,"21~24",95.77922077922078,275.67403236242666,95.77922077922078,5,"","",TRUE,"분석 가능","장훈고등학교",86.19186046511628,94.57364341085271,"100 - 16개 상권특성의 평균 절대 백분위 차이"
"은평구청",3110486,"호프-간이주점",5.210420841683367,22.9126213592233,5.210420841683367,"14~17",96.29629629629629,192.30730465915963,96.29629629629629,5,"","",TRUE,"분석 가능","모래내우체국",86.24749498997996,64.12825651302605,"100 - 16개 상권특성의 평균 절대 백분위 차이"
"은평구청",3110486,"커피-음료",93.41317365269461,31.877729257641924,93.41317365269461,"뚜렷한 DEAD TIME 없음",0,0,0,5,"00~06","",TRUE,"분석 가능","신길6동주민센터",88.35142215568862,94.61077844311377,"100 - 16개 상권특성의 평균 절대 백분위 차이"
"불광역 8번",3110487,"한식음식점",98.77641824249166,9.801762114537445,98.77641824249166,"뚜렷한 DEAD TIME 없음",0,0,0,5,"","",TRUE,"분석 가능",NA,NA,NA,"100 - 16개 상권특성의 평균 절대 백분위 차이"
"불광역 8번",3110487,"분식전문점",99.48320413436691,3.6674816625916873,99.48320413436691,"뚜렷한 DEAD TIME 없음",0,0,0,5,"","",TRUE,"분석 가능","연희임광아파트",84.41537467700257,99.74160206718346,"100 - 16개 상권특성의 평균 절대 백분위 차이"
"불광역 8번",3110487,"커피-음료",81.1377245508982,6.841339155749636,81.1377245508982,"뚜렷한 DEAD TIME 없음",0,0,0,5,"00~06","",TRUE,"분석 가능","동의보감타워",89.92327844311377,82.18562874251496,"100 - 16개 상권특성의 평균 절대 백분위 차이"
"우리은행응암동지점",3110488,"한식음식점",79.75528364849833,22.24669603524229,79.75528364849833,"뚜렷한 DEAD TIME 없음",0,0,0,5,"","",TRUE,"분석 가능","대림1동주민센터",88.73748609566185,91.43492769744161,"100 - 16개 상권특성의 평균 절대 백분위 차이"
"우리은행응암동지점",3110488,"커피-음료",39.221556886227546,16.885007278020378,39.221556886227546,"뚜렷한 DEAD TIME 없음",0,0,0,4,"00~06,21~24","",TRUE,"분석 가능","독산동정훈단지",86.9573353293413,89.37125748502994,"100 - 16개 상권특성의 평균 절대 백분위 차이"
"불광역 3번",3110489,"한식음식점",76.64071190211345,24.779735682819386,76.64071190211345,"뚜렷한 DEAD TIME 없음",0,0,0,5,"","",TRUE,"분석 가능","천동초등학교",86.06090100111234,97.10789766407119,"100 - 16개 상권특성의 평균 절대 백분위 차이"
"녹번동근린공원",3110490,"한식음식점",21.357063403781982,38.32599118942731,21.357063403781982,"뚜렷한 DEAD TIME 없음",0,0,0,5,"","",TRUE,"분석 가능","오금공원(오주중학교)",90.0027808676307,22.691879866518352,"100 - 16개 상권특성의 평균 절대 백분위 차이"
"녹번동근린공원",3110490,"호프-간이주점",99.19839679358718,22.330097087378643,99.19839679358718,"뚜렷한 DEAD TIME 없음",0,0,0,3,"06~11,11~14","",TRUE,"분석 가능",NA,NA,NA,"100 - 16개 상권특성의 평균 절대 백분위 차이"
"불광중학교",3110491,"한식음식점",3.114571746384872,5.176211453744493,3.114571746384872,"21~24",99.77502812148481,505.2652132594159,99.77502812148481,5,"00~06","",TRUE,"분석 가능","도봉세무서",85.06674082313683,51.50166852057843,"100 - 16개 상권특성의 평균 절대 백분위 차이"
"하나고등학교",3110492,"커피-음료",36.377245508982035,0.2911208151382824,36.377245508982035,"21~24",91.88712522045856,228.78846455807522,91.88712522045856,5,"00~06","",TRUE,"분석 가능","계상초등학교",86.21818862275448,59.4311377245509,"100 - 16개 상권특성의 평균 절대 백분위 차이"
"북가좌초등학교",3110493,"한식음식점",1.8909899888765296,17.62114537444934,1.8909899888765296,"21~24",96.962879640045,893.3162941823906,96.962879640045,5,"00~06","",TRUE,"분석 가능","금천금빛공원(은행나무사거리서측)",87.68770856507231,85.53948832035594,"100 - 16개 상권특성의 평균 절대 백분위 차이"
"북가좌초등학교",3110493,"분식전문점",19.638242894056848,6.601466992665037,19.638242894056848,"06~11",94.45983379501385,48.71789292572729,94.45983379501385,5,"","",TRUE,"분석 가능","장훈고등학교",86.88630490956074,94.57364341085271,"100 - 16개 상권특성의 평균 절대 백분위 차이"
"북가좌초등학교",3110493,"호프-간이주점",23.246492985971944,6.796116504854369,23.246492985971944,"뚜렷한 DEAD TIME 없음",0,0,0,3,"06~11,11~14","",TRUE,"분석 가능","가오리역 1번",88.87775551102204,53.50701402805611,"100 - 16개 상권특성의 평균 절대 백분위 차이"
"북가좌2동주민센터",3110495,"한식음식점",95.77308120133482,70.37444933920705,95.77308120133482,"뚜렷한 DEAD TIME 없음",0,0,0,5,"","",TRUE,"분석 가능",NA,NA,NA,"100 - 16개 상권특성의 평균 절대 백분위 차이"
"북가좌2동주민센터",3110495,"분식전문점",31.266149870801037,55.012224938875306,31.266149870801037,"뚜렷한 DEAD TIME 없음",0,0,0,5,"","",TRUE,"분석 가능","구산역 4번",89.01808785529715,74.93540051679587,"100 - 16개 상권특성의 평균 절대 백분위 차이"
"북가좌2동주민센터",3110495,"호프-간이주점",72.74549098196393,57.28155339805825,72.74549098196393,"뚜렷한 DEAD TIME 없음",0,0,0,2,"06~11,11~14,14~17","",TRUE,"분석 가능","구산역 4번",88.18887775551103,94.18837675350701,"100 - 16개 상권특성의 평균 절대 백분위 차이"
"북가좌2동주민센터",3110495,"커피-음료",68.41317365269461,65.3566229985444,68.41317365269461,"뚜렷한 DEAD TIME 없음",0,0,0,5,"","",TRUE,"분석 가능","서경대학교",90.3255988023952,74.25149700598801,"100 - 16개 상권특성의 평균 절대 백분위 차이"
"북가좌2동주민센터",3110495,"편의점",48.84318766066838,52,48.84318766066838,"뚜렷한 DEAD TIME 없음",0,0,0,5,"","",TRUE,"분석 가능","굽은다리역 1번(십자성마을)",91.56491002570694,80.46272493573264,"100 - 16개 상권특성의 평균 절대 백분위 차이"
"모래내우체국",3110496,"한식음식점",72.19132369299221,51.76211453744494,72.19132369299221,"뚜렷한 DEAD TIME 없음",0,0,0,5,"","",TRUE,"분석 가능","장스여성병원",89.78726362625139,90.98998887652948,"100 - 16개 상권특성의 평균 절대 백분위 차이"
"모래내우체국",3110496,"분식전문점",66.66666666666666,34.229828850855746,66.66666666666666,"뚜렷한 DEAD TIME 없음",0,0,0,5,"","",TRUE,"분석 가능","홍제3동주민센터",86.40180878552972,89.14728682170544,"100 - 16개 상권특성의 평균 절대 백분위 차이"
"모래내우체국",3110496,"호프-간이주점",64.12825651302605,35.92233009708738,64.12825651302605,"뚜렷한 DEAD TIME 없음",0,0,0,3,"06~11,11~14","",TRUE,"분석 가능","독산동정훈단지",87.85070140280561,84.3687374749499,"100 - 16개 상권특성의 평균 절대 백분위 차이"
"모래내우체국",3110496,"커피-음료",95.95808383233533,45.851528384279476,95.95808383233533,"뚜렷한 DEAD TIME 없음",0,0,0,5,"00~06","",TRUE,"분석 가능",NA,NA,NA,"100 - 16개 상권특성의 평균 절대 백분위 차이"
"가좌역 3번",3110497,"한식음식점",2.7808676307007785,8.590308370044053,2.7808676307007785,"14~17",98.44097995545657,2726.737164773816,98.44097995545657,5,"","",TRUE,"분석 가능","한강미주맨션아파트",89.51612903225806,22.246941045606228,"100 - 16개 상권특성의 평균 절대 백분위 차이"
"가좌역 3번",3110497,"호프-간이주점",22.044088176352705,2.3300970873786406,22.044088176352705,"뚜렷한 DEAD TIME 없음",0,0,0,4,"14~17","",TRUE,"분석 가능","미아초등학교",92.45991983967936,69.53907815631263,"100 - 16개 상권특성의 평균 절대 백분위 차이"
"증산역 1번",3110498,"한식음식점",22.35817575083426,90.63876651982379,22.35817575083426,"06~11",99.54285714285714,362.6109835420677,99.54285714285714,5,"","",TRUE,"분석 가능","중랑역 1번",90.14877641824249,47.94215795328142,"100 - 16개 상권특성의 평균 절대 백분위 차이"
"증산역 1번",3110498,"호프-간이주점",79.75951903807615,85.8252427184466,79.75951903807615,"뚜렷한 DEAD TIME 없음",0,0,0,2,"06~11,11~14,14~17","",TRUE,"분석 가능","국제신학대학원대학교(남서울중학교)",84.59418837675351,85.37074148296593,"100 - 16개 상권특성의 평균 절대 백분위 차이"
"증산역 1번",3110498,"커피-음료",44.76047904191617,88.50072780203784,44.76047904191617,"뚜렷한 DEAD TIME 없음",0,0,0,5,"00~06","",TRUE,"분석 가능","사가정역 4번",88.62275449101796,92.66467065868264,"100 - 16개 상권특성의 평균 절대 백분위 차이"
"증산역 1번",3110498,"편의점",94.08740359897172,82.75,94.08740359897172,"뚜렷한 DEAD TIME 없음",0,0,0,5,"","",TRUE,"분석 가능","석계역 7번",85.08997429305913,97.68637532133675,"100 - 16개 상권특성의 평균 절대 백분위 차이"
"연가초등학교",3110499,"한식음식점",2.6696329254727478,89.42731277533039,2.6696329254727478,"14~17",98.88641425389754,2348.510513703346,98.88641425389754,4,"06~11","",TRUE,"분석 가능","사근동살곶이상점가",91.21941045606229,77.19688542825361,"100 - 16개 상권특성의 평균 절대 백분위 차이"
"연가초등학교",3110499,"편의점",77.6349614395887,80.75,77.6349614395887,"뚜렷한 DEAD TIME 없음",0,0,0,5,"","",TRUE,"분석 가능","신림우방아파트",81.87660668380462,82.0051413881748,"100 - 16개 상권특성의 평균 절대 백분위 차이"
"남가좌동현대아파트",3110500,"한식음식점",24.24916573971079,15.418502202643172,24.24916573971079,"뚜렷한 DEAD TIME 없음",0,0,0,5,"00~06","",TRUE,"분석 가능","오산중학교",87.0063959955506,74.41601779755284,"100 - 16개 상권특성의 평균 절대 백분위 차이"
"남가좌동현대아파트",3110500,"커피-음료",97.45508982035929,10.334788937409025,97.45508982035929,"뚜렷한 DEAD TIME 없음",0,0,0,5,"","",TRUE,"분석 가능","촬영소사거리",85.81586826347305,99.40119760479041,"100 - 16개 상권특성의 평균 절대 백분위 차이"
"연희어린이공원",3110501,"커피-음료",72.30538922155688,8.58806404657933,72.30538922155688,"뚜렷한 DEAD TIME 없음",0,0,0,5,"00~06","",TRUE,"분석 가능","가산초등학교(세일중학교)",87.5374251497006,84.13173652694611,"100 - 16개 상권특성의 평균 절대 백분위 차이"
"남가좌파출소",3110502,"한식음식점",69.07675194660735,88.76651982378854,69.07675194660735,"뚜렷한 DEAD TIME 없음",0,0,0,5,"","",TRUE,"분석 가능","성신여대입구역 7번",87.22886540600668,88.43159065628477,"100 - 16개 상권특성의 평균 절대 백분위 차이"
"남가좌파출소",3110502,"분식전문점",64.08268733850129,80.1955990220049,64.08268733850129,"뚜렷한 DEAD TIME 없음",0,0,0,5,"00~06","",TRUE,"분석 가능","홍제3동주민센터",86.41795865633075,89.14728682170544,"100 - 16개 상권특성의 평균 절대 백분위 차이"
"남가좌파출소",3110502,"호프-간이주점",23.647294589178355,82.91262135922331,23.647294589178355,"뚜렷한 DEAD TIME 없음",0,0,0,4,"06~11","",TRUE,"분석 가능","성신여대입구역 7번",88.95290581162325,66.93386773547094,"100 - 16개 상권특성의 평균 절대 백분위 차이"
"남가좌파출소",3110502,"커피-음료",5.838323353293413,86.31732168850073,5.838323353293413,"06~11",96.62576687116564,381.8766363639125,96.62576687116564,5,"00~06","",TRUE,"분석 가능","둔촌동역 3번(성내3동주민센터)",89.31511976047905,37.27544910179641,"100 - 16개 상권특성의 평균 절대 백분위 차이"
"남가좌파출소",3110502,"편의점",86.88946015424165,79.25,86.88946015424165,"뚜렷한 DEAD TIME 없음",0,0,0,5,"","",TRUE,"분석 가능","석계역 7번",90.77763496143957,97.68637532133675,"100 - 16개 상권특성의 평균 절대 백분위 차이"
"명지대학교교회",3110503,"한식음식점",16.129032258064516,85.57268722466961,16.129032258064516,"뚜렷한 DEAD TIME 없음",0,0,0,5,"","",TRUE,"분석 가능","보문역 5번",88.70272525027809,20.02224694104561,"100 - 16개 상권특성의 평균 절대 백분위 차이"
"명지대학교교회",3110503,"분식전문점",67.70025839793283,75.06112469437653,67.70025839793283,"뚜렷한 DEAD TIME 없음",0,0,0,5,"","",TRUE,"분석 가능","선유도역 1번",82.94573643410853,79.58656330749353,"100 - 16개 상권특성의 평균 절대 백분위 차이"
"명지대학교교회",3110503,"호프-간이주점",70.54108216432866,78.64077669902912,70.54108216432866,"뚜렷한 DEAD TIME 없음",0,0,0,4,"06~11","",TRUE,"분석 가능","남영역 1번",84.4939879759519,80.96192384769539,"100 - 16개 상권특성의 평균 절대 백분위 차이"
"명지대학교교회",3110503,"커피-음료",51.047904191616766,82.82387190684133,51.047904191616766,"뚜렷한 DEAD TIME 없음",0,0,0,5,"","",TRUE,"분석 가능","명지대학교",86.85441616766467,71.40718562874252,"100 - 16개 상권특성의 평균 절대 백분위 차이"
"명지대학교교회",3110503,"편의점",13.367609254498714,73.75,13.367609254498714,"17~21",92.03084832904884,103636.90968408222,92.03084832904884,5,"","",TRUE,"분석 가능","논현초등학교",84.80077120822622,69.66580976863753,"100 - 16개 상권특성의 평균 절대 백분위 차이"
"연희임광아파트",3110506,"한식음식점",NA,13.215859030837004,NA,"뚜렷한 DEAD TIME 없음",0,0,0,0,"","00~06,06~11,11~14,14~17,17~21,21~24",FALSE,"활동 또는 관측 근거 부족",NA,NA,NA,"100 - 16개 상권특성의 평균 절대 백분위 차이"
"연희임광아파트",3110506,"분식전문점",99.74160206718346,4.88997555012225,99.74160206718346,"뚜렷한 DEAD TIME 없음",0,0,0,4,"00~06,21~24","",TRUE,"분석 가능",NA,NA,NA,"100 - 16개 상권특성의 평균 절대 백분위 차이"
"명지대학교",3110507,"한식음식점",31.590656284760843,90.85903083700441,31.590656284760843,"뚜렷한 DEAD TIME 없음",0,0,0,5,"","",TRUE,"분석 가능","삼선동주민센터",87.71551724137932,41.71301446051168,"100 - 16개 상권특성의 평균 절대 백분위 차이"
"명지대학교",3110507,"분식전문점",51.162790697674424,83.12958435207824,51.162790697674424,"뚜렷한 DEAD TIME 없음",0,0,0,5,"","",TRUE,"분석 가능","명지대학교교회",86.56330749354005,67.70025839793283,"100 - 16개 상권특성의 평균 절대 백분위 차이"
"명지대학교",3110507,"호프-간이주점",68.13627254509018,86.01941747572816,68.13627254509018,"뚜렷한 DEAD TIME 없음",0,0,0,5,"","",TRUE,"분석 가능","명지대학교교회",84.95741482965931,70.54108216432866,"100 - 16개 상권특성의 평균 절대 백분위 차이"
"명지대학교",3110507,"커피-음료",71.40718562874252,88.79184861717613,71.40718562874252,"뚜렷한 DEAD TIME 없음",0,0,0,5,"","",TRUE,"분석 가능","삼선동주민센터",87.27544910179641,88.02395209580838,"100 - 16개 상권특성의 평균 절대 백분위 차이"
"명지대학교",3110507,"편의점",7.712082262210797,83.25,7.712082262210797,"11~14",93.05912596401028,76050.77218578605,93.05912596401028,5,"","",TRUE,"분석 가능","응암정보도서관",87.27506426735219,69.40874035989717,"100 - 16개 상권특성의 평균 절대 백분위 차이"
"서연중학교",3110508,"분식전문점",77.00258397932816,34.474327628361856,77.00258397932816,"뚜렷한 DEAD TIME 없음",0,0,0,5,"","",TRUE,"분석 가능","홍대땡땡거리",83.7047803617571,79.32816537467701,"100 - 16개 상권특성의 평균 절대 백분위 차이"
"서연중학교",3110508,"커피-음료",32.78443113772455,45.99708879184862,32.78443113772455,"뚜렷한 DEAD TIME 없음",0,0,0,5,"00~06","",TRUE,"분석 가능","상왕십리역 3번",87.89296407185628,47.00598802395209,"100 - 16개 상권특성의 평균 절대 백분위 차이"
"서연중학교",3110508,"편의점",20.822622107969153,28.499999999999996,20.822622107969153,"뚜렷한 DEAD TIME 없음",0,0,0,5,"","",TRUE,"분석 가능","상왕십리역 3번",89.50835475578405,35.732647814910024,"100 - 16개 상권특성의 평균 절대 백분위 차이"
"연희대우아파트앞",3110509,"한식음식점",86.98553948832036,64.53744493392071,86.98553948832036,"뚜렷한 DEAD TIME 없음",0,0,0,5,"","",TRUE,"분석 가능","성신여대입구역 7번",84.05172413793103,88.43159065628477,"100 - 16개 상권특성의 평균 절대 백분위 차이"
"연희대우아파트앞",3110509,"분식전문점",43.41085271317829,48.899755501222494,43.41085271317829,"뚜렷한 DEAD TIME 없음",0,0,0,5,"","",TRUE,"분석 가능","경리단길북측",87.2577519379845,75.96899224806202,"100 - 16개 상권특성의 평균 절대 백분위 차이"
"연희대우아파트앞",3110509,"호프-간이주점",72.94589178356713,50.09708737864078,72.94589178356713,"뚜렷한 DEAD TIME 없음",0,0,0,5,"","",TRUE,"분석 가능","노량진초등학교",86.58567134268537,79.35871743486975,"100 - 16개 상권특성의 평균 절대 백분위 차이"
"연희대우아파트앞",3110509,"커피-음료",87.72455089820359,60.11644832605532,87.72455089820359,"뚜렷한 DEAD TIME 없음",0,0,0,5,"","",TRUE,"분석 가능","삼선동주민센터",84.51534431137723,88.02395209580838,"100 - 16개 상권특성의 평균 절대 백분위 차이"
"홍연시장",3110510,"한식음식점",37.4860956618465,54.73568281938326,37.4860956618465,"뚜렷한 DEAD TIME 없음",0,0,0,5,"","",TRUE,"분석 가능","NH농협은행 상도동지점",87.1384872080089,65.7397107897664,"100 - 16개 상권특성의 평균 절대 백분위 차이"
"홍연시장",3110510,"커피-음료",29.491017964071858,49.19941775836973,29.491017964071858,"06~11",92.17791411042946,68.3195750453058,92.17791411042946,5,"00~06","",TRUE,"분석 가능","공항고등학교",88.49176646706587,32.18562874251497,"100 - 16개 상권특성의 평균 절대 백분위 차이"
"연희초등학교",3110511,"한식음식점",2.4471635150166855,68.3920704845815,2.4471635150166855,"06~11",98.85714285714286,213.80007579377286,98.85714285714286,4,"00~06,21~24","",TRUE,"분석 가능","남부터미널역 1번",85.33787541713014,69.18798665183537,"100 - 16개 상권특성의 평균 절대 백분위 차이"
"연희초등학교",3110511,"분식전문점",30.749354005167955,53.54523227383863,30.749354005167955,"뚜렷한 DEAD TIME 없음",0,0,0,4,"00~06,21~24","",TRUE,"분석 가능","중화역 1번",89.38953488372093,86.30490956072352,"100 - 16개 상권특성의 평균 절대 백분위 차이"
"연희초등학교",3110511,"커피-음료",26.19760479041916,63.75545851528385,26.19760479041916,"21~24",98.2363315696649,725.6016416250089,98.2363315696649,5,"00~06","",TRUE,"분석 가능","서울국제고등학교",88.24850299401199,49.25149700598803,"100 - 16개 상권특성의 평균 절대 백분위 차이"
"연희초등학교",3110511,"편의점",45.75835475578406,49.75,45.75835475578406,"뚜렷한 DEAD TIME 없음",0,0,0,5,"","",TRUE,"분석 가능","구산보건지소",86.61632390745501,53.470437017994854,"100 - 16개 상권특성의 평균 절대 백분위 차이"
"연희파출소",3110513,"한식음식점",84.98331479421579,17.731277533039645,84.98331479421579,"뚜렷한 DEAD TIME 없음",0,0,0,5,"","",TRUE,"분석 가능","남산케이블카",92.1579532814238,98.10901001112346,"100 - 16개 상권특성의 평균 절대 백분위 차이"
"연희파출소",3110513,"커피-음료",37.72455089820359,12.518195050946144,37.72455089820359,"뚜렷한 DEAD TIME 없음",0,0,0,5,"00~06","",TRUE,"분석 가능","바우뫼공원",89.74550898203593,72.45508982035929,"100 - 16개 상권특성의 평균 절대 백분위 차이"
"서대문우체국",3110514,"한식음식점",33.37041156840934,52.31277533039648,33.37041156840934,"뚜렷한 DEAD TIME 없음",0,0,0,5,"","",TRUE,"분석 가능","양원초등학교",88.41768631813126,47.71968854282536,"100 - 16개 상권특성의 평균 절대 백분위 차이"
"서대문우체국",3110514,"편의점",2.056555269922879,29.25,2.056555269922879,"11~14",99.22879177377892,34131.790904923044,99.22879177377892,5,"","",TRUE,"분석 가능","어린이대공원역 4번",85.89331619537275,2.570694087403599,"100 - 16개 상권특성의 평균 절대 백분위 차이"
"정원여중",3110516,"한식음식점",77.97552836484984,1.4317180616740088,77.97552836484984,"뚜렷한 DEAD TIME 없음",0,0,0,5,"00~06","",TRUE,"분석 가능","서울금융고등학교",87.98665183537264,91.32369299221357,"100 - 16개 상권특성의 평균 절대 백분위 차이"
"서대문소방서",3110517,"한식음식점",11.67964404894327,26.21145374449339,11.67964404894327,"06~11",98.74285714285715,198.65350068970892,98.74285714285715,5,"00~06","",TRUE,"분석 가능","혜화동주민센터",90.21134593993327,80.64516129032258,"100 - 16개 상권특성의 평균 절대 백분위 차이"
"서대문소방서",3110517,"커피-음료",3.143712574850299,20.52401746724891,3.143712574850299,"21~24",93.82716049382715,273.9763486401593,93.82716049382715,5,"00~06","",TRUE,"분석 가능","장로회신학대학교",87.1070359281437,17.514970059880238,"100 - 16개 상권특성의 평균 절대 백분위 차이"
"서대문구보건소별관",3110519,"한식음식점",59.95550611790878,71.69603524229075,59.95550611790878,"뚜렷한 DEAD TIME 없음",0,0,0,5,"00~06","",TRUE,"분석 가능","성남고등학교",87.34705228031146,96.440489432703,"100 - 16개 상권특성의 평균 절대 백분위 차이"
"서대문구보건소별관",3110519,"커피-음료",6.437125748502994,66.66666666666666,6.437125748502994,"17~21",97.14714714714715,1393.500252526093,97.14714714714715,5,"00~06","",TRUE,"분석 가능","성남고등학교",89.38997005988024,50.898203592814376,"100 - 16개 상권특성의 평균 절대 백분위 차이"
"서대문구보건소별관",3110519,"편의점",78.9203084832905,53.5,78.9203084832905,"뚜렷한 DEAD TIME 없음",0,0,0,5,"","",TRUE,"분석 가능","강서고등학교",88.35154241645245,92.2879177377892,"100 - 16개 상권특성의 평균 절대 백분위 차이"
"경의중앙 신촌역",3110520,"한식음식점",70.63403781979977,60.242290748898675,70.63403781979977,"뚜렷한 DEAD TIME 없음",0,0,0,5,"","",TRUE,"분석 가능","새절역 2번",86.11651835372636,83.42602892102336,"100 - 16개 상권특성의 평균 절대 백분위 차이"
"경의중앙 신촌역",3110520,"분식전문점",33.0749354005168,43.52078239608802,33.0749354005168,"06~11",91.13573407202216,69.2781323418831,91.13573407202216,5,"","",TRUE,"분석 가능","흑리단길",83.72093023255813,79.06976744186046,"100 - 16개 상권특성의 평균 절대 백분위 차이"
"경의중앙 신촌역",3110520,"호프-간이주점",13.627254509018035,44.46601941747573,13.627254509018035,"14~17",98.0392156862745,241.3913835693483,98.0392156862745,4,"06~11","",TRUE,"분석 가능","천호역 1번(천호문구완구거리)",85.32064128256513,56.71342685370742,"100 - 16개 상권특성의 평균 절대 백분위 차이"
"경의중앙 신촌역",3110520,"커피-음료",40.86826347305389,55.45851528384279,40.86826347305389,"뚜렷한 DEAD TIME 없음",0,0,0,5,"00~06","",TRUE,"분석 가능","천호역 1번(천호문구완구거리)",86.11526946107784,68.562874251497007,"100 - 16개 상권특성의 평균 절대 백분위 차이"
"홍제역 4번",3110521,"한식음식점",71.63515016685206,45.81497797356828,71.63515016685206,"뚜렷한 DEAD TIME 없음",0,0,0,5,"","",TRUE,"분석 가능","용마문화복지센터",87.31229143492769,84.20467185761957,"100 - 16개 상권특성의 평균 절대 백분위 차이"
"홍제역 4번",3110521,"호프-간이주점",NA,29.320388349514566,NA,"뚜렷한 DEAD TIME 없음",0,0,0,0,"","00~06,06~11,11~14,14~17,17~21,21~24",FALSE,"활동 또는 관측 근거 부족",NA,NA,NA,"100 - 16개 상권특성의 평균 절대 백분위 차이"
"홍제역 4번",3110521,"커피-음료",42.964071856287426,38.57350800582242,42.964071856287426,"뚜렷한 DEAD TIME 없음",0,0,0,5,"00~06","",TRUE,"분석 가능","떡전교사거리",89.38061377245509,50.74850299401198,"100 - 16개 상권특성의 평균 절대 백분위 차이"
"홍제역 3번",3110522,"한식음식점",10.567296996662959,15.308370044052863,10.567296996662959,"17~21",94.6607341490545,918.4120666484687,94.6607341490545,5,"","",TRUE,"분석 가능","강동구청(강동구청역 2번)",91.77558398220245,54.17130144605117,"100 - 16개 상권특성의 평균 절대 백분위 차이"
"홍제역 3번",3110522,"커피-음료",16.766467065868262,10.189228529839884,16.766467065868262,"17~21",97.5975975975976,478.0238565998519,97.5975975975976,5,"00~06","",TRUE,"분석 가능","강동구청(강동구청역 2번)",90.063622754491007,58.68263473053892,"100 - 16개 상권특성의 평균 절대 백분위 차이"
"연희세브란스병원",3110524,"한식음식점",11.7908787541713,7.709251101321586,11.7908787541713,"21~24",99.43757030371204,1036.9528266761802,99.43757030371204,5,"00~06","",TRUE,"분석 가능","신촌역 6번",87.6598998887653,81.75750834260289,"100 - 16개 상권특성의 평균 절대 백분위 차이"
"연희세브란스병원",3110524,"커피-음료",85.32934131736528,5.676855895196507,85.32934131736528,"뚜렷한 DEAD TIME 없음",0,0,0,5,"00~06","",TRUE,"분석 가능","서울대병원",85.42290419161677,98.20359281437125,"100 - 16개 상권특성의 평균 절대 백분위 차이"
"홍은종합사회복지관",3110525,"한식음식점",14.46051167964405,21.80616740088106,14.46051167964405,"21~24",94.82564679415073,651.8417179246397,94.82564679415073,5,"00~06","",TRUE,"분석 가능","가인초등학교",93.02002224694105,40.82313681868743,"100 - 16개 상권특성의 평균 절대 백분위 차이"
"홍은종합사회복지관",3110525,"분식전문점",86.82170542635659,9.7799511002445,86.82170542635659,"뚜렷한 DEAD TIME 없음",0,0,0,4,"21~24","",TRUE,"분석 가능","용강동주민센터",89.89018087855297,94.31524547803618,"100 - 16개 상권특성의 평균 절대 백분위 차이"
"홍은종합사회복지관",3110525,"커피-음료",85.77844311377245,16.157205240174672,85.77844311377245,"뚜렷한 DEAD TIME 없음",0,0,0,5,"00~06","",TRUE,"분석 가능","촬영소사거리",87.84618263473054,99.40119760479041,"100 - 16개 상권특성의 평균 절대 백분위 차이"
"봉원사",3110526,"한식음식점",99.88876529477196,7.048458149779736,99.88876529477196,"뚜렷한 DEAD TIME 없음",0,0,0,5,"00~06","",TRUE,"분석 가능",NA,NA,NA,"100 - 16개 상권특성의 평균 절대 백분위 차이"
"봉원사",3110526,"커피-음료",50.44910179640718,4.8034934497816595,50.44910179640718,"06~11",95.70552147239265,40.742877755182256,95.70552147239265,4,"00~06,21~24","",TRUE,"분석 가능","광운대학교 남단",84.77732035928143,75.59880239520959,"100 - 16개 상권특성의 평균 절대 백분위 차이"
"봉원사",3110526,"편의점",21.59383033419023,1.7500000000000002,21.59383033419023,"뚜렷한 DEAD TIME 없음",0,0,0,5,"","",TRUE,"분석 가능","고대앞사거리",82.69601542416453,71.2082262210797,"100 - 16개 상권특성의 평균 절대 백분위 차이"
"홍제역 2번",3110527,"한식음식점",51.279199110122356,40.198237885462554,51.279199110122356,"뚜렷한 DEAD TIME 없음",0,0,0,5,"","",TRUE,"분석 가능","홍제3동주민센터",89.66212458286986,52.502780867630705,"100 - 16개 상권특성의 평균 절대 백분위 차이"
"홍제역 2번",3110527,"호프-간이주점",53.3066132264529,24.271844660194176,53.3066132264529,"뚜렷한 DEAD TIME 없음",0,0,0,5,"","",TRUE,"분석 가능","독산동정훈단지",87.8006012024048,84.3687374749499,"100 - 16개 상권특성의 평균 절대 백분위 차이"
"홍제역 2번",3110527,"커피-음료",7.0359281437125745,33.04221251819505,7.0359281437125745,"06~11",98.46625766871165,78.40786577136429,98.46625766871165,4,"00~06,21~24","",TRUE,"분석 가능","홍제3동주민센터",90.96182634730539,15.119760479041917,"100 - 16개 상권특성의 평균 절대 백분위 차이"
"홍제역 2번",3110527,"편의점",96.1439588688946,18.5,96.1439588688946,"뚜렷한 DEAD TIME 없음",0,0,0,5,"","",TRUE,"분석 가능","석계역 7번",83.45115681233933,97.68637532133675,"100 - 16개 상권특성의 평균 절대 백분위 차이"
"서울여자간호대학교",3110528,"한식음식점",55.06117908787542,51.3215859030837,55.06117908787542,"뚜렷한 DEAD TIME 없음",0,0,0,5,"00~06","",TRUE,"분석 가능","창신역 4번",89.5856507230256,89.32146829810901,"100 - 16개 상권특성의 평균 절대 백분위 차이"
"서울여자간호대학교",3110528,"분식전문점",93.02325581395348,33.74083129584352,93.02325581395348,"뚜렷한 DEAD TIME 없음",0,0,0,5,"","",TRUE,"분석 가능","쌍문역1번(쌍리단길)",83.91472868217055,98.96640826873386,"100 - 16개 상권특성의 평균 절대 백분위 차이"
"서울여자간호대학교",3110528,"호프-간이주점",57.51503006012024,35.728155339805824,57.51503006012024,"14~17",92.5925925925926,112.14389869414967,92.5925925925926,3,"06~11,11~14","",TRUE,"분석 가능","돌곶이역 5번",89.06563126252505,96.39278557114228,"100 - 16개 상권특성의 평균 절대 백분위 차이"
"서울여자간호대학교",3110528,"커피-음료",57.18562874251497,45.414847161572055,57.18562874251497,"뚜렷한 DEAD TIME 없음",0,0,0,5,"","",TRUE,"분석 가능","응암3동주민센터",90.04491017964071,71.10778443113772,"100 - 16개 상권특성의 평균 절대 백분위 차이"
"홍제3동주민센터",3110529,"한식음식점",52.502780867630705,54.845814977973575,52.502780867630705,"뚜렷한 DEAD TIME 없음",0,0,0,5,"","",TRUE,"분석 가능","문성초등학교",90.30172413793103,56.17352614015573,"100 - 16개 상권특성의 평균 절대 백분위 차이"
"홍제3동주민센터",3110529,"분식전문점",89.14728682170544,38.87530562347188,89.14728682170544,"뚜렷한 DEAD TIME 없음",0,0,0,5,"00~06","",TRUE,"분석 가능","문성초등학교",90.48772609819122,92.76485788113695,"100 - 16개 상권특성의 평균 절대 백분위 차이"
"홍제3동주민센터",3110529,"호프-간이주점",55.71142284569138,39.41747572815534,55.71142284569138,"뚜렷한 DEAD TIME 없음",0,0,0,5,"","",TRUE,"분석 가능","메가박스 상봉",88.57715430861724,91.58316633266533,"100 - 16개 상권특성의 평균 절대 백분위 차이"
"홍제3동주민센터",3110529,"커피-음료",15.119760479041917,49.34497816593886,15.119760479041917,"21~24",92.7689594356261,240.99119433376808,92.7689594356261,5,"00~06","",TRUE,"분석 가능","메가박스 상봉",90.46594311377245,71.8562874251497,"100 - 16개 상권특성의 평균 절대 백분위 차이"
"홍제3동주민센터",3110529,"편의점",91.25964010282776,33.5,91.25964010282776,"뚜렷한 DEAD TIME 없음",0,0,0,5,"","",TRUE,"분석 가능","홍제역 2번",89.9582262210797,96.1439588688946,"100 - 16개 상권특성의 평균 절대 백분위 차이"
"아현역 1번",3110530,"한식음식점",98.99888765294772,8.920704845814978,98.99888765294772,"뚜렷한 DEAD TIME 없음",0,0,0,5,"00~06","",TRUE,"분석 가능",NA,NA,NA,"100 - 16개 상권특성의 평균 절대 백분위 차이"
"아현역 2번",3110532,"한식음식점",71.19021134593993,70.48458149779736,71.19021134593993,"뚜렷한 DEAD TIME 없음",0,0,0,5,"","",TRUE,"분석 가능","성미산체육관",87.8476084538376,83.09232480533927,"100 - 16개 상권특성의 평균 절대 백분위 차이"
"아현역 2번",3110532,"호프-간이주점",34.2685370741483,57.4757281553398,34.2685370741483,"뚜렷한 DEAD TIME 없음",0,0,0,5,"","",TRUE,"분석 가능","가산디지털단지역 1번 출입구",89.66683366733467,86.57314629258516,"100 - 16개 상권특성의 평균 절대 백분위 차이"
"아현역 2번",3110532,"커피-음료",2.694610778443114,65.50218340611353,2.694610778443114,"06~11",98.15950920245399,63.0374227635088,98.15950920245399,4,"00~06,21~24","",TRUE,"분석 가능","충정로역 6번",89.68001497005987,53.293413173652695,"100 - 16개 상권특성의 평균 절대 백분위 차이"
"경기대학교",3110534,"한식음식점",2.5583982202447166,46.80616740088105,2.5583982202447166,"06~11",96.68571428571428,94.88253302569467,96.68571428571428,5,"00~06","",TRUE,"분석 가능","신중초등학교",87.9936040044494,39.15461624026697,"100 - 16개 상권특성의 평균 절대 백분위 차이"
"영천시장입구",3110535,"한식음식점",40.48943270300334,55.72687224669603,40.48943270300334,"뚜렷한 DEAD TIME 없음",0,0,0,5,"00~06","",TRUE,"분석 가능","삼광초등학교",89.93325917686317,82.98109010011123,"100 - 16개 상권특성의 평균 절대 백분위 차이"
"충정로현대아파트",3110537,"한식음식점",32.70300333704116,40.41850220264317,32.70300333704116,"뚜렷한 DEAD TIME 없음",0,0,0,5,"","",TRUE,"분석 가능","동대문역사문화공원역 5번",90.7119021134594,72.96996662958844,"100 - 16개 상권특성의 평균 절대 백분위 차이"
"충정로현대아파트",3110537,"커피-음료",11.377245508982035,33.33333333333333,11.377245508982035,"뚜렷한 DEAD TIME 없음",0,0,0,5,"00~06","",TRUE,"분석 가능","영등포구청역 2번",91.96294910179641,37.5748502994012,"100 - 16개 상권특성의 평균 절대 백분위 차이"
"충정로현대아파트",3110537,"편의점",87.66066838046272,18.75,87.66066838046272,"뚜렷한 DEAD TIME 없음",0,0,0,5,"","",TRUE,"분석 가능","문정역 1번",86.31105398457584,92.03084832904884,"100 - 16개 상권특성의 평균 절대 백분위 차이"
"충정로역 3번",3110538,"한식음식점",37.59733036707453,26.3215859030837,37.59733036707453,"뚜렷한 DEAD TIME 없음",0,0,0,5,"","",TRUE,"분석 가능","성수1가1동주민센터",91.03865406006673,38.15350389321468,"100 - 16개 상권특성의 평균 절대 백분위 차이"
"충정로역 3번",3110538,"호프-간이주점",NA,12.427184466019417,NA,"뚜렷한 DEAD TIME 없음",0,0,0,0,"","00~06,06~11,11~14,14~17,17~21,21~24",FALSE,"활동 또는 관측 근거 부족",NA,NA,NA,"100 - 16개 상권특성의 평균 절대 백분위 차이"
"충정로역 3번",3110538,"커피-음료",23.502994011976046,20.66957787481805,23.502994011976046,"14~17",94.61077844311377,358.6170150635597,94.61077844311377,4,"06~11","",TRUE,"분석 가능","베르사이유1아파트",88.48241017964071,49.101796407185624,"100 - 16개 상권특성의 평균 절대 백분위 차이"
"미근동",3110539,"한식음식점",28.364849833147943,22.356828193832598,28.364849833147943,"14~17",91.42538975501114,6262.709927278188,91.42538975501114,5,"","",TRUE,"분석 가능","경향신문사",92.03281423804228,89.09899888765295,"100 - 16개 상권특성의 평균 절대 백분위 차이"
"미근동",3110539,"호프-간이주점",26.452905811623246,9.514563106796116,26.452905811623246,"14~17",98.91067538126362,333.9556603787794,98.91067538126362,4,"06~11","",TRUE,"분석 가능","강동성심병원",88.23897795591182,69.73947895791584,"100 - 16개 상권특성의 평균 절대 백분위 차이"
"미근동",3110539,"커피-음료",16.16766467065868,17.03056768558952,16.16766467065868,"21~24",91.35802469135803,1014.6507869632024,91.35802469135803,5,"00~06","",TRUE,"분석 가능","경향신문사",93.26347305389223,51.34730538922155,"100 - 16개 상권특성의 평균 절대 백분위 차이"
"미근동",3110539,"편의점",19.53727506426735,7.75,19.53727506426735,"21~24",98.7146529562982,5155.420219502115,98.7146529562982,5,"","",TRUE,"분석 가능","경향신문사",95.30848329048844,62.2107969151671,"100 - 16개 상권특성의 평균 절대 백분위 차이"
"망원나들목체육관",3110540,"한식음식점",35.595105672969964,44.27312775330397,35.595105672969964,"뚜렷한 DEAD TIME 없음",0,0,0,5,"","",TRUE,"분석 가능","상도4동주민센터",90.27391546162403,86.20689655172413,"100 - 16개 상권특성의 평균 절대 백분위 차이"
"동교초등학교",3110541,"한식음식점",76.7519466073415,72.79735682819384,76.7519466073415,"뚜렷한 DEAD TIME 없음",0,0,0,5,"","",TRUE,"분석 가능","신자초등학교",85.62291434927698,80.08898776418243,"100 - 16개 상권특성의 평균 절대 백분위 차이"
"동교초등학교",3110541,"분식전문점",71.83462532299741,57.457212713936435,71.83462532299741,"뚜렷한 DEAD TIME 없음",0,0,0,5,"00~06","",TRUE,"분석 가능","구산역 4번",85.99806201550388,74.93540051679587,"100 - 16개 상권특성의 평균 절대 백분위 차이"
"동교초등학교",3110541,"호프-간이주점",4.208416833667335,60.77669902912621,4.208416833667335,"14~17",93.89978213507625,125.48754184875651,93.89978213507625,4,"06~11","",TRUE,"분석 가능","화곡역 2번",88.45190380761522,66.13226452905812,"100 - 16개 상권특성의 평균 절대 백분위 차이"
"동교초등학교",3110541,"커피-음료",28.29341317365269,67.68558951965066,28.29341317365269,"뚜렷한 DEAD TIME 없음",0,0,0,5,"00~06","",TRUE,"분석 가능","광진정말공원",90.6624251497006,47.30538922155689,"100 - 16개 상권특성의 평균 절대 백분위 차이"
"동교초등학교",3110541,"편의점",42.9305912596401,55.25,42.9305912596401,"뚜렷한 DEAD TIME 없음",0,0,0,5,"","",TRUE,"분석 가능","상봉역 3번",87.14652956298201,75.83547557840618,"100 - 16개 상권특성의 평균 절대 백분위 차이"
"마포구청역 7번",3110542,"한식음식점",27.474972191323694,77.20264317180616,27.474972191323694,"뚜렷한 DEAD TIME 없음",0,0,0,5,"","",TRUE,"분석 가능","오류2동버들시장",91.14988876529478,44.938820912124584,"100 - 16개 상권특성의 평균 절대 백분위 차이"
"마포구청역 7번",3110542,"호프-간이주점",90.98196392785572,66.40776699029126,90.98196392785572,"뚜렷한 DEAD TIME 없음",0,0,0,5,"","",TRUE,"분석 가능","보라매역 2번",89.19088176352705,91.78356713426854,"100 - 16개 상권특성의 평균 절대 백분위 차이"
"마포구청역 7번",3110542,"커피-음료",68.8622754491018,72.92576419213974,68.8622754491018,"뚜렷한 DEAD TIME 없음",0,0,0,5,"","",TRUE,"분석 가능","삼전역 4번",89.43675149700599,97.15568862275448,"100 - 16개 상권특성의 평균 절대 백분위 차이"
"마포구청역 7번",3110542,"편의점",52.185089974293064,60.5,52.185089974293064,"뚜렷한 DEAD TIME 없음",0,0,0,5,"","",TRUE,"분석 가능","자양한강도서관",84.73650385604114,53.98457583547558,"100 - 16개 상권특성의 평균 절대 백분위 차이"
"중암중학교",3110543,"한식음식점",9.343715239154617,7.488986784140969,9.343715239154617,"21~24",98.5376827896513,75.61060483019654,98.5376827896513,5,"00~06","",TRUE,"분석 가능","전농119안전센터",92.06757508342602,65.07230255839822,"100 - 16개 상권특성의 평균 절대 백분위 차이"
"망리단길",3110544,"한식음식점",14.238042269187986,99.8898678414097,14.238042269187986,"11~14",91.41583054626533,30913.416984625306,91.41583054626533,5,"","",TRUE,"분석 가능","사당역 4번",89.34927697441601,30.589543937708562,"100 - 16개 상권특성의 평균 절대 백분위 차이"
"망리단길",3110544,"분식전문점",80.10335917312662,99.75550122249389,80.10335917312662,"뚜렷한 DEAD TIME 없음",0,0,0,5,"","",TRUE,"분석 가능","삼전역 1번",85.59431524547804,84.75452196382429,"100 - 16개 상권특성의 평균 절대 백분위 차이"
"망리단길",3110544,"호프-간이주점",36.47294589178357,99.80582524271846,36.47294589178357,"17~21",90.36144578313254,4126.6090611032705,90.36144578313254,5,"","",TRUE,"분석 가능","사당역 4번",87.6753507014028,83.16633266533067,"100 - 16개 상권특성의 평균 절대 백분위 차이"
"망리단길",3110544,"커피-음료",32.48502994011976,99.85443959243085,32.48502994011976,"뚜렷한 DEAD TIME 없음",0,0,0,5,"","",TRUE,"분석 가능","사당역 4번",89.0250748502994,91.61676646706587,"100 - 16개 상권특성의 평균 절대 백분위 차이"
"망리단길",3110544,"편의점",15.681233933161954,99.75,15.681233933161954,"06~11",92.54498714652956,9264.270200924431,92.54498714652956,5,"","",TRUE,"분석 가능","까치산역 3번",87.70886889460155,78.66323907455013,"100 - 16개 상권특성의 평균 절대 백분위 차이"
"마포구청역 1번",3110545,"한식음식점",85.20578420467186,34.36123348017621,85.20578420467186,"뚜렷한 DEAD TIME 없음",0,0,0,5,"","",TRUE,"분석 가능","성남고등학교",85.5603448275862,96.440489432703,"100 - 16개 상권특성의 평균 절대 백분위 차이"
"마포구청역 1번",3110545,"분식전문점",92.24806201550388,18.09290953545232,92.24806201550388,"뚜렷한 DEAD TIME 없음",0,0,0,5,"","",TRUE,"분석 가능",NA,NA,NA,"100 - 16개 상권특성의 평균 절대 백분위 차이"
"마포구청역 1번",3110545,"호프-간이주점",NA,18.25242718446602,NA,"뚜렷한 DEAD TIME 없음",0,0,0,0,"","00~06,06~11,11~14,14~17,17~21,21~24",FALSE,"활동 또는 관측 근거 부족",NA,NA,NA,"100 - 16개 상권특성의 평균 절대 백분위 차이"
"마포구청역 1번",3110545,"커피-음료",95.50898203592814,27.510917030567683,95.50898203592814,"뚜렷한 DEAD TIME 없음",0,0,0,5,"00~06","",TRUE,"분석 가능",NA,NA,NA,"100 - 16개 상권특성의 평균 절대 백분위 차이"
"마포구청역 1번",3110545,"편의점",74.293059125964,14.75,74.293059125964,"뚜렷한 DEAD TIME 없음",0,0,0,5,"","",TRUE,"분석 가능","신림우방아파트",80.10925449871465,82.0051413881748,"100 - 16개 상권특성의 평균 절대 백분위 차이"
"양화대교북단",3110546,"한식음식점",27.030033370411566,50.881057268722465,27.030033370411566,"21~24",99.21259842519686,158.6192003174297,99.21259842519686,5,"00~06","",TRUE,"분석 가능","장승배기역 5번",89.95411568409344,98.44271412680756,"100 - 16개 상권특성의 평균 절대 백분위 차이"
"양화대교북단",3110546,"커피-음료",28.592814371257486,44.832605531295485,28.592814371257486,"뚜렷한 DEAD TIME 없음",0,0,0,5,"","",TRUE,"분석 가능","인헌고등학교(인헌중학교)",86.39595808383234,63.02395209580839,"100 - 16개 상권특성의 평균 절대 백분위 차이"
"양화대교북단",3110546,"편의점",95.62982005141389,27.750000000000004,95.62982005141389,"뚜렷한 DEAD TIME 없음",0,0,0,5,"","",TRUE,"분석 가능","서울축산농협 독산역지점(독산파출소)",83.78856041131105,96.40102827763496,"100 - 16개 상권특성의 평균 절대 백분위 차이"
"KB국민은행 망원동지점",3110547,"한식음식점",41.37931034482759,50.440528634361236,41.37931034482759,"뚜렷한 DEAD TIME 없음",0,0,0,5,"","",TRUE,"분석 가능","은평구청",86.7908787541713,69.85539488320356,"100 - 16개 상권특성의 평균 절대 백분위 차이"
"KB국민은행 망원동지점",3110547,"분식전문점",34.883720930232556,33.251833740831295,34.883720930232556,"뚜렷한 DEAD TIME 없음",0,0,0,5,"00~06","",TRUE,"분석 가능","은평구청",85.52971576227391,45.21963824289406,"100 - 16개 상권특성의 평균 절대 백분위 차이"
"KB국민은행 망원동지점",3110547,"호프-간이주점",83.56713426853707,35.14563106796116,83.56713426853707,"뚜렷한 DEAD TIME 없음",0,0,0,5,"","",TRUE,"분석 가능","강북구청",86.15981963927855,83.76753507014027,"100 - 16개 상권특성의 평균 절대 백분위 차이"
"KB국민은행 망원동지점",3110547,"커피-음료",41.01796407185629,44.25036390101892,41.01796407185629,"뚜렷한 DEAD TIME 없음",0,0,0,5,"00~06","",TRUE,"분석 가능","창동역 2번",87.32223053892216,94.311377245509,"100 - 16개 상권특성의 평균 절대 백분위 차이"
"마포구청역 4번",3110548,"한식음식점",77.8642936596218,73.01762114537445,77.8642936596218,"뚜렷한 DEAD TIME 없음",0,0,0,5,"","",TRUE,"분석 가능",NA,NA,NA,"100 - 16개 상권특성의 평균 절대 백분위 차이"
"마포구청역 4번",3110548,"호프-간이주점",36.07214428857716,60.970873786407765,36.07214428857716,"뚜렷한 DEAD TIME 없음",0,0,0,3,"06~11,14~17","",TRUE,"분석 가능","동대문구청",87.93837675350701,57.31462925851704,"100 - 16개 상권특성의 평균 절대 백분위 차이"
"마포구청역 4번",3110548,"커피-음료",78.1437125748503,67.97671033478893,78.1437125748503,"뚜렷한 DEAD TIME 없음",0,0,0,4,"00~06,21~24","",TRUE,"분석 가능","서울지방병무청",87.15381736526946,93.11377245508982,"100 - 16개 상권특성의 평균 절대 백분위 차이"
"새터산",3110549,"한식음식점",81.97997775305895,55.947136563876654,81.97997775305895,"뚜렷한 DEAD TIME 없음",0,0,0,5,"","",TRUE,"분석 가능","망우3동주민센터",85.75500556173526,88.32035595105673,"100 - 16개 상권특성의 평균 절대 백분위 차이"
"새터산",3110549,"커피-음료",9.431137724550897,50.509461426491995,9.431137724550897,"17~21",99.3993993993994,989.2625141942844,99.3993993993994,4,"00~06,21~24","",TRUE,"분석 가능","신원동주민센터",89.66130239520957,91.91616766467065,"100 - 16개 상권특성의 평균 절대 백분위 차이"
"새터산",3110549,"편의점",38.81748071979435,34.5,38.81748071979435,"뚜렷한 DEAD TIME 없음",0,0,0,5,"","",TRUE,"분석 가능","신원동주민센터",91.96658097686375,59.383033419023135,"100 - 16개 상권특성의 평균 절대 백분위 차이"
"합정역 8번",3110550,"한식음식점",30.14460511679644,73.7885462555066,30.14460511679644,"뚜렷한 DEAD TIME 없음",0,0,0,5,"","",TRUE,"분석 가능","신대방역 2번",88.69577308120134,60.40044493882091,"100 - 16개 상권특성의 평균 절대 백분위 차이"
"합정역 8번",3110550,"분식전문점",70.54263565891473,58.19070904645477,70.54263565891473,"뚜렷한 DEAD TIME 없음",0,0,0,4,"00~06,21~24","",TRUE,"분석 가능","신대방역 2번",84.02777777777779,95.8656330749354,"100 - 16개 상권특성의 평균 절대 백분위 차이"
"합정역 8번",3110550,"호프-간이주점",37.87575150300601,62.13592233009708,37.87575150300601,"뚜렷한 DEAD TIME 없음",0,0,0,5,"","",TRUE,"분석 가능","숙대입구",83.83016032064128,90.18036072144288,"100 - 16개 상권특성의 평균 절대 백분위 차이"
"합정역 8번",3110550,"커피-음료",32.634730538922156,68.85007278020379,32.634730538922156,"뚜렷한 DEAD TIME 없음",0,0,0,5,"00~06","",TRUE,"분석 가능","신대방역 2번",88.45434131736528,66.91616766467065,"100 - 16개 상권특성의 평균 절대 백분위 차이"
"합정역 8번",3110550,"편의점",4.370179948586118,56.49999999999999,4.370179948586118,"11~14",97.17223650385604,56572.06821225142,97.17223650385604,5,"","",TRUE,"분석 가능","송파나루역 1번(송리단길)",85.23457583547558,27.249357326478147,"100 - 16개 상권특성의 평균 절대 백분위 차이"
"성서초등학교",3110551,"한식음식점",37.708565072302555,76.98237885462555,37.708565072302555,"11~14",90.3010033444816,1331.81887448118,90.3010033444816,5,"","",TRUE,"분석 가능","보라매역 2번",87.81979977753058,50.055617352614014,"100 - 16개 상권특성의 평균 절대 백분위 차이"
"성서초등학교",3110551,"커피-음료",66.1676646706587,72.63464337700145,66.1676646706587,"뚜렷한 DEAD TIME 없음",0,0,0,5,"00~06","",TRUE,"분석 가능","월드순복음교회",88.33270958083833,76.34730538922156,"100 - 16개 상권특성의 평균 절대 백분위 차이"
"성서초등학교",3110551,"편의점",25.96401028277635,60,25.96401028277635,"뚜렷한 DEAD TIME 없음",0,0,0,5,"","",TRUE,"분석 가능","자양동우체국",84.97750642673522,30.59125964010283,"100 - 16개 상권특성의 평균 절대 백분위 차이"
"성미산체육관",3110552,"한식음식점",83.09232480533927,33.81057268722467,83.09232480533927,"뚜렷한 DEAD TIME 없음",0,0,0,5,"00~06","",TRUE,"분석 가능","동구여중",91.37931034482759,97.44160177975529,"100 - 16개 상권특성의 평균 절대 백분위 차이"
"성미산체육관",3110552,"커피-음료",49.700598802395206,27.219796215429405,49.700598802395206,"뚜렷한 DEAD TIME 없음",0,0,0,4,"00~06,21~24","",TRUE,"분석 가능","숙대입구역 1번",89.66130239520959,74.40119760479041,"100 - 16개 상권특성의 평균 절대 백분위 차이"
"성미산체육관",3110552,"편의점",61.18251928020566,14.249999999999998,61.18251928020566,"뚜렷한 DEAD TIME 없음",0,0,0,5,"","",TRUE,"분석 가능","문정역 1번",89.23521850899743,92.03084832904884,"100 - 16개 상권특성의 평균 절대 백분위 차이"
"가좌역 2번",3110553,"한식음식점",9.899888765294772,63.10572687224669,9.899888765294772,"06~11",99.77142857142857,448.9116244257679,99.77142857142857,5,"","",TRUE,"분석 가능","장안현대홈타운1차아파트",91.68520578420467,29.92213570634038,"100 - 16개 상권특성의 평균 절대 백분위 차이"
"가좌역 2번",3110553,"분식전문점",10.335917312661499,46.9437652811736,10.335917312661499,"06~11",92.797783933518,114.05484897055395,92.797783933518,4,"00~06,21~24","",TRUE,"분석 가능","만리재",88.51744186046511,81.65374677002583,"100 - 16개 상권특성의 평균 절대 백분위 차이"
"가좌역 2번",3110553,"호프-간이주점",8.617234468937877,48.349514563106794,8.617234468937877,"17~21",94.57831325301204,167.55860611660862,94.57831325301204,5,"","",TRUE,"분석 가능","장안현대홈타운1차아파트",89.75450901803607,84.96993987975952,"100 - 16개 상권특성의 평균 절대 백분위 차이"
"가좌역 2번",3110553,"커피-음료",11.526946107784433,58.515283842794766,11.526946107784433,"21~24",93.65079365079364,265.11409420011967,93.65079365079364,5,"00~06","",TRUE,"분석 가능","방배노인종합복지관(이수중학교)",89.25898203592814,92.06586826347305,"100 - 16개 상권특성의 평균 절대 백분위 차이"
"망원역 1번",3110554,"한식음식점",96.99666295884316,76.10132158590308,96.99666295884316,"뚜렷한 DEAD TIME 없음",0,0,0,5,"","",TRUE,"분석 가능",NA,NA,NA,"100 - 16개 상권특성의 평균 절대 백분위 차이"
"망원역 1번",3110554,"호프-간이주점",1.002004008016032,65.0485436893204,1.002004008016032,"11~14",91.89944134078212,286.8940043370364,91.89944134078212,5,"","",TRUE,"분석 가능","한국SGI본부",86.97394789579158,69.13827655310621,"100 - 16개 상권특성의 평균 절대 백분위 차이"
"망원역 1번",3110554,"커피-음료",34.880239520958085,71.61572052401746,34.880239520958085,"뚜렷한 DEAD TIME 없음",0,0,0,5,"","",TRUE,"분석 가능","한국SGI본부",87.00411676646706,40.26946107784431,"100 - 16개 상권특성의 평균 절대 백분위 차이"
"망원역 1번",3110554,"편의점",3.3419023136246784,58.75,3.3419023136246784,"17~21",98.20051413881748,97182.51767886961,98.20051413881748,5,"","",TRUE,"분석 가능","발산역 5번",87.74100257069408,3.5989717223650386,"100 - 16개 상권특성의 평균 절대 백분위 차이"
"홍익지구대",3110555,"한식음식점",57.39710789766407,12.114537444933921,57.39710789766407,"뚜렷한 DEAD TIME 없음",0,0,0,5,"","",TRUE,"분석 가능","신구중학교",88.82091212458288,82.75862068965517,"100 - 16개 상권특성의 평균 절대 백분위 차이"
"홍대부속여중고앞",3110557,"한식음식점",22.135706340378196,61.563876651982376,22.135706340378196,"뚜렷한 DEAD TIME 없음",0,0,0,5,"","",TRUE,"분석 가능","효창공원앞역 5번",87.91713014460511,70.30033370411569,"100 - 16개 상권특성의 평균 절대 백분위 차이"
"홍대부속여중고앞",3110557,"분식전문점",29.457364341085274,45.2322738386308,29.457364341085274,"뚜렷한 DEAD TIME 없음",0,0,0,5,"","",TRUE,"분석 가능","효창공원앞역 2번",86.82170542635659,68.73385012919897,"100 - 16개 상권특성의 평균 절대 백분위 차이"
"홍대부속여중고앞",3110557,"호프-간이주점",97.99599198396794,46.019417475728154,97.99599198396794,"뚜렷한 DEAD TIME 없음",0,0,0,2,"06~11,11~14,14~17","",TRUE,"분석 가능",NA,NA,NA,"100 - 16개 상권특성의 평균 절대 백분위 차이"
"홍대부속여중고앞",3110557,"커피-음료",24.550898203592812,56.76855895196506,24.550898203592812,"뚜렷한 DEAD TIME 없음",0,0,0,5,"","",TRUE,"분석 가능","효창공원앞역 2번",89.93263473053892,41.91616766467065,"100 - 16개 상권특성의 평균 절대 백분위 차이"
"홍대부속여중고앞",3110557,"편의점",70.95115681233933,39.5,70.95115681233933,"뚜렷한 DEAD TIME 없음",0,0,0,5,"","",TRUE,"분석 가능","선정릉역 4번",88.12660668380462,81.49100257069408,"100 - 16개 상권특성의 평균 절대 백분위 차이"
"경성고등학교",3110558,"한식음식점",76.86318131256952,96.91629955947137,76.86318131256952,"뚜렷한 DEAD TIME 없음",0,0,0,5,"","",TRUE,"분석 가능","삼전역 4번",86.67269187986652,86.76307007786428,"100 - 16개 상권특성의 평균 절대 백분위 차이"
"경성고등학교",3110558,"분식전문점",56.58914728682171,93.39853300733496,56.58914728682171,"뚜렷한 DEAD TIME 없음",0,0,0,5,"","",TRUE,"분석 가능","공군호텔",84.27002583979328,88.88888888888889,"100 - 16개 상권특성의 평균 절대 백분위 차이"
"경성고등학교",3110558,"호프-간이주점",35.27054108216433,94.95145631067962,35.27054108216433,"14~17",96.07843137254902,186.55466818063096,96.07843137254902,3,"06~11,11~14","",TRUE,"분석 가능","석촌역 3번",88.99048096192385,58.31663326653307,"100 - 16개 상권특성의 평균 절대 백분위 차이"
"경성고등학교",3110558,"커피-음료",20.65868263473054,96.06986899563319,20.65868263473054,"뚜렷한 DEAD TIME 없음",0,0,0,5,"","",TRUE,"분석 가능","석촌역 3번",92.45883233532935,32.035928143712574,"100 - 16개 상권특성의 평균 절대 백분위 차이"
"경성고등학교",3110558,"편의점",55.78406169665809,94,55.78406169665809,"뚜렷한 DEAD TIME 없음",0,0,0,5,"","",TRUE,"분석 가능","장안1동주민센터",89.04241645244217,68.38046272493573,"100 - 16개 상권특성의 평균 절대 백분위 차이"
"성산중학교",3110559,"한식음식점",15.461624026696331,55.396475770925115,15.461624026696331,"17~21",94.88320355951056,9002.25124057302,94.88320355951056,5,"","",TRUE,"분석 가능","홍대땡땡거리",90.96913236929922,17.24137931034483,"100 - 16개 상권특성의 평균 절대 백분위 차이"
"성산중학교",3110559,"분식전문점",23.25581395348837,39.36430317848411,23.25581395348837,"뚜렷한 DEAD TIME 없음",0,0,0,5,"00~06","",TRUE,"분석 가능","홍대땡땡거리",88.69509043927648,79.32816537467701,"100 - 16개 상권특성의 평균 절대 백분위 차이"
"성산중학교",3110559,"호프-간이주점",78.3567134268537,40,78.3567134268537,"뚜렷한 DEAD TIME 없음",0,0,0,5,"","",TRUE,"분석 가능","노량진초등학교",83.61723446893788,79.35871743486975,"100 - 16개 상권특성의 평균 절대 백분위 차이"
"성산중학교",3110559,"커피-음료",54.94011976047904,50.072780203784575,54.94011976047904,"뚜렷한 DEAD TIME 없음",0,0,0,5,"","",TRUE,"분석 가능","홍대땡땡거리",89.3619011976048,61.227544910179645,"100 - 16개 상권특성의 평균 절대 백분위 차이"
"마포FM",3110560,"한식음식점",72.30255839822024,57.268722466960355,72.30255839822024,"뚜렷한 DEAD TIME 없음",0,0,0,5,"","",TRUE,"분석 가능","두산초등학교",88.40378197997777,81.20133481646273,"100 - 16개 상권특성의 평균 절대 백분위 차이"
"마포FM",3110560,"커피-음료",4.491017964071856,51.96506550218341,4.491017964071856,"17~21",98.49849849849849,2387.4702523798446,98.49849849849849,4,"00~06,21~24","",TRUE,"분석 가능","이수역 9번",90.3255988023952,29.191616766467064,"100 - 16개 상권특성의 평균 절대 백분위 차이"
"상수역 4번",3110561,"한식음식점",7.897664071190211,47.907488986784145,7.897664071190211,"06~11",93.14285714285714,946.4637568798206,93.14285714285714,5,"","",TRUE,"분석 가능","금천세무서",90.69104560622915,31.03448275862069,"100 - 16개 상권특성의 평균 절대 백분위 차이"
"상수역 4번",3110561,"호프-간이주점",1.6032064128256511,31.650485436893206,1.6032064128256511,"11~14",99.16201117318437,1034.5391171878061,99.16201117318437,5,"","",TRUE,"분석 가능","메가박스 상봉",85.67134268537075,91.58316633266533,"100 - 16개 상권특성의 평균 절대 백분위 차이"
"상수역 4번",3110561,"커피-음료",72.60479041916167,41.3391557496361,72.60479041916167,"뚜렷한 DEAD TIME 없음",0,0,0,5,"","",TRUE,"분석 가능","신대방삼거리역 3번",86.31175149700599,79.34131736526946,"100 - 16개 상권특성의 평균 절대 백분위 차이"
"상수역 4번",3110561,"편의점",29.562982005141386,24,29.562982005141386,"뚜렷한 DEAD TIME 없음",0,0,0,5,"","",TRUE,"분석 가능","신대방삼거리역 3번",89.81362467866325,35.2185089974293,"100 - 16개 상권특성의 평균 절대 백분위 차이"
"연트럴파크(연남동주민센터)",3110562,"한식음식점",1.1123470522803114,69.60352422907489,1.1123470522803114,"06~11",98.4,741.4168421404344,98.4,5,"","",TRUE,"분석 가능","연희대우아파트앞",89.4674638487208,86.98553948832036,"100 - 16개 상권특성의 평균 절대 백분위 차이"
"연트럴파크(연남동주민센터)",3110562,"호프-간이주점",46.49298597194389,55.92233009708738,46.49298597194389,"06~11",94.80968858131487,92.97746690972114,94.80968858131487,5,"","",TRUE,"분석 가능","KB국민은행 망원동지점",86.52304609218437,83.56713426853707,"100 - 16개 상권특성의 평균 절대 백분위 차이"
"연트럴파크(연남동주민센터)",3110562,"커피-음료",19.760479041916167,64.62882096069869,19.760479041916167,"뚜렷한 DEAD TIME 없음",0,0,0,5,"","",TRUE,"분석 가능","KB국민은행 망원동지점",88.48241017964071,41.01796407185629,"100 - 16개 상권특성의 평균 절대 백분위 차이"
"연트럴파크(연남동주민센터)",3110562,"편의점",33.41902313624679,51,33.41902313624679,"뚜렷한 DEAD TIME 없음",0,0,0,5,"","",TRUE,"분석 가능","금천세무서",85.53984575835476,84.83290488431876,"100 - 16개 상권특성의 평균 절대 백분위 차이"
"상수역 3번",3110563,"한식음식점",NA,10.022026431718063,NA,"뚜렷한 DEAD TIME 없음",0,0,0,0,"","00~06,06~11,11~14,14~17,17~21,21~24",FALSE,"활동 또는 관측 근거 부족",NA,NA,NA,"100 - 16개 상권특성의 평균 절대 백분위 차이"
"홍대입구역 3번",3110564,"한식음식점",42.380422691879865,60.46255506607929,42.380422691879865,"뚜렷한 DEAD TIME 없음",0,0,0,4,"06~11","",TRUE,"분석 가능","불광역 8번",85.0111234705228,98.77641824249166,"100 - 16개 상권특성의 평균 절대 백분위 차이"
"홍대입구역 3번",3110564,"분식전문점",1.2919896640826873,43.76528117359413,1.2919896640826873,"06~11",100,655.6148827238086,100,5,"00~06","",TRUE,"분석 가능","경의선책거리",86.54715762273902,71.57622739018088,"100 - 16개 상권특성의 평균 절대 백분위 차이"
"홍대입구역 3번",3110564,"호프-간이주점",100,44.66019417475729,100,"뚜렷한 DEAD TIME 없음",0,0,0,5,"","",TRUE,"분석 가능",NA,NA,NA,"100 - 16개 상권특성의 평균 절대 백분위 차이"
"홍대입구역 3번",3110564,"커피-음료",23.353293413173652,55.74963609898108,23.353293413173652,"뚜렷한 DEAD TIME 없음",0,0,0,5,"","",TRUE,"분석 가능","국기원",89.56773952095809,74.7005988023952,"100 - 16개 상권특성의 평균 절대 백분위 차이"
"홍익대",3110565,"한식음식점",43.38153503893214,29.074889867841406,43.38153503893214,"뚜렷한 DEAD TIME 없음",0,0,0,4,"00~06,06~11","",TRUE,"분석 가능","용마문화복지센터",86.07480533926585,84.20467185761957,"100 - 16개 상권특성의 평균 절대 백분위 차이"
"경의선책거리",3110566,"한식음식점",6.0066740823136815,76.76211453744493,6.0066740823136815,"06~11",90.74285714285715,4330.5214583521165,90.74285714285715,5,"","",TRUE,"분석 가능","성수동카페거리",88.50111234705228,48.05339265850945,"100 - 16개 상권특성의 평균 절대 백분위 차이"
"경의선책거리",3110566,"분식전문점",71.57622739018088,60.63569682151589,71.57622739018088,"뚜렷한 DEAD TIME 없음",0,0,0,5,"","",TRUE,"분석 가능","성수동카페거리",86.87015503875969,76.22739018087856,"100 - 16개 상권특성의 평균 절대 백분위 차이"
"경의선책거리",3110566,"호프-간이주점",50.50100200400801,66.01941747572816,50.50100200400801,"06~11",99.30795847750865,428.39180220110126,99.30795847750865,5,"","",TRUE,"분석 가능","홍대입구역 3번",90.03006012024048,100,"100 - 16개 상권특성의 평균 절대 백분위 차이"
"경의선책거리",3110566,"커피-음료",42.81437125748503,72.34352256186317,42.81437125748503,"뚜렷한 DEAD TIME 없음",0,0,0,5,"","",TRUE,"분석 가능","성수동카페거리",88.12687125748504,48.50299401197605,"100 - 16개 상권특성의 평균 절대 백분위 차이"
"경의선책거리",3110566,"편의점",42.159383033419026,59.5,42.159383033419026,"뚜렷한 DEAD TIME 없음",0,0,0,5,"","",TRUE,"분석 가능","효창공원앞역 6번",79.53084832904884,44.473007712082264,"100 - 16개 상권특성의 평균 절대 백분위 차이"
"광흥창역 6번",3110567,"호프-간이주점",70.94188376753507,12.03883495145631,70.94188376753507,"뚜렷한 DEAD TIME 없음",0,0,0,3,"00~06,06~11,11~14","",TRUE,"분석 가능","옥수역 6번",86.64829659318639,87.374749498998,"100 - 16개 상권특성의 평균 절대 백분위 차이"
"광흥창역 6번",3110567,"커피-음료",56.73652694610778,20.378457059679768,56.73652694610778,"뚜렷한 DEAD TIME 없음",0,0,0,4,"00~06,21~24","",TRUE,"분석 가능","불광역 8번",89.32447604790418,81.1377245508982,"100 - 16개 상권특성의 평균 절대 백분위 차이"
"광흥창역 1번",3110568,"한식음식점",28.03114571746385,31.718061674008812,28.03114571746385,"뚜렷한 DEAD TIME 없음",0,0,0,5,"00~06","",TRUE,"분석 가능","왕십리파출소",91.28197997775305,83.75973303670744,"100 - 16개 상권특성의 평균 절대 백분위 차이"
"광흥창역 1번",3110568,"분식전문점",8.785529715762273,16.625916870415647,8.785529715762273,"06~11",94.73684210526315,53.657341798959884,94.73684210526315,4,"00~06,21~24","",TRUE,"분석 가능","대원고등학교",87.7422480620155,13.436692506459949,"100 - 16개 상권특성의 평균 절대 백분위 차이"
"광흥창역 1번",3110568,"커피-음료",53.89221556886228,25.036390101892287,53.89221556886228,"뚜렷한 DEAD TIME 없음",0,0,0,4,"00~06,21~24","",TRUE,"분석 가능","KB국민은행 서강지점",88.57597305389223,99.25149700598801,"100 - 16개 상권특성의 평균 절대 백분위 차이"
"광흥창역 1번",3110568,"편의점",65.29562982005142,12.5,65.29562982005142,"뚜렷한 DEAD TIME 없음",0,0,0,5,"","",TRUE,"분석 가능","쌍문역1번(쌍리단길)",88.64074550128535,99.48586118251927,"100 - 16개 상권특성의 평균 절대 백분위 차이"
"홍대땡땡거리",3110569,"한식음식점",17.24137931034483,57.48898678414097,17.24137931034483,"11~14",90.07803790412487,7272.730608991627,90.07803790412487,5,"","",TRUE,"분석 가능","성균관대학교",89.53698553948833,32.03559510567297,"100 - 16개 상권특성의 평균 절대 백분위 차이"
"홍대땡땡거리",3110569,"분식전문점",79.32816537467701,40.831295843520785,79.32816537467701,"뚜렷한 DEAD TIME 없음",0,0,0,4,"00~06,21~24","",TRUE,"분석 가능","연희임광아파트",83.57558139534885,99.74160206718346,"100 - 16개 상권특성의 평균 절대 백분위 차이"
"홍대땡땡거리",3110569,"호프-간이주점",51.903807615230455,41.74757281553398,51.903807615230455,"뚜렷한 DEAD TIME 없음",0,0,0,5,"","",TRUE,"분석 가능","성산중학교",86.54809619238478,78.3567134268537,"100 - 16개 상권특성의 평균 절대 백분위 차이"
"홍대땡땡거리",3110569,"커피-음료",61.227544910179645,52.11062590975255,61.227544910179645,"뚜렷한 DEAD TIME 없음",0,0,0,5,"","",TRUE,"분석 가능","방학역 2번",85.05800898203593,88.47305389221557,"100 - 16개 상권특성의 평균 절대 백분위 차이"
"홍대땡땡거리",3110569,"편의점",34.447300771208226,36,34.447300771208226,"뚜렷한 DEAD TIME 없음",0,0,0,5,"","",TRUE,"분석 가능","대림성모병원",90.10282776349614,84.31876606683805,"100 - 16개 상권특성의 평균 절대 백분위 차이"
"KB국민은행 서강지점",3110570,"한식음식점",13.348164627363737,14.647577092511014,13.348164627363737,"06~11",97.6,118.62078152967636,97.6,5,"","",TRUE,"분석 가능","강동구청(강동구청역 2번)",90.96913236929922,54.17130144605117,"100 - 16개 상권특성의 평균 절대 백분위 차이"
"KB국민은행 서강지점",3110570,"커피-음료",99.25149700598801,9.606986899563319,99.25149700598801,"뚜렷한 DEAD TIME 없음",0,0,0,5,"00~06","",TRUE,"분석 가능","쌍문역1번(쌍리단길)",84.83345808383234,99.7005988023952,"100 - 16개 상권특성의 평균 절대 백분위 차이"
"신수동주민센터",3110571,"한식음식점",9.010011123470523,34.47136563876652,9.010011123470523,"17~21",97.10789766407119,3308.675376076838,97.10789766407119,5,"","",TRUE,"분석 가능","상월곡역 3번",89.35622914349277,21.69076751946607,"100 - 16개 상권특성의 평균 절대 백분위 차이"
"신수동주민센터",3110571,"분식전문점",72.86821705426357,18.337408312958438,72.86821705426357,"뚜렷한 DEAD TIME 없음",0,0,0,3,"00~06,06~11,21~24","",TRUE,"분석 가능","방화역 1번",84.72222222222221,98.70801033591732,"100 - 16개 상권특성의 평균 절대 백분위 차이"
"신수동주민센터",3110571,"커피-음료",25,27.65647743813683,25,"뚜렷한 DEAD TIME 없음",0,0,0,5,"00~06","",TRUE,"분석 가능","보문역 8번",87.54678143712576,68.26347305389223,"100 - 16개 상권특성의 평균 절대 백분위 차이"
"서강대역 1번",3110572,"한식음식점",52.169076751946605,95.04405286343612,52.169076751946605,"뚜렷한 DEAD TIME 없음",0,0,0,5,"","",TRUE,"분석 가능","숙대입구",90.04449388209122,56.50723025583982,"100 - 16개 상권특성의 평균 절대 백분위 차이"
"서강대역 1번",3110572,"분식전문점",62.01550387596899,90.4645476772616,62.01550387596899,"뚜렷한 DEAD TIME 없음",0,0,0,5,"","",TRUE,"분석 가능","남영역 1번",85.40051679586563,73.90180878552972,"100 - 16개 상권특성의 평균 절대 백분위 차이"
"서강대역 1번",3110572,"호프-간이주점",78.95791583166333,92.23300970873787,78.95791583166333,"뚜렷한 DEAD TIME 없음",0,0,0,5,"","",TRUE,"분석 가능","숙대입구",87.14929859719439,90.18036072144288,"100 - 16개 상권특성의 평균 절대 백분위 차이"
"서강대역 1번",3110572,"커피-음료",65.71856287425149,93.74090247452693,65.71856287425149,"뚜렷한 DEAD TIME 없음",0,0,0,5,"","",TRUE,"분석 가능","숙대입구",87.58420658682635,74.8502994011976,"100 - 16개 상권특성의 평균 절대 백분위 차이"
"신촌역 6번",3110573,"한식음식점",81.75750834260289,6.057268722466961,81.75750834260289,"뚜렷한 DEAD TIME 없음",0,0,0,5,"","",TRUE,"분석 가능","아현역 1번",89.08509454949944,98.99888765294772,"100 - 16개 상권특성의 평균 절대 백분위 차이"
"대흥동주민센터",3110575,"한식음식점",72.52502780867631,59.691629955947135,72.52502780867631,"뚜렷한 DEAD TIME 없음",0,0,0,5,"00~06","",TRUE,"분석 가능","장승배기역 5번",88.01446051167964,98.44271412680756,"100 - 16개 상권특성의 평균 절대 백분위 차이"
"대흥동주민센터",3110575,"커피-음료",25.299401197604794,54.73071324599709,25.299401197604794,"뚜렷한 DEAD TIME 없음",0,0,0,5,"00~06","",TRUE,"분석 가능","내방역 1번",88.88473053892216,30.389221556886227,"100 - 16개 상권특성의 평균 절대 백분위 차이"
"대흥역 3번",3110576,"한식음식점",46.60734149054505,52.75330396475771,46.60734149054505,"뚜렷한 DEAD TIME 없음",0,0,0,5,"","",TRUE,"분석 가능","광진정보도서관",89.2519466073415,51.61290322580645,"100 - 16개 상권특성의 평균 절대 백분위 차이"
"대흥역 3번",3110576,"분식전문점",70.80103359173127,35.69682151589242,70.80103359173127,"뚜렷한 DEAD TIME 없음",0,0,0,5,"","",TRUE,"분석 가능","대방역 6번",83.34948320413437,97.9328165374677,"100 - 16개 상권특성의 평균 절대 백분위 차이"
"대흥역 3번",3110576,"호프-간이주점",35.671342685370746,37.28155339805825,35.671342685370746,"뚜렷한 DEAD TIME 없음",0,0,0,5,"","",TRUE,"분석 가능","장충단 고개",90.35571142284569,45.49098196392786,"100 - 16개 상권특성의 평균 절대 백분위 차이"
"대흥역 3번",3110576,"커피-음료",41.61676646706587,47.01601164483261,41.61676646706587,"뚜렷한 DEAD TIME 없음",0,0,0,5,"","",TRUE,"분석 가능","광진정보도서관",89.0625,57.035928143712574,"100 - 16개 상권특성의 평균 절대 백분위 차이"
"용강동주민센터",3110577,"한식음식점",63.07007786429366,37.33480176211454,63.07007786429366,"뚜렷한 DEAD TIME 없음",0,0,0,5,"00~06","",TRUE,"분석 가능","방화역 3번",91.03865406006673,82.09121245828699,"100 - 16개 상권특성의 평균 절대 백분위 차이"
"용강동주민센터",3110577,"분식전문점",94.31524547803618,21.271393643031786,94.31524547803618,"뚜렷한 DEAD TIME 없음",0,0,0,5,"00~06","",TRUE,"분석 가능","방이역 1번",85.59431524547804,97.1576227390181,"100 - 16개 상권특성의 평균 절대 백분위 차이"
"용강동주민센터",3110577,"커피-음료",93.7125748502994,30.27656477438137,93.7125748502994,"뚜렷한 DEAD TIME 없음",0,0,0,4,"00~06,21~24","",TRUE,"분석 가능","둔촌2동주민센터",87.65905688622755,95.80838323353294,"100 - 16개 상권특성의 평균 절대 백분위 차이"
"대흥역 2번",3110578,"한식음식점",34.48275862068966,98.01762114537445,34.48275862068966,"뚜렷한 DEAD TIME 없음",0,0,0,5,"","",TRUE,"분석 가능","먹골역 5번",89.38403781979977,36.04004449388209,"100 - 16개 상권특성의 평균 절대 백분위 차이"
"대흥역 2번",3110578,"분식전문점",59.9483204134367,95.59902200488997,59.9483204134367,"뚜렷한 DEAD TIME 없음",0,0,0,5,"","",TRUE,"분석 가능","서강대역 1번",85.28746770025839,62.01550387596899,"100 - 16개 상권특성의 평균 절대 백분위 차이"
"대흥역 2번",3110578,"호프-간이주점",24.448897795591183,96.69902912621359,24.448897795591183,"21~24",99.59677419354838,91.10538322775673,99.59677419354838,5,"","",TRUE,"분석 가능","서강대역 1번",89.24098196392785,78.95791583166333,"100 - 16개 상권특성의 평균 절대 백분위 차이"
"대흥역 2번",3110578,"커피-음료",60.02994011976048,97.37991266375546,60.02994011976048,"뚜렷한 DEAD TIME 없음",0,0,0,5,"00~06","",TRUE,"분석 가능","먹골역 5번",87.39708083832336,74.55089820359282,"100 - 16개 상권특성의 평균 절대 백분위 차이"
"대흥역 2번",3110578,"편의점",57.84061696658098,96,57.84061696658098,"뚜렷한 DEAD TIME 없음",0,0,0,5,"","",TRUE,"분석 가능","공릉동 국수거리",85.23457583547558,89.7172236503856,"100 - 16개 상권특성의 평균 절대 백분위 차이"
"마포역 4번",3110579,"한식음식점",12.235817575083425,22.577092511013216,12.235817575083425,"14~17",99.33184855233853,720.078240035349,99.33184855233853,5,"","",TRUE,"분석 가능","신설동역 12번",86.30422691879866,19.799777530589544,"100 - 16개 상권특성의 평균 절대 백분위 차이"
"마포역 4번",3110579,"분식전문점",20.155038759689923,11.00244498777506,20.155038759689923,"06~11",95.56786703601108,64.91386860469983,95.56786703601108,5,"","",TRUE,"분석 가능","신수동주민센터",84.88372093023256,72.86821705426357,"100 - 16개 상권특성의 평균 절대 백분위 차이"
"마포역 4번",3110579,"커피-음료",38.17365269461078,17.321688500727802,38.17365269461078,"뚜렷한 DEAD TIME 없음",0,0,0,5,"00~06","",TRUE,"분석 가능","청구역 3번",87.69648203592814,83.53293413173652,"100 - 16개 상권특성의 평균 절대 백분위 차이"
"마포역 4번",3110579,"편의점",NA,8,NA,"뚜렷한 DEAD TIME 없음",0,0,0,0,"","00~06,06~11,11~14,14~17,17~21,21~24",FALSE,"활동 또는 관측 근거 부족",NA,NA,NA,"100 - 16개 상권특성의 평균 절대 백분위 차이"
"양원초등학교",3110580,"한식음식점",47.71968854282536,56.497797356828194,47.71968854282536,"21~24",95.95050618672666,689.5473446927614,95.95050618672666,5,"","",TRUE,"분석 가능","태릉입구역 4번",90.47552836484984,77.53058954393771,"100 - 16개 상권특성의 평균 절대 백분위 차이"
"양원초등학교",3110580,"커피-음료",12.425149700598801,51.09170305676856,12.425149700598801,"17~21",97.2972972972973,896.1280551075716,97.2972972972973,4,"00~06,21~24","",TRUE,"분석 가능","삼광초등학교",89.10928143712576,73.05389221556887,"100 - 16개 상권특성의 평균 절대 백분위 차이"
"이대역 5번",3110582,"한식음식점",52.947719688542826,37.88546255506608,52.947719688542826,"뚜렷한 DEAD TIME 없음",0,0,0,5,"","",TRUE,"분석 가능","NH농협은행 상도동지점",89.79421579532814,65.7397107897664,"100 - 16개 상권특성의 평균 절대 백분위 차이"
"이대역 5번",3110582,"분식전문점",52.71317829457365,21.515892420537895,52.71317829457365,"뚜렷한 DEAD TIME 없음",0,0,0,5,"","",TRUE,"분석 가능","만리재",91.6343669250646,81.65374677002583,"100 - 16개 상권특성의 평균 절대 백분위 차이"
"이대역 5번",3110582,"호프-간이주점",52.705410821643284,21.74757281553398,52.705410821643284,"뚜렷한 DEAD TIME 없음",0,0,0,3,"11~14,14~17","",TRUE,"분석 가능","한겨레신문사",86.53557114228457,97.79559118236473,"100 - 16개 상권특성의 평균 절대 백분위 차이"
"이대역 5번",3110582,"커피-음료",7.48502994011976,30.858806404657933,7.48502994011976,"21~24",92.23985890652557,235.17341603086837,92.23985890652557,5,"00~06","",TRUE,"분석 가능","어린이대공원역 4번",90.625,22.15568862275449,"100 - 16개 상권특성의 평균 절대 백분위 차이"
"이대역 5번",3110582,"편의점",92.54498714652956,16.75,92.54498714652956,"뚜렷한 DEAD TIME 없음",0,0,0,5,"","",TRUE,"분석 가능","양화대교북단",86.76092544987146,95.62982005141389,"100 - 16개 상권특성의 평균 절대 백분위 차이"
"공덕래미안3차아파트",3110583,"한식음식점",45.60622914349277,26.651982378854626,45.60622914349277,"뚜렷한 DEAD TIME 없음",0,0,0,5,"00~06","",TRUE,"분석 가능","강서구청가양동별관",91.25417130144605,80.53392658509455,"100 - 16개 상권특성의 평균 절대 백분위 차이"
"아현역 4번",3110584,"호프-간이주점",74.74949899799599,1.5533980582524272,74.74949899799599,"뚜렷한 DEAD TIME 없음",0,0,0,5,"","",TRUE,"분석 가능","가산디지털단지역 1번 출입구",88.35170340681363,86.57314629258516,"100 - 16개 상권특성의 평균 절대 백분위 차이"
"마포경찰서",3110585,"한식음식점",86.87430478309233,5.726872246696035,86.87430478309233,"뚜렷한 DEAD TIME 없음",0,0,0,5,"","",TRUE,"분석 가능","독립문역 1번",85.75500556173526,92.21357063403782,"100 - 16개 상권특성의 평균 절대 백분위 차이"
"서울서부지방법원",3110586,"한식음식점",23.02558398220245,88.21585903083701,23.02558398220245,"뚜렷한 DEAD TIME 없음",0,0,0,5,"","",TRUE,"분석 가능","이수역 10번",85.8523359288098,48.38709677419355,"100 - 16개 상권특성의 평균 절대 백분위 차이"
"서울서부지방법원",3110586,"분식전문점",21.188630490956072,79.21760391198043,21.188630490956072,"뚜렷한 DEAD TIME 없음",0,0,0,5,"00~06","",TRUE,"분석 가능","종암아이파크2차",81.94444444444444,44.44444444444444,"100 - 16개 상권특성의 평균 절대 백분위 차이"
"서울서부지방법원",3110586,"호프-간이주점",44.08817635270541,81.94174757281554,44.08817635270541,"06~11",92.38754325259517,84.2497285464655,92.38754325259517,5,"","",TRUE,"분석 가능","상봉역 4번",80.96192384769539,74.54909819639278,"100 - 16개 상권특성의 평균 절대 백분위 차이"
"서울서부지방법원",3110586,"커피-음료",38.772455089820355,85.58951965065502,38.772455089820355,"뚜렷한 DEAD TIME 없음",0,0,0,5,"","",TRUE,"분석 가능","문정역 2번",85.00187125748504,48.80239520958084,"100 - 16개 상권특성의 평균 절대 백분위 차이"
"서울서부지방법원",3110586,"편의점",46.27249357326478,78,46.27249357326478,"뚜렷한 DEAD TIME 없음",0,0,0,5,"","",TRUE,"분석 가능","광진초등학교",83.48329048843188,75.06426735218508,"100 - 16개 상권특성의 평균 절대 백분위 차이"
"공덕동주민센터",3110587,"한식음식점",13.793103448275861,45.92511013215859,13.793103448275861,"14~17",94.54342984409799,1272.371395392036,94.54342984409799,5,"00~06","",TRUE,"분석 가능","성동초등학교",89.02252502780867,32.48053392658509,"100 - 16개 상권특성의 평균 절대 백분위 차이"
"공덕동주민센터",3110587,"호프-간이주점",27.85571142284569,29.514563106796114,27.85571142284569,"17~21",95.58232931726907,330.59135587205486,95.58232931726907,4,"11~14","",TRUE,"분석 가능","가산초등학교(세일중학교)",86.46042084168337,75.1503006012024,"100 - 16개 상권특성의 평균 절대 백분위 차이"
"공덕동주민센터",3110587,"커피-음료",24.40119760479042,38.719068413391554,24.40119760479042,"뚜렷한 DEAD TIME 없음",0,0,0,4,"00~06,21~24","",TRUE,"분석 가능","성동초등학교",86.70471556886228,91.46706586826348,"100 - 16개 상권특성의 평균 절대 백분위 차이"
"공덕동주민센터",3110587,"편의점",1.0282776349614395,21.75,1.0282776349614395,"17~21",99.48586118251927,58883.87712697702,99.48586118251927,5,"","",TRUE,"분석 가능","성동초등학교",86.37532133676093,46.01542416452442,"100 - 16개 상권특성의 평균 절대 백분위 차이"
"한겨레신문사",3110588,"한식음식점",24.137931034482758,61.89427312775331,24.137931034482758,"뚜렷한 DEAD TIME 없음",0,0,0,5,"","",TRUE,"분석 가능","대흥동주민센터",88.369021134593993,72.52502780867631,"100 - 16개 상권특성의 평균 절대 백분위 차이"
"한겨레신문사",3110588,"호프-간이주점",97.79559118236473,46.601941747572816,97.79559118236473,"뚜렷한 DEAD TIME 없음",0,0,0,2,"06~11,11~14,14~17","",TRUE,"분석 가능","녹번동근린공원",86.19739478957915,99.19839679358718,"100 - 16개 상권특성의 평균 절대 백분위 차이"
"한겨레신문사",3110588,"커피-음료",85.17964071856288,57.20524017467249,85.17964071856288,"뚜렷한 DEAD TIME 없음",0,0,0,4,"00~06,21~24","",TRUE,"분석 가능","서초중학교",85.33869760479043,87.12574850299401,"100 - 16개 상권특성의 평균 절대 백분위 차이"
"만리재",3110590,"한식음식점",6.117908787541713,77.6431718061674,6.117908787541713,"06~11",90.85714285714286,466.1188172807947,90.85714285714286,5,"","",TRUE,"분석 가능","구로119안전센터",90.81618464961068,39.71078976640712,"100 - 16개 상권특성의 평균 절대 백분위 차이"
"만리재",3110590,"분식전문점",81.65374677002583,61.36919315403423,81.65374677002583,"뚜렷한 DEAD TIME 없음",0,0,0,5,"00~06","",TRUE,"분석 가능","가산동우체국",81.71834625322998,93.54005167958657,"100 - 16개 상권특성의 평균 절대 백분위 차이"
"만리재",3110590,"호프-간이주점",19.03807615230461,66.99029126213593,19.03807615230461,"뚜렷한 DEAD TIME 없음",0,0,0,4,"06~11","",TRUE,"분석 가능","구로119안전센터",87.2620240480962,44.88977955911824,"100 - 16개 상권특성의 평균 절대 백분위 차이"
"충정로역 6번",3110591,"한식음식점",91.7686318131257,53.74449339207048,91.7686318131257,"뚜렷한 DEAD TIME 없음",0,0,0,5,"","",TRUE,"분석 가능","대원고등학교",87.1106785317019,94.77196885428253,"100 - 16개 상권특성의 평균 절대 백분위 차이"
"충정로역 6번",3110591,"커피-음료",53.293413173652695,48.32605531295487,53.293413173652695,"뚜렷한 DEAD TIME 없음",0,0,0,5,"00~06","",TRUE,"분석 가능","광흥창역 1번",84.62761976047905,53.89221556886228,"100 - 16개 상권특성의 평균 절대 백분위 차이"
"서울금융고등학교",3110592,"한식음식점",91.32369299221357,13.986784140969164,91.32369299221357,"뚜렷한 DEAD TIME 없음",0,0,0,5,"","",TRUE,"분석 가능","독립문역 1번",90.23915461624027,92.21357063403782,"100 - 16개 상권특성의 평균 절대 백분위 차이"
"신월3동주민센터",3110593,"한식음식점",42.714126807563964,64.09691629955947,42.714126807563964,"뚜렷한 DEAD TIME 없음",0,0,0,5,"","",TRUE,"분석 가능","신월1동주민센터",92.98526140155728,45.82869855394883,"100 - 16개 상권특성의 평균 절대 백분위 차이"
"신월3동주민센터",3110593,"분식전문점",96.64082687338501,47.92176039119804,96.64082687338501,"뚜렷한 DEAD TIME 없음",0,0,0,5,"00~06","",TRUE,"분석 가능","신월1동주민센터",91.06912144702842,96.89922480620154,"100 - 16개 상권특성의 평균 절대 백분위 차이"
"신월3동주민센터",3110593,"호프-간이주점",64.72945891783567,49.51456310679612,64.72945891783567,"뚜렷한 DEAD TIME 없음",0,0,0,5,"","",TRUE,"분석 가능","화곡4동주민센터",85.65881763527055,72.14428857715431,"100 - 16개 상권특성의 평균 절대 백분위 차이"
"신월3동주민센터",3110593,"커피-음료",89.67065868263472,59.53420669577875,89.67065868263472,"뚜렷한 DEAD TIME 없음",0,0,0,5,"00~06","",TRUE,"분석 가능","시흥4동주민센터(서울신흥초등학교)",86.91991017964071,98.05389221556887,"100 - 16개 상권특성의 평균 절대 백분위 차이"
"신월3동주민센터",3110593,"편의점",71.46529562982005,43.25,71.46529562982005,"뚜렷한 DEAD TIME 없음",0,0,0,5,"","",TRUE,"분석 가능","신월4동주민센터",85.89331619537275,80.97686375321337,"100 - 16개 상권특성의 평균 절대 백분위 차이"
"신월중학교",3110594,"한식음식점",70.41156840934372,24.008810572687224,70.41156840934372,"뚜렷한 DEAD TIME 없음",0,0,0,5,"","",TRUE,"분석 가능","대원고등학교",88.09093437152391,94.77196885428253,"100 - 16개 상권특성의 평균 절대 백분위 차이"
"신월중학교",3110594,"커피-음료",16.61676646706587,18.486171761280932,16.61676646706587,"17~21",95.4954954954955,820.9467609779394,95.4954954954955,5,"00~06","",TRUE,"분석 가능","충정로역 6번",88.02395209580838,53.293413173652695,"100 - 16개 상권특성의 평균 절대 백분위 차이"
"신월중학교",3110594,"편의점",23.13624678663239,9,23.13624678663239,"뚜렷한 DEAD TIME 없음",0,0,0,5,"","",TRUE,"분석 가능","한영중고",84.84897172236504,50.899742930591266,"100 - 16개 상권특성의 평균 절대 백분위 차이"
"메디힐병원",3110595,"한식음식점",71.412680756396,49.55947136563877,71.412680756396,"뚜렷한 DEAD TIME 없음",0,0,0,5,"","",TRUE,"분석 가능","묘곡초등학교(고덕아이파크아파트)",86.46412680756397,84.76084538375973,"100 - 16개 상권특성의 평균 절대 백분위 차이"
"메디힐병원",3110595,"분식전문점",44.70284237726098,31.784841075794624,44.70284237726098,"뚜렷한 DEAD TIME 없음",0,0,0,4,"00~06,21~24","",TRUE,"분석 가능","곰달래도서관",85.3843669250646,93.7984496124031,"100 - 16개 상권특성의 평균 절대 백분위 차이"
"메디힐병원",3110595,"호프-간이주점",30.26052104208417,33.78640776699029,30.26052104208417,"14~17",98.47494553376906,293.77975304161885,98.47494553376906,3,"06~11,11~14","",TRUE,"분석 가능","구로초등학교",90.11773547094188,57.11422845691383,"100 - 16개 상권특성의 평균 절대 백분위 차이"
"메디힐병원",3110595,"커피-음료",86.52694610778443,43.085880640465795,86.52694610778443,"뚜렷한 DEAD TIME 없음",0,0,0,5,"","",TRUE,"분석 가능","보인중학교",83.86040419161677,93.8622754491018,"100 - 16개 상권특성의 평균 절대 백분위 차이"
"서서울호수공원",3110596,"한식음식점",16.57397107897664,44.82378854625551,16.57397107897664,"21~24",94.03824521934759,117.24158800106778,94.03824521934759,5,"","",TRUE,"분석 가능","시흥4동주민센터(서울신흥초등학교)",88.50111234705228,43.60400444938821,"100 - 16개 상권특성의 평균 절대 백분위 차이"
"서서울호수공원",3110596,"분식전문점",NA,26.894865525672373,NA,"뚜렷한 DEAD TIME 없음",0,0,0,0,"","00~06,06~11,11~14,14~17,17~21,21~24",FALSE,"활동 또는 관측 근거 부족",NA,NA,NA,"100 - 16개 상권특성의 평균 절대 백분위 차이"
"서서울호수공원",3110596,"커피-음료",64.97005988023952,37.55458515283843,64.97005988023952,"뚜렷한 DEAD TIME 없음",0,0,0,5,"","",TRUE,"분석 가능","시흥4동주민센터(서울신흥초등학교)",85.75973053892216,98.05389221556887,"100 - 16개 상권특성의 평균 절대 백분위 차이"
"서서울호수공원",3110596,"편의점",87.146529562982,21,87.146529562982,"뚜렷한 DEAD TIME 없음",0,0,0,5,"","",TRUE,"분석 가능","당고개역 5번",83.21015424164524,89.46015424164524,"100 - 16개 상권특성의 평균 절대 백분위 차이"
"신월1동주민센터",3110597,"한식음식점",45.82869855394883,71.47577092511013,45.82869855394883,"뚜렷한 DEAD TIME 없음",0,0,0,5,"","",TRUE,"분석 가능","장안제일시장",89.73859844271412,46.38487208008899,"100 - 16개 상권특성의 평균 절대 백분위 차이"
"신월1동주민센터",3110597,"분식전문점",96.89922480620154,55.99022004889975,96.89922480620154,"뚜렷한 DEAD TIME 없음",0,0,0,5,"","",TRUE,"분석 가능",NA,NA,NA,"100 - 16개 상권특성의 평균 절대 백분위 차이"
"신월1동주민센터",3110597,"호프-간이주점",20.64128256513026,59.02912621359223,20.64128256513026,"06~11",97.23183391003461,158.9820750618879,97.23183391003461,5,"","",TRUE,"분석 가능","도봉역 2번",90.83166332665331,59.118236472945895,"100 - 16개 상권특성의 평균 절대 백분위 차이"
"신월1동주민센터",3110597,"편의점",4.627249357326478,53.25,4.627249357326478,"17~21",97.42930591259639,68607.0266583226,97.42930591259639,5,"","",TRUE,"분석 가능","신월3동주민센터",93.60539845758355,71.46529562982005,"100 - 16개 상권특성의 평균 절대 백분위 차이"
"신월문화체육센터",3110598,"한식음식점",56.39599555061179,39.53744493392071,56.39599555061179,"뚜렷한 DEAD TIME 없음",0,0,0,5,"","",TRUE,"분석 가능","대림1동주민센터",87.56952169076753,91.43492769744161,"100 - 16개 상권특성의 평균 절대 백분위 차이"
"신월문화체육센터",3110598,"분식전문점",82.17054263565892,22.73838630806846,82.17054263565892,"뚜렷한 DEAD TIME 없음",0,0,0,5,"","",TRUE,"분석 가능","대치2동주민센터",80.44250645994833,85.01291989664082,"100 - 16개 상권특성의 평균 절대 백분위 차이"
"신월문화체육센터",3110598,"호프-간이주점",47.09418837675351,23.689320388349515,47.09418837675351,"뚜렷한 DEAD TIME 없음",0,0,0,5,"","",TRUE,"분석 가능","신월7동주민센터",88.22645290581163,99.79959919839679,"100 - 16개 상권특성의 평균 절대 백분위 차이"
"신월문화체육센터",3110598,"커피-음료",65.41916167664671,32.45997088791849,65.41916167664671,"뚜렷한 DEAD TIME 없음",0,0,0,5,"","",TRUE,"분석 가능","모래내우체국",86.89184131736528,95.95808383233533,"100 - 16개 상권특성의 평균 절대 백분위 차이"
"신월문화체육센터",3110598,"편의점",64.26735218508998,18,64.26735218508998,"뚜렷한 DEAD TIME 없음",0,0,0,5,"","",TRUE,"분석 가능","정릉역 1번",83.16195372750643,65.55269922879178,"100 - 16개 상권특성의 평균 절대 백분위 차이"
"신월1파출소",3110599,"한식음식점",15.572858731924361,64.42731277533039,15.572858731924361,"뚜렷한 DEAD TIME 없음",0,0,0,5,"","",TRUE,"분석 가능","영등포푸르지오아파트",93.85428253615127,23.35928809788654,"100 - 16개 상권특성의 평균 절대 백분위 차이"
"신월1파출소",3110599,"분식전문점",25.064599483204137,48.655256723716384,25.064599483204137,"뚜렷한 DEAD TIME 없음",0,0,0,5,"","",TRUE,"분석 가능","영등포푸르지오아파트",94.1375968992248,44.96124031007752,"100 - 16개 상권특성의 평균 절대 백분위 차이"
"신월1파출소",3110599,"호프-간이주점",58.116232464929865,49.90291262135923,58.116232464929865,"뚜렷한 DEAD TIME 없음",0,0,0,3,"06~11,11~14","",TRUE,"분석 가능","대림1동주민센터",87.8632264529058,58.517034068136276,"100 - 16개 상권특성의 평균 절대 백분위 차이"
"신월1파출소",3110599,"커피-음료",41.467065868263475,59.97088791848617,41.467065868263475,"뚜렷한 DEAD TIME 없음",0,0,0,5,"00~06","",TRUE,"분석 가능","정릉역 1번",87.64034431137725,52.84431137724551,"100 - 16개 상권특성의 평균 절대 백분위 차이"
"신월7동주민센터",3110600,"한식음식점",29.14349276974416,31.607929515418505,29.14349276974416,"뚜렷한 DEAD TIME 없음",0,0,0,5,"","",TRUE,"분석 가능","신월문화체육센터",91.10817575083426,56.39599555061179,"100 - 16개 상권특성의 평균 절대 백분위 차이"
"신월7동주민센터",3110600,"호프-간이주점",99.79959919839679,15.922330097087379,99.79959919839679,"뚜렷한 DEAD TIME 없음",0,0,0,5,"","",TRUE,"분석 가능",NA,NA,NA,"100 - 16개 상권특성의 평균 절대 백분위 차이"
"신월7동주민센터",3110600,"편의점",47.04370179948586,12.25,47.04370179948586,"뚜렷한 DEAD TIME 없음",0,0,0,5,"","",TRUE,"분석 가능","신월문화체육센터",88.80141388174808,64.26735218508998,"100 - 16개 상권특성의 평균 절대 백분위 차이"
"신월1동우편취급국",3110601,"한식음식점",62.06896551724138,78.19383259911893,62.06896551724138,"뚜렷한 DEAD TIME 없음",0,0,0,5,"","",TRUE,"분석 가능","삼전역 4번",88.99471635150167,86.76307007786428,"100 - 16개 상권특성의 평균 절대 백분위 차이"
"신월1동우편취급국",3110601,"호프-간이주점",29.058116232464933,67.96116504854369,29.058116232464933,"뚜렷한 DEAD TIME 없음",0,0,0,5,"","",TRUE,"분석 가능","오류2동버들시장",89.44138276553106,66.33266533066133,"100 - 16개 상권특성의 평균 절대 백분위 차이"
"신월1동우편취급국",3110601,"커피-음료",70.50898203592814,73.7991266375546,70.50898203592814,"뚜렷한 DEAD TIME 없음",0,0,0,5,"","",TRUE,"분석 가능","해오름공원",91.43899700598801,82.03592814371258,"100 - 16개 상권특성의 평균 절대 백분위 차이"
"신월1동우편취급국",3110601,"편의점",37.53213367609254,62,37.53213367609254,"뚜렷한 DEAD TIME 없음",0,0,0,5,"","",TRUE,"분석 가능","자양한강도서관",89.39588688946016,53.98457583547558,"100 - 16개 상권특성의 평균 절대 백분위 차이"
"신월시영아파트중문",3110602,"한식음식점",5.228031145717464,11.013215859030836,5.228031145717464,"11~14",98.21627647714605,997.4340138046882,98.21627647714605,5,"","",TRUE,"분석 가능","답십리공원",92.08843159065628,66.18464961067853,"100 - 16개 상권특성의 평균 절대 백분위 차이"
"지향초등학교",3110603,"한식음식점",NA,4.185022026431718,NA,"뚜렷한 DEAD TIME 없음",0,0,0,0,"","00~06,06~11,11~14,14~17,17~21,21~24",FALSE,"활동 또는 관측 근거 부족",NA,NA,NA,"100 - 16개 상권특성의 평균 절대 백분위 차이"
"지향초등학교",3110603,"커피-음료",46.8562874251497,3.3478893740902476,46.8562874251497,"뚜렷한 DEAD TIME 없음",0,0,0,5,"00~06","",TRUE,"분석 가능","성내중학교",85.17028443113772,64.82035928143712,"100 - 16개 상권특성의 평균 절대 백분위 차이"
"신월4동주민센터",3110604,"한식음식점",68.85428253615127,66.29955947136564,68.85428253615127,"뚜렷한 DEAD TIME 없음",0,0,0,5,"","",TRUE,"분석 가능","삼성산자연공원(서울금천초등학교)",87.8058954393771,93.77085650723026,"100 - 16개 상권특성의 평균 절대 백분위 차이"
"신월4동주민센터",3110604,"호프-간이주점",18.837675350701403,52.42718446601942,18.837675350701403,"17~21",90.56224899598394,185.6734784273524,90.56224899598394,3,"06~11,14~17","",TRUE,"분석 가능","신월3동주민센터",88.99048096192385,64.72945891783567,"100 - 16개 상권특성의 평균 절대 백분위 차이"
"신월4동주민센터",3110604,"커피-음료",76.64670658682635,61.572052401746724,76.64670658682635,"뚜렷한 DEAD TIME 없음",0,0,0,5,"00~06","",TRUE,"분석 가능","마천역(마천초등학교)",88.875374251497007,77.24550898203593,"100 - 16개 상권특성의 평균 절대 백분위 차이"
"신월4동주민센터",3110604,"편의점",80.97686375321337,46,80.97686375321337,"뚜렷한 DEAD TIME 없음",0,0,0,5,"","",TRUE,"분석 가능","시흥동 은행나무사거리",86.61632390745501,96.91516709511568,"100 - 16개 상권특성의 평균 절대 백분위 차이"
"목동센트럴아이파크앞",3110605,"한식음식점",79.08787541713015,0.7709251101321586,79.08787541713015,"뚜렷한 DEAD TIME 없음",0,0,0,5,"","",TRUE,"분석 가능","서울금융고등학교",87.12458286985539,91.32369299221357,"100 - 16개 상권특성의 평균 절대 백분위 차이"
"신한은행 신월동지점",3110606,"한식음식점",54.83870967741935,79.51541850220264,54.83870967741935,"뚜렷한 DEAD TIME 없음",0,0,0,5,"","",TRUE,"분석 가능","굽은다리역 1번(십자성마을)",84.26724137931035,93.43715239154616,"100 - 16개 상권특성의 평균 절대 백분위 차이"
"신한은행 신월동지점",3110606,"분식전문점",99.2248062015504,64.54767726161369,99.2248062015504,"뚜렷한 DEAD TIME 없음",0,0,0,5,"","",TRUE,"분석 가능",NA,NA,NA,"100 - 16개 상권특성의 평균 절대 백분위 차이"
"신한은행 신월동지점",3110606,"호프-간이주점",36.87374749498998,69.90291262135922,36.87374749498998,"뚜렷한 DEAD TIME 없음",0,0,0,5,"","",TRUE,"분석 가능","목동보건지소",85.57114228456913,53.106212424849694,"100 - 16개 상권특성의 평균 절대 백분위 차이"
"신한은행 신월동지점",3110606,"커피-음료",90.5688622754491,75.54585152838428,90.5688622754491,"뚜렷한 DEAD TIME 없음",0,0,0,5,"00~06","",TRUE,"분석 가능","면목동우체국",84.30950598802394,94.01197604790418,"100 - 16개 상권특성의 평균 절대 백분위 차이"
"신한은행 신월동지점",3110606,"편의점",73.00771208226222,64.25,73.00771208226222,"뚜렷한 DEAD TIME 없음",0,0,0,5,"","",TRUE,"분석 가능","시흥동 은행나무사거리",84.65616966580977,96.91516709511568,"100 - 16개 상권특성의 평균 절대 백분위 차이"
"금빛새마을금고본점",3110607,"한식음식점",62.62513904338154,11.894273127753303,62.62513904338154,"뚜렷한 DEAD TIME 없음",0,0,0,5,"","",TRUE,"분석 가능","하나은행 망우동지점",89.44660734149055,79.42157953281423,"100 - 16개 상권특성의 평균 절대 백분위 차이"
"신월2동주민센터",3110608,"한식음식점",0.22246941045606228,69.93392070484582,0.22246941045606228,"14~17",99.88864142538975,582.5790321563601,99.88864142538975,5,"","",TRUE,"분석 가능","난우중학교",89.92630700778643,30.255839822024473,"100 - 16개 상권특성의 평균 절대 백분위 차이"
"신월2동주민센터",3110608,"호프-간이주점",85.97194388777555,56.50485436893204,85.97194388777555,"뚜렷한 DEAD TIME 없음",0,0,0,3,"06~11,11~14","",TRUE,"분석 가능","역촌역 3번",89.86723446893788,98.59719438877755,"100 - 16개 상권특성의 평균 절대 백분위 차이"
"신월2동주민센터",3110608,"커피-음료",76.94610778443113,64.91994177583697,76.94610778443113,"뚜렷한 DEAD TIME 없음",0,0,0,5,"00~06","",TRUE,"분석 가능","마천역(마천초등학교)",88.41691616766467,77.24550898203593,"100 - 16개 상권특성의 평균 절대 백분위 차이"
"신정역 1번",3110611,"한식음식점",50.38932146829811,68.17180616740089,50.38932146829811,"뚜렷한 DEAD TIME 없음",0,0,0,5,"","",TRUE,"분석 가능","먹골역 1번",88.78615127919912,80.97886540600668,"100 - 16개 상권특성의 평균 절대 백분위 차이"
"신정역 1번",3110611,"편의점",82.26221079691517,49.25,82.26221079691517,"뚜렷한 DEAD TIME 없음",0,0,0,5,"","",TRUE,"분석 가능","남가좌파출소",85.25064267352185,86.88946015424165,"100 - 16개 상권특성의 평균 절대 백분위 차이"
"신정역 5번",3110612,"한식음식점",13.5706340378198,93.94273127753304,13.5706340378198,"06~11",93.60000000000001,638.6469527166923,93.60000000000001,5,"","",TRUE,"분석 가능","용마초등학교",92.37347052280312,47.38598442714127,"100 - 16개 상권특성의 평균 절대 백분위 차이"
"신정역 5번",3110612,"분식전문점",37.98449612403101,88.75305623471883,37.98449612403101,"뚜렷한 DEAD TIME 없음",0,0,0,5,"","",TRUE,"분석 가능","화곡역 4번",89.50258397932816,50.64599483204134,"100 - 16개 상권특성의 평균 절대 백분위 차이"
"신정역 5번",3110612,"호프-간이주점",76.55310621242485,90.48543689320388,76.55310621242485,"뚜렷한 DEAD TIME 없음",0,0,0,4,"06~11","",TRUE,"분석 가능","신월2동주민센터",86.54809619238478,85.97194388777555,"100 - 16개 상권특성의 평균 절대 백분위 차이"
"신정역 5번",3110612,"커피-음료",79.19161676646706,92.28529839883551,79.19161676646706,"뚜렷한 DEAD TIME 없음",0,0,0,5,"00~06","",TRUE,"분석 가능","화곡역 4번",87.06025449101796,89.22155688622755,"100 - 16개 상권특성의 평균 절대 백분위 차이"
"신정역 5번",3110612,"편의점",43.958868894601544,88.25,43.958868894601544,"뚜렷한 DEAD TIME 없음",0,0,0,5,"","",TRUE,"분석 가능","시립서북병원",88.41580976863753,97.94344473007712,"100 - 16개 상권특성의 평균 절대 백분위 차이"
"신정네거리역 4번",3110613,"한식음식점",67.63070077864293,15.198237885462554,67.63070077864293,"뚜렷한 DEAD TIME 없음",0,0,0,5,"","",TRUE,"분석 가능","삼각산119안전센터",91.20550611790878,94.88320355951056,"100 - 16개 상권특성의 평균 절대 백분위 차이"
"목동로데오거리",3110614,"한식음식점",63.40378197997776,31.938325991189426,63.40378197997776,"뚜렷한 DEAD TIME 없음",0,0,0,5,"","",TRUE,"분석 가능","장스여성병원",90.64238042269189,90.98998887652948,"100 - 16개 상권특성의 평균 절대 백분위 차이"
"목동로데오거리",3110614,"호프-간이주점",47.29458917835671,16.310679611650485,47.29458917835671,"뚜렷한 DEAD TIME 없음",0,0,0,5,"","",TRUE,"분석 가능","모래내우체국",85.94689378757515,64.12825651302605,"100 - 16개 상권특성의 평균 절대 백분위 차이"
"목동로데오거리",3110614,"커피-음료",15.419161676646706,25.327510917030565,15.419161676646706,"뚜렷한 DEAD TIME 없음",0,0,0,4,"00~06,21~24","",TRUE,"분석 가능","장스여성병원",89.38997005988024,84.58083832335329,"100 - 16개 상권특성의 평균 절대 백분위 차이"
"신서초등학교",3110615,"한식음식점",59.288097886540605,15.52863436123348,59.288097886540605,"뚜렷한 DEAD TIME 없음",0,0,0,5,"","",TRUE,"분석 가능","방이역 1번",89.53003337041156,66.74082313681868,"100 - 16개 상권특성의 평균 절대 백분위 차이"
"신서초등학교",3110615,"호프-간이주점",89.17835671342685,5.825242718446602,89.17835671342685,"뚜렷한 DEAD TIME 없음",0,0,0,2,"06~11,11~14,14~17","",TRUE,"분석 가능","영등포구청역 2번",82.00150300601202,99.59919839679358,"100 - 16개 상권특성의 평균 절대 백분위 차이"
"신서초등학교",3110615,"커피-음료",25.898203592814372,10.480349344978166,25.898203592814372,"21~24",98.05996472663139,682.7259508298089,98.05996472663139,5,"00~06","",TRUE,"분석 가능","광진정보도서관",89.85778443113772,57.035928143712574,"100 - 16개 상권특성의 평균 절대 백분위 차이"
"신서초등학교",3110615,"편의점",84.06169665809769,3.5000000000000004,84.06169665809769,"뚜렷한 DEAD TIME 없음",0,0,0,5,"","",TRUE,"분석 가능","잠실나루역",85.81298200514138,91.00257069408741,"100 - 16개 상권특성의 평균 절대 백분위 차이"
"양목초등학교",3110616,"한식음식점",5.005561735261402,15.088105726872246,5.005561735261402,"06~11",97.14285714285714,106.90766471434712,97.14285714285714,5,"","",TRUE,"분석 가능","성내중학교",88.37597330367075,5.784204671857619,"100 - 16개 상권특성의 평균 절대 백분위 차이"
"양목초등학교",3110616,"커피-음료",43.26347305389221,10.043668122270741,43.26347305389221,"뚜렷한 DEAD TIME 없음",0,0,0,4,"00~06,21~24","",TRUE,"분석 가능","문정동성당",86.79827844311377,82.93413173652695,"100 - 16개 상권특성의 평균 절대 백분위 차이"
"등촌역 4번",3110617,"한식음식점",12.347052280311457,37.66519823788546,12.347052280311457,"17~21",98.66518353726363,478.8657556531555,98.66518353726363,4,"00~06,21~24","",TRUE,"분석 가능","난곡초등학교(난곡동벽화마을)",89.4674638487208,87.54171301446051,"100 - 16개 상권특성의 평균 절대 백분위 차이"
"등촌역 4번",3110617,"커피-음료",2.844311377245509,30.567685589519648,2.844311377245509,"21~24",91.005291005291,186.3293854956428,91.005291005291,5,"00~06","",TRUE,"분석 가능","응암3동주민센터",87.6309880239521,71.10778443113772,"100 - 16개 상권특성의 평균 절대 백분위 차이"
"강서고등학교",3110618,"한식음식점",10.789766407119021,85.13215859030836,10.789766407119021,"11~14",91.08138238573021,1833.604836192293,91.08138238573021,5,"","",TRUE,"분석 가능","우이천 계성교",94.19493882091213,43.937708565072306,"100 - 16개 상권특성의 평균 절대 백분위 차이"
"강서고등학교",3110618,"호프-간이주점",15.030060120240481,77.86407766990291,15.030060120240481,"14~17",96.51416122004358,200.2854555371209,96.51416122004358,3,"06~11,11~14","",TRUE,"분석 가능","시립서북병원",88.65230460921843,35.87174348697395,"100 - 16개 상권특성의 평균 절대 백분위 차이"
"강서고등학교",3110618,"커피-음료",25.149700598802394,82.24163027656476,25.149700598802394,"뚜렷한 DEAD TIME 없음",0,0,0,5,"00~06","",TRUE,"분석 가능","우이천 계성교",93.85291916167664,36.97604790419162,"100 - 16개 상권특성의 평균 절대 백분위 차이"
"강서고등학교",3110618,"편의점",92.2879177377892,72.75,92.2879177377892,"뚜렷한 DEAD TIME 없음",0,0,0,5,"","",TRUE,"분석 가능","우이천 계성교",90.72943444730078,94.85861182519281,"100 - 16개 상권특성의 평균 절대 백분위 차이"
"목4동주민센터",3110619,"한식음식점",6.896551724137931,27.53303964757709,6.896551724137931,"17~21",99.77753058954394,1125.5198351410177,99.77753058954394,2,"06~11,11~14,14~17","",TRUE,"분석 가능","신길새마을금고신길4동지점",88.98081201334817,11.234705228031146,"100 - 16개 상권특성의 평균 절대 백분위 차이"
"목동보건지소",3110620,"한식음식점",30.81201334816463,91.40969162995594,30.81201334816463,"뚜렷한 DEAD TIME 없음",0,0,0,5,"","",TRUE,"분석 가능","창2동주민센터",92.17880978865406,52.72525027808677,"100 - 16개 상권특성의 평균 절대 백분위 차이"
"목동보건지소",3110620,"분식전문점",50.129198966408275,84.10757946210269,50.129198966408275,"뚜렷한 DEAD TIME 없음",0,0,0,5,"","",TRUE,"분석 가능","송정역 3번",86.64405684754522,91.47286821705426,"100 - 16개 상권특성의 평균 절대 백분위 차이"
"목동보건지소",3110620,"호프-간이주점",53.106212424849694,86.99029126213593,53.106212424849694,"뚜렷한 DEAD TIME 없음",0,0,0,5,"","",TRUE,"분석 가능","역촌노인복지관",90.53106212424849,74.34869739478958,"100 - 16개 상권특성의 평균 절대 백분위 차이"
"목동보건지소",3110620,"커피-음료",56.137724550898206,89.3740902474527,56.137724550898206,"뚜렷한 DEAD TIME 없음",0,0,0,5,"00~06","",TRUE,"분석 가능","상계5동주민센터",92.374625748502993,56.287425149700596,"100 - 16개 상권특성의 평균 절대 백분위 차이"
"목동보건지소",3110620,"편의점",32.904884318766065,84.25,32.904884318766065,"뚜렷한 DEAD TIME 없음",0,0,0,5,"","",TRUE,"분석 가능","창2동주민센터",88.88174807197944,77.12082262210797,"100 - 16개 상권특성의 평균 절대 백분위 차이"
"목동역 5번",3110621,"한식음식점",78.64293659621802,11.233480176211454,78.64293659621802,"뚜렷한 DEAD TIME 없음",0,0,0,5,"","",TRUE,"분석 가능","중계초등학교",90.23915461624027,80.20022246941045,"100 - 16개 상권특성의 평균 절대 백분위 차이"
"목동역 5번",3110621,"커피-음료",1.6467065868263475,7.278020378457059,1.6467065868263475,"11~14",99.85007496251875,540.0423246292331,99.85007496251875,5,"00~06","",TRUE,"분석 가능","미아초등학교",90.6811377245509,24.70059880239521,"100 - 16개 상권특성의 평균 절대 백분위 차이"
"달마을공원",3110622,"한식음식점",67.29699666295885,31.497797356828194,67.29699666295885,"뚜렷한 DEAD TIME 없음",0,0,0,5,"","",TRUE,"분석 가능","동교초등학교",86.72830923248054,76.7519466073415,"100 - 16개 상권특성의 평균 절대 백분위 차이"
"달마을공원",3110622,"분식전문점",83.20413436692506,16.381418092909534,83.20413436692506,"뚜렷한 DEAD TIME 없음",0,0,0,5,"","",TRUE,"분석 가능","송파나루역 2번",85.15826873385012,86.56330749354005,"100 - 16개 상권특성의 평균 절대 백분위 차이"
"달마을공원",3110622,"커피-음료",24.10179640718563,24.745269286754006,24.10179640718563,"06~11",95.39877300613497,82.29097519685989,95.39877300613497,5,"","",TRUE,"분석 가능","송파나루역 2번",86.81699101796407,77.69461077844312,"100 - 16개 상권특성의 평균 절대 백분위 차이"
"갈산공원",3110623,"한식음식점",100,3.524229074889868,100,"뚜렷한 DEAD TIME 없음",0,0,0,5,"00~06","",TRUE,"분석 가능",NA,NA,NA,"100 - 16개 상권특성의 평균 절대 백분위 차이"
"목동문화체육센터",3110624,"한식음식점",6.7853170189099,29.515418502202646,6.7853170189099,"17~21",99.33259176863181,987.6899855119786,99.33259176863181,4,"00~06,21~24","",TRUE,"분석 가능","둔촌동역 4번",88.29254727474972,28.587319243604004,"100 - 16개 상권특성의 평균 절대 백분위 차이"
"신정2동주민센터",3110625,"한식음식점",58.954393770856505,59.471365638766514,58.954393770856505,"뚜렷한 DEAD TIME 없음",0,0,0,5,"","",TRUE,"분석 가능","묘곡초등학교(고덕아이파크아파트)",86.23470522803115,84.76084538375973,"100 - 16개 상권특성의 평균 절대 백분위 차이"
"신정2동주민센터",3110625,"분식전문점",42.63565891472868,42.54278728606357,42.63565891472868,"뚜렷한 DEAD TIME 없음",0,0,0,5,"","",TRUE,"분석 가능","신정롯데캐슬아파트",86.77325581395348,78.0361757105943,"100 - 16개 상권특성의 평균 절대 백분위 차이"
"신정2동주민센터",3110625,"커피-음료",40.718562874251496,54.43959243085881,40.718562874251496,"뚜렷한 DEAD TIME 없음",0,0,0,5,"","",TRUE,"분석 가능","수락산디자인거리",87.17252994011976,65.5688622754491,"100 - 16개 상권특성의 평균 절대 백분위 차이"
"양화초등학교",3110626,"한식음식점",NA,79.84581497797357,NA,"뚜렷한 DEAD TIME 없음",0,0,0,0,"","00~06,06~11,11~14,14~17,17~21,21~24",FALSE,"활동 또는 관측 근거 부족",NA,NA,NA,"100 - 16개 상권특성의 평균 절대 백분위 차이"
"양화초등학교",3110626,"커피-음료",12.874251497005988,75.9825327510917,12.874251497005988,"14~17",93.41317365269461,433.5795576075359,93.41317365269461,5,"00~06","",TRUE,"분석 가능","삼전역 3번",92.73952095808383,62.125748502994014,"100 - 16개 상권특성의 평균 절대 백분위 차이"
"양화초등학교",3110626,"편의점",8.740359897172237,64.5,8.740359897172237,"11~14",93.573264781491,14404.187921364204,93.573264781491,5,"","",TRUE,"분석 가능","석촌고분역 4번",91.58097686375322,93.573264781491,"100 - 16개 상권특성의 평균 절대 백분위 차이"
"신정롯데캐슬아파트",3110627,"한식음식점",43.159065628476085,86.12334801762115,43.159065628476085,"뚜렷한 DEAD TIME 없음",0,0,0,5,"","",TRUE,"분석 가능","신정2동주민센터",88.12569521690767,58.954393770856505,"100 - 16개 상권특성의 평균 절대 백분위 차이"
"신정롯데캐슬아파트",3110627,"분식전문점",78.0361757105943,76.03911980440098,78.0361757105943,"뚜렷한 DEAD TIME 없음",0,0,0,4,"00~06,21~24","",TRUE,"분석 가능","대치2동주민센터",83.97932816537468,85.01291989664082,"100 - 16개 상권특성의 평균 절대 백분위 차이"
"신정롯데캐슬아파트",3110627,"호프-간이주점",38.276553106212425,79.41747572815534,38.276553106212425,"뚜렷한 DEAD TIME 없음",0,0,0,3,"06~11,11~14","",TRUE,"분석 가능","종암동주민센터",91.37024048096191,67.13426853707415,"100 - 16개 상권특성의 평균 절대 백분위 차이"
"신정롯데캐슬아파트",3110627,"커피-음료",43.862275449101794,83.4061135371179,43.862275449101794,"뚜렷한 DEAD TIME 없음",0,0,0,5,"00~06","",TRUE,"분석 가능","방학1동주민센터",86.78892215568862,88.17365269461078,"100 - 16개 상권특성의 평균 절대 백분위 차이"
"신정롯데캐슬아파트",3110627,"편의점",56.29820051413882,74.75,56.29820051413882,"뚜렷한 DEAD TIME 없음",0,0,0,5,"","",TRUE,"분석 가능","노원초등학교",84.54370179948585,73.7789203084833,"100 - 16개 상권특성의 평균 절대 백분위 차이"
"신목동역",3110628,"커피-음료",0.8982035928143712,21.251819505094613,0.8982035928143712,"17~21",99.09909909909909,475.2083768983747,99.09909909909909,4,"00~06,21~24","",TRUE,"분석 가능","문정동성당",87.50935628742515,82.93413173652695,"100 - 16개 상권특성의 평균 절대 백분위 차이"
"공항시장역 1번",3110630,"한식음식점",93.10344827586206,74.33920704845815,93.10344827586206,"뚜렷한 DEAD TIME 없음",0,0,0,5,"","",TRUE,"분석 가능","암사역 3번(천호동자전거거리)",85.57424916573972,94.3270300333704,"100 - 16개 상권특성의 평균 절대 백분위 차이"
"공항시장역 1번",3110630,"분식전문점",90.95607235142118,58.924205378973106,90.95607235142118,"뚜렷한 DEAD TIME 없음",0,0,0,4,"21~24","",TRUE,"분석 가능","신월1동주민센터",86.17571059431525,96.89922480620154,"100 - 16개 상권특성의 평균 절대 백분위 차이"
"공항시장역 1번",3110630,"호프-간이주점",76.15230460921843,62.912621359223294,76.15230460921843,"뚜렷한 DEAD TIME 없음",0,0,0,5,"","",TRUE,"분석 가능","보라매역 2번",83.19138276553106,91.78356713426854,"100 - 16개 상권특성의 평균 절대 백분위 차이"
"공항시장역 1번",3110630,"커피-음료",55.38922155688623,69.5778748180495,55.38922155688623,"뚜렷한 DEAD TIME 없음",0,0,0,5,"","",TRUE,"분석 가능","도봉역 2번",86.26497005988024,62.72455089820359,"100 - 16개 상권특성의 평균 절대 백분위 차이"
"방화역 3번",3110632,"한식음식점",82.09121245828699,30.396475770925107,82.09121245828699,"뚜렷한 DEAD TIME 없음",0,0,0,5,"","",TRUE,"분석 가능","촬영소사거리",85.43520578420467,86.4293659621802,"100 - 16개 상권특성의 평균 절대 백분위 차이"
"방화역 3번",3110632,"커피-음료",71.7065868263473,23.580786026200872,71.7065868263473,"뚜렷한 DEAD TIME 없음",0,0,0,5,"00~06","",TRUE,"분석 가능","답십리공원",91.11152694610777,90.86826347305389,"100 - 16개 상권특성의 평균 절대 백분위 차이"
"개화산역 1번",3110633,"한식음식점",33.03670745272525,2.4229074889867843,33.03670745272525,"뚜렷한 DEAD TIME 없음",0,0,0,5,"","",TRUE,"분석 가능","금호사거리",89.46051167964406,64.18242491657396,"100 - 16개 상권특성의 평균 절대 백분위 차이"
"개화산역 1번",3110633,"분식전문점",37.72609819121447,1.466992665036675,37.72609819121447,"뚜렷한 DEAD TIME 없음",0,0,0,3,"00~06,06~11,21~24","",TRUE,"분석 가능","금호사거리",88.87273901808786,84.23772609819122,"100 - 16개 상권특성의 평균 절대 백분위 차이"
"개화산역 1번",3110633,"호프-간이주점",12.424849699398797,0.9708737864077669,12.424849699398797,"11~14",94.6927374301676,364.18564101542637,94.6927374301676,5,"","",TRUE,"분석 가능","하나은행 망우동지점",90.19288577154309,18.43687374749499,"100 - 16개 상권특성의 평균 절대 백분위 차이"
"송정역 3번",3110634,"한식음식점",49.38820912124583,87.88546255506607,49.38820912124583,"뚜렷한 DEAD TIME 없음",0,0,0,5,"","",TRUE,"분석 가능","신월1동우편취급국",90.47552836484984,62.06896551724138,"100 - 16개 상권특성의 평균 절대 백분위 차이"
"송정역 3번",3110634,"분식전문점",91.47286821705426,78.4841075794621,91.47286821705426,"뚜렷한 DEAD TIME 없음",0,0,0,5,"","",TRUE,"분석 가능","후암동주민센터",86.53100775193798,93.28165374677002,"100 - 16개 상권특성의 평균 절대 백분위 차이"
"송정역 3번",3110634,"호프-간이주점",32.46492985971944,81.35922330097087,32.46492985971944,"뚜렷한 DEAD TIME 없음",0,0,0,5,"","",TRUE,"분석 가능","관악구신사동주민센터",89.87975951903809,45.09018036072144,"100 - 16개 상권특성의 평균 절대 백분위 차이"
"송정역 3번",3110634,"커피-음료",15.868263473053892,85.1528384279476,15.868263473053892,"뚜렷한 DEAD TIME 없음",0,0,0,5,"00~06","",TRUE,"분석 가능","화곡역 4번",92.10329341317365,89.22155688622755,"100 - 16개 상권특성의 평균 절대 백분위 차이"
"송정역 3번",3110634,"편의점",83.54755784061697,77.75,83.54755784061697,"뚜렷한 DEAD TIME 없음",0,0,0,5,"","",TRUE,"분석 가능","강서고등학교",86.19858611825192,92.2879177377892,"100 - 16개 상권특성의 평균 절대 백분위 차이"
"공항시장역 3번",3110635,"한식음식점",64.51612903225806,12.665198237885464,64.51612903225806,"뚜렷한 DEAD TIME 없음",0,0,0,5,"","",TRUE,"분석 가능","송정역 2번",88.56368186874305,73.1924360400445,"100 - 16개 상권특성의 평균 절대 백분위 차이"
"공항시장역 3번",3110635,"호프-간이주점",51.503006012024045,4.466019417475728,51.503006012024045,"뚜렷한 DEAD TIME 없음",0,0,0,3,"06~11,11~14","",TRUE,"분석 가능","도신초등학교",86.62324649298597,68.7374749498998,"100 - 16개 상권특성의 평균 절대 백분위 차이"
"방화역 2번",3110636,"한식음식점",96.88542825361512,28.30396475770925,96.88542825361512,"뚜렷한 DEAD TIME 없음",0,0,0,5,"","",TRUE,"분석 가능","상계제일중학교",85.26835372636262,98.2202447163515,"100 - 16개 상권특성의 평균 절대 백분위 차이"
"방화역 2번",3110636,"커피-음료",67.96407185628742,21.97962154294032,67.96407185628742,"뚜렷한 DEAD TIME 없음",0,0,0,5,"00~06","",TRUE,"분석 가능","장스여성병원",86.938622754491007,84.58083832335329,"100 - 16개 상권특성의 평균 절대 백분위 차이"
"송정역 2번",3110637,"한식음식점",73.1924360400445,20.044052863436125,73.1924360400445,"뚜렷한 DEAD TIME 없음",0,0,0,5,"","",TRUE,"분석 가능","벌말어린이공원",87.77113459399332,79.53281423804228,"100 - 16개 상권특성의 평균 절대 백분위 차이"
"송정역 2번",3110637,"편의점",60.15424164524421,6.25,60.15424164524421,"뚜렷한 DEAD TIME 없음",0,0,0,5,"","",TRUE,"분석 가능","오산고등학교",91.08290488431876,80.20565552699229,"100 - 16개 상권특성의 평균 절대 백분위 차이"
"신방화역 2번",3110638,"한식음식점",64.293659621802007,95.92511013215858,64.293659621802007,"뚜렷한 DEAD TIME 없음",0,0,0,5,"","",TRUE,"분석 가능","장안근린공원",92.41518353726363,77.30812013348165,"100 - 16개 상권특성의 평균 절대 백분위 차이"
"신방화역 2번",3110638,"분식전문점",95.09043927648578,92.1760391198044,95.09043927648578,"뚜렷한 DEAD TIME 없음",0,0,0,5,"","",TRUE,"분석 가능",NA,NA,NA,"100 - 16개 상권특성의 평균 절대 백분위 차이"
"신방화역 2번",3110638,"호프-간이주점",3.2064128256513023,93.59223300970874,3.2064128256513023,"뚜렷한 DEAD TIME 없음",0,0,0,5,"","",TRUE,"분석 가능","장안근린공원",91.39529058116233,12.625250501002002,"100 - 16개 상권특성의 평균 절대 백분위 차이"
"신방화역 2번",3110638,"커피-음료",49.550898203592816,94.75982532751091,49.550898203592816,"뚜렷한 DEAD TIME 없음",0,0,0,5,"00~06","",TRUE,"분석 가능","대청초등학교",89.68937125748504,69.16167664670658,"100 - 16개 상권특성의 평균 절대 백분위 차이"
"신방화역 2번",3110638,"편의점",98.45758354755783,92,98.45758354755783,"뚜렷한 DEAD TIME 없음",0,0,0,5,"","",TRUE,"분석 가능",NA,NA,NA,"100 - 16개 상권특성의 평균 절대 백분위 차이"
"신방화역 8번",3110639,"한식음식점",43.04783092324806,33.14977973568282,43.04783092324806,"21~24",91.45106861642294,495.2683900262608,91.45106861642294,5,"","",TRUE,"분석 가능","대림1동주민센터",88.18131256952168,91.43492769744161,"100 - 16개 상권특성의 평균 절대 백분위 차이"
"신방화역 8번",3110639,"분식전문점",NA,16.87041564792176,NA,"뚜렷한 DEAD TIME 없음",0,0,0,0,"","00~06,06~11,11~14,14~17,17~21,21~24",FALSE,"활동 또는 관측 근거 부족",NA,NA,NA,"100 - 16개 상권특성의 평균 절대 백분위 차이"
"신방화역 8번",3110639,"호프-간이주점",70.14028056112225,17.281553398058254,70.14028056112225,"뚜렷한 DEAD TIME 없음",0,0,0,5,"","",TRUE,"분석 가능","방화역 1번",86.54809619238478,97.1943887775551,"100 - 16개 상권특성의 평균 절대 백분위 차이"
"신방화역 8번",3110639,"커피-음료",39.07185628742515,26.4919941775837,39.07185628742515,"뚜렷한 DEAD TIME 없음",0,0,0,5,"","",TRUE,"분석 가능","개포지구대옆",88.9502245508982,72.0059880239521,"100 - 16개 상권특성의 평균 절대 백분위 차이"
"방화역 1번",3110640,"한식음식점",80.7563959955506,30.947136563876654,80.7563959955506,"뚜렷한 DEAD TIME 없음",0,0,0,5,"","",TRUE,"분석 가능","묘곡초등학교(고덕아이파크아파트)",85.57424916573972,84.76084538375973,"100 - 16개 상권특성의 평균 절대 백분위 차이"
"방화역 1번",3110640,"분식전문점",98.70801033591732,15.892420537897312,98.70801033591732,"뚜렷한 DEAD TIME 없음",0,0,0,5,"","",TRUE,"분석 가능",NA,NA,NA,"100 - 16개 상권특성의 평균 절대 백분위 차이"
"방화역 1번",3110640,"호프-간이주점",97.1943887775551,15.53398058252427,97.1943887775551,"뚜렷한 DEAD TIME 없음",0,0,0,5,"","",TRUE,"분석 가능",NA,NA,NA,"100 - 16개 상권특성의 평균 절대 백분위 차이"
"방화역 1번",3110640,"커피-음료",96.8562874251497,24.308588064046578,96.8562874251497,"뚜렷한 DEAD TIME 없음",0,0,0,5,"00~06","",TRUE,"분석 가능",NA,NA,NA,"100 - 16개 상권특성의 평균 절대 백분위 차이"
"방화역 1번",3110640,"편의점",51.9280205655527,12,51.9280205655527,"뚜렷한 DEAD TIME 없음",0,0,0,5,"","",TRUE,"분석 가능","고덕동성당",85.90938303341902,78.40616966580977,"100 - 16개 상권특성의 평균 절대 백분위 차이"
"공항고등학교",3110641,"한식음식점",25.139043381535036,24.44933920704846,25.139043381535036,"뚜렷한 DEAD TIME 없음",0,0,0,5,"","",TRUE,"분석 가능","송정역 2번",88.57758620689656,73.1924360400445,"100 - 16개 상권특성의 평균 절대 백분위 차이"
"공항고등학교",3110641,"커피-음료",32.18562874251497,19.068413391557495,32.18562874251497,"뚜렷한 DEAD TIME 없음",0,0,0,5,"00~06","",TRUE,"분석 가능","NH농협은행 상도동지점",88.7630988023952,79.49101796407186,"100 - 16개 상권특성의 평균 절대 백분위 차이"
"정곡초등학교",3110642,"한식음식점",18.24249165739711,0.11013215859030838,18.24249165739711,"06~11",93.94285714285714,40.80146224875024,93.94285714285714,5,"","",TRUE,"분석 가능","국민은행방학지점",88.64015572858732,18.5761957730812,"100 - 16개 상권특성의 평균 절대 백분위 차이"
"강서구다솔마을",3110643,"한식음식점",95.10567296996662,45.15418502202643,95.10567296996662,"뚜렷한 DEAD TIME 없음",0,0,0,5,"","",TRUE,"분석 가능","포이초등학교(개포목련어린이공원)",84.35761957730811,98.88765294771969,"100 - 16개 상권특성의 평균 절대 백분위 차이"
"강서구다솔마을",3110643,"분식전문점",58.39793281653747,27.628361858190708,58.39793281653747,"뚜렷한 DEAD TIME 없음",0,0,0,5,"","",TRUE,"분석 가능","한국폴리텍대학서울정수캠퍼스",87.8875968992248,67.44186046511628,"100 - 16개 상권특성의 평균 절대 백분위 차이"
"강서구다솔마을",3110643,"커피-음료",34.73053892215569,37.99126637554585,34.73053892215569,"17~21",92.34234234234235,1286.2324687345504,92.34234234234235,4,"00~06,21~24","",TRUE,"분석 가능","홍대부중",87.88360778443113,54.79041916167665,"100 - 16개 상권특성의 평균 절대 백분위 차이"
"신광명마을",3110644,"한식음식점",20.24471635150167,4.6255506607929515,20.24471635150167,"21~24",96.51293588301463,167.91381614361444,96.51293588301463,5,"00~06","",TRUE,"분석 가능","봉원사",88.48025583982202,99.88876529477196,"100 - 16개 상권특성의 평균 절대 백분위 차이"
"우장산역 4번",3110645,"한식음식점",82.20244716351502,76.87224669603523,82.20244716351502,"뚜렷한 DEAD TIME 없음",0,0,0,5,"","",TRUE,"분석 가능",NA,NA,NA,"100 - 16개 상권특성의 평균 절대 백분위 차이"
"우장산역 4번",3110645,"분식전문점",62.532299741602074,60.880195599022,62.532299741602074,"뚜렷한 DEAD TIME 없음",0,0,0,5,"","",TRUE,"분석 가능","장평중학교",82.76808785529715,70.02583979328165,"100 - 16개 상권특성의 평균 절대 백분위 차이"
"우장산역 4번",3110645,"커피-음료",92.81437125748504,72.48908296943232,92.81437125748504,"뚜렷한 DEAD TIME 없음",0,0,0,5,"","",TRUE,"분석 가능",NA,NA,NA,"100 - 16개 상권특성의 평균 절대 백분위 차이"
"우장산역 4번",3110645,"편의점",88.68894601542416,59.75,88.68894601542416,"뚜렷한 DEAD TIME 없음",0,0,0,5,"","",TRUE,"분석 가능","신중초등학교",79.24164524421593,93.05912596401028,"100 - 16개 상권특성의 평균 절대 백분위 차이"
"푸른들청소년도서관",3110646,"한식음식점",52.28031145717463,87.55506607929516,52.28031145717463,"뚜렷한 DEAD TIME 없음",0,0,0,5,"","",TRUE,"분석 가능","삼전역 1번",91.28893214682982,55.172413793103445,"100 - 16개 상권특성의 평균 절대 백분위 차이"
"푸른들청소년도서관",3110646,"분식전문점",53.229974160206716,77.99511002444987,53.229974160206716,"뚜렷한 DEAD TIME 없음",0,0,0,5,"00~06","",TRUE,"분석 가능","남성역 1번",89.30878552971576,73.1266149870801,"100 - 16개 상권특성의 평균 절대 백분위 차이"
"푸른들청소년도서관",3110646,"호프-간이주점",85.77154308617234,80.97087378640776,85.77154308617234,"뚜렷한 DEAD TIME 없음",0,0,0,5,"","",TRUE,"분석 가능","삼전역 1번",88.72745490981964,92.38476953907816,"100 - 16개 상권특성의 평균 절대 백분위 차이"
"푸른들청소년도서관",3110646,"커피-음료",55.23952095808383,84.86171761280931,55.23952095808383,"뚜렷한 DEAD TIME 없음",0,0,0,5,"00~06","",TRUE,"분석 가능","한성백제역 3번",90.70920658682635,77.54491017964071,"100 - 16개 상권특성의 평균 절대 백분위 차이"
"푸른들청소년도서관",3110646,"편의점",24.93573264781491,77,24.93573264781491,"뚜렷한 DEAD TIME 없음",0,0,0,5,"","",TRUE,"분석 가능","응암역 3번",90.79370179948586,45.24421593830334,"100 - 16개 상권특성의 평균 절대 백분위 차이"
"화곡역 5번",3110647,"한식음식점",0.6674082313681869,93.28193832599119,0.6674082313681869,"06~11",97.02857142857142,2900.150245847843,97.02857142857142,5,"","",TRUE,"분석 가능","장안1동주민센터",91.9702447163515,15.684093437152391,"100 - 16개 상권특성의 평균 절대 백분위 차이"
"화곡역 5번",3110647,"호프-간이주점",0.2004008016032064,89.51456310679612,0.2004008016032064,"11~14",98.32402234636871,764.432287703787,98.32402234636871,5,"","",TRUE,"분석 가능","남성역 1번",89.70440881763527,37.675350701402806,"100 - 16개 상권특성의 평균 절대 백분위 차이"
"화곡역 5번",3110647,"커피-음료",4.191616766467066,91.55749636098982,4.191616766467066,"11~14",98.95052473763118,1729.8035108041647,98.95052473763118,4,"06~11","",TRUE,"분석 가능","장안1동주민센터",91.15830838323353,51.49700598802395,"100 - 16개 상권특성의 평균 절대 백분위 차이"
"화곡역 5번",3110647,"편의점",86.37532133676092,87.5,86.37532133676092,"뚜렷한 DEAD TIME 없음",0,0,0,5,"","",TRUE,"분석 가능","남강고등학교(남강중학교)",90.3598971722365,97.42930591259639,"100 - 16개 상권특성의 평균 절대 백분위 차이"
"양천향교역 7번",3110648,"한식음식점",75.08342602892102,6.71806167400881,75.08342602892102,"뚜렷한 DEAD TIME 없음",0,0,0,5,"","",TRUE,"분석 가능","선유도역 6번",82.59176863181312,75.41713014460511,"100 - 16개 상권특성의 평균 절대 백분위 차이"
"양천향교역 7번",3110648,"분식전문점",77.51937984496125,2.689486552567237,77.51937984496125,"뚜렷한 DEAD TIME 없음",0,0,0,5,"","",TRUE,"분석 가능","우면주공아파트",80.15180878552971,85.52971576227391,"100 - 16개 상권특성의 평균 절대 백분위 차이"
"양천향교역 7번",3110648,"커피-음료",64.07185628742515,4.512372634643377,64.07185628742515,"뚜렷한 DEAD TIME 없음",0,0,0,5,"","",TRUE,"분석 가능","선유도역 6번",82.9247754491018,83.98203592814372,"100 - 16개 상권특성의 평균 절대 백분위 차이"
"양천향교역 7번",3110648,"편의점",59.89717223650386,1.5,59.89717223650386,"뚜렷한 DEAD TIME 없음",0,0,0,5,"","",TRUE,"분석 가능","성수초등학교",83.19408740359897,82.77634961439588,"100 - 16개 상권특성의 평균 절대 백분위 차이"
"우장산역 1번",3110649,"한식음식점",23.804226918798665,70.70484581497797,23.804226918798665,"뚜렷한 DEAD TIME 없음",0,0,0,5,"","",TRUE,"분석 가능","개포지구대옆",88.00750834260289,49.72191323692992,"100 - 16개 상권특성의 평균 절대 백분위 차이"
"우장산역 1번",3110649,"분식전문점",4.909560723514212,55.256723716381416,4.909560723514212,"06~11",93.90581717451524,212.84972100080358,93.90581717451524,5,"00~06","",TRUE,"분석 가능","방배아이파크아파트",84.8514211886305,82.94573643410853,"100 - 16개 상권특성의 평균 절대 백분위 차이"
"우장산역 1번",3110649,"호프-간이주점",15.430861723446892,57.86407766990291,15.430861723446892,"뚜렷한 DEAD TIME 없음",0,0,0,4,"06~11","",TRUE,"분석 가능","장안제일시장",88.17635270541082,89.57915831663327,"100 - 16개 상권특성의 평균 절대 백분위 차이"
"우장산역 1번",3110649,"커피-음료",91.31736526946108,65.79330422125183,91.31736526946108,"뚜렷한 DEAD TIME 없음",0,0,0,5,"00~06","",TRUE,"분석 가능","예일여고",85.9000748502994,97.90419161676647,"100 - 16개 상권특성의 평균 절대 백분위 차이"
"우장산역 1번",3110649,"편의점",98.20051413881748,52.5,98.20051413881748,"뚜렷한 DEAD TIME 없음",0,0,0,5,"","",TRUE,"분석 가능",NA,NA,NA,"100 - 16개 상권특성의 평균 절대 백분위 차이"
"우장산힐스테이트",3110650,"한식음식점",61.73526140155728,3.0837004405286343,61.73526140155728,"21~24",93.36332958380203,477.3305537388177,93.36332958380203,5,"00~06","",TRUE,"분석 가능","중계초등학교",90.23220244716352,80.20022246941045,"100 - 16개 상권특성의 평균 절대 백분위 차이"
"화원중학교",3110651,"한식음식점",31.47942157953281,29.955947136563875,31.47942157953281,"뚜렷한 DEAD TIME 없음",0,0,0,5,"","",TRUE,"분석 가능","남구로역 3번",90.86484983314794,84.31590656284762,"100 - 16개 상권특성의 평균 절대 백분위 차이"
"화원중학교",3110651,"분식전문점",38.759689922480625,15.158924205378973,38.759689922480625,"뚜렷한 DEAD TIME 없음",0,0,0,5,"00~06","",TRUE,"분석 가능","장승배기역 4번",89.72868217054264,84.49612403100775,"100 - 16개 상권특성의 평균 절대 백분위 차이"
"화원중학교",3110651,"호프-간이주점",61.32264529058116,14.757281553398057,61.32264529058116,"뚜렷한 DEAD TIME 없음",0,0,0,5,"","",TRUE,"분석 가능","도봉구 정병원",84.44388777555109,77.9559118236473,"100 - 16개 상권특성의 평균 절대 백분위 차이"
"화원중학교",3110651,"커피-음료",63.32335329341318,23.28966521106259,63.32335329341318,"뚜렷한 DEAD TIME 없음",0,0,0,5,"00~06","",TRUE,"분석 가능","메디힐병원",86.11526946107784,86.52694610778443,"100 - 16개 상권특성의 평균 절대 백분위 차이"
"화원중학교",3110651,"편의점",93.31619537275064,11.5,93.31619537275064,"뚜렷한 DEAD TIME 없음",0,0,0,5,"","",TRUE,"분석 가능","성수119안전센터",87.33933161953728,98.7146529562982,"100 - 16개 상권특성의 평균 절대 백분위 차이"
"양천향교역 2번",3110652,"한식음식점",85.76195773081201,29.735682819383257,85.76195773081201,"뚜렷한 DEAD TIME 없음",0,0,0,5,"","",TRUE,"분석 가능","당산역 8번",87.13153503893214,86.09566184649611,"100 - 16개 상권특성의 평균 절대 백분위 차이"
"양천향교역 2번",3110652,"커피-음료",63.622754491017965,23.144104803493452,63.622754491017965,"뚜렷한 DEAD TIME 없음",0,0,0,5,"00~06","",TRUE,"분석 가능","쌍문역1번(쌍리단길)",86.18076347305389,99.7005988023952,"100 - 16개 상권특성의 평균 절대 백분위 차이"
"양천향교역 2번",3110652,"편의점",35.98971722365039,11,35.98971722365039,"뚜렷한 DEAD TIME 없음",0,0,0,5,"","",TRUE,"분석 가능","성동초등학교",88.6728791773779,46.01542416452442,"100 - 16개 상권특성의 평균 절대 백분위 차이"
"화곡역 2번",3110653,"한식음식점",8.120133481646272,66.96035242290749,8.120133481646272,"17~21",92.76974416017798,7427.152773099551,92.76974416017798,5,"","",TRUE,"분석 가능","동교초등학교",89.96802002224695,76.7519466073415,"100 - 16개 상권특성의 평균 절대 백분위 차이"
"화곡역 2번",3110653,"분식전문점",NA,51.34474327628362,NA,"뚜렷한 DEAD TIME 없음",0,0,0,0,"","00~06,06~11,11~14,14~17,17~21,21~24",FALSE,"활동 또는 관측 근거 부족",NA,NA,NA,"100 - 16개 상권특성의 평균 절대 백분위 차이"
"화곡역 2번",3110653,"호프-간이주점",66.13226452905812,53.398058252427184,66.13226452905812,"뚜렷한 DEAD TIME 없음",0,0,0,5,"","",TRUE,"분석 가능","메가박스 상봉",85.99699398797594,91.58316633266533,"100 - 16개 상권특성의 평균 절대 백분위 차이"
"화곡역 2번",3110653,"커피-음료",18.113772455089823,62.154294032023294,18.113772455089823,"뚜렷한 DEAD TIME 없음",0,0,0,5,"00~06","",TRUE,"분석 가능","상봉역 3번",88.18300898203593,50.1497005988024,"100 - 16개 상권특성의 평균 절대 백분위 차이"
"까치산역 4번",3110654,"한식음식점",42.82536151279199,97.3568281938326,42.82536151279199,"뚜렷한 DEAD TIME 없음",0,0,0,5,"","",TRUE,"분석 가능","강동구립성내도서관",92.29004449388209,64.96106785317018,"100 - 16개 상권특성의 평균 절대 백분위 차이"
"까치산역 4번",3110654,"분식전문점",46.770025839793284,94.13202933985329,46.770025839793284,"뚜렷한 DEAD TIME 없음",0,0,0,5,"","",TRUE,"분석 가능","화곡역 4번",91.6343669250646,50.64599483204134,"100 - 16개 상권특성의 평균 절대 백분위 차이"
"까치산역 4번",3110654,"호프-간이주점",13.426853707414828,95.53398058252426,13.426853707414828,"뚜렷한 DEAD TIME 없음",0,0,0,5,"","",TRUE,"분석 가능","강동역 4번(강풀만화거리)",89.25350701402806,48.296593186372746,"100 - 16개 상권특성의 평균 절대 백분위 차이"
"까치산역 4번",3110654,"커피-음료",66.61676646706587,96.65211062590974,66.61676646706587,"뚜렷한 DEAD TIME 없음",0,0,0,5,"","",TRUE,"분석 가능","화곡역 4번",90.52208083832335,89.22155688622755,"100 - 16개 상권특성의 평균 절대 백분위 차이"
"까치산역 4번",3110654,"편의점",75.32133676092545,94.75,75.32133676092545,"뚜렷한 DEAD TIME 없음",0,0,0,5,"","",TRUE,"분석 가능","신사1동주민센터",85.3952442159383,90.74550128534705,"100 - 16개 상권특성의 평균 절대 백분위 차이"
"발산역 5번",3110655,"한식음식점",44.71635150166852,33.259911894273124,44.71635150166852,"뚜렷한 DEAD TIME 없음",0,0,0,5,"","",TRUE,"분석 가능","한강로동땡땡거리(은행나무길)",91.29588431590656,63.51501668520578,"100 - 16개 상권특성의 평균 절대 백분위 차이"
"발산역 5번",3110655,"커피-음료",75.89820359281437,26.637554585152838,75.89820359281437,"뚜렷한 DEAD TIME 없음",0,0,0,5,"00~06","",TRUE,"분석 가능","종암경찰서",84.96444610778443,86.97604790419162,"100 - 16개 상권특성의 평균 절대 백분위 차이"
"발산역 5번",3110655,"편의점",3.5989717223650386,13.5,3.5989717223650386,"11~14",95.37275064267352,53740.17652570959,95.37275064267352,5,"","",TRUE,"분석 가능","뚝섬역교차로",91.32390745501286,68.63753213367609,"100 - 16개 상권특성의 평균 절대 백분위 차이"
"까치산역 3번",3110656,"한식음식점",22.58064516129032,100,22.58064516129032,"11~14",93.9799331103679,21836.364875537583,93.9799331103679,5,"","",TRUE,"분석 가능","강동역 4번(강풀만화거리)",94.82758620689656,35.483870967741936,"100 - 16개 상권특성의 평균 절대 백분위 차이"
"까치산역 3번",3110656,"분식전문점",39.276485788113696,100,39.276485788113696,"06~11",98.337950138504155,127.90422248411383,98.337950138504155,5,"","",TRUE,"분석 가능","강동역 4번(강풀만화거리)",89.16343669250647,78.81136950904393,"100 - 16개 상권특성의 평균 절대 백분위 차이"
"까치산역 3번",3110656,"호프-간이주점",60.92184368737475,100,60.92184368737475,"뚜렷한 DEAD TIME 없음",0,0,0,5,"","",TRUE,"분석 가능","관악구 중앙길",89.36623246492987,71.14228456913828,"100 - 16개 상권특성의 평균 절대 백분위 차이"
"까치산역 3번",3110656,"커피-음료",15.718562874251496,100,15.718562874251496,"뚜렷한 DEAD TIME 없음",0,0,0,5,"00~06","",TRUE,"분석 가능","강동역 4번(강풀만화거리)",88.11751497005987,52.09580838323353,"100 - 16개 상권특성의 평균 절대 백분위 차이"
"까치산역 3번",3110656,"편의점",78.66323907455013,100,78.66323907455013,"뚜렷한 DEAD TIME 없음",0,0,0,5,"","",TRUE,"분석 가능","상봉역 4번",91.40424164524421,81.74807197943444,"100 - 16개 상권특성의 평균 절대 백분위 차이"
"양천향교역 5번",3110657,"한식음식점",33.481646273637374,57.59911894273127,33.481646273637374,"뚜렷한 DEAD TIME 없음",0,0,0,5,"","",TRUE,"분석 가능","선유도역 6번",93.5483870967742,75.41713014460511,"100 - 16개 상권특성의 평균 절대 백분위 차이"
"양천향교역 5번",3110657,"호프-간이주점",65.93186372745491,41.94174757281554,65.93186372745491,"뚜렷한 DEAD TIME 없음",0,0,0,3,"06~11,11~14","",TRUE,"분석 가능","한성대입구역 5번",87.39979959919839,70.34068136272545,"100 - 16개 상권특성의 평균 절대 백분위 차이"
"양천향교역 5번",3110657,"커피-음료",8.383233532934131,52.256186317321685,8.383233532934131,"뚜렷한 DEAD TIME 없음",0,0,0,5,"","",TRUE,"분석 가능","선유도역 6번",92.06586826347305,83.98203592814372,"100 - 16개 상권특성의 평균 절대 백분위 차이"
"양천향교역 5번",3110657,"편의점",6.169665809768637,36.25,6.169665809768637,"21~24",99.48586118251927,9796.82347661694,99.48586118251927,5,"","",TRUE,"분석 가능","숙대입구역 1번",93.043059125964,32.64781491002571,"100 - 16개 상권특성의 평균 절대 백분위 차이"
"화곡초등학교",3110658,"한식음식점",30.478309232480534,65.7488986784141,30.478309232480534,"뚜렷한 DEAD TIME 없음",0,0,0,5,"","",TRUE,"분석 가능","중곡초등학교",90.53114571746386,40.266963292547274,"100 - 16개 상권특성의 평균 절대 백분위 차이"
"화곡초등학교",3110658,"분식전문점",NA,50.12224938875306,NA,"뚜렷한 DEAD TIME 없음",0,0,0,0,"","00~06,06~11,11~14,14~17,17~21,21~24",FALSE,"활동 또는 관측 근거 부족",NA,NA,NA,"100 - 16개 상권특성의 평균 절대 백분위 차이"
"화곡초등학교",3110658,"호프-간이주점",76.95390781563127,51.6504854368932,76.95390781563127,"뚜렷한 DEAD TIME 없음",0,0,0,3,"06~11,11~14","",TRUE,"분석 가능","신풍역 1번",84.44388777555109,78.75751503006012,"100 - 16개 상권특성의 평균 절대 백분위 차이"
"화곡초등학교",3110658,"편의점",74.55012853470437,44.75,74.55012853470437,"뚜렷한 DEAD TIME 없음",0,0,0,5,"","",TRUE,"분석 가능","중곡초등학교",91.87017994858611,75.57840616966581,"100 - 16개 상권특성의 평균 절대 백분위 차이"
"화곡역 4번",3110659,"한식음식점",49.165739710789765,99.66960352422907,49.165739710789765,"뚜렷한 DEAD TIME 없음",0,0,0,5,"","",TRUE,"분석 가능","면목역 2번",92.3039488320356,87.09677419354838,"100 - 16개 상권특성의 평균 절대 백분위 차이"
"화곡역 4번",3110659,"분식전문점",50.64599483204134,99.26650366748166,50.64599483204134,"뚜렷한 DEAD TIME 없음",0,0,0,5,"","",TRUE,"분석 가능","송정역 3번",85.88501291989664,91.47286821705426,"100 - 16개 상권특성의 평균 절대 백분위 차이"
"화곡역 4번",3110659,"호프-간이주점",60.52104208416834,99.41747572815534,60.52104208416834,"뚜렷한 DEAD TIME 없음",0,0,0,4,"06~11","",TRUE,"분석 가능","면목역 2번",90.69388777555109,60.72144288577155,"100 - 16개 상권특성의 평균 절대 백분위 차이"
"화곡역 4번",3110659,"커피-음료",89.22155688622755,99.56331877729258,89.22155688622755,"뚜렷한 DEAD TIME 없음",0,0,0,5,"00~06","",TRUE,"분석 가능",NA,NA,NA,"100 - 16개 상권특성의 평균 절대 백분위 차이"
"화곡역 4번",3110659,"편의점",20.051413881748072,99.25,20.051413881748072,"뚜렷한 DEAD TIME 없음",0,0,0,5,"","",TRUE,"분석 가능","면목역 2번",91.88624678663238,64.78149100257069,"100 - 16개 상권특성의 평균 절대 백분위 차이"
"등촌3동주민센터",3110660,"한식음식점",36.59621802002225,60.90308370044053,36.59621802002225,"뚜렷한 DEAD TIME 없음",0,0,0,5,"","",TRUE,"분석 가능","금천구청역 1번 출입구",91.40711902113459,38.04226918798665,"100 - 16개 상권특성의 평균 절대 백분위 차이"
"등촌3동주민센터",3110660,"분식전문점",42.89405684754522,44.49877750611247,42.89405684754522,"뚜렷한 DEAD TIME 없음",0,0,0,5,"","",TRUE,"분석 가능","종암경찰서",87.82299741602067,69.25064599483204,"100 - 16개 상권특성의 평균 절대 백분위 차이"
"등촌3동주민센터",3110660,"호프-간이주점",28.0561122244489,45.43689320388349,28.0561122244489,"뚜렷한 DEAD TIME 없음",0,0,0,5,"","",TRUE,"분석 가능","금천구청역 1번 출입구",88.12625250501002,58.717434869739485,"100 - 16개 상권특성의 평균 절대 백분위 차이"
"등촌3동주민센터",3110660,"커피-음료",70.35928143712576,56.186317321688506,70.35928143712576,"뚜렷한 DEAD TIME 없음",0,0,0,5,"","",TRUE,"분석 가능","종암경찰서",88.72567365269461,86.97604790419162,"100 - 16개 상권특성의 평균 절대 백분위 차이"
"등촌3동주민센터",3110660,"편의점",15.167095115681233,38.5,15.167095115681233,"17~21",90.74550128534705,144148.17207939716,90.74550128534705,5,"00~06","",TRUE,"분석 가능","개봉역",86.16645244215938,27.506426735218508,"100 - 16개 상권특성의 평균 절대 백분위 차이"
"강서새말어린이공원",3110661,"한식음식점",2.2246941045606228,14.537444933920703,2.2246941045606228,"21~24",97.52530933633295,163.3224512827983,97.52530933633295,5,"00~06","",TRUE,"분석 가능","구남초등학교",90.20439377085651,69.41045606229143,"100 - 16개 상권특성의 평균 절대 백분위 차이"
"까치산역 1번",3110662,"한식음식점",4.115684093437152,88.32599118942731,4.115684093437152,"06~11",98.05714285714285,1226.5086404071965,98.05714285714285,5,"","",TRUE,"분석 가능","면목2동체육관",93.83342602892102,44.16017797552836,"100 - 16개 상권특성의 평균 절대 백분위 차이"
"까치산역 1번",3110662,"호프-간이주점",32.86573146292585,82.13592233009709,32.86573146292585,"뚜렷한 DEAD TIME 없음",0,0,0,5,"","",TRUE,"분석 가능","면목역 2번",91.90881763527055,60.72144288577155,"100 - 16개 상권특성의 평균 절대 백분위 차이"
"까치산역 1번",3110662,"커피-음료",28.892215568862273,85.73508005822417,28.892215568862273,"뚜렷한 DEAD TIME 없음",0,0,0,5,"00~06","",TRUE,"분석 가능","독산동성당",91.41092814371258,73.35329341317365,"100 - 16개 상권특성의 평균 절대 백분위 차이"
"까치산역 1번",3110662,"편의점",51.670951156812336,78.25,51.670951156812336,"뚜렷한 DEAD TIME 없음",0,0,0,5,"","",TRUE,"분석 가능","면목역 2번",90.90616966580977,64.78149100257069,"100 - 16개 상권특성의 평균 절대 백분위 차이"
"우장산롯데캐슬아파트앞",3110663,"한식음식점",60.95661846496107,24.11894273127753,60.95661846496107,"뚜렷한 DEAD TIME 없음",0,0,0,5,"","",TRUE,"분석 가능","구남초등학교",86.77002224694105,69.41045606229143,"100 - 16개 상권특성의 평균 절대 백분위 차이"
"우장산롯데캐슬아파트앞",3110663,"호프-간이주점",31.062124248496993,10.485436893203884,31.062124248496993,"뚜렷한 DEAD TIME 없음",0,0,0,4,"11~14","",TRUE,"분석 가능","강서구청옆",87.2870741482966,72.54509018036072,"100 - 16개 상권특성의 평균 절대 백분위 차이"
"우장산롯데캐슬아파트앞",3110663,"커피-음료",93.562874251497007,18.631732168850075,93.562874251497007,"뚜렷한 DEAD TIME 없음",0,0,0,5,"00~06","",TRUE,"분석 가능","둔촌2동주민센터",83.57035928143712,95.80838323353294,"100 - 16개 상권특성의 평균 절대 백분위 차이"
"강서구청옆",3110664,"한식음식점",16.35150166852058,12.77533039647577,16.35150166852058,"뚜렷한 DEAD TIME 없음",0,0,0,5,"","",TRUE,"분석 가능","천호태영아파트",85.31006674082313,99.22135706340379,"100 - 16개 상권특성의 평균 절대 백분위 차이"
"강서구청옆",3110664,"호프-간이주점",72.54509018036072,4.660194174757281,72.54509018036072,"뚜렷한 DEAD TIME 없음",0,0,0,3,"06~11,11~14","",TRUE,"분석 가능","신길6동주민센터",84.51903807615231,91.38276553106212,"100 - 16개 상권특성의 평균 절대 백분위 차이"
"곰달래도서관",3110665,"한식음식점",6.674082313681868,99.33920704845815,6.674082313681868,"06~11",95.88571428571429,448.2963577598304,95.88571428571429,5,"","",TRUE,"분석 가능","남구로역 3번",89.49527252502781,84.31590656284762,"100 - 16개 상권특성의 평균 절대 백분위 차이"
"곰달래도서관",3110665,"분식전문점",93.7984496124031,98.53300733496333,93.7984496124031,"뚜렷한 DEAD TIME 없음",0,0,0,4,"21~24","",TRUE,"분석 가능","성수119안전센터",85.093669250646,97.67441860465115,"100 - 16개 상권특성의 평균 절대 백분위 차이"
"곰달래도서관",3110665,"커피-음료",6.88622754491018,99.12663755458514,6.88622754491018,"06~11",94.32515337423312,84.07515158249241,94.32515337423312,5,"00~06","",TRUE,"분석 가능","메디힐병원",85.33869760479043,86.52694610778443,"100 - 16개 상권특성의 평균 절대 백분위 차이"
"곰달래도서관",3110665,"편의점",7.455012853470437,98.5,7.455012853470437,"11~14",93.83033419023135,21440.336968199397,93.83033419023135,5,"","",TRUE,"분석 가능","신방화역 2번",88.65681233933162,98.45758354755783,"100 - 16개 상권특성의 평균 절대 백분위 차이"
"KC대학교",3110666,"한식음식점",18.798665183537263,7.3788546255506615,18.798665183537263,"17~21",98.44271412680756,766.0716265433657,98.44271412680756,4,"00~06,21~24","",TRUE,"분석 가능","조원동주민센터",89.87764182424917,32.25806451612903,"100 - 16개 상권특성의 평균 절대 백분위 차이"
"가양역 10번",3110667,"한식음식점",67.40823136818688,0.9911894273127754,67.40823136818688,"뚜렷한 DEAD TIME 없음",0,0,0,5,"","",TRUE,"분석 가능","강서구청가양동별관",91.8103448275862,80.53392658509455,"100 - 16개 상권특성의 평균 절대 백분위 차이"
"가양역 10번",3110667,"분식전문점",91.7312661498708,0.24449877750611246,91.7312661498708,"뚜렷한 DEAD TIME 없음",0,0,0,5,"","",TRUE,"분석 가능","경향신문사",88.56589147286822,94.05684754521964,"100 - 16개 상권특성의 평균 절대 백분위 차이"
"가양역 10번",3110667,"호프-간이주점",36.27254509018036,0.3883495145631068,36.27254509018036,"뚜렷한 DEAD TIME 없음",0,0,0,3,"06~11,11~14","",TRUE,"분석 가능","영등포시장역 1번",91.53306613226452,93.3867735470942,"100 - 16개 상권특성의 평균 절대 백분위 차이"
"가양역 10번",3110667,"커피-음료",89.07185628742515,0.8733624454148471,89.07185628742515,"뚜렷한 DEAD TIME 없음",0,0,0,5,"","",TRUE,"분석 가능","강서구청가양동별관",92.74887724550898,97.60479041916167,"100 - 16개 상권특성의 평균 절대 백분위 차이"
"가양역 10번",3110667,"편의점",39.84575835475578,0.25,39.84575835475578,"뚜렷한 DEAD TIME 없음",0,0,0,5,"","",TRUE,"분석 가능","충정로현대아파트",90.76156812339332,87.66066838046272,"100 - 16개 상권특성의 평균 절대 백분위 차이"
"화곡2동주민센터",3110668,"한식음식점",59.62180200222469,93.06167400881057,59.62180200222469,"뚜렷한 DEAD TIME 없음",0,0,0,5,"","",TRUE,"분석 가능","암사역 1번",93.15906562847609,60.734149054505004,"100 - 16개 상권특성의 평균 절대 백분위 차이"
"화곡2동주민센터",3110668,"분식전문점",26.873385012919897,87.28606356968214,26.873385012919897,"뚜렷한 DEAD TIME 없음",0,0,0,5,"","",TRUE,"분석 가능","응암역 3번",90.1001291989664,41.86046511627907,"100 - 16개 상권특성의 평균 절대 백분위 차이"
"화곡2동주민센터",3110668,"호프-간이주점",37.4749498997996,89.32038834951457,37.4749498997996,"11~14",90.22346368715084,253.91584934936682,90.22346368715084,5,"","",TRUE,"분석 가능","굽은다리역 1번(십자성마을)",90.05511022044088,93.5871743486974,"100 - 16개 상권특성의 평균 절대 백분위 차이"
"화곡2동주민센터",3110668,"커피-음료",21.706586826347305,91.26637554585153,21.706586826347305,"21~24",95.06172839506173,337.3019285975467,95.06172839506173,5,"00~06","",TRUE,"분석 가능","북가좌2동주민센터",91.66354790419162,68.41317365269461,"100 - 16개 상권특성의 평균 절대 백분위 차이"
"화곡2동주민센터",3110668,"편의점",81.23393316195373,87,81.23393316195373,"뚜렷한 DEAD TIME 없음",0,0,0,5,"","",TRUE,"분석 가능","남강고등학교(남강중학교)",92.51285347043702,97.42930591259639,"100 - 16개 상권특성의 평균 절대 백분위 차이"
"화곡보람2차아파트",3110669,"한식음식점",25.472747497219135,2.2026431718061676,25.472747497219135,"뚜렷한 DEAD TIME 없음",0,0,0,5,"","",TRUE,"분석 가능","조원동주민센터",88.81395995550612,32.25806451612903,"100 - 16개 상권특성의 평균 절대 백분위 차이"
"신곡초등학교",3110670,"한식음식점",93.88209121245829,75.22026431718062,93.88209121245829,"뚜렷한 DEAD TIME 없음",0,0,0,5,"","",TRUE,"분석 가능","예술인마을",86.33898776418243,97.8865406006674,"100 - 16개 상권특성의 평균 절대 백분위 차이"
"신곡초등학교",3110670,"커피-음료",21.107784431137723,70.45123726346434,21.107784431137723,"뚜렷한 DEAD TIME 없음",0,0,0,5,"00~06","",TRUE,"분석 가능","강서고등학교",92.61788922155688,25.149700598802394,"100 - 16개 상권특성의 평균 절대 백분위 차이"
"신곡초등학교",3110670,"편의점",54.498714652956295,57.49999999999999,54.498714652956295,"뚜렷한 DEAD TIME 없음",0,0,0,5,"","",TRUE,"분석 가능","역촌역 3번",89.37982005141389,58.09768637532133,"100 - 16개 상권특성의 평균 절대 백분위 차이"
"등촌1동주민센터",3110671,"한식음식점",24.47163515016685,80.72687224669603,24.47163515016685,"뚜렷한 DEAD TIME 없음",0,0,0,5,"","",TRUE,"분석 가능","염곡동 구룡사(포이동성당)",91.59482758620689,26.696329254727473,"100 - 16개 상권특성의 평균 절대 백분위 차이"
"등촌1동주민센터",3110671,"분식전문점",13.695090439276486,66.25916870415648,13.695090439276486,"21~24",91.23376623376623,818.5869413025199,91.23376623376623,5,"","",TRUE,"분석 가능","선유도역 1번",87.46770025839793,79.58656330749353,"100 - 16개 상권특성의 평균 절대 백분위 차이"
"등촌1동주민센터",3110671,"호프-간이주점",38.07615230460922,71.6504854368932,38.07615230460922,"뚜렷한 DEAD TIME 없음",0,0,0,5,"","",TRUE,"분석 가능","염곡동 구룡사(포이동성당)",92.91082164328658,71.7434869739479,"100 - 16개 상권특성의 평균 절대 백분위 차이"
"등촌1동주민센터",3110671,"커피-음료",45.808383233532936,77.00145560407569,45.808383233532936,"뚜렷한 DEAD TIME 없음",0,0,0,5,"00~06","",TRUE,"분석 가능","염곡동 구룡사(포이동성당)",92.06586826347305,58.23353293413174,"100 - 16개 상권특성의 평균 절대 백분위 차이"
"등촌1동주민센터",3110671,"편의점",62.98200514138818,65.75,62.98200514138818,"뚜렷한 DEAD TIME 없음",0,0,0,5,"","",TRUE,"분석 가능","둔촌동역 1번(한산중학교)",83.27442159383034,73.52185089974293,"100 - 16개 상권특성의 평균 절대 백분위 차이"
"뜸부기어린이공원",3110673,"한식음식점",15.127919911012237,54.29515418502202,15.127919911012237,"14~17",90.42316258351893,1556.4864336303842,90.42316258351893,5,"","",TRUE,"분석 가능","문성초등학교",89.64822024471634,56.17352614015573,"100 - 16개 상권특성의 평균 절대 백분위 차이"
"뜸부기어린이공원",3110673,"호프-간이주점",61.523046092184366,38.83495145631068,61.523046092184366,"뚜렷한 DEAD TIME 없음",0,0,0,3,"06~11,11~14","",TRUE,"분석 가능","화곡역 2번",85.78406813627255,66.13226452905812,"100 - 16개 상권특성의 평균 절대 백분위 차이"
"뜸부기어린이공원",3110673,"편의점",72.49357326478149,32.5,72.49357326478149,"뚜렷한 DEAD TIME 없음",0,0,0,5,"","",TRUE,"분석 가능","홍제3동주민센터",87.58033419023137,91.25964010282776,"100 - 16개 상권특성의 평균 절대 백분위 차이"
"강서구청가양동별관",3110674,"한식음식점",80.53392658509455,1.762114537444934,80.53392658509455,"뚜렷한 DEAD TIME 없음",0,0,0,5,"00~06","",TRUE,"분석 가능","마포경찰서",89.15461624026696,86.87430478309233,"100 - 16개 상권특성의 평균 절대 백분위 차이"
"강서구청가양동별관",3110674,"커피-음료",97.60479041916167,1.3100436681222707,97.60479041916167,"뚜렷한 DEAD TIME 없음",0,0,0,4,"00~06,21~24","",TRUE,"분석 가능","강동성심병원",86.34917664670658,99.55089820359282,"100 - 16개 상권특성의 평균 절대 백분위 차이"
"화곡4동주민센터",3110675,"한식음식점",12.791991101223582,87.66519823788546,12.791991101223582,"14~17",96.5478841870824,1482.0653298473756,96.5478841870824,4,"06~11","",TRUE,"분석 가능","용마초등학교",89.30061179087875,47.38598442714127,"100 - 16개 상권특성의 평균 절대 백분위 차이"
"화곡4동주민센터",3110675,"분식전문점",10.594315245478036,78.239608801956,10.594315245478036,"21~24",99.67532467532467,461.21443622328513,99.67532467532467,5,"","",TRUE,"분석 가능","신정역 5번",88.00064599483204,37.98449612403101,"100 - 16개 상권특성의 평균 절대 백분위 차이"
"화곡4동주민센터",3110675,"호프-간이주점",72.14428857715431,81.16504854368932,72.14428857715431,"뚜렷한 DEAD TIME 없음",0,0,0,5,"","",TRUE,"분석 가능","신정역 5번",88.43937875751503,76.55310621242485,"100 - 16개 상권특성의 평균 절대 백분위 차이"
"화곡4동주민센터",3110675,"커피-음료",1.9461077844311379,85.00727802037845,1.9461077844311379,"21~24",92.06349206349206,233.88655707837503,92.06349206349206,5,"00~06","",TRUE,"분석 가능","신정역 5번",90.33495508982035,79.19161676646706,"100 - 16개 상권특성의 평균 절대 백분위 차이"
"화곡4동주민센터",3110675,"편의점",41.90231362467866,77.25,41.90231362467866,"뚜렷한 DEAD TIME 없음",0,0,0,5,"","",TRUE,"분석 가능","구산보건지소",88.92994858611824,53.470437017994854,"100 - 16개 상권특성의 평균 절대 백분위 차이"
"등촌역 7번",3110676,"한식음식점",NA,30.286343612334804,NA,"뚜렷한 DEAD TIME 없음",0,0,0,0,"","00~06,06~11,11~14,14~17,17~21,21~24",FALSE,"활동 또는 관측 근거 부족",NA,NA,NA,"100 - 16개 상권특성의 평균 절대 백분위 차이"
"등촌역 1번",3110677,"한식음식점",84.09343715239154,13.876651982378855,84.09343715239154,"뚜렷한 DEAD TIME 없음",0,0,0,5,"","",TRUE,"분석 가능","문래소공원",87.6598998887653,86.65183537263627,"100 - 16개 상권특성의 평균 절대 백분위 차이"
"염창무학아파트",3110678,"한식음식점",67.853170189099,9.911894273127754,67.853170189099,"06~11",95.42857142857143,57.21780487871238,95.42857142857143,5,"","",TRUE,"분석 가능","염창역 2번",85.00417130144605,91.21245828698554,"100 - 16개 상권특성의 평균 절대 백분위 차이"
"염창역 2번",3110679,"한식음식점",91.21245828698554,21.255506607929515,91.21245828698554,"뚜렷한 DEAD TIME 없음",0,0,0,5,"","",TRUE,"분석 가능",NA,NA,NA,"100 - 16개 상권특성의 평균 절대 백분위 차이"
"온수역 5번(온수산업단지)",3110680,"한식음식점",92.65850945494995,10.242290748898679,92.65850945494995,"뚜렷한 DEAD TIME 없음",0,0,0,5,"","",TRUE,"분석 가능","성북초등학교앞",84.44104560622914,93.54838709677419,"100 - 16개 상권특성의 평균 절대 백분위 차이"
"온수역 5번(온수산업단지)",3110680,"호프-간이주점",56.91382765531062,3.4951456310679614,56.91382765531062,"뚜렷한 DEAD TIME 없음",0,0,0,3,"06~11,11~14","",TRUE,"분석 가능","보문역 8번",84.4313627254509,98.99799599198397,"100 - 16개 상권특성의 평균 절대 백분위 차이"
"온수역 1번",3110681,"한식음식점",92.32480533926585,0.4405286343612335,92.32480533926585,"뚜렷한 DEAD TIME 없음",0,0,0,5,"","",TRUE,"분석 가능","아현역 1번",86.0817575083426,98.99888765294772,"100 - 16개 상권특성의 평균 절대 백분위 차이"
"온수역 1번",3110681,"호프-간이주점",51.703406813627254,0.1941747572815534,51.703406813627254,"뚜렷한 DEAD TIME 없음",0,0,0,4,"06~11","",TRUE,"분석 가능","아현역 4번",88.06362725450903,74.74949899799599,"100 - 16개 상권특성의 평균 절대 백분위 차이"
"서울공연예술고등학교",3110684,"한식음식점",67.74193548387096,1.8722466960352422,67.74193548387096,"뚜렷한 DEAD TIME 없음",0,0,0,5,"00~06","",TRUE,"분석 가능","번동주공2단지",83.18270300333704,92.76974416017798,"100 - 16개 상권특성의 평균 절대 백분위 차이"
"서울공연예술고등학교",3110684,"분식전문점",66.9250645994832,1.2224938875305624,66.9250645994832,"뚜렷한 DEAD TIME 없음",0,0,0,5,"","",TRUE,"분석 가능","금천철쭉어린이공원(금하마을)",81.4922480620155,92.50645994832041,"100 - 16개 상권특성의 평균 절대 백분위 차이"
"서울공연예술고등학교",3110684,"커피-음료",96.10778443113772,1.455604075691412,96.10778443113772,"뚜렷한 DEAD TIME 없음",0,0,0,5,"00~06","",TRUE,"분석 가능","강일동주민센터",80.81025449101796,97.0059880239521,"100 - 16개 상권특성의 평균 절대 백분위 차이"
"서울공연예술고등학교",3110684,"편의점",40.87403598971722,0.75,40.87403598971722,"뚜렷한 DEAD TIME 없음",0,0,0,5,"","",TRUE,"분석 가능","장훈고등학교",81.33033419023137,41.38817480719794,"100 - 16개 상권특성의 평균 절대 백분위 차이"
"금강수목원아파트",3110685,"한식음식점",79.64404894327029,2.753303964757709,79.64404894327029,"뚜렷한 DEAD TIME 없음",0,0,0,5,"","",TRUE,"분석 가능","중곡어린이공원",86.18604004449388,99.55506117908787,"100 - 16개 상권특성의 평균 절대 백분위 차이"
"수궁동주민센터",3110686,"한식음식점",91.54616240266962,52.863436123348016,91.54616240266962,"뚜렷한 DEAD TIME 없음",0,0,0,5,"","",TRUE,"분석 가능","삼성산자연공원(서울금천초등학교)",84.94855394883204,93.77085650723026,"100 - 16개 상권특성의 평균 절대 백분위 차이"
"수궁동주민센터",3110686,"분식전문점",73.64341085271317,35.94132029339853,73.64341085271317,"뚜렷한 DEAD TIME 없음",0,0,0,5,"","",TRUE,"분석 가능","시흥초등학교(시흥1동우체국)",89.35723514211887,83.4625322997416,"100 - 16개 상권특성의 평균 절대 백분위 차이"
"수궁동주민센터",3110686,"호프-간이주점",71.5430861723447,37.4757281553398,71.5430861723447,"뚜렷한 DEAD TIME 없음",0,0,0,5,"","",TRUE,"분석 가능","해오름공원",85.87174348697395,88.57715430861724,"100 - 16개 상권특성의 평균 절대 백분위 차이"
"수궁동주민센터",3110686,"커피-음료",7.335329341317365,47.161572052401745,7.335329341317365,"14~17",97.75449101796407,213.31753175847933,97.75449101796407,5,"00~06","",TRUE,"분석 가능","남천초등학교",88.17365269461078,65.11976047904191,"100 - 16개 상권특성의 평균 절대 백분위 차이"
"천왕역 3번(오류2동주민센터, 서울오류남초등학교)",3110687,"한식음식점",16.240266963292544,20.704845814977972,16.240266963292544,"뚜렷한 DEAD TIME 없음",0,0,0,5,"","",TRUE,"분석 가능","잠원역",91.65044493882091,91.87986651835372,"100 - 16개 상권특성의 평균 절대 백분위 차이"
"천왕역 3번(오류2동주민센터, 서울오류남초등학교)",3110687,"커피-음료",71.55688622754491,14.847161572052403,71.55688622754491,"뚜렷한 DEAD TIME 없음",0,0,0,5,"","",TRUE,"분석 가능","KB국민은행 서강지점",86.64857784431138,99.25149700598801,"100 - 16개 상권특성의 평균 절대 백분위 차이"
"오류지구대",3110688,"한식음식점",79.97775305895439,41.96035242290749,79.97775305895439,"뚜렷한 DEAD TIME 없음",0,0,0,5,"","",TRUE,"분석 가능","수궁동주민센터",88.07007786429367,91.54616240266962,"100 - 16개 상권특성의 평균 절대 백분위 차이"
"오류동역 3번",3110689,"한식음식점",28.9210233592881,75.33039647577093,28.9210233592881,"06~11",90.51428571428572,384.15751774083685,90.51428571428572,5,"","",TRUE,"분석 가능","동교초등학교",93.36763070077865,76.7519466073415,"100 - 16개 상권특성의 평균 절대 백분위 차이"
"오류동역 3번",3110689,"커피-음료",14.520958083832337,70.59679767103349,14.520958083832337,"뚜렷한 DEAD TIME 없음",0,0,0,5,"00~06","",TRUE,"분석 가능","화곡역 2번",90.55014970059881,18.113772455089823,"100 - 16개 상권특성의 평균 절대 백분위 차이"
"오류2동버들시장",3110690,"한식음식점",44.938820912124584,77.09251101321586,44.938820912124584,"뚜렷한 DEAD TIME 없음",0,0,0,5,"","",TRUE,"분석 가능","푸른들청소년도서관",90.91351501668521,52.28031145717463,"100 - 16개 상권특성의 평균 절대 백분위 차이"
"오류2동버들시장",3110690,"분식전문점",81.13695090439276,61.12469437652812,81.13695090439276,"뚜렷한 DEAD TIME 없음",0,0,0,5,"","",TRUE,"분석 가능",NA,NA,NA,"100 - 16개 상권특성의 평균 절대 백분위 차이"
"오류2동버들시장",3110690,"호프-간이주점",66.33266533066133,66.2135922330097,66.33266533066133,"뚜렷한 DEAD TIME 없음",0,0,0,4,"06~11","",TRUE,"분석 가능","마포구청역 7번",88.36422845691384,90.98196392785572,"100 - 16개 상권특성의 평균 절대 백분위 차이"
"오류2동버들시장",3110690,"커피-음료",58.982035928143716,72.7802037845706,58.982035928143716,"뚜렷한 DEAD TIME 없음",0,0,0,4,"00~06,21~24","",TRUE,"분석 가능","신월1동우편취급국",90.52208083832335,70.50898203592814,"100 - 16개 상권특성의 평균 절대 백분위 차이"
"오류2동버들시장",3110690,"편의점",26.47814910025707,60.25,26.47814910025707,"뚜렷한 DEAD TIME 없음",0,0,0,5,"","",TRUE,"분석 가능","자양동우체국",88.27120822622108,30.59125964010283,"100 - 16개 상권특성의 평균 절대 백분위 차이"
"개봉중학교",3110691,"한식음식점",49.2769744160178,39.86784140969163,49.2769744160178,"뚜렷한 DEAD TIME 없음",0,0,0,5,"","",TRUE,"분석 가능","강서구다솔마을",87.81979977753058,95.10567296996662,"100 - 16개 상권특성의 평균 절대 백분위 차이"
"개봉중학교",3110691,"호프-간이주점",22.84569138276553,23.883495145631066,22.84569138276553,"21~24",100,81.32686047854857,100,5,"","",TRUE,"분석 가능","벌말어린이공원",86.87374749498998,48.69739478957916,"100 - 16개 상권특성의 평균 절대 백분위 차이"
"큰굴다리",3110692,"한식음식점",71.0789766407119,65.52863436123349,71.0789766407119,"뚜렷한 DEAD TIME 없음",0,0,0,5,"","",TRUE,"분석 가능","예술인마을",88.46635150166851,97.8865406006674,"100 - 16개 상권특성의 평균 절대 백분위 차이"
"오류동역 4번",3110693,"한식음식점",37.04115684093437,10.79295154185022,37.04115684093437,"뚜렷한 DEAD TIME 없음",0,0,0,5,"","",TRUE,"분석 가능","천동초등학교",84.21857619577308,97.10789766407119,"100 - 16개 상권특성의 평균 절대 백분위 차이"
"세곡초등학교",3110694,"한식음식점",60.17797552836485,92.18061674008811,60.17797552836485,"뚜렷한 DEAD TIME 없음",0,0,0,5,"","",TRUE,"분석 가능","굽은다리역 1번(십자성마을)",91.28197997775305,93.43715239154616,"100 - 16개 상권특성의 평균 절대 백분위 차이"
"세곡초등학교",3110694,"분식전문점",41.60206718346253,85.57457212713936,41.60206718346253,"뚜렷한 DEAD TIME 없음",0,0,0,5,"","",TRUE,"분석 가능","푸른들청소년도서관",89.47028423772609,53.229974160206716,"100 - 16개 상권특성의 평균 절대 백분위 차이"
"세곡초등학교",3110694,"호프-간이주점",65.33066132264528,87.96116504854369,65.33066132264528,"뚜렷한 DEAD TIME 없음",0,0,0,5,"","",TRUE,"분석 가능","푸른들청소년도서관",89.74198396793587,85.77154308617234,"100 - 16개 상권특성의 평균 절대 백분위 차이"
"세곡초등학교",3110694,"커피-음료",10.029940119760479,90.1018922852984,10.029940119760479,"11~14",97.30134932533733,755.0556668307133,97.30134932533733,5,"","",TRUE,"분석 가능","화곡2동주민센터",92.75823353293413,21.706586826347305,"100 - 16개 상권특성의 평균 절대 백분위 차이"
"개봉1동주민센터",3110695,"한식음식점",23.24805339265851,77.75330396475772,23.24805339265851,"뚜렷한 DEAD TIME 없음",0,0,0,5,"","",TRUE,"분석 가능","한울중학교",90.134872080089,58.620689655172406,"100 - 16개 상권특성의 평균 절대 백분위 차이"
"개봉1동주민센터",3110695,"분식전문점",NA,61.61369193154034,NA,"뚜렷한 DEAD TIME 없음",0,0,0,0,"","00~06,06~11,11~14,14~17,17~21,21~24",FALSE,"활동 또는 관측 근거 부족",NA,NA,NA,"100 - 16개 상권특성의 평균 절대 백분위 차이"
"개봉1동주민센터",3110695,"호프-간이주점",33.06613226452906,67.18446601941747,33.06613226452906,"뚜렷한 DEAD TIME 없음",0,0,0,5,"","",TRUE,"분석 가능","해오름공원",85.43336673346693,88.57715430861724,"100 - 16개 상권특성의 평균 절대 백분위 차이"
"개봉1동주민센터",3110695,"커피-음료",57.33532934131736,73.21688500727802,57.33532934131736,"뚜렷한 DEAD TIME 없음",0,0,0,5,"00~06","",TRUE,"분석 가능","해오름공원",90.6062874251497,82.03592814371258,"100 - 16개 상권특성의 평균 절대 백분위 차이"
"개봉1동주민센터",3110695,"편의점",NA,61,NA,"뚜렷한 DEAD TIME 없음",0,0,0,0,"","00~06,06~11,11~14,14~17,17~21,21~24",FALSE,"활동 또는 관측 근거 부족",NA,NA,NA,"100 - 16개 상권특성의 평균 절대 백분위 차이"
"오류동역 1번",3110696,"한식음식점",90.10011123470522,53.964757709251096,90.10011123470522,"뚜렷한 DEAD TIME 없음",0,0,0,5,"00~06","",TRUE,"분석 가능","예술인마을",86.9785873192436,97.8865406006674,"100 - 16개 상권특성의 평균 절대 백분위 차이"
"개봉3동주민센터",3110697,"한식음식점",4.78309232480534,28.634361233480178,4.78309232480534,"14~17",98.21826280623608,526.8653500283476,98.21826280623608,4,"00~06,06~11","",TRUE,"분석 가능","천호초등학교",88.75139043381535,83.64849833147943,"100 - 16개 상권특성의 평균 절대 백분위 차이"
"개봉3동주민센터",3110697,"커피-음료",31.137724550898206,22.12518195050946,31.137724550898206,"뚜렷한 DEAD TIME 없음",0,0,0,5,"00~06","",TRUE,"분석 가능","독산동정훈단지",91.21444610778443,89.37125748502994,"100 - 16개 상권특성의 평균 절대 백분위 차이"
"개웅초등학교(개웅중학교)",3110698,"한식음식점",39.48832035595105,45.70484581497797,39.48832035595105,"뚜렷한 DEAD TIME 없음",0,0,0,5,"","",TRUE,"분석 가능","역촌역 3번",89.0920467185762,88.87652947719688,"100 - 16개 상권특성의 평균 절대 백분위 차이"
"개웅초등학교(개웅중학교)",3110698,"분식전문점",5.943152454780361,28.361858190709043,5.943152454780361,"11~14",99.48051948051948,436.2013211025065,99.48051948051948,4,"06~11","",TRUE,"분석 가능","당고개역 5번",90.27777777777779,10.852713178294573,"100 - 16개 상권특성의 평균 절대 백분위 차이"
"개웅초등학교(개웅중학교)",3110698,"호프-간이주점",49.899799599198396,29.126213592233007,49.899799599198396,"14~17",90.6318082788671,86.49636209297294,90.6318082788671,3,"06~11,11~14","",TRUE,"분석 가능","수유1동주민센터",89.55410821643287,96.79358717434869,"100 - 16개 상권특성의 평균 절대 백분위 차이"
"덕의초등학교",3110699,"한식음식점",45.05005561735261,33.92070484581498,45.05005561735261,"뚜렷한 DEAD TIME 없음",0,0,0,5,"","",TRUE,"분석 가능","굽은다리역 3번",89.98192436040044,55.951056729699665,"100 - 16개 상권특성의 평균 절대 백분위 차이"
"덕의초등학교",3110699,"분식전문점",12.4031007751938,17.6039119804401,12.4031007751938,"뚜렷한 DEAD TIME 없음",0,0,0,5,"","",TRUE,"분석 가능","문성초등학교",84.56072351421189,92.76485788113695,"100 - 16개 상권특성의 평균 절대 백분위 차이"
"덕의초등학교",3110699,"호프-간이주점",71.34268537074149,17.66990291262136,71.34268537074149,"뚜렷한 DEAD TIME 없음",0,0,0,2,"06~11,11~14,14~17","",TRUE,"분석 가능","신길6동주민센터",83.32915831663327,91.38276553106212,"100 - 16개 상권특성의 평균 절대 백분위 차이"
"덕의초등학교",3110699,"커피-음료",30.688622754491018,27.365356622998544,30.688622754491018,"뚜렷한 DEAD TIME 없음",0,0,0,5,"00~06","",TRUE,"분석 가능","방학초등학교",88.66017964071857,52.544910179640716,"100 - 16개 상권특성의 평균 절대 백분위 차이"
"고척초등학교",3110700,"한식음식점",29.699666295884313,68.5022026431718,29.699666295884313,"뚜렷한 DEAD TIME 없음",0,0,0,5,"","",TRUE,"분석 가능","노원초등학교",87.6598998887653,82.31368186874305,"100 - 16개 상권특성의 평균 절대 백분위 차이"
"고척동성당",3110701,"한식음식점",66.0734149054505,50.66079295154186,66.0734149054505,"뚜렷한 DEAD TIME 없음",0,0,0,5,"","",TRUE,"분석 가능","벌말어린이공원",90.66323692992214,79.53281423804228,"100 - 16개 상권특성의 평균 절대 백분위 차이"
"고척동성당",3110701,"커피-음료",57.784431137724546,44.54148471615721,57.784431137724546,"뚜렷한 DEAD TIME 없음",0,0,0,5,"00~06","",TRUE,"분석 가능","벌말어린이공원",88.40755988023952,59.73053892215569,"100 - 16개 상권특성의 평균 절대 백분위 차이"
"개봉초등학교",3110702,"한식음식점",24.694104560622915,86.01321585903084,24.694104560622915,"뚜렷한 DEAD TIME 없음",0,0,0,5,"","",TRUE,"분석 가능","신정롯데캐슬아파트",84.74694104560623,43.159065628476085,"100 - 16개 상권특성의 평균 절대 백분위 차이"
"개봉초등학교",3110702,"호프-간이주점",11.22244488977956,79.2233009708738,11.22244488977956,"17~21",94.97991967871486,275.8191031245969,94.97991967871486,3,"11~14,14~17","",TRUE,"분석 가능","신정롯데캐슬아파트",82.77805611222445,38.276553106212425,"100 - 16개 상권특성의 평균 절대 백분위 차이"
"개봉초등학교",3110702,"커피-음료",20.808383233532936,83.26055312954877,20.808383233532936,"뚜렷한 DEAD TIME 없음",0,0,0,4,"00~06,21~24","",TRUE,"분석 가능","강북구청",83.64520958083833,53.443113772455085,"100 - 16개 상권특성의 평균 절대 백분위 차이"
"개봉역",3110703,"한식음식점",54.61624026696329,44.16299559471366,54.61624026696329,"뚜렷한 DEAD TIME 없음",0,0,0,5,"","",TRUE,"분석 가능","수락산디자인거리",88.369021134593993,58.73192436040044,"100 - 16개 상권특성의 평균 절대 백분위 차이"
"개봉역",3110703,"분식전문점",89.92248062015504,26.405867970660147,89.92248062015504,"뚜렷한 DEAD TIME 없음",0,0,0,5,"00~06","",TRUE,"분석 가능",NA,NA,NA,"100 - 16개 상권특성의 평균 절대 백분위 차이"
"개봉역",3110703,"호프-간이주점",44.68937875751503,27.378640776699033,44.68937875751503,"뚜렷한 DEAD TIME 없음",0,0,0,5,"","",TRUE,"분석 가능","창동역 2번",90.70641282565131,73.74749498997996,"100 - 16개 상권특성의 평균 절대 백분위 차이"
"개봉역",3110703,"커피-음료",81.58682634730539,37.117903930131,81.58682634730539,"뚜렷한 DEAD TIME 없음",0,0,0,5,"00~06","",TRUE,"분석 가능","창동역 2번",90.74663173652695,94.311377245509,"100 - 16개 상권특성의 평균 절대 백분위 차이"
"개봉역",3110703,"편의점",27.506426735218508,20.5,27.506426735218508,"뚜렷한 DEAD TIME 없음",0,0,0,5,"","",TRUE,"분석 가능","방학역 2번",89.02634961439588,34.19023136246786,"100 - 16개 상권특성의 평균 절대 백분위 차이"
"고척중학교",3110704,"한식음식점",90.32258064516128,1.5418502202643172,90.32258064516128,"뚜렷한 DEAD TIME 없음",0,0,0,5,"00~06","",TRUE,"분석 가능","아현역 1번",84.2463848720801,98.99888765294772,"100 - 16개 상권특성의 평균 절대 백분위 차이"
"그라운드 고척",3110706,"한식음식점",56.61846496106785,20.814977973568283,56.61846496106785,"뚜렷한 DEAD TIME 없음",0,0,0,5,"","",TRUE,"분석 가능","상계역",90.41991101223581,78.30923248053394,"100 - 16개 상권특성의 평균 절대 백분위 차이"
"그라운드 고척",3110706,"분식전문점",76.74418604651163,8.80195599022005,76.74418604651163,"뚜렷한 DEAD TIME 없음",0,0,0,5,"","",TRUE,"분석 가능","상계역",89.68023255813954,81.3953488372093,"100 - 16개 상권특성의 평균 절대 백분위 차이"
"그라운드 고척",3110706,"호프-간이주점",75.55110220440882,8.54368932038835,75.55110220440882,"뚜렷한 DEAD TIME 없음",0,0,0,5,"","",TRUE,"분석 가능","용산구청",84.1558116232465,83.36673346693387,"100 - 16개 상권특성의 평균 절대 백분위 차이"
"그라운드 고척",3110706,"커피-음료",86.67664670658682,14.992721979621543,86.67664670658682,"뚜렷한 DEAD TIME 없음",0,0,0,5,"","",TRUE,"분석 가능","상계역",88.52919161676647,96.40718562874252,"100 - 16개 상권특성의 평균 절대 백분위 차이"
"그라운드 고척",3110706,"편의점",86.63239074550128,6.75,86.63239074550128,"뚜렷한 DEAD TIME 없음",0,0,0,5,"","",TRUE,"분석 가능",NA,NA,NA,"100 - 16개 상권특성의 평균 절대 백분위 차이"
"구로창업지원센터",3110707,"한식음식점",36.373748609566185,69.8237885462555,36.373748609566185,"뚜렷한 DEAD TIME 없음",0,0,0,5,"","",TRUE,"분석 가능","수락산역 4번",86.44327030033371,83.20355951056729,"100 - 16개 상권특성의 평균 절대 백분위 차이"
"구로창업지원센터",3110707,"호프-간이주점",34.06813627254509,56.310679611650485,34.06813627254509,"뚜렷한 DEAD TIME 없음",0,0,0,3,"06~11,11~14","",TRUE,"분석 가능","개봉역",85.35821643286573,44.68937875751503,"100 - 16개 상권특성의 평균 절대 백분위 차이"
"화원어린이공원",3110708,"분식전문점",68.21705426356588,19.315403422982886,68.21705426356588,"뚜렷한 DEAD TIME 없음",0,0,0,5,"","",TRUE,"분석 가능","대림역 2번",82.08979328165374,83.97932816537468,"100 - 16개 상권특성의 평균 절대 백분위 차이"
"화원어린이공원",3110708,"호프-간이주점",0.6012024048096193,19.223300970873787,0.6012024048096193,"17~21",99.79919678714859,135.80247976142854,99.79919678714859,4,"00~06,06~11","",TRUE,"분석 가능","혜원여고",86.15981963927857,94.98997995991984,"100 - 16개 상권특성의 평균 절대 백분위 차이"
"구로119안전센터",3110709,"한식음식점",39.71078976640712,66.85022026431719,39.71078976640712,"뚜렷한 DEAD TIME 없음",0,0,0,5,"","",TRUE,"분석 가능","동묘앞역 2번",87.8615127919911,58.509454949944384,"100 - 16개 상권특성의 평균 절대 백분위 차이"
"구로119안전센터",3110709,"호프-간이주점",44.88977955911824,53.20388349514563,44.88977955911824,"뚜렷한 DEAD TIME 없음",0,0,0,4,"06~11","",TRUE,"분석 가능","신길2동우편취급국",84.58166332665331,61.12224448897795,"100 - 16개 상권특성의 평균 절대 백분위 차이"
"남구로역 3번",3110710,"한식음식점",84.31590656284762,95.48458149779736,84.31590656284762,"뚜렷한 DEAD TIME 없음",0,0,0,5,"","",TRUE,"분석 가능",NA,NA,NA,"100 - 16개 상권특성의 평균 절대 백분위 차이"
"남구로역 3번",3110710,"분식전문점",74.16020671834626,91.19804400977995,74.16020671834626,"뚜렷한 DEAD TIME 없음",0,0,0,5,"","",TRUE,"분석 가능","곰달래도서관",85.94961240310077,93.7984496124031,"100 - 16개 상권특성의 평균 절대 백분위 차이"
"남구로역 3번",3110710,"호프-간이주점",42.48496993987976,93.00970873786409,42.48496993987976,"뚜렷한 DEAD TIME 없음",0,0,0,5,"","",TRUE,"분석 가능","길동주민센터(강동도서관)",84.3311623246493,59.919839679358724,"100 - 16개 상권특성의 평균 절대 백분위 차이"
"남구로역 3번",3110710,"편의점",44.73007712082262,91.25,44.73007712082262,"뚜렷한 DEAD TIME 없음",0,0,0,5,"","",TRUE,"분석 가능","성수119안전센터",84.70437017994858,98.7146529562982,"100 - 16개 상권특성의 평균 절대 백분위 차이"
"구로초등학교",3110711,"한식음식점",16.68520578420467,73.12775330396477,16.68520578420467,"뚜렷한 DEAD TIME 없음",0,0,0,5,"","",TRUE,"분석 가능","메디힐병원",89.86373748609566,71.412680756396,"100 - 16개 상권특성의 평균 절대 백분위 차이"
"구로초등학교",3110711,"호프-간이주점",57.11422845691383,61.165048543689316,57.11422845691383,"뚜렷한 DEAD TIME 없음",0,0,0,4,"06~11","",TRUE,"분석 가능","상일여고(상일초등학교)",87.24949899799599,99.39879759519037,"100 - 16개 상권특성의 평균 절대 백분위 차이"
"구로초등학교",3110711,"커피-음료",60.62874251497006,68.12227074235808,60.62874251497006,"뚜렷한 DEAD TIME 없음",0,0,0,5,"00~06","",TRUE,"분석 가능","메디힐병원",89.1186377245509,86.52694610778443,"100 - 16개 상권특성의 평균 절대 백분위 차이"
"남구로역 5번",3110712,"한식음식점",33.59288097886541,96.0352422907489,33.59288097886541,"뚜렷한 DEAD TIME 없음",0,0,0,5,"","",TRUE,"분석 가능","자양4동주민센터",84.92074527252502,53.83759733036707,"100 - 16개 상권특성의 평균 절대 백분위 차이"
"남구로역 5번",3110712,"호프-간이주점",35.07014028056113,93.7864077669903,35.07014028056113,"뚜렷한 DEAD TIME 없음",0,0,0,5,"","",TRUE,"분석 가능","자양4동주민센터",83.89278557114228,79.15831663326654,"100 - 16개 상권특성의 평균 절대 백분위 차이"
"남구로역 5번",3110712,"커피-음료",NA,94.90538573508006,NA,"뚜렷한 DEAD TIME 없음",0,0,0,0,"","00~06,06~11,11~14,14~17,17~21,21~24",FALSE,"활동 또는 관측 근거 부족",NA,NA,NA,"100 - 16개 상권특성의 평균 절대 백분위 차이"
"남구로역 5번",3110712,"편의점",65.80976863753213,92.25,65.80976863753213,"뚜렷한 DEAD TIME 없음",0,0,0,5,"","",TRUE,"분석 가능","신정역 1번",84.44730077120822,82.26221079691517,"100 - 16개 상권특성의 평균 절대 백분위 차이"
"구로보건소",3110713,"한식음식점",21.46829810901001,96.36563876651982,21.46829810901001,"뚜렷한 DEAD TIME 없음",0,0,0,5,"","",TRUE,"분석 가능","신방화역 2번",93.48581757508343,64.293659621802007,"100 - 16개 상권특성의 평균 절대 백분위 차이"
"구로보건소",3110713,"분식전문점",27.906976744186046,92.90953545232273,27.906976744186046,"뚜렷한 DEAD TIME 없음",0,0,0,4,"00~06,21~24","",TRUE,"분석 가능","신방화역 2번",91.37596899224806,95.09043927648578,"100 - 16개 상권특성의 평균 절대 백분위 차이"
"구로보건소",3110713,"호프-간이주점",79.95991983967936,94.1747572815534,79.95991983967936,"뚜렷한 DEAD TIME 없음",0,0,0,5,"","",TRUE,"분석 가능","대청초등학교",86.62324649298596,92.98597194388778,"100 - 16개 상권특성의 평균 절대 백분위 차이"
"구로보건소",3110713,"커피-음료",27.694610778443113,95.34206695778748,27.694610778443113,"뚜렷한 DEAD TIME 없음",0,0,0,5,"","",TRUE,"분석 가능","신방화역 2번",92.81437125748504,49.550898203592816,"100 - 16개 상권특성의 평균 절대 백분위 차이"
"구로보건소",3110713,"편의점",3.0848329048843186,92.75,3.0848329048843186,"11~14",98.20051413881748,29953.56964874061,98.20051413881748,5,"","",TRUE,"분석 가능","신방화역 2번",90.03856041131105,98.45758354755783,"100 - 16개 상권특성의 평균 절대 백분위 차이"
"구로4동주민센터",3110714,"한식음식점",53.61512791991101,81.4977973568282,53.61512791991101,"뚜렷한 DEAD TIME 없음",0,0,0,5,"","",TRUE,"분석 가능","장안근린공원",87.91017797552837,77.30812013348165,"100 - 16개 상권특성의 평균 절대 백분위 차이"
"구로4동주민센터",3110714,"분식전문점",91.21447028423772,67.72616136919315,91.21447028423772,"뚜렷한 DEAD TIME 없음",0,0,0,5,"00~06","",TRUE,"분석 가능","문성초등학교",84.31847545219637,92.76485788113695,"100 - 16개 상권특성의 평균 절대 백분위 차이"
"구로4동주민센터",3110714,"호프-간이주점",48.49699398797595,72.81553398058253,48.49699398797595,"뚜렷한 DEAD TIME 없음",0,0,0,5,"","",TRUE,"분석 가능","신월1파출소",89.92985971943888,58.116232464929865,"100 - 16개 상권특성의 평균 절대 백분위 차이"
"구로4동주민센터",3110714,"커피-음료",94.76047904191617,78.02037845705968,94.76047904191617,"뚜렷한 DEAD TIME 없음",0,0,0,5,"00~06","",TRUE,"분석 가능","석계역 7번",85.09543413173652,98.65269461077844,"100 - 16개 상권특성의 평균 절대 백분위 차이"
"구로4동주민센터",3110714,"편의점",70.17994858611826,66.5,70.17994858611826,"뚜렷한 DEAD TIME 없음",0,0,0,5,"","",TRUE,"분석 가능","방학1동주민센터",86.2146529562982,71.72236503856041,"100 - 16개 상권특성의 평균 절대 백분위 차이"
"구로구민회관",3110715,"한식음식점",48.49833147942158,19.7136563876652,48.49833147942158,"21~24",98.31271091113611,321.11332560626994,98.31271091113611,5,"","",TRUE,"분석 가능","아현역 1번",86.9785873192436,98.99888765294772,"100 - 16개 상권특성의 평균 절대 백분위 차이"
"구로나눔길",3110716,"한식음식점",59.733036707452726,27.75330396475771,59.733036707452726,"뚜렷한 DEAD TIME 없음",0,0,0,5,"","",TRUE,"분석 가능","은평요양병원",86.48498331479422,64.73859844271412,"100 - 16개 상권특성의 평균 절대 백분위 차이"
"구로나눔길",3110716,"호프-간이주점",18.637274549098194,13.398058252427184,18.637274549098194,"17~21",93.17269076305222,753.0036080976212,93.17269076305222,3,"06~11,11~14","",TRUE,"분석 가능","대동초등학교",83.66733466933869,39.078156312625254,"100 - 16개 상권특성의 평균 절대 백분위 차이"
"구로나눔길",3110716,"커피-음료",91.1676646706587,21.542940320232898,91.1676646706587,"뚜렷한 DEAD TIME 없음",0,0,0,5,"00~06","",TRUE,"분석 가능","강일동주민센터",83.18675149700599,97.0059880239521,"100 - 16개 상권특성의 평균 절대 백분위 차이"
"남구로역 2번",3110717,"한식음식점",13.904338153503893,99.11894273127754,13.904338153503893,"14~17",94.65478841870824,15440.960683331748,94.65478841870824,5,"","",TRUE,"분석 가능","장평중학교",87.57647385984427,14.126807563959956,"100 - 16개 상권특성의 평균 절대 백분위 차이"
"남구로역 2번",3110717,"분식전문점",35.917312661498705,98.0440097799511,35.917312661498705,"뚜렷한 DEAD TIME 없음",0,0,0,5,"00~06","",TRUE,"분석 가능","남구로역 3번",86.67635658914729,74.16020671834626,"100 - 16개 상권특성의 평균 절대 백분위 차이"
"남구로역 2번",3110717,"호프-간이주점",41.28256513026052,98.64077669902913,41.28256513026052,"뚜렷한 DEAD TIME 없음",0,0,0,5,"","",TRUE,"분석 가능","남구로역 3번",87.04909819639278,42.48496993987976,"100 - 16개 상권특성의 평균 절대 백분위 차이"
"남구로역 2번",3110717,"커피-음료",65.86826347305389,98.83551673944687,65.86826347305389,"뚜렷한 DEAD TIME 없음",0,0,0,5,"00~06","",TRUE,"분석 가능","메디힐병원",82.9247754491018,86.52694610778443,"100 - 16개 상권특성의 평균 절대 백분위 차이"
"남구로역 2번",3110717,"편의점",44.2159383033419,98,44.2159383033419,"뚜렷한 DEAD TIME 없음",0,0,0,5,"","",TRUE,"분석 가능","남구로역 3번",83.53149100257069,44.73007712082262,"100 - 16개 상권특성의 평균 절대 백분위 차이"
"한국SGI본부",3110718,"한식음식점",18.46496106785317,67.73127753303964,18.46496106785317,"14~17",91.31403118040089,30646.888157944704,91.31403118040089,5,"","",TRUE,"분석 가능","성수동카페거리",88.83481646273637,48.05339265850945,"100 - 16개 상권특성의 평균 절대 백분위 차이"
"한국SGI본부",3110718,"호프-간이주점",69.13827655310621,53.980582524271846,69.13827655310621,"뚜렷한 DEAD TIME 없음",0,0,0,5,"","",TRUE,"분석 가능","성수동카페거리",87.1993987975952,90.38076152304609,"100 - 16개 상권특성의 평균 절대 백분위 차이"
"한국SGI본부",3110718,"커피-음료",40.26946107784431,63.02765647743813,40.26946107784431,"뚜렷한 DEAD TIME 없음",0,0,0,5,"00~06","",TRUE,"분석 가능","발산역 5번",88.61339820359282,75.89820359281437,"100 - 16개 상권특성의 평균 절대 백분위 차이"
"대림역 2번",3110720,"한식음식점",82.53615127919912,56.82819383259912,82.53615127919912,"뚜렷한 DEAD TIME 없음",0,0,0,5,"","",TRUE,"분석 가능","시흥초등학교(시흥1동우체국)",87.61123470522803,88.09788654060067,"100 - 16개 상권특성의 평균 절대 백분위 차이"
"대림역 2번",3110720,"분식전문점",83.97932816537468,40.09779951100245,83.97932816537468,"뚜렷한 DEAD TIME 없음",0,0,0,5,"","",TRUE,"분석 가능","장안제일시장",83.85012919896641,96.38242894056847,"100 - 16개 상권특성의 평균 절대 백분위 차이"
"대림역 2번",3110720,"호프-간이주점",32.06412825651302,40.97087378640777,32.06412825651302,"뚜렷한 DEAD TIME 없음",0,0,0,4,"06~11","",TRUE,"분석 가능","도신초등학교",88.21392785571143,68.7374749498998,"100 - 16개 상권특성의 평균 절대 백분위 차이"
"대림역 2번",3110720,"커피-음료",81.437125748502993,51.382823871906844,81.437125748502993,"뚜렷한 DEAD TIME 없음",0,0,0,5,"00~06","",TRUE,"분석 가능","쌍문2동우체국",88.9127994011976,90.11976047904191,"100 - 16개 상권특성의 평균 절대 백분위 차이"
"대림역 2번",3110720,"편의점",30.848329048843187,35.25,30.848329048843187,"뚜렷한 DEAD TIME 없음",0,0,0,5,"","",TRUE,"분석 가능","도신초등학교",86.11825192802056,72.75064267352185,"100 - 16개 상권특성의 평균 절대 백분위 차이"
"가리봉파출소",3110721,"한식음식점",34.92769744160178,70.59471365638767,34.92769744160178,"뚜렷한 DEAD TIME 없음",0,0,0,5,"","",TRUE,"분석 가능","송정체육공원",89.293659621802007,61.40155728587319,"100 - 16개 상권특성의 평균 절대 백분위 차이"
"가리봉파출소",3110721,"호프-간이주점",48.897795591182366,57.66990291262136,48.897795591182366,"뚜렷한 DEAD TIME 없음",0,0,0,4,"06~11","",TRUE,"분석 가능","쌍문역1번(쌍리단길)",84.16833667334669,67.73547094188376,"100 - 16개 상권특성의 평균 절대 백분위 차이"
"가리봉파출소",3110721,"커피-음료",36.67664670658682,65.64774381368268,36.67664670658682,"06~11",90.79754601226993,54.844811554196156,90.79754601226993,5,"00~06","",TRUE,"분석 가능","경찰병원역 3번",87.98652694610777,77.84431137724552,"100 - 16개 상권특성의 평균 절대 백분위 차이"
"가리봉파출소",3110721,"편의점",23.90745501285347,52.25,23.90745501285347,"뚜렷한 DEAD TIME 없음",0,0,0,5,"","",TRUE,"분석 가능","효창공원앞역 2번",87.62853470437018,40.3598971722365,"100 - 16개 상권특성의 평균 절대 백분위 차이"
"G타워",3110722,"한식음식점",1.557285873192436,28.083700440528638,1.557285873192436,"14~17",99.55456570155901,4281.139431638721,99.55456570155901,4,"06~11","",TRUE,"분석 가능","충무초등학교",87.43743047830922,4.226918798665183,"100 - 16개 상권특성의 평균 절대 백분위 차이"
"G타워",3110722,"분식전문점",63.565891472868216,13.93643031784841,63.565891472868216,"뚜렷한 DEAD TIME 없음",0,0,0,5,"","",TRUE,"분석 가능","문정역 1번",86.54715762273902,94.83204134366925,"100 - 16개 상권특성의 평균 절대 백분위 차이"
"G타워",3110722,"커피-음료",21.25748502994012,21.83406113537118,21.25748502994012,"뚜렷한 DEAD TIME 없음",0,0,0,5,"","",TRUE,"분석 가능","선정릉역 4번",89.73615269461078,63.17365269461078,"100 - 16개 상권특성의 평균 절대 백분위 차이"
"G타워",3110722,"편의점",42.41645244215938,10.25,42.41645244215938,"뚜렷한 DEAD TIME 없음",0,0,0,5,"","",TRUE,"분석 가능","선정릉역 4번",90.66516709511568,81.49100257069408,"100 - 16개 상권특성의 평균 절대 백분위 차이"
"가산디지털단지역 1번 출입구",3110723,"한식음식점",8.008898776418242,18.3920704845815,8.008898776418242,"06~11",95.08571428571429,903.8541767794583,95.08571428571429,5,"","",TRUE,"분석 가능","영등포시장역 4번",89.91935483870968,33.70411568409344,"100 - 16개 상권특성의 평균 절대 백분위 차이"
"가산디지털단지역 1번 출입구",3110723,"분식전문점",15.762273901808785,7.334963325183375,15.762273901808785,"뚜렷한 DEAD TIME 없음",0,0,0,2,"06~11,11~14,14~17","",TRUE,"분석 가능","신사은행나무공원",90.26162790697674,20.41343669250646,"100 - 16개 상권특성의 평균 절대 백분위 차이"
"가산디지털단지역 1번 출입구",3110723,"호프-간이주점",86.57314629258516,7.572815533980583,86.57314629258516,"뚜렷한 DEAD TIME 없음",0,0,0,3,"06~11,11~14","",TRUE,"분석 가능","영등포시장역 1번",89.96743486973948,93.3867735470942,"100 - 16개 상권특성의 평균 절대 백분위 차이"
"금천구립가산도서관",3110724,"한식음식점",19.911012235817573,41.740088105726876,19.911012235817573,"뚜렷한 DEAD TIME 없음",0,0,0,5,"","",TRUE,"분석 가능","관악해태어린이공원",92.00500556173526,45.49499443826474,"100 - 16개 상권특성의 평균 절대 백분위 차이"
"금천구립가산도서관",3110724,"분식전문점",53.746770025839794,24.205378973105134,53.746770025839794,"뚜렷한 DEAD TIME 없음",0,0,0,5,"00~06","",TRUE,"분석 가능","가산동우체국",85.78811369509044,93.54005167958657,"100 - 16개 상권특성의 평균 절대 백분위 차이"
"금천구립가산도서관",3110724,"편의점",59.6401028277635,19.5,59.6401028277635,"뚜렷한 DEAD TIME 없음",0,0,0,5,"","",TRUE,"분석 가능","양화대교북단",86.80912596401028,95.62982005141389,"100 - 16개 상권특성의 평균 절대 백분위 차이"
"가산동주민센터",3110725,"한식음식점",53.50389321468298,18.83259911894273,53.50389321468298,"뚜렷한 DEAD TIME 없음",0,0,0,5,"","",TRUE,"분석 가능","영등포구청역 2번",86.53364849833147,55.72858731924361,"100 - 16개 상권특성의 평균 절대 백분위 차이"
"가산동주민센터",3110725,"호프-간이주점",57.91583166332666,7.961165048543689,57.91583166332666,"뚜렷한 DEAD TIME 없음",0,0,0,5,"","",TRUE,"분석 가능","가산디지털단지역 1번 출입구",88.56462925851703,86.57314629258516,"100 - 16개 상권특성의 평균 절대 백분위 차이"
"가산동주민센터",3110725,"커피-음료",55.98802395209581,13.537117903930133,55.98802395209581,"뚜렷한 DEAD TIME 없음",0,0,0,5,"00~06","",TRUE,"분석 가능","덕성여대시반거리",86.1059131736527,82.48502994011976,"100 - 16개 상권특성의 평균 절대 백분위 차이"
"가산동주민센터",3110725,"편의점",82.51928020565553,5.25,82.51928020565553,"뚜렷한 DEAD TIME 없음",0,0,0,5,"","",TRUE,"분석 가능","충정로현대아파트",80.59125964010283,87.66066838046272,"100 - 16개 상권특성의 평균 절대 백분위 차이"
"금천철쭉어린이공원(금하마을)",3110726,"한식음식점",37.263626251390434,19.162995594713657,37.263626251390434,"뚜렷한 DEAD TIME 없음",0,0,0,5,"","",TRUE,"분석 가능","난곡초등학교(난곡동벽화마을)",89.32842046718577,87.54171301446051,"100 - 16개 상권특성의 평균 절대 백분위 차이"
"금천철쭉어린이공원(금하마을)",3110726,"분식전문점",92.50645994832041,7.823960880195599,92.50645994832041,"뚜렷한 DEAD TIME 없음",0,0,0,4,"00~06,21~24","",TRUE,"분석 가능","서울여자간호대학교",84.60917312661498,93.02325581395348,"100 - 16개 상권특성의 평균 절대 백분위 차이"
"금천철쭉어린이공원(금하마을)",3110726,"커피-음료",33.38323353293413,13.828238719068414,33.38323353293413,"뚜렷한 DEAD TIME 없음",0,0,0,5,"00~06","",TRUE,"분석 가능","서울북부고용노동지청",89.57709580838323,45.359281437125745,"100 - 16개 상권특성의 평균 절대 백분위 차이"
"독산역 1번 출입구",3110727,"한식음식점",80.86763070077865,35.5726872246696,80.86763070077865,"뚜렷한 DEAD TIME 없음",0,0,0,5,"","",TRUE,"분석 가능","돌곶이역 3번",84.61484983314794,93.65962180200222,"100 - 16개 상권특성의 평균 절대 백분위 차이"
"독산역 1번 출입구",3110727,"커피-음료",NA,28.38427947598253,NA,"뚜렷한 DEAD TIME 없음",0,0,0,0,"","00~06,06~11,11~14,14~17,17~21,21~24",FALSE,"활동 또는 관측 근거 부족",NA,NA,NA,"100 - 16개 상권특성의 평균 절대 백분위 차이"
"독산역 1번 출입구",3110727,"편의점",10.025706940874036,15.5,10.025706940874036,"14~17",93.83033419023135,26015.56056141328,93.83033419023135,5,"","",TRUE,"분석 가능","서울축산농협 독산역지점(독산파출소)",91.74164524421593,96.40102827763496,"100 - 16개 상권특성의 평균 절대 백분위 차이"
"두산초등학교",3110728,"한식음식점",81.20133481646273,15.638766519823788,81.20133481646273,"뚜렷한 DEAD TIME 없음",0,0,0,5,"","",TRUE,"분석 가능","서울교통공사",87.61123470522804,89.21023359288098,"100 - 16개 상권특성의 평균 절대 백분위 차이"
"두산초등학교",3110728,"커피-음료",39.52095808383233,10.625909752547306,39.52095808383233,"뚜렷한 DEAD TIME 없음",0,0,0,4,"00~06,21~24","",TRUE,"분석 가능","강남세브란스병원미래의학연구센터",88.24850299401199,90.26946107784431,"100 - 16개 상권특성의 평균 절대 백분위 차이"
"가산동우체국",3110729,"한식음식점",31.92436040044494,49.118942731277535,31.92436040044494,"뚜렷한 DEAD TIME 없음",0,0,0,5,"","",TRUE,"분석 가능","서원동주민센터(신관중학교)",88.29254727474972,54.39377085650723,"100 - 16개 상권특성의 평균 절대 백분위 차이"
"가산동우체국",3110729,"분식전문점",93.54005167958657,31.54034229828851,93.54005167958657,"뚜렷한 DEAD TIME 없음",0,0,0,5,"","",TRUE,"분석 가능",NA,NA,NA,"100 - 16개 상권특성의 평균 절대 백분위 차이"
"가산동우체국",3110729,"호프-간이주점",27.45490981963928,33.398058252427184,27.45490981963928,"뚜렷한 DEAD TIME 없음",0,0,0,5,"","",TRUE,"분석 가능","성신여대입구역 7번",87.7129258517034,66.93386773547094,"100 - 16개 상권특성의 평균 절대 백분위 차이"
"가산동우체국",3110729,"커피-음료",36.227544910179645,42.64919941775837,36.227544910179645,"뚜렷한 DEAD TIME 없음",0,0,0,5,"00~06","",TRUE,"분석 가능","신원동주민센터",89.27769461077844,91.91616766467065,"100 - 16개 상권특성의 평균 절대 백분위 차이"
"가산동우체국",3110729,"편의점",85.60411311053984,26,85.60411311053984,"뚜렷한 DEAD TIME 없음",0,0,0,5,"","",TRUE,"분석 가능","양화대교북단",84.57583547557842,95.62982005141389,"100 - 16개 상권특성의 평균 절대 백분위 차이"
"서울축산농협 독산역지점(독산파출소)",3110730,"한식음식점",35.81757508342603,43.06167400881058,35.81757508342603,"뚜렷한 DEAD TIME 없음",0,0,0,5,"","",TRUE,"분석 가능","독산역 1번 출입구",90.30172413793103,80.86763070077865,"100 - 16개 상권특성의 평균 절대 백분위 차이"
"서울축산농협 독산역지점(독산파출소)",3110730,"호프-간이주점",88.37675350701403,26.601941747572816,88.37675350701403,"뚜렷한 DEAD TIME 없음",0,0,0,4,"11~14","",TRUE,"분석 가능","한겨레신문사",86.29759519038076,97.79559118236473,"100 - 16개 상권특성의 평균 절대 백분위 차이"
"서울축산농협 독산역지점(독산파출소)",3110730,"커피-음료",35.62874251497006,35.662299854439595,35.62874251497006,"뚜렷한 DEAD TIME 없음",0,0,0,5,"00~06","",TRUE,"분석 가능","한겨레신문사",88.07073353293413,85.17964071856288,"100 - 16개 상권특성의 평균 절대 백분위 차이"
"서울축산농협 독산역지점(독산파출소)",3110730,"편의점",96.40102827763496,20,96.40102827763496,"뚜렷한 DEAD TIME 없음",0,0,0,5,"","",TRUE,"분석 가능",NA,NA,NA,"100 - 16개 상권특성의 평균 절대 백분위 차이"
"금천구청역 1번 출입구",3110731,"한식음식점",38.04226918798665,26.87224669603524,38.04226918798665,"뚜렷한 DEAD TIME 없음",0,0,0,5,"","",TRUE,"분석 가능","발산역 5번",89.89154616240268,44.71635150166852,"100 - 16개 상권특성의 평균 절대 백분위 차이"
"금천구청역 1번 출입구",3110731,"분식전문점",63.82428940568475,13.447432762836186,63.82428940568475,"뚜렷한 DEAD TIME 없음",0,0,0,4,"21~24","",TRUE,"분석 가능","문현중학교(장지역 1번)",85.578165374677,78.29457364341084,"100 - 16개 상권특성의 평균 절대 백분위 차이"
"금천구청역 1번 출입구",3110731,"호프-간이주점",58.717434869739485,12.815533980582524,58.717434869739485,"뚜렷한 DEAD TIME 없음",0,0,0,5,"","",TRUE,"분석 가능","창덕궁",86.68587174348697,59.318637274549104,"100 - 16개 상권특성의 평균 절대 백분위 차이"
"금천구청역 1번 출입구",3110731,"커피-음료",64.22155688622755,21.106259097525474,64.22155688622755,"뚜렷한 DEAD TIME 없음",0,0,0,5,"00~06","",TRUE,"분석 가능","발산역 5번",92.4869011976048,75.89820359281437,"100 - 16개 상권특성의 평균 절대 백분위 차이"
"가산초등학교(세일중학교)",3110732,"한식음식점",71.85761957730811,38.43612334801762,71.85761957730811,"뚜렷한 DEAD TIME 없음",0,0,0,5,"","",TRUE,"분석 가능","공군호텔",89.57869855394883,76.52947719688544,"100 - 16개 상권특성의 평균 절대 백분위 차이"
"가산초등학교(세일중학교)",3110732,"분식전문점",39.53488372093023,21.76039119804401,39.53488372093023,"뚜렷한 DEAD TIME 없음",0,0,0,5,"00~06","",TRUE,"분석 가능","서연중학교",88.72739018087856,77.00258397932816,"100 - 16개 상권특성의 평균 절대 백분위 차이"
"가산초등학교(세일중학교)",3110732,"호프-간이주점",75.1503006012024,22.52427184466019,75.1503006012024,"뚜렷한 DEAD TIME 없음",0,0,0,5,"","",TRUE,"분석 가능","경리단길북측",84.99498997995993,89.37875751503006,"100 - 16개 상권특성의 평균 절대 백분위 차이"
"가산초등학교(세일중학교)",3110732,"커피-음료",84.13173652694611,31.58660844250364,84.13173652694611,"뚜렷한 DEAD TIME 없음",0,0,0,5,"","",TRUE,"분석 가능","성동초등학교",88.31399700598801,91.46706586826348,"100 - 16개 상권특성의 평균 절대 백분위 차이"
"금천어울림복지센터",3110733,"한식음식점",73.74860956618465,18.502202643171806,73.74860956618465,"뚜렷한 DEAD TIME 없음",0,0,0,5,"00~06","",TRUE,"분석 가능","법제교육센터(버들어린이공원)",88.3551167964405,75.63959955506118,"100 - 16개 상권특성의 평균 절대 백분위 차이"
"말미고개",3110735,"한식음식점",20.355951056729698,60.13215859030837,20.355951056729698,"뚜렷한 DEAD TIME 없음",0,0,0,5,"","",TRUE,"분석 가능","삼전역 3번",91.30978865406007,66.51835372636262,"100 - 16개 상권특성의 평균 절대 백분위 차이"
"말미고개",3110735,"호프-간이주점",75.35070140280561,44.271844660194176,75.35070140280561,"뚜렷한 DEAD TIME 없음",0,0,0,4,"06~11","",TRUE,"분석 가능","양지어린이공원",87.93837675350701,96.19238476953907,"100 - 16개 상권특성의 평균 절대 백분위 차이"
"말미고개",3110735,"커피-음료",14.37125748502994,55.31295487627366,14.37125748502994,"17~21",90.990990990991,1912.3603123158327,90.990990990991,4,"00~06,21~24","",TRUE,"분석 가능","자양한강도서관",91.87874251497006,83.23353293413174,"100 - 16개 상권특성의 평균 절대 백분위 차이"
"독산119안전센터",3110736,"한식음식점",60.28921023359288,57.15859030837004,60.28921023359288,"뚜렷한 DEAD TIME 없음",0,0,0,5,"","",TRUE,"분석 가능","시흥초등학교(시흥1동우체국)",93.95856507230256,88.09788654060067,"100 - 16개 상권특성의 평균 절대 백분위 차이"
"독산119안전센터",3110736,"호프-간이주점",21.64328657314629,41.359223300970875,21.64328657314629,"11~14",98.04469273743017,731.6883774932679,98.04469273743017,5,"","",TRUE,"분석 가능","한울중학교",89.40380761523046,29.258517034068138,"100 - 16개 상권특성의 평균 절대 백분위 차이"
"독산119안전센터",3110736,"커피-음료",0.29940119760479045,51.81950509461426,0.29940119760479045,"17~21",98.64864864864865,1002.4909619611842,98.64864864864865,4,"00~06,06~11","",TRUE,"분석 가능","시흥초등학교(시흥1동우체국)",89.96070359281437,2.5449101796407185,"100 - 16개 상권특성의 평균 절대 백분위 차이"
"독산119안전센터",3110736,"편의점",61.43958868894601,35.5,61.43958868894601,"뚜렷한 DEAD TIME 없음",0,0,0,5,"","",TRUE,"분석 가능","시흥초등학교(시흥1동우체국)",90.92223650385604,80.719794344473,"100 - 16개 상권특성의 평균 절대 백분위 차이"
"금천세무서",3110737,"한식음식점",31.03448275862069,63.21585903083701,31.03448275862069,"뚜렷한 DEAD TIME 없음",0,0,0,5,"","",TRUE,"분석 가능","신대방삼거리역 3번",88.28559510567297,45.717463848720804,"100 - 16개 상권특성의 평균 절대 백분위 차이"
"금천세무서",3110737,"편의점",84.83290488431876,42.25,84.83290488431876,"뚜렷한 DEAD TIME 없음",0,0,0,5,"","",TRUE,"분석 가능","외대앞역 1번",83.77249357326478,92.80205655526991,"100 - 16개 상권특성의 평균 절대 백분위 차이"
"문성초등학교",3110738,"한식음식점",56.17352614015573,42.180616740088105,56.17352614015573,"뚜렷한 DEAD TIME 없음",0,0,0,5,"","",TRUE,"분석 가능","대림1동주민센터",88.25778642936596,91.43492769744161,"100 - 16개 상권특성의 평균 절대 백분위 차이"
"문성초등학교",3110738,"분식전문점",92.76485788113695,24.69437652811736,92.76485788113695,"뚜렷한 DEAD TIME 없음",0,0,0,5,"","",TRUE,"분석 가능",NA,NA,NA,"100 - 16개 상권특성의 평균 절대 백분위 차이"
"문성초등학교",3110738,"호프-간이주점",23.04609218436874,25.8252427184466,23.04609218436874,"06~11",97.92387543252595,184.30257970250537,97.92387543252595,5,"","",TRUE,"분석 가능","대림1동주민센터",90.16783567134269,58.517034068136276,"100 - 16개 상권특성의 평균 절대 백분위 차이"
"문성초등학교",3110738,"커피-음료",90.41916167664671,34.49781659388647,90.41916167664671,"뚜렷한 DEAD TIME 없음",0,0,0,5,"","",TRUE,"분석 가능",NA,NA,NA,"100 - 16개 상권특성의 평균 절대 백분위 차이"
"시흥3동 우편취급국",3110739,"한식음식점",21.023359288097886,0.22026431718061676,21.023359288097886,"뚜렷한 DEAD TIME 없음",0,0,0,5,"00~06","",TRUE,"분석 가능","경복고등학교",90.70494994438265,83.98220244716352,"100 - 16개 상권특성의 평균 절대 백분위 차이"
"금천해태공원",3110740,"한식음식점",39.822024471635146,79.18502202643171,39.822024471635146,"뚜렷한 DEAD TIME 없음",0,0,0,5,"","",TRUE,"분석 가능","북가좌2동주민센터",92.95050055617352,95.77308120133482,"100 - 16개 상권특성의 평균 절대 백분위 차이"
"금천해태공원",3110740,"호프-간이주점",NA,69.32038834951456,NA,"뚜렷한 DEAD TIME 없음",0,0,0,0,"","00~06,06~11,11~14,14~17,17~21,21~24",FALSE,"활동 또는 관측 근거 부족",NA,NA,NA,"100 - 16개 상권특성의 평균 절대 백분위 차이"
"금천해태공원",3110740,"커피-음료",23.20359281437126,75.10917030567686,23.20359281437126,"뚜렷한 DEAD TIME 없음",0,0,0,5,"00~06","",TRUE,"분석 가능","신월4동주민센터",88.70696107784431,76.64670658682635,"100 - 16개 상권특성의 평균 절대 백분위 차이"
"금천해태공원",3110740,"편의점",21.079691516709513,63.74999999999999,21.079691516709513,"뚜렷한 DEAD TIME 없음",0,0,0,5,"","",TRUE,"분석 가능","해오름공원",91.13110539845759,23.39331619537275,"100 - 16개 상권특성의 평균 절대 백분위 차이"
"독산2동주민센터",3110741,"한식음식점",72.41379310344827,28.41409691629956,72.41379310344827,"뚜렷한 DEAD TIME 없음",0,0,0,5,"","",TRUE,"분석 가능","대림역 2번",87.24276974416017,82.53615127919912,"100 - 16개 상권특성의 평균 절대 백분위 차이"
"독산2동주민센터",3110741,"분식전문점",55.297157622739014,14.180929095354522,55.297157622739014,"21~24",93.18181818181817,206.29333089178894,93.18181818181817,5,"","",TRUE,"분석 가능","시흥초등학교(시흥1동우체국)",88.33979328165374,83.4625322997416,"100 - 16개 상권특성의 평균 절대 백분위 차이"
"독산2동주민센터",3110741,"호프-간이주점",96.59318637274549,13.78640776699029,96.59318637274549,"뚜렷한 DEAD TIME 없음",0,0,0,5,"","",TRUE,"분석 가능","수유1동주민센터",85.35821643286573,96.79358717434869,"100 - 16개 상권특성의 평균 절대 백분위 차이"
"KT금천빌딩(금천구시설관리공단)",3110742,"한식음식점",36.818687430478306,2.3127753303964758,36.818687430478306,"뚜렷한 DEAD TIME 없음",0,0,0,5,"","",TRUE,"분석 가능","방배동사이길",88.88348164627364,95.99555061179088,"100 - 16개 상권특성의 평균 절대 백분위 차이"
"KT금천빌딩(금천구시설관리공단)",3110742,"호프-간이주점",67.33466933867736,0.7766990291262136,67.33466933867736,"뚜렷한 DEAD TIME 없음",0,0,0,2,"00~06,06~11,11~14,14~17","",TRUE,"분석 가능","서울독일학교",90.31813627254509,89.77955911823648,"100 - 16개 상권특성의 평균 절대 백분위 차이"
"KT금천빌딩(금천구시설관리공단)",3110742,"커피-음료",98.35329341317365,1.8922852983988356,98.35329341317365,"뚜렷한 DEAD TIME 없음",0,0,0,5,"00~06","",TRUE,"분석 가능",NA,NA,NA,"100 - 16개 상권특성의 평균 절대 백분위 차이"
"시흥초등학교(시흥1동우체국)",3110743,"한식음식점",88.09788654060067,58.48017621145375,88.09788654060067,"뚜렷한 DEAD TIME 없음",0,0,0,5,"","",TRUE,"분석 가능","북가좌2동주민센터",89.50222469410456,95.77308120133482,"100 - 16개 상권특성의 평균 절대 백분위 차이"
"시흥초등학교(시흥1동우체국)",3110743,"분식전문점",83.4625322997416,41.80929095354523,83.4625322997416,"뚜렷한 DEAD TIME 없음",0,0,0,5,"","",TRUE,"분석 가능","성신여대운정그린캠퍼스",87.79069767441861,98.19121447028424,"100 - 16개 상권특성의 평균 절대 백분위 차이"
"시흥초등학교(시흥1동우체국)",3110743,"호프-간이주점",9.819639278557114,43.10679611650485,9.819639278557114,"뚜렷한 DEAD TIME 없음",0,0,0,5,"","",TRUE,"분석 가능","독산119안전센터",90.84418837675351,21.64328657314629,"100 - 16개 상권특성의 평균 절대 백분위 차이"
"시흥초등학교(시흥1동우체국)",3110743,"커피-음료",2.5449101796407185,53.275109170305676,2.5449101796407185,"06~11",96.93251533742331,37.116747975809396,96.93251533742331,5,"00~06","",TRUE,"분석 가능","금천해태공원",91.68226047904191,23.20359281437126,"100 - 16개 상권특성의 평균 절대 백분위 차이"
"시흥초등학교(시흥1동우체국)",3110743,"편의점",80.719794344473,37,80.719794344473,"뚜렷한 DEAD TIME 없음",0,0,0,5,"","",TRUE,"분석 가능","한울중학교",89.92609254498714,99.74293059125964,"100 - 16개 상권특성의 평균 절대 백분위 차이"
"독산동성당",3110744,"한식음식점",50.27808676307007,88.10572687224669,50.27808676307007,"뚜렷한 DEAD TIME 없음",0,0,0,5,"","",TRUE,"분석 가능","시흥동 은행나무사거리",91.15684093437153,65.40600667408232,"100 - 16개 상권특성의 평균 절대 백분위 차이"
"독산동성당",3110744,"분식전문점",29.198966408268735,78.97310513447434,29.198966408268735,"뚜렷한 DEAD TIME 없음",0,0,0,5,"","",TRUE,"분석 가능","남강고등학교(남강중학교)",88.24289405684755,69.50904392764858,"100 - 16개 상권특성의 평균 절대 백분위 차이"
"독산동성당",3110744,"호프-간이주점",25.651302605210418,81.74757281553397,25.651302605210418,"뚜렷한 DEAD TIME 없음",0,0,0,5,"","",TRUE,"분석 가능","신월1동우편취급국",90.01753507014028,29.058116232464933,"100 - 16개 상권특성의 평균 절대 백분위 차이"
"독산동성당",3110744,"커피-음료",73.35329341317365,85.44395924308587,73.35329341317365,"뚜렷한 DEAD TIME 없음",0,0,0,5,"00~06","",TRUE,"분석 가능","역촌노인복지관",91.51384730538922,83.08383233532935,"100 - 16개 상권특성의 평균 절대 백분위 차이"
"독산동정훈단지",3110745,"한식음식점",51.83537263626251,27.863436123348016,51.83537263626251,"뚜렷한 DEAD TIME 없음",0,0,0,5,"","",TRUE,"분석 가능","모래내우체국",89.21023359288098,72.19132369299221,"100 - 16개 상권특성의 평균 절대 백분위 차이"
"독산동정훈단지",3110745,"호프-간이주점",84.3687374749499,13.592233009708737,84.3687374749499,"뚜렷한 DEAD TIME 없음",0,0,0,5,"","",TRUE,"분석 가능","신월7동주민센터",83.20390781563127,99.79959919839679,"100 - 16개 상권특성의 평균 절대 백분위 차이"
"독산동정훈단지",3110745,"커피-음료",89.37125748502994,21.688500727802037,89.37125748502994,"뚜렷한 DEAD TIME 없음",0,0,0,5,"00~06","",TRUE,"분석 가능","모래내우체국",87.43450598802396,95.95808383233533,"100 - 16개 상권특성의 평균 절대 백분위 차이"
"금천금빛공원(은행나무사거리서측)",3110746,"한식음식점",85.53948832035594,13.766519823788546,85.53948832035594,"뚜렷한 DEAD TIME 없음",0,0,0,5,"","",TRUE,"분석 가능","응암3동주민센터",88.77919911012235,94.6607341490545,"100 - 16개 상권특성의 평균 절대 백분위 차이"
"금천금빛공원(은행나무사거리서측)",3110746,"호프-간이주점",37.07414829659319,5.242718446601942,37.07414829659319,"뚜렷한 DEAD TIME 없음",0,0,0,5,"","",TRUE,"분석 가능","독산동정훈단지",84.2059118236473,84.3687374749499,"100 - 16개 상권특성의 평균 절대 백분위 차이"
"석수역 1번 출입구",3110747,"한식음식점",61.29032258064516,14.427312775330398,61.29032258064516,"뚜렷한 DEAD TIME 없음",0,0,0,5,"","",TRUE,"분석 가능","염창역 2번",90.65628476084538,91.21245828698554,"100 - 16개 상권특성의 평균 절대 백분위 차이"
"석수역 1번 출입구",3110747,"분식전문점",80.62015503875969,5.623471882640587,80.62015503875969,"뚜렷한 DEAD TIME 없음",0,0,0,5,"","",TRUE,"분석 가능","마장역 2번",84.9967700258398,87.59689922480621,"100 - 16개 상권특성의 평균 절대 백분위 차이"
"석수역 1번 출입구",3110747,"호프-간이주점",81.76352705410822,5.436893203883495,81.76352705410822,"뚜렷한 DEAD TIME 없음",0,0,0,4,"06~11","",TRUE,"분석 가능","장안제일시장",82.35220440881764,89.57915831663327,"100 - 16개 상권특성의 평균 절대 백분위 차이"
"석수역 1번 출입구",3110747,"커피-음료",61.377245508982035,9.461426491994178,61.377245508982035,"뚜렷한 DEAD TIME 없음",0,0,0,5,"","",TRUE,"분석 가능","방화역 1번",84.97380239520959,96.8562874251497,"100 - 16개 상권특성의 평균 절대 백분위 차이"
"백산초등학교",3110748,"한식음식점",27.586206896551722,29.845814977973568,27.586206896551722,"뚜렷한 DEAD TIME 없음",0,0,0,5,"00~06","",TRUE,"분석 가능","서울여자간호대학교",88.37597330367075,55.06117908787542,"100 - 16개 상권특성의 평균 절대 백분위 차이"
"백산초등학교",3110748,"분식전문점",90.69767441860465,14.91442542787286,90.69767441860465,"뚜렷한 DEAD TIME 없음",0,0,0,4,"00~06,21~24","",TRUE,"분석 가능","서울여자간호대학교",86.78940568475453,93.02325581395348,"100 - 16개 상권특성의 평균 절대 백분위 차이"
"백산초등학교",3110748,"호프-간이주점",NA,14.563106796116504,NA,"뚜렷한 DEAD TIME 없음",0,0,0,0,"","00~06,06~11,11~14,14~17,17~21,21~24",FALSE,"활동 또는 관측 근거 부족",NA,NA,NA,"100 - 16개 상권특성의 평균 절대 백분위 차이"
"백산초등학교",3110748,"편의점",73.26478149100257,11.25,73.26478149100257,"뚜렷한 DEAD TIME 없음",0,0,0,5,"","",TRUE,"분석 가능","이수역 9번",86.40745501285348,83.29048843187661,"100 - 16개 상권특성의 평균 절대 백분위 차이"
"금산초등학교(금천고등학교)",3110749,"한식음식점",61.0678531701891,37.99559471365639,61.0678531701891,"뚜렷한 DEAD TIME 없음",0,0,0,5,"","",TRUE,"분석 가능","마포구청역 1번",83.79449388209122,85.20578420467186,"100 - 16개 상권특성의 평균 절대 백분위 차이"
"금산초등학교(금천고등학교)",3110749,"호프-간이주점",94.78957915831663,21.941747572815533,94.78957915831663,"뚜렷한 DEAD TIME 없음",0,0,0,5,"","",TRUE,"분석 가능",NA,NA,NA,"100 - 16개 상권특성의 평균 절대 백분위 차이"
"금산초등학교(금천고등학교)",3110749,"커피-음료",42.365269461077844,31.004366812227076,42.365269461077844,"뚜렷한 DEAD TIME 없음",0,0,0,5,"00~06","",TRUE,"분석 가능","증산역 3번",88.45434131736528,63.47305389221557,"100 - 16개 상권특성의 평균 절대 백분위 차이"
"시흥4동주민센터(서울신흥초등학교)",3110750,"한식음식점",43.60400444938821,50,43.60400444938821,"뚜렷한 DEAD TIME 없음",0,0,0,5,"","",TRUE,"분석 가능","신월4동주민센터",88.9182424916574,68.85428253615127,"100 - 16개 상권특성의 평균 절대 백분위 차이"
"시흥4동주민센터(서울신흥초등학교)",3110750,"분식전문점",37.2093023255814,32.51833740831296,37.2093023255814,"뚜렷한 DEAD TIME 없음",0,0,0,5,"00~06","",TRUE,"분석 가능","자양동우체국",85.73966408268734,48.06201550387597,"100 - 16개 상권특성의 평균 절대 백분위 차이"
"시흥4동주민센터(서울신흥초등학교)",3110750,"호프-간이주점",17.034068136272545,34.56310679611651,17.034068136272545,"17~21",93.97590361445783,143.84625154123478,93.97590361445783,3,"11~14,14~17","",TRUE,"분석 가능","도신초등학교",88.72745490981964,68.7374749498998,"100 - 16개 상권특성의 평균 절대 백분위 차이"
"시흥4동주민센터(서울신흥초등학교)",3110750,"커피-음료",98.05389221556887,43.66812227074236,98.05389221556887,"뚜렷한 DEAD TIME 없음",0,0,0,5,"00~06","",TRUE,"분석 가능","굽은다리역 2번",87.82747005988024,98.95209580838323,"100 - 16개 상권특성의 평균 절대 백분위 차이"
"난곡중학교",3110751,"한식음식점",10.344827586206897,73.45814977973568,10.344827586206897,"17~21",91.65739710789767,1519.0885139051702,91.65739710789767,5,"00~06","",TRUE,"분석 가능","역촌역 3번",89.47441601779755,88.87652947719688,"100 - 16개 상권특성의 평균 절대 백분위 차이"
"한울중학교",3110752,"한식음식점",58.620689655172406,53.19383259911894,58.620689655172406,"뚜렷한 DEAD TIME 없음",0,0,0,5,"","",TRUE,"분석 가능","시흥초등학교(시흥1동우체국)",91.25417130144605,88.09788654060067,"100 - 16개 상권특성의 평균 절대 백분위 차이"
"한울중학교",3110752,"분식전문점",49.6124031007752,36.674816625916876,49.6124031007752,"뚜렷한 DEAD TIME 없음",0,0,0,5,"","",TRUE,"분석 가능","시흥초등학교(시흥1동우체국)",88.33979328165374,83.4625322997416,"100 - 16개 상권특성의 평균 절대 백분위 차이"
"한울중학교",3110752,"호프-간이주점",29.258517034068138,37.86407766990291,29.258517034068138,"뚜렷한 DEAD TIME 없음",0,0,0,4,"06~11","",TRUE,"분석 가능","화곡2동주민센터",90.01753507014027,37.4749498997996,"100 - 16개 상권특성의 평균 절대 백분위 차이"
"한울중학교",3110752,"커피-음료",4.940119760479042,47.59825327510917,4.940119760479042,"17~21",96.996996996997,2126.6734012774195,96.996996996997,4,"00~06,21~24","",TRUE,"분석 가능","남천초등학교",90.78405688622755,65.11976047904191,"100 - 16개 상권특성의 평균 절대 백분위 차이"
"한울중학교",3110752,"편의점",99.74293059125964,30.75,99.74293059125964,"뚜렷한 DEAD TIME 없음",0,0,0,5,"","",TRUE,"분석 가능",NA,NA,NA,"100 - 16개 상권특성의 평균 절대 백분위 차이"
"시흥동 은행나무사거리",3110753,"한식음식점",65.40600667408232,63.87665198237885,65.40600667408232,"뚜렷한 DEAD TIME 없음",0,0,0,5,"","",TRUE,"분석 가능","신월4동주민센터",89.58565072302558,68.85428253615127,"100 - 16개 상권특성의 평균 절대 백분위 차이"
"시흥동 은행나무사거리",3110753,"분식전문점",41.08527131782946,47.67726161369193,41.08527131782946,"뚜렷한 DEAD TIME 없음",0,0,0,5,"","",TRUE,"분석 가능","남천초등학교",89.5671834625323,67.18346253229974,"100 - 16개 상권특성의 평균 절대 백분위 차이"
"시흥동 은행나무사거리",3110753,"호프-간이주점",87.97595190380761,49.12621359223301,87.97595190380761,"뚜렷한 DEAD TIME 없음",0,0,0,5,"","",TRUE,"분석 가능","수유1동주민센터",85.74649298597194,96.79358717434869,"100 - 16개 상권특성의 평균 절대 백분위 차이"
"시흥동 은행나무사거리",3110753,"커피-음료",66.46706586826348,59.243085880640464,66.46706586826348,"뚜렷한 DEAD TIME 없음",0,0,0,5,"00~06","",TRUE,"분석 가능","역촌노인복지관",89.49288922155688,83.08383233532935,"100 - 16개 상권특성의 평균 절대 백분위 차이"
"시흥동 은행나무사거리",3110753,"편의점",96.91516709511568,43,96.91516709511568,"뚜렷한 DEAD TIME 없음",0,0,0,5,"","",TRUE,"분석 가능","한울중학교",86.90552699228792,99.74293059125964,"100 - 16개 상권특성의 평균 절대 백분위 차이"
"삼성산자연공원(서울금천초등학교)",3110754,"한식음식점",93.77085650723026,69.49339207048459,93.77085650723026,"뚜렷한 DEAD TIME 없음",0,0,0,5,"","",TRUE,"분석 가능","신곡초등학교",87.68770856507231,93.88209121245829,"100 - 16개 상권특성의 평균 절대 백분위 차이"
"삼성산자연공원(서울금천초등학교)",3110754,"호프-간이주점",17.635270541082164,55.72815533980583,17.635270541082164,"뚜렷한 DEAD TIME 없음",0,0,0,5,"","",TRUE,"분석 가능","수유1동주민센터",91.53306613226452,96.79358717434869,"100 - 16개 상권특성의 평균 절대 백분위 차이"
"동일여자고등학교",3110755,"한식음식점",73.97107897664071,17.841409691629956,73.97107897664071,"뚜렷한 DEAD TIME 없음",0,0,0,5,"00~06","",TRUE,"분석 가능","방화역 3번",90.96913236929922,82.09121245828699,"100 - 16개 상권특성의 평균 절대 백분위 차이"
"동일여자고등학교",3110755,"호프-간이주점",81.3627254509018,6.990291262135923,81.3627254509018,"뚜렷한 DEAD TIME 없음",0,0,0,5,"","",TRUE,"분석 가능","신서초등학교",92.47244488977955,89.17835671342685,"100 - 16개 상권특성의 평균 절대 백분위 차이"
"동일여자고등학교",3110755,"커피-음료",53.74251497005989,12.663755458515283,53.74251497005989,"뚜렷한 DEAD TIME 없음",0,0,0,5,"00~06","",TRUE,"분석 가능","방화역 3번",89.37125748502994,71.7065868263473,"100 - 16개 상권특성의 평균 절대 백분위 차이"
"문래중학교",3110756,"한식음식점",8.78754171301446,16.079295154185022,8.78754171301446,"14~17",97.7728285077951,580.3009559411664,97.7728285077951,5,"00~06","",TRUE,"분석 가능","등촌역 1번",91.9980533926585,84.09343715239154,"100 - 16개 상권특성의 평균 절대 백분위 차이"
"문래중학교",3110756,"커피-음료",37.87425149700599,11.06259097525473,37.87425149700599,"뚜렷한 DEAD TIME 없음",0,0,0,4,"00~06,21~24","",TRUE,"분석 가능","경찰병원역 3번",87.94910179640718,77.84431137724552,"100 - 16개 상권특성의 평균 절대 백분위 차이"
"양평역 2번",3110757,"한식음식점",32.59176863181313,9.140969162995596,32.59176863181313,"뚜렷한 DEAD TIME 없음",0,0,0,5,"","",TRUE,"분석 가능","효창공원앞역 5번",88.22997775305895,70.30033370411569,"100 - 16개 상권특성의 평균 절대 백분위 차이"
"양평역 2번",3110757,"분식전문점",54.00516795865633,3.4229828850855744,54.00516795865633,"뚜렷한 DEAD TIME 없음",0,0,0,5,"00~06","",TRUE,"분석 가능","서울역 15번",81.65374677002583,54.78036175710594,"100 - 16개 상권특성의 평균 절대 백분위 차이"
"양평역 2번",3110757,"호프-간이주점",77.55511022044088,2.912621359223301,77.55511022044088,"뚜렷한 DEAD TIME 없음",0,0,0,5,"","",TRUE,"분석 가능","방화역 1번",85.57114228456913,97.1943887775551,"100 - 16개 상권특성의 평균 절대 백분위 차이"
"양평역 2번",3110757,"커피-음료",79.79041916167665,6.550218340611353,79.79041916167665,"뚜렷한 DEAD TIME 없음",0,0,0,5,"","",TRUE,"분석 가능","방화역 1번",84.08495508982035,96.8562874251497,"100 - 16개 상권특성의 평균 절대 백분위 차이"
"양평역 2번",3110757,"편의점",1.7994858611825193,2.25,1.7994858611825193,"11~14",98.7146529562982,55853.97967083381,98.7146529562982,5,"","",TRUE,"분석 가능","방화역 1번",83.03341902313626,51.9280205655527,"100 - 16개 상권특성의 평균 절대 백분위 차이"
"문래소공원",3110758,"한식음식점",86.65183537263627,16.740088105726873,86.65183537263627,"뚜렷한 DEAD TIME 없음",0,0,0,5,"","",TRUE,"분석 가능","서울금융고등학교",87.24972191323694,91.32369299221357,"100 - 16개 상권특성의 평균 절대 백분위 차이"
"문래예술촌(문래창작촌)",3110759,"한식음식점",12.569521690767518,98.6784140969163,12.569521690767518,"14~17",90.53452115812918,85497.03616698082,90.53452115812918,5,"","",TRUE,"분석 가능","등촌3동주민센터",88.26473859844272,36.59621802002225,"100 - 16개 상권특성의 평균 절대 백분위 차이"
"문래예술촌(문래창작촌)",3110759,"분식전문점",8.2687338501292,97.06601466992664,8.2687338501292,"17~21",95.06493506493506,5094.331574504165,95.06493506493506,4,"00~06,06~11","",TRUE,"분석 가능","경수초등학교",89.50258397932816,27.131782945736433,"100 - 16개 상권특성의 평균 절대 백분위 차이"
"문래예술촌(문래창작촌)",3110759,"호프-간이주점",25.0501002004008,97.86407766990291,25.0501002004008,"뚜렷한 DEAD TIME 없음",0,0,0,5,"","",TRUE,"분석 가능","성수동카페거리",86.07214428857715,90.38076152304609,"100 - 16개 상권특성의 평균 절대 백분위 차이"
"문래예술촌(문래창작촌)",3110759,"커피-음료",30.83832335329341,98.2532751091703,30.83832335329341,"뚜렷한 DEAD TIME 없음",0,0,0,5,"","",TRUE,"분석 가능","금천구청역 1번 출입구",85.8252245508982,64.22155688622755,"100 - 16개 상권특성의 평균 절대 백분위 차이"
"문래예술촌(문래창작촌)",3110759,"편의점",96.65809768637533,97,96.65809768637533,"뚜렷한 DEAD TIME 없음",0,0,0,5,"","",TRUE,"분석 가능",NA,NA,NA,"100 - 16개 상권특성의 평균 절대 백분위 차이"
"선유도역 6번",3110760,"한식음식점",75.41713014460511,49.008810572687224,75.41713014460511,"뚜렷한 DEAD TIME 없음",0,0,0,5,"","",TRUE,"분석 가능","문정역 1번",86.09566184649611,84.6496106785317,"100 - 16개 상권특성의 평균 절대 백분위 차이"
"선유도역 6번",3110760,"호프-간이주점",16.23246492985972,33.20388349514563,16.23246492985972,"11~14",90.5027932960894,254.79353686867105,90.5027932960894,5,"","",TRUE,"분석 가능","양천향교역 5번",94.98997995991984,65.93186372745491,"100 - 16개 상권특성의 평균 절대 백분위 차이"
"선유도역 6번",3110760,"커피-음료",83.98203592814372,42.503639010189225,83.98203592814372,"뚜렷한 DEAD TIME 없음",0,0,0,5,"","",TRUE,"분석 가능",NA,NA,NA,"100 - 16개 상권특성의 평균 절대 백분위 차이"
"선유도역 6번",3110760,"편의점",15.424164524421593,25.75,15.424164524421593,"17~21",93.31619537275064,101263.79713878405,93.31619537275064,5,"","",TRUE,"분석 가능","성곡미술관",88.97814910025707,25.19280205655527,"100 - 16개 상권특성의 평균 절대 백분위 차이"
"선유도역 1번",3110762,"한식음식점",34.03781979977753,83.48017621145375,34.03781979977753,"뚜렷한 DEAD TIME 없음",0,0,0,5,"","",TRUE,"분석 가능","논현초등학교",91.05255839822024,46.71857619577308,"100 - 16개 상권특성의 평균 절대 백분위 차이"
"선유도역 1번",3110762,"분식전문점",79.58656330749353,71.39364303178483,79.58656330749353,"뚜렷한 DEAD TIME 없음",0,0,0,5,"00~06","",TRUE,"분석 가능","대청초등학교",81.6375968992248,89.40568475452196,"100 - 16개 상권특성의 평균 절대 백분위 차이"
"선유도역 1번",3110762,"호프-간이주점",18.236472945891784,75.53398058252428,18.236472945891784,"06~11",92.04152249134948,82.40779769803248,92.04152249134948,5,"","",TRUE,"분석 가능","장평중학교",87.7254509018036,40.08016032064128,"100 - 16개 상권특성의 평균 절대 백분위 차이"
"선유도역 1번",3110762,"커피-음료",55.08982035928144,80.49490538573508,55.08982035928144,"뚜렷한 DEAD TIME 없음",0,0,0,5,"","",TRUE,"분석 가능","염곡동 구룡사(포이동성당)",87.40643712574851,58.23353293413174,"100 - 16개 상권특성의 평균 절대 백분위 차이"
"선유도역 1번",3110762,"편의점",11.825192802056556,69.75,11.825192802056556,"17~21",90.48843187660668,142245.19133871634,90.48843187660668,5,"","",TRUE,"분석 가능","논현초등학교",87.08226221079691,69.66580976863753,"100 - 16개 상권특성의 평균 절대 백분위 차이"
"영등포구청역 2번",3110763,"한식음식점",55.72858731924361,40.969162995594715,55.72858731924361,"뚜렷한 DEAD TIME 없음",0,0,0,5,"00~06","",TRUE,"분석 가능","문현중학교(장지역 1번)",89.75250278086763,69.2992213570634,"100 - 16개 상권특성의 평균 절대 백분위 차이"
"영등포구청역 2번",3110763,"호프-간이주점",99.59919839679358,24.660194174757283,99.59919839679358,"뚜렷한 DEAD TIME 없음",0,0,0,4,"00~06,21~24","",TRUE,"분석 가능",NA,NA,NA,"100 - 16개 상권특성의 평균 절대 백분위 차이"
"영등포구청역 2번",3110763,"커피-음료",37.5748502994012,33.9155749636099,37.5748502994012,"21~24",99.47089947089947,1065.4613142575427,99.47089947089947,5,"00~06","",TRUE,"분석 가능","역삼역 8번",90.54079341317365,64.67065868263472,"100 - 16개 상권특성의 평균 절대 백분위 차이"
"문래역 3번",3110764,"한식음식점",99.33259176863181,2.5330396475770924,99.33259176863181,"뚜렷한 DEAD TIME 없음",0,0,0,5,"00~06","",TRUE,"분석 가능","한국상담대학원대학교",82.25111234705228,99.77753058954394,"100 - 16개 상권특성의 평균 절대 백분위 차이"
"문래동사거리",3110765,"한식음식점",65.18353726362626,25.220264317180618,65.18353726362626,"뚜렷한 DEAD TIME 없음",0,0,0,5,"","",TRUE,"분석 가능","약수역 7번",90.46857619577308,96.55172413793103,"100 - 16개 상권특성의 평균 절대 백분위 차이"
"문래동사거리",3110765,"커피-음료",33.23353293413174,19.50509461426492,33.23353293413174,"뚜렷한 DEAD TIME 없음",0,0,0,5,"00~06","",TRUE,"분석 가능","리움미술관",88.77245508982035,45.05988023952096,"100 - 16개 상권특성의 평균 절대 백분위 차이"
"대림역 5번",3110766,"한식음식점",10.901001112347053,73.23788546255507,10.901001112347053,"17~21",90.65628476084538,1524.053269805278,90.65628476084538,5,"","",TRUE,"분석 가능","금천세무서",91.059510567297,31.03448275862069,"100 - 16개 상권특성의 평균 절대 백분위 차이"
"대림역 5번",3110766,"호프-간이주점",75.95190380761522,61.359223300970875,75.95190380761522,"뚜렷한 DEAD TIME 없음",0,0,0,4,"06~11","",TRUE,"분석 가능","강북구청",84.81963927855712,83.76753507014027,"100 - 16개 상권특성의 평균 절대 백분위 차이"
"대림역 5번",3110766,"커피-음료",NA,68.26783114992722,NA,"뚜렷한 DEAD TIME 없음",0,0,0,0,"","00~06,06~11,11~14,14~17,17~21,21~24",FALSE,"활동 또는 관측 근거 부족",NA,NA,NA,"100 - 16개 상권특성의 평균 절대 백분위 차이"
"대림역 5번",3110766,"편의점",16.966580976863753,55.50000000000001,16.966580976863753,"뚜렷한 DEAD TIME 없음",0,0,0,5,"","",TRUE,"분석 가능","뜸부기어린이공원",88.54434447300771,72.49357326478149,"100 - 16개 상권특성의 평균 절대 백분위 차이"
"도림2동유수지내체육시설",3110768,"한식음식점",17.686318131256954,18.06167400881057,17.686318131256954,"06~11",91.88571428571429,179.02322384807766,91.88571428571429,5,"","",TRUE,"분석 가능","봉천역 6번",87.76418242491657,51.724137931034484,"100 - 16개 상권특성의 평균 절대 백분위 차이"
"도림2동유수지내체육시설",3110768,"호프-간이주점",94.38877755511022,7.184466019417475,94.38877755511022,"뚜렷한 DEAD TIME 없음",0,0,0,2,"06~11,11~14,14~17","",TRUE,"분석 가능","송중동주민센터",79.73446893787576,95.79158316633266,"100 - 16개 상권특성의 평균 절대 백분위 차이"
"대림차이나타운(대림역 12번)",3110769,"호프-간이주점",28.256513026052104,19.611650485436893,28.256513026052104,"뚜렷한 DEAD TIME 없음",0,0,0,5,"","",TRUE,"분석 가능","독산동정훈단지",87.9258517034068,84.3687374749499,"100 - 16개 상권특성의 평균 절대 백분위 차이"
"영등포구청역 6번",3110770,"한식음식점",49.94438264738598,56.167400881057276,49.94438264738598,"뚜렷한 DEAD TIME 없음",0,0,0,5,"","",TRUE,"분석 가능","상왕십리역 3번",88.37597330367075,68.07563959955506,"100 - 16개 상권특성의 평균 절대 백분위 차이"
"영등포구청역 6번",3110770,"호프-간이주점",13.827655310621243,40.3883495145631,13.827655310621243,"17~21",99.3975903614458,938.8176076067632,99.3975903614458,5,"","",TRUE,"분석 가능","성산중학교",90.3682364729459,78.3567134268537,"100 - 16개 상권특성의 평균 절대 백분위 차이"
"영등포구청역 6번",3110770,"커피-음료",3.592814371257485,50.65502183406113,3.592814371257485,"06~11",99.5398773006135,209.23705397406928,99.5398773006135,5,"00~06","",TRUE,"분석 가능","신대방삼거리역 3번",90.04491017964071,79.34131736526946,"100 - 16개 상권특성의 평균 절대 백분위 차이"
"대림역 11번",3110771,"호프-간이주점",68.33667334669339,10.29126213592233,68.33667334669339,"뚜렷한 DEAD TIME 없음",0,0,0,4,"06~11","",TRUE,"분석 가능","덕의초등학교",89.41633266533067,71.34268537074149,"100 - 16개 상권특성의 평균 절대 백분위 차이"
"당산반도유보라팰리스아파트",3110774,"한식음식점",44.048943270300335,47.3568281938326,44.048943270300335,"뚜렷한 DEAD TIME 없음",0,0,0,5,"00~06","",TRUE,"분석 가능","경찰병원역 4번(건너말공원)",90.45467185761957,44.60511679644049,"100 - 16개 상권특성의 평균 절대 백분위 차이"
"당산반도유보라팰리스아파트",3110774,"분식전문점",7.751937984496124,29.82885085574572,7.751937984496124,"17~21",94.8051948051948,1541.022664812149,94.8051948051948,3,"00~06,06~11,21~24","",TRUE,"분석 가능","상왕십리역 3번",90.40697674418605,72.09302325581395,"100 - 16개 상권특성의 평균 절대 백분위 차이"
"당산반도유보라팰리스아파트",3110774,"커피-음료",22.005988023952096,40.46579330422125,22.005988023952096,"17~21",93.54354354354354,3038.265605633409,93.54354354354354,4,"00~06,21~24","",TRUE,"분석 가능","성미산체육관",89.61452095808383,49.700598802395206,"100 - 16개 상권특성의 평균 절대 백분위 차이"
"당산반도유보라팰리스아파트",3110774,"편의점",NA,23.5,NA,"뚜렷한 DEAD TIME 없음",0,0,0,0,"","00~06,06~11,11~14,14~17,17~21,21~24",FALSE,"활동 또는 관측 근거 부족",NA,NA,NA,"100 - 16개 상권특성의 평균 절대 백분위 차이"
"대동초등학교",3110775,"한식음식점",49.61067853170189,11.784140969162996,49.61067853170189,"뚜렷한 DEAD TIME 없음",0,0,0,5,"","",TRUE,"분석 가능","염창무학아파트",87.69466073414905,67.853170189099,"100 - 16개 상권특성의 평균 절대 백분위 차이"
"대동초등학교",3110775,"호프-간이주점",39.078156312625254,4.077669902912621,39.078156312625254,"뚜렷한 DEAD TIME 없음",0,0,0,4,"06~11","",TRUE,"분석 가능","덕의초등학교",83.91783567134269,71.34268537074149,"100 - 16개 상권특성의 평균 절대 백분위 차이"
"도신초등학교",3110776,"한식음식점",9.56618464961068,51.98237885462555,9.56618464961068,"21~24",99.8875140607424,559.7868671385457,99.8875140607424,5,"00~06","",TRUE,"분석 가능","시흥4동주민센터(서울신흥초등학교)",90.37819799777532,43.60400444938821,"100 - 16개 상권특성의 평균 절대 백분위 차이"
"도신초등학교",3110776,"호프-간이주점",68.7374749498998,36.310679611650485,68.7374749498998,"뚜렷한 DEAD TIME 없음",0,0,0,3,"06~11,11~14","",TRUE,"분석 가능","연신내역 2번",91.62074148296593,73.34669338677354,"100 - 16개 상권특성의 평균 절대 백분위 차이"
"도신초등학교",3110776,"커피-음료",19.16167664670659,46.288209606986904,19.16167664670659,"뚜렷한 DEAD TIME 없음",0,0,0,5,"00~06","",TRUE,"분석 가능","쌍문2동우체국",91.73839820359282,90.11976047904191,"100 - 16개 상권특성의 평균 절대 백분위 차이"
"도신초등학교",3110776,"편의점",72.75064267352185,28.749999999999996,72.75064267352185,"뚜렷한 DEAD TIME 없음",0,0,0,5,"","",TRUE,"분석 가능","서서울호수공원",90.48843187660668,87.146529562982,"100 - 16개 상권특성의 평균 절대 백분위 차이"
"구로세무서",3110777,"한식음식점",6.562847608453838,19.823788546255507,6.562847608453838,"21~24",97.41282339707537,453.0776680237377,97.41282339707537,5,"","",TRUE,"분석 가능","서울독일학교",93.85428253615127,13.681868743047831,"100 - 16개 상권특성의 평균 절대 백분위 차이"
"구로디지털단지역 4번",3110778,"한식음식점",17.130144605116797,72.13656387665198,17.130144605116797,"뚜렷한 DEAD TIME 없음",0,0,0,5,"","",TRUE,"분석 가능","서울지방병무청",88.46635150166851,66.29588431590656,"100 - 16개 상권특성의 평균 절대 백분위 차이"
"구로디지털단지역 4번",3110778,"호프-간이주점",30.460921843687377,60,30.460921843687377,"뚜렷한 DEAD TIME 없음",0,0,0,4,"06~11","",TRUE,"분석 가능","경리단길북측",87.11172344689379,89.37875751503006,"100 - 16개 상권특성의 평균 절대 백분위 차이"
"구로디지털단지역 4번",3110778,"커피-음료",38.32335329341318,67.10334788937409,38.32335329341318,"뚜렷한 DEAD TIME 없음",0,0,0,5,"00~06","",TRUE,"분석 가능","서울지방병무청",90.7372754491018,93.11377245508982,"100 - 16개 상권특성의 평균 절대 백분위 차이"
"구로디지털단지역 4번",3110778,"편의점",12.082262210796916,54.25,12.082262210796916,"06~11",90.74550128534705,2612.609908362525,90.74550128534705,5,"","",TRUE,"분석 가능","석촌역 7번",88.4318766066838,23.65038560411311,"100 - 16개 상권특성의 평균 절대 백분위 차이"
"대림갑을명가아파트",3110779,"한식음식점",12.013348164627363,5.8370044052863435,12.013348164627363,"14~17",94.87750556792874,386.9298932026805,94.87750556792874,4,"06~11","",TRUE,"분석 가능","금강수목원아파트",90.29477196885428,79.64404894327029,"100 - 16개 상권특성의 평균 절대 백분위 차이"
"신길대성유니드아파트",3110780,"한식음식점",NA,16.189427312775333,NA,"뚜렷한 DEAD TIME 없음",0,0,0,0,"","00~06,06~11,11~14,14~17,17~21,21~24",FALSE,"활동 또는 관측 근거 부족",NA,NA,NA,"100 - 16개 상권특성의 평균 절대 백분위 차이"
"대림한신아파트",3110781,"한식음식점",2.0022246941045605,71.1453744493392,2.0022246941045605,"06~11",99.2,231.09679447558537,99.2,5,"","",TRUE,"분석 가능","영등포푸르지오아파트",91.74777530589544,23.35928809788654,"100 - 16개 상권특성의 평균 절대 백분위 차이"
"대림한신아파트",3110781,"호프-간이주점",16.83366733466934,58.64077669902913,16.83366733466934,"뚜렷한 DEAD TIME 없음",0,0,0,4,"06~11","",TRUE,"분석 가능","신월1파출소",90.38076152304609,58.116232464929865,"100 - 16개 상권특성의 평균 절대 백분위 차이"
"영등포시장역 4번",3110782,"한식음식점",33.70411568409344,12.22466960352423,33.70411568409344,"뚜렷한 DEAD TIME 없음",0,0,0,5,"","",TRUE,"분석 가능","당산반도유보라팰리스아파트",88.44549499443826,44.048943270300335,"100 - 16개 상권특성의 평균 절대 백분위 차이"
"영등포시장역 1번",3110783,"한식음식점",64.84983314794216,15.969162995594713,64.84983314794216,"뚜렷한 DEAD TIME 없음",0,0,0,5,"","",TRUE,"분석 가능","가양역 10번",91.76167964404894,67.40823136818688,"100 - 16개 상권특성의 평균 절대 백분위 차이"
"영등포시장역 1번",3110783,"호프-간이주점",93.3867735470942,6.213592233009709,93.3867735470942,"뚜렷한 DEAD TIME 없음",0,0,0,3,"06~11,11~14","",TRUE,"분석 가능","영등포구청역 2번",88.94038076152306,99.59919839679358,"100 - 16개 상권특성의 평균 절대 백분위 차이"
"영등포시장역 1번",3110783,"커피-음료",11.676646706586826,10.91703056768559,11.676646706586826,"14~17",92.06586826347305,450.08923681997885,92.06586826347305,5,"00~06","",TRUE,"분석 가능","가양역 10번",93.7874251497006,89.07185628742515,"100 - 16개 상권특성의 평균 절대 백분위 차이"
"영등포시장역 1번",3110783,"편의점",37.789203084832906,4,37.789203084832906,"뚜렷한 DEAD TIME 없음",0,0,0,5,"","",TRUE,"분석 가능","가양역 10번",93.89460154241645,39.84575835475578,"100 - 16개 상권특성의 평균 절대 백분위 차이"
"신대림초등학교",3110784,"편의점",NA,2.75,NA,"뚜렷한 DEAD TIME 없음",0,0,0,0,"","00~06,06~11,11~14,14~17,17~21,21~24",FALSE,"활동 또는 관측 근거 부족",NA,NA,NA,"100 - 16개 상권특성의 평균 절대 백분위 차이"
"영등포푸르지오아파트",3110785,"한식음식점",23.35928809788654,75.1101321585903,23.35928809788654,"뚜렷한 DEAD TIME 없음",0,0,0,5,"00~06","",TRUE,"분석 가능","사가정역 4번",90.05839822024471,35.706340378198,"100 - 16개 상권특성의 평균 절대 백분위 차이"
"영등포푸르지오아파트",3110785,"분식전문점",44.96124031007752,59.65770171149144,44.96124031007752,"17~21",94.54545454545455,916.2753295588752,94.54545454545455,5,"","",TRUE,"분석 가능","홍제3동주민센터",90.0032299741602,89.14728682170544,"100 - 16개 상권특성의 평균 절대 백분위 차이"
"영등포푸르지오아파트",3110785,"편의점",49.87146529562982,57.25,49.87146529562982,"뚜렷한 DEAD TIME 없음",0,0,0,5,"","",TRUE,"분석 가능","신길3동주민센터",89.37982005141389,89.97429305912597,"100 - 16개 상권특성의 평균 절대 백분위 차이"
"당산역 8번",3110786,"한식음식점",86.09566184649611,31.05726872246696,86.09566184649611,"뚜렷한 DEAD TIME 없음",0,0,0,5,"","",TRUE,"분석 가능","충정로역 6번",87.37486095661846,91.7686318131257,"100 - 16개 상권특성의 평균 절대 백분위 차이"
"신길3동주민센터",3110787,"한식음식점",31.368186874304783,85.90308370044053,31.368186874304783,"뚜렷한 DEAD TIME 없음",0,0,0,5,"","",TRUE,"분석 가능","상월곡역 2번",87.56952169076753,53.39265850945495,"100 - 16개 상권특성의 평균 절대 백분위 차이"
"신길3동주민센터",3110787,"분식전문점",7.235142118863049,75.79462102689487,7.235142118863049,"06~11",98.06094182825484,117.8294719739513,98.06094182825484,4,"00~06,21~24","",TRUE,"분석 가능","당고개역 2번",90.21317829457364,28.42377260981912,"100 - 16개 상권특성의 평균 절대 백분위 차이"
"신길3동주민센터",3110787,"편의점",89.97429305912597,74.5,89.97429305912597,"뚜렷한 DEAD TIME 없음",0,0,0,5,"","",TRUE,"분석 가능","홍제3동주민센터",84.6401028277635,91.25964010282776,"100 - 16개 상권특성의 평균 절대 백분위 차이"
"영등포시장역 3번",3110788,"한식음식점",76.0845383759733,5.616740088105727,76.0845383759733,"뚜렷한 DEAD TIME 없음",0,0,0,5,"","",TRUE,"분석 가능","송파책박물관",86.65183537263626,77.75305895439377,"100 - 16개 상권특성의 평균 절대 백분위 차이"
"대림성모병원",3110789,"한식음식점",85.09454949944383,33.590308370044056,85.09454949944383,"뚜렷한 DEAD TIME 없음",0,0,0,5,"","",TRUE,"분석 가능",NA,NA,NA,"100 - 16개 상권특성의 평균 절대 백분위 차이"
"대림성모병원",3110789,"분식전문점",74.4186046511628,17.359413202933986,74.4186046511628,"뚜렷한 DEAD TIME 없음",0,0,0,4,"00~06,21~24","",TRUE,"분석 가능","연희임광아파트",88.59819121447028,99.74160206718346,"100 - 16개 상권특성의 평균 절대 백분위 차이"
"대림성모병원",3110789,"커피-음료",62.4251497005988,26.92867540029112,62.4251497005988,"뚜렷한 DEAD TIME 없음",0,0,0,5,"","",TRUE,"분석 가능","답십리공원",85.25449101796407,90.86826347305389,"100 - 16개 상권특성의 평균 절대 백분위 차이"
"대림성모병원",3110789,"편의점",84.31876606683805,14.000000000000002,84.31876606683805,"뚜렷한 DEAD TIME 없음",0,0,0,5,"","",TRUE,"분석 가능","그라운드 고척",85.21850899742931,86.63239074550128,"100 - 16개 상권특성의 평균 절대 백분위 차이"
"대림1동주민센터",3110790,"한식음식점",91.43492769744161,36.12334801762114,91.43492769744161,"뚜렷한 DEAD TIME 없음",0,0,0,5,"","",TRUE,"분석 가능",NA,NA,NA,"100 - 16개 상권특성의 평균 절대 백분위 차이"
"대림1동주민센터",3110790,"분식전문점",61.49870801033591,19.80440097799511,61.49870801033591,"뚜렷한 DEAD TIME 없음",0,0,0,5,"","",TRUE,"분석 가능","문성초등학교",88.98578811369508,92.76485788113695,"100 - 16개 상권특성의 평균 절대 백분위 차이"
"대림1동주민센터",3110790,"호프-간이주점",58.517034068136276,20.19417475728155,58.517034068136276,"뚜렷한 DEAD TIME 없음",0,0,0,4,"06~11","",TRUE,"분석 가능","덕의초등학교",86.42284569138276,71.34268537074149,"100 - 16개 상권특성의 평균 절대 백분위 차이"
"대림1동주민센터",3110790,"편의점",1.5424164524421593,16,1.5424164524421593,"11~14",96.91516709511568,24490.349547539667,96.91516709511568,5,"","",TRUE,"분석 가능","신월문화체육센터",88.62467866323908,64.26735218508998,"100 - 16개 상권특성의 평균 절대 백분위 차이"
"신풍역 3번",3110791,"한식음식점",44.493882091212456,6.387665198237885,44.493882091212456,"뚜렷한 DEAD TIME 없음",0,0,0,5,"","",TRUE,"분석 가능","아현역 1번",90.33648498331479,98.99888765294772,"100 - 16개 상권특성의 평균 절대 백분위 차이"
"신풍역 3번",3110791,"커피-음료",83.68263473053892,4.075691411935954,83.68263473053892,"뚜렷한 DEAD TIME 없음",0,0,0,4,"00~06,21~24","",TRUE,"분석 가능","KB국민은행 서강지점",86.19011976047905,99.25149700598801,"100 - 16개 상권특성의 평균 절대 백분위 차이"
"영등포역 2번",3110792,"한식음식점",35.15016685205784,87.99559471365639,35.15016685205784,"뚜렷한 DEAD TIME 없음",0,0,0,5,"","",TRUE,"분석 가능","독산119안전센터",92.40823136818688,60.28921023359288,"100 - 16개 상권특성의 평균 절대 백분위 차이"
"영등포역 2번",3110792,"분식전문점",15.245478036175712,78.72860635696821,15.245478036175712,"뚜렷한 DEAD TIME 없음",0,0,0,5,"00~06","",TRUE,"분석 가능","시흥초등학교(시흥1동우체국)",86.40180878552971,83.4625322997416,"100 - 16개 상권특성의 평균 절대 백분위 차이"
"영등포역 2번",3110792,"호프-간이주점",68.93787575150301,81.55339805825243,68.93787575150301,"뚜렷한 DEAD TIME 없음",0,0,0,5,"","",TRUE,"분석 가능","수궁동주민센터",88.53957915831663,71.5430861723447,"100 - 16개 상권특성의 평균 절대 백분위 차이"
"영등포역 2번",3110792,"커피-음료",NA,85.29839883551674,NA,"뚜렷한 DEAD TIME 없음",0,0,0,0,"","00~06,06~11,11~14,14~17,17~21,21~24",FALSE,"활동 또는 관측 근거 부족",NA,NA,NA,"100 - 16개 상권특성의 평균 절대 백분위 차이"
"영동초등학교",3110794,"한식음식점",70.52280311457174,64.86784140969164,70.52280311457174,"뚜렷한 DEAD TIME 없음",0,0,0,5,"","",TRUE,"분석 가능","독산역 1번 출입구",88.21607341490545,80.86763070077865,"100 - 16개 상권특성의 평균 절대 백분위 차이"
"영동초등학교",3110794,"호프-간이주점",26.052104208416832,50.679611650485434,26.052104208416832,"17~21",99.19678714859438,186.04112484488903,99.19678714859438,2,"06~11,11~14,14~17","",TRUE,"분석 가능","한겨레신문사",88.36422845691384,97.79559118236473,"100 - 16개 상권특성의 평균 절대 백분위 차이"
"영동초등학교",3110794,"커피-음료",30.239520958083833,60.4075691411936,30.239520958083833,"21~24",95.23809523809523,344.04484673736965,95.23809523809523,5,"00~06","",TRUE,"분석 가능","한겨레신문사",88.16429640718563,85.17964071856288,"100 - 16개 상권특성의 평균 절대 백분위 차이"
"영동초등학교",3110794,"편의점",17.480719794344473,43.5,17.480719794344473,"뚜렷한 DEAD TIME 없음",0,0,0,5,"","",TRUE,"분석 가능","홍대부속여중고앞",85.1060411311054,70.95115681233933,"100 - 16개 상권특성의 평균 절대 백분위 차이"
"도림초등학교",3110795,"호프-간이주점",NA,51.067961165048544,NA,"뚜렷한 DEAD TIME 없음",0,0,0,0,"","00~06,06~11,11~14,14~17,17~21,21~24",FALSE,"활동 또는 관측 근거 부족",NA,NA,NA,"100 - 16개 상권특성의 평균 절대 백분위 차이"
"KT대방빌딩",3110797,"분식전문점",45.47803617571059,10.757946210268948,45.47803617571059,"뚜렷한 DEAD TIME 없음",0,0,0,5,"00~06","",TRUE,"분석 가능","백산초등학교",85.93346253229974,90.69767441860465,"100 - 16개 상권특성의 평균 절대 백분위 차이"
"신풍역 2번",3110798,"한식음식점",75.52836484983315,14.317180616740089,75.52836484983315,"뚜렷한 DEAD TIME 없음",0,0,0,4,"06~11","",TRUE,"분석 가능","정릉역 2번",85.32397107897664,75.75083426028921,"100 - 16개 상권특성의 평균 절대 백분위 차이"
"영등포본동주민센터",3110799,"한식음식점",2.3359288097886544,8.480176211453745,2.3359288097886544,"06~11",96.34285714285714,76.9946625482055,96.34285714285714,5,"00~06","",TRUE,"분석 가능","목4동주민센터",91.16379310344827,6.896551724137931,"100 - 16개 상권특성의 평균 절대 백분위 차이"
"영등포동성당",3110800,"한식음식점",21.245828698553947,11.674008810572687,21.245828698553947,"17~21",93.10344827586206,1832.28141737031,93.10344827586206,5,"","",TRUE,"분석 가능","두산초등학교",86.99944382647386,81.20133481646273,"100 - 16개 상권특성의 평균 절대 백분위 차이"
"신길동홍어거리",3110802,"한식음식점",27.697441601779754,40.7488986784141,27.697441601779754,"17~21",91.43492769744161,1091.8563640672019,91.43492769744161,5,"","",TRUE,"분석 가능","국립국악고등학교",88.16740823136819,96.1067853170189,"100 - 16개 상권특성의 평균 절대 백분위 차이"
"신길동홍어거리",3110802,"호프-간이주점",85.17034068136272,24.466019417475728,85.17034068136272,"뚜렷한 DEAD TIME 없음",0,0,0,5,"","",TRUE,"분석 가능","혜원여고",83.30410821643287,94.98997995991984,"100 - 16개 상권특성의 평균 절대 백분위 차이"
"신길2동우편취급국",3110803,"한식음식점",51.05672969966629,74.55947136563876,51.05672969966629,"뚜렷한 DEAD TIME 없음",0,0,0,5,"00~06","",TRUE,"분석 가능","연신내역 2번",90.37819799777532,84.53837597330367,"100 - 16개 상권특성의 평균 절대 백분위 차이"
"신길2동우편취급국",3110803,"호프-간이주점",61.12224448897795,63.30097087378641,61.12224448897795,"뚜렷한 DEAD TIME 없음",0,0,0,5,"00~06","",TRUE,"분석 가능","도신초등학교",87.66282565130261,68.7374749498998,"100 - 16개 상권특성의 평균 절대 백분위 차이"
"신풍역 1번",3110804,"한식음식점",87.43047830923248,68.72246696035242,87.43047830923248,"뚜렷한 DEAD TIME 없음",0,0,0,5,"","",TRUE,"분석 가능","답십리사거리",86.8047830923248,92.54727474972191,"100 - 16개 상권특성의 평균 절대 백분위 차이"
"신풍역 1번",3110804,"분식전문점",28.940568475452196,53.789731051344745,28.940568475452196,"뚜렷한 DEAD TIME 없음",0,0,0,5,"","",TRUE,"분석 가능","독산2동주민센터",82.9295865633075,55.297157622739014,"100 - 16개 상권특성의 평균 절대 백분위 차이"
"신풍역 1번",3110804,"호프-간이주점",78.75751503006012,54.757281553398066,78.75751503006012,"뚜렷한 DEAD TIME 없음",0,0,0,4,"06~11","",TRUE,"분석 가능","신자초등학교",88.71492985971943,88.97795591182364,"100 - 16개 상권특성의 평균 절대 백분위 차이"
"신풍역 1번",3110804,"커피-음료",65.26946107784431,63.901018922852984,65.26946107784431,"뚜렷한 DEAD TIME 없음",0,0,0,5,"","",TRUE,"분석 가능","답십리초등학교",87.27544910179641,85.02994011976048,"100 - 16개 상권특성의 평균 절대 백분위 차이"
"신길새마을금고신길4동지점",3110805,"한식음식점",11.234705228031146,21.696035242290748,11.234705228031146,"뚜렷한 DEAD TIME 없음",0,0,0,5,"","",TRUE,"분석 가능","도림2동유수지내체육시설",87.81979977753058,17.686318131256954,"100 - 16개 상권특성의 평균 절대 백분위 차이"
"신길새마을금고신길4동지점",3110805,"호프-간이주점",1.8036072144288577,9.12621359223301,1.8036072144288577,"17~21",99.59839357429718,166.87997859328786,99.59839357429718,5,"","",TRUE,"분석 가능","도림2동유수지내체육시설",88.18887775551102,94.38877755511022,"100 - 16개 상권특성의 평균 절대 백분위 차이"
"신길역 3번",3110807,"한식음식점",64.07119021134594,32.048458149779734,64.07119021134594,"뚜렷한 DEAD TIME 없음",0,0,0,5,"00~06","",TRUE,"분석 가능","당산역 8번",89.52308120133482,86.09566184649611,"100 - 16개 상권특성의 평균 절대 백분위 차이"
"장훈고등학교",3110809,"한식음식점",65.51724137931035,34.691629955947135,65.51724137931035,"뚜렷한 DEAD TIME 없음",0,0,0,5,"","",TRUE,"분석 가능","방화역 2번",86.33898776418243,96.88542825361512,"100 - 16개 상권특성의 평균 절대 백분위 차이"
"장훈고등학교",3110809,"분식전문점",94.57364341085271,18.581907090464547,94.57364341085271,"뚜렷한 DEAD TIME 없음",0,0,0,5,"","",TRUE,"분석 가능","방화역 1번",76.97028423772609,98.70801033591732,"100 - 16개 상권특성의 평균 절대 백분위 차이"
"장훈고등학교",3110809,"호프-간이주점",19.639278557114228,18.446601941747574,19.639278557114228,"14~17",97.1677559912854,207.5070114333006,97.1677559912854,4,"11~14","",TRUE,"분석 가능","북가좌초등학교",86.72344689378757,23.246492985971944,"100 - 16개 상권특성의 평균 절대 백분위 차이"
"장훈고등학교",3110809,"편의점",41.38817480719794,15,41.38817480719794,"뚜렷한 DEAD TIME 없음",0,0,0,5,"","",TRUE,"분석 가능","석계역 1번",86.92159383033419,62.724935732647815,"100 - 16개 상권특성의 평균 절대 백분위 차이"
"영신초등학교",3110810,"한식음식점",48.275862068965516,86.23348017621146,48.275862068965516,"뚜렷한 DEAD TIME 없음",0,0,0,5,"","",TRUE,"분석 가능","도봉구보건소",92.90183537263627,62.5139043381535,"100 - 16개 상권특성의 평균 절대 백분위 차이"
"영신초등학교",3110810,"분식전문점",43.15245478036176,76.28361858190709,43.15245478036176,"뚜렷한 DEAD TIME 없음",0,0,0,5,"00~06","",TRUE,"분석 가능","간데메공원",87.6453488372093,86.04651162790698,"100 - 16개 상권특성의 평균 절대 백분위 차이"
"영신초등학교",3110810,"호프-간이주점",30.060120240480963,79.6116504854369,30.060120240480963,"뚜렷한 DEAD TIME 없음",0,0,0,4,"06~11","",TRUE,"분석 가능","동대문구청",89.57915831663327,57.31462925851704,"100 - 16개 상권특성의 평균 절대 백분위 차이"
"영신초등학교",3110810,"커피-음료",87.27544910179641,83.55167394468704,87.27544910179641,"뚜렷한 DEAD TIME 없음",0,0,0,5,"00~06","",TRUE,"분석 가능","천호지구대(천호동자전거거리)",86.0872005988024,90.71856287425149,"100 - 16개 상권특성의 평균 절대 백분위 차이"
"영신초등학교",3110810,"편의점",79.69151670951156,75,79.69151670951156,"뚜렷한 DEAD TIME 없음",0,0,0,5,"","",TRUE,"분석 가능","외대앞역 1번",86.07005141388176,92.80205655526991,"100 - 16개 상권특성의 평균 절대 백분위 차이"
"보라매역 4번",3110811,"한식음식점",92.99221357063404,38.65638766519824,92.99221357063404,"뚜렷한 DEAD TIME 없음",0,0,0,5,"","",TRUE,"분석 가능","돌곶이역 3번",89.23804226918799,93.65962180200222,"100 - 16개 상권특성의 평균 절대 백분위 차이"
"신길6동주민센터",3110812,"한식음식점",75.86206896551724,38.215859030837,75.86206896551724,"뚜렷한 DEAD TIME 없음",0,0,0,5,"","",TRUE,"분석 가능","돌곶이역 5번",85.64377085650723,87.65294771968854,"100 - 16개 상권특성의 평균 절대 백분위 차이"
"신길6동주민센터",3110812,"호프-간이주점",91.38276553106212,22.135922330097088,91.38276553106212,"뚜렷한 DEAD TIME 없음",0,0,0,4,"06~11","",TRUE,"분석 가능","돌곶이역 5번",82.41482965931863,96.39278557114228,"100 - 16개 상권특성의 평균 절대 백분위 차이"
"신길6동주민센터",3110812,"커피-음료",94.61077844311377,31.4410480349345,94.61077844311377,"뚜렷한 DEAD TIME 없음",0,0,0,5,"00~06","",TRUE,"분석 가능","모래내우체국",85.31998502994011,95.95808383233533,"100 - 16개 상권특성의 평균 절대 백분위 차이"
"신길6동주민센터",3110812,"편의점",98.97172236503856,17,98.97172236503856,"뚜렷한 DEAD TIME 없음",0,0,0,5,"","",TRUE,"분석 가능",NA,NA,NA,"100 - 16개 상권특성의 평균 절대 백분위 차이"
"보라매역 6번",3110813,"한식음식점",16.907675194660733,80.83700440528634,16.907675194660733,"뚜렷한 DEAD TIME 없음",0,0,0,5,"","",TRUE,"분석 가능","보문역 4번",88.1813125695217,43.82647385984427,"100 - 16개 상권특성의 평균 절대 백분위 차이"
"보라매역 6번",3110813,"분식전문점",27.39018087855297,66.50366748166259,27.39018087855297,"뚜렷한 DEAD TIME 없음",0,0,0,4,"06~11","",TRUE,"분석 가능","상왕십리역 3번",87.24160206718346,72.09302325581395,"100 - 16개 상권특성의 평균 절대 백분위 차이"
"보라매역 6번",3110813,"호프-간이주점",98.39679358717434,71.84466019417476,98.39679358717434,"뚜렷한 DEAD TIME 없음",0,0,0,5,"","",TRUE,"분석 가능",NA,NA,NA,"100 - 16개 상권특성의 평균 절대 백분위 차이"
"보라매역 6번",3110813,"커피-음료",3.44311377245509,77.14701601164484,3.44311377245509,"17~21",100,3206.1751269823603,100,4,"00~06,21~24","",TRUE,"분석 가능","상왕십리역 3번",88.35142215568862,47.00598802395209,"100 - 16개 상권특성의 평균 절대 백분위 차이"
"서울지방병무청",3110814,"한식음식점",66.29588431590656,75.88105726872246,66.29588431590656,"뚜렷한 DEAD TIME 없음",0,0,0,5,"","",TRUE,"분석 가능","동교초등학교",90.30867630700779,76.7519466073415,"100 - 16개 상권특성의 평균 절대 백분위 차이"
"서울지방병무청",3110814,"커피-음료",93.11377245508982,71.32459970887919,93.11377245508982,"뚜렷한 DEAD TIME 없음",0,0,0,5,"00~06","",TRUE,"분석 가능","석계역 7번",85.41354790419162,98.65269461077844,"100 - 16개 상권특성의 평균 절대 백분위 차이"
"공군호텔",3110815,"한식음식점",76.52947719688544,71.80616740088107,76.52947719688544,"뚜렷한 DEAD TIME 없음",0,0,0,5,"","",TRUE,"분석 가능","경성고등학교",87.40266963292547,76.86318131256952,"100 - 16개 상권특성의 평균 절대 백분위 차이"
"공군호텔",3110815,"분식전문점",88.88888888888889,56.234718826405874,88.88888888888889,"뚜렷한 DEAD TIME 없음",0,0,0,5,"","",TRUE,"분석 가능","대청초등학교",85.27131782945736,89.40568475452196,"100 - 16개 상권특성의 평균 절대 백분위 차이"
"공군호텔",3110815,"호프-간이주점",30.66132264529058,59.417475728155345,30.66132264529058,"11~14",94.41340782122904,363.08481900155437,94.41340782122904,4,"06~11","",TRUE,"분석 가능","서울역 15번",87.3246492985972,36.67334669338677,"100 - 16개 상권특성의 평균 절대 백분위 차이"
"공군호텔",3110815,"커피-음료",72.15568862275448,66.8122270742358,72.15568862275448,"뚜렷한 DEAD TIME 없음",0,0,0,5,"00~06","",TRUE,"분석 가능","노량진역 6번",92.23428143712576,76.49700598802394,"100 - 16개 상권특성의 평균 절대 백분위 차이"
"공군호텔",3110815,"편의점",39.588688946015424,53.75,39.588688946015424,"뚜렷한 DEAD TIME 없음",0,0,0,5,"","",TRUE,"분석 가능","신대방역 4번",90.02249357326478,85.08997429305913,"100 - 16개 상권특성의 평균 절대 백분위 차이"
"대방역 6번",3110816,"한식음식점",67.18576195773082,55.61674008810573,67.18576195773082,"21~24",96.17547806524185,287.16191946848124,96.17547806524185,5,"00~06","",TRUE,"분석 가능","성미산체육관",89.55784204671858,83.09232480533927,"100 - 16개 상권특성의 평균 절대 백분위 차이"
"대방역 6번",3110816,"분식전문점",97.9328165374677,39.60880195599022,97.9328165374677,"뚜렷한 DEAD TIME 없음",0,0,0,5,"","",TRUE,"분석 가능",NA,NA,NA,"100 - 16개 상권특성의 평균 절대 백분위 차이"
"대방역 4번",3110817,"한식음식점",74.86095661846495,27.09251101321586,74.86095661846495,"뚜렷한 DEAD TIME 없음",0,0,0,5,"","",TRUE,"분석 가능","불광역 3번",86.63793103448276,76.64071190211345,"100 - 16개 상권특성의 평균 절대 백분위 차이"
"신대방역 3번",3110818,"한식음식점",NA,27.422907488986787,NA,"뚜렷한 DEAD TIME 없음",0,0,0,0,"","00~06,06~11,11~14,14~17,17~21,21~24",FALSE,"활동 또는 관측 근거 부족",NA,NA,NA,"100 - 16개 상권특성의 평균 절대 백분위 차이"
"신대방역 4번",3110819,"한식음식점",68.52057842046719,59.58149779735683,68.52057842046719,"뚜렷한 DEAD TIME 없음",0,0,0,5,"","",TRUE,"분석 가능","공군호텔",91.87291434927697,76.52947719688544,"100 - 16개 상권특성의 평균 절대 백분위 차이"
"신대방역 4번",3110819,"분식전문점",4.3927648578811365,42.78728606356968,4.3927648578811365,"21~24",94.48051948051948,237.06273631467567,94.48051948051948,5,"00~06","",TRUE,"분석 가능","노량진역 6번",88.96963824289405,52.4547803617571,"100 - 16개 상권특성의 평균 절대 백분위 차이"
"신대방역 4번",3110819,"호프-간이주점",46.292585170340686,43.883495145631066,46.292585170340686,"뚜렷한 DEAD TIME 없음",0,0,0,5,"","",TRUE,"분석 가능","동대문구청",88.32665330661322,57.31462925851704,"100 - 16개 상권특성의 평균 절대 백분위 차이"
"신대방역 4번",3110819,"커피-음료",81.2874251497006,54.58515283842795,81.2874251497006,"뚜렷한 DEAD TIME 없음",0,0,0,4,"00~06,21~24","",TRUE,"분석 가능","가산초등학교(세일중학교)",83.79491017964071,84.13173652694611,"100 - 16개 상권특성의 평균 절대 백분위 차이"
"신대방역 4번",3110819,"편의점",85.08997429305913,37.5,85.08997429305913,"뚜렷한 DEAD TIME 없음",0,0,0,5,"","",TRUE,"분석 가능","공릉동 국수거리",79.43444730077121,89.7172236503856,"100 - 16개 상권특성의 평균 절대 백분위 차이"
"성남고등학교",3110820,"한식음식점",96.440489432703,58.70044052863436,96.440489432703,"뚜렷한 DEAD TIME 없음",0,0,0,5,"","",TRUE,"분석 가능","예술인마을",84.51056729699667,97.8865406006674,"100 - 16개 상권특성의 평균 절대 백분위 차이"
"성남고등학교",3110820,"분식전문점",14.21188630490956,42.053789731051346,14.21188630490956,"뚜렷한 DEAD TIME 없음",0,0,0,5,"","",TRUE,"분석 가능","아차산역 1번",87.43540051679585,52.97157622739018,"100 - 16개 상권특성의 평균 절대 백분위 차이"
"성남고등학교",3110820,"커피-음료",50.898203592814376,53.56622998544396,50.898203592814376,"뚜렷한 DEAD TIME 없음",0,0,0,5,"00~06","",TRUE,"분석 가능","인헌고등학교(인헌중학교)",89.0250748502994,63.02395209580839,"100 - 16개 상권특성의 평균 절대 백분위 차이"
"보라매역 2번",3110821,"한식음식점",50.055617352614014,83.14977973568281,50.055617352614014,"뚜렷한 DEAD TIME 없음",0,0,0,5,"","",TRUE,"분석 가능","경성고등학교",90.3503893214683,76.86318131256952,"100 - 16개 상권특성의 평균 절대 백분위 차이"
"보라매역 2번",3110821,"분식전문점",9.30232558139535,70.90464547677261,9.30232558139535,"06~11",95.01385041551247,55.682313732168126,95.01385041551247,4,"00~06,21~24","",TRUE,"분석 가능","석촌역 3번",89.06653746770026,49.87080103359173,"100 - 16개 상권특성의 평균 절대 백분위 차이"
"보라매역 2번",3110821,"호프-간이주점",91.78356713426854,75.14563106796116,91.78356713426854,"뚜렷한 DEAD TIME 없음",0,0,0,3,"06~11,11~14","",TRUE,"분석 가능","신성초등학교",86.19739478957916,91.98396793587175,"100 - 16개 상권특성의 평균 절대 백분위 차이"
"보라매역 2번",3110821,"커피-음료",18.562874251497004,80.05822416302766,18.562874251497004,"21~24",97.00176366843033,467.85639361772763,97.00176366843033,5,"00~06","",TRUE,"분석 가능","마포구청역 7번",89.99812874251496,68.8622754491018,"100 - 16개 상권특성의 평균 절대 백분위 차이"
"신대방삼거리역 3번",3110823,"한식음식점",45.717463848720804,53.63436123348018,45.717463848720804,"뚜렷한 DEAD TIME 없음",0,0,0,5,"","",TRUE,"분석 가능","영등포구청역 6번",87.91713014460511,49.94438264738598,"100 - 16개 상권특성의 평균 절대 백분위 차이"
"신대방삼거리역 3번",3110823,"커피-음료",79.34131736526946,48.180494905385736,79.34131736526946,"뚜렷한 DEAD TIME 없음",0,0,0,5,"","",TRUE,"분석 가능","성동초등학교",86.99476047904191,91.46706586826348,"100 - 16개 상권특성의 평균 절대 백분위 차이"
"신대방삼거리역 3번",3110823,"편의점",35.2185089974293,31.5,35.2185089974293,"뚜렷한 DEAD TIME 없음",0,0,0,5,"","",TRUE,"분석 가능","상왕십리역 3번",88.206940874036,35.732647814910024,"100 - 16개 상권특성의 평균 절대 백분위 차이"
"대방역 3번",3110824,"한식음식점",63.62625139043382,12.555066079295155,63.62625139043382,"뚜렷한 DEAD TIME 없음",0,0,0,5,"00~06","",TRUE,"분석 가능","연희파출소",90.134872080089,84.98331479421579,"100 - 16개 상권특성의 평균 절대 백분위 차이"
"대방역 3번",3110824,"분식전문점",85.78811369509044,4.400977995110025,85.78811369509044,"뚜렷한 DEAD TIME 없음",0,0,0,4,"00~06,21~24","",TRUE,"분석 가능","가양역 10번",87.14470284237727,91.7312661498708,"100 - 16개 상권특성의 평균 절대 백분위 차이"
"대방역 3번",3110824,"커피-음료",70.05988023952095,8.151382823871907,70.05988023952095,"뚜렷한 DEAD TIME 없음",0,0,0,5,"00~06","",TRUE,"분석 가능","광나루역 1번",87.82747005988023,96.25748502994011,"100 - 16개 상권특성의 평균 절대 백분위 차이"
"신대방삼거리역 1번",3110825,"한식음식점",3.781979977753059,94.05286343612335,3.781979977753059,"17~21",98.10901001112346,954.2824735133204,98.10901001112346,5,"","",TRUE,"분석 가능","예술인마을",89.35622914349277,97.8865406006674,"100 - 16개 상권특성의 평균 절대 백분위 차이"
"신대방삼거리역 1번",3110825,"분식전문점",NA,88.99755501222494,NA,"뚜렷한 DEAD TIME 없음",0,0,0,0,"","00~06,06~11,11~14,14~17,17~21,21~24",FALSE,"활동 또는 관측 근거 부족",NA,NA,NA,"100 - 16개 상권특성의 평균 절대 백분위 차이"
"신대방삼거리역 1번",3110825,"호프-간이주점",56.312625250501,90.67961165048544,56.312625250501,"뚜렷한 DEAD TIME 없음",0,0,0,5,"","",TRUE,"분석 가능","면목역 2번",87.03657314629258,60.72144288577155,"100 - 16개 상권특성의 평균 절대 백분위 차이"
"신대방삼거리역 1번",3110825,"커피-음료",14.67065868263473,92.43085880640466,14.67065868263473,"뚜렷한 DEAD TIME 없음",0,0,0,5,"00~06","",TRUE,"분석 가능","동대부여고",92.14071856287424,58.532934131736525,"100 - 16개 상권특성의 평균 절대 백분위 차이"
"신대방삼거리역 1번",3110825,"편의점",70.4370179948586,88.5,70.4370179948586,"뚜렷한 DEAD TIME 없음",0,0,0,5,"","",TRUE,"분석 가능","군자역 5번",88.19087403598972,83.80462724935732,"100 - 16개 상권특성의 평균 절대 백분위 차이"
"장승배기역 4번",3110826,"한식음식점",59.06562847608454,31.167400881057265,59.06562847608454,"뚜렷한 DEAD TIME 없음",0,0,0,5,"","",TRUE,"분석 가능","대림성모병원",86.33203559510567,85.09454949944383,"100 - 16개 상권특성의 평균 절대 백분위 차이"
"장승배기역 4번",3110826,"분식전문점",84.49612403100775,16.13691931540342,84.49612403100775,"뚜렷한 DEAD TIME 없음",0,0,0,5,"00~06","",TRUE,"분석 가능","성수119안전센터",84.78682170542635,97.67441860465115,"100 - 16개 상권특성의 평균 절대 백분위 차이"
"장승배기역 4번",3110826,"호프-간이주점",95.39078156312625,15.728155339805824,95.39078156312625,"뚜렷한 DEAD TIME 없음",0,0,0,2,"06~11,11~14,14~17","",TRUE,"분석 가능","돌곶이역 5번",83.62975951903809,96.39278557114228,"100 - 16개 상권특성의 평균 절대 백분위 차이"
"장승배기역 4번",3110826,"커피-음료",30.08982035928144,24.45414847161572,30.08982035928144,"06~11",91.71779141104295,240.73416783112543,91.71779141104295,5,"","",TRUE,"분석 가능","화원중학교",86.25561377245509,63.32335329341318,"100 - 16개 상권특성의 평균 절대 백분위 차이"
"NH농협은행 상도동지점",3110827,"한식음식점",65.7397107897664,49.77973568281938,65.7397107897664,"뚜렷한 DEAD TIME 없음",0,0,0,5,"","",TRUE,"분석 가능","신풍역 1번",86.603170189099,87.43047830923248,"100 - 16개 상권특성의 평균 절대 백분위 차이"
"NH농협은행 상도동지점",3110827,"분식전문점",24.031007751937985,32.27383863080684,24.031007751937985,"뚜렷한 DEAD TIME 없음",0,0,0,4,"00~06,06~11","",TRUE,"분석 가능","이대역 5번",87.85529715762274,52.71317829457365,"100 - 16개 상권특성의 평균 절대 백분위 차이"
"NH농협은행 상도동지점",3110827,"호프-간이주점",66.53306613226452,34.1747572815534,66.53306613226452,"뚜렷한 DEAD TIME 없음",0,0,0,4,"06~11","",TRUE,"분석 가능","신풍역 1번",86.68587174348697,78.75751503006012,"100 - 16개 상권특성의 평균 절대 백분위 차이"
"NH농협은행 상도동지점",3110827,"커피-음료",79.49101796407186,43.37700145560407,79.49101796407186,"뚜렷한 DEAD TIME 없음",0,0,0,5,"00~06","",TRUE,"분석 가능","한겨레신문사",88.12687125748504,85.17964071856288,"100 - 16개 상권특성의 평균 절대 백분위 차이"
"노량진역 6번",3110828,"한식음식점",10.011123470522804,89.31718061674009,10.011123470522804,"뚜렷한 DEAD TIME 없음",0,0,0,5,"","",TRUE,"분석 가능","공군호텔",90.68409343715238,76.52947719688544,"100 - 16개 상권특성의 평균 절대 백분위 차이"
"노량진역 6번",3110828,"분식전문점",52.4547803617571,81.17359413202934,52.4547803617571,"뚜렷한 DEAD TIME 없음",0,0,0,5,"","",TRUE,"분석 가능","공군호텔",87.48385012919897,88.88888888888889,"100 - 16개 상권특성의 평균 절대 백분위 차이"
"노량진역 6번",3110828,"호프-간이주점",24.04809619238477,83.88349514563107,24.04809619238477,"뚜렷한 DEAD TIME 없음",0,0,0,5,"","",TRUE,"분석 가능","공군호텔",89.12825651302605,30.66132264529058,"100 - 16개 상권특성의 평균 절대 백분위 차이"
"노량진역 6번",3110828,"커피-음료",76.49700598802394,87.04512372634643,76.49700598802394,"뚜렷한 DEAD TIME 없음",0,0,0,4,"00~06,21~24","",TRUE,"분석 가능","신대방역 4번",86.91055389221557,81.2874251497006,"100 - 16개 상권특성의 평균 절대 백분위 차이"
"노량진역 6번",3110828,"편의점",39.33161953727507,80.5,39.33161953727507,"뚜렷한 DEAD TIME 없음",0,0,0,5,"","",TRUE,"분석 가능","성원중학교",89.52442159383034,95.11568123393316,"100 - 16개 상권특성의 평균 절대 백분위 차이"
"장승배기역 5번",3110829,"한식음식점",98.44271412680756,31.277533039647576,98.44271412680756,"뚜렷한 DEAD TIME 없음",0,0,0,5,"","",TRUE,"분석 가능","중곡어린이공원",85.07369299221357,99.55506117908787,"100 - 16개 상권특성의 평균 절대 백분위 차이"
"상도초등학교",3110830,"한식음식점",0.44493882091212456,50.991189427312776,0.44493882091212456,"14~17",100,690.647883526704,100,3,"00~06,06~11,11~14","",TRUE,"분석 가능","상도4동주민센터",90.28086763070078,86.20689655172413,"100 - 16개 상권특성의 평균 절대 백분위 차이"
"상도초등학교",3110830,"커피-음료",7.934131736526946,44.97816593886463,7.934131736526946,"11~14",99.2503748125937,950.153123923672,99.2503748125937,4,"06~11","",TRUE,"분석 가능","천호공원(해공체육문화센터)",89.48353293413174,94.91017964071857,"100 - 16개 상권특성의 평균 절대 백분위 차이"
"상도4동주민센터",3110831,"한식음식점",86.20689655172413,51.2114537444934,86.20689655172413,"뚜렷한 DEAD TIME 없음",0,0,0,5,"","",TRUE,"분석 가능","중곡어린이공원",89.80812013348164,99.55506117908787,"100 - 16개 상권특성의 평균 절대 백분위 차이"
"상도4동주민센터",3110831,"커피-음료",80.688622754491007,45.26928675400291,80.688622754491007,"뚜렷한 DEAD TIME 없음",0,0,0,5,"00~06","",TRUE,"분석 가능","방배노인종합복지관(이수중학교)",90.44723053892216,92.06586826347305,"100 - 16개 상권특성의 평균 절대 백분위 차이"
"노량진초등학교",3110832,"한식음식점",49.83314794215795,32.48898678414097,49.83314794215795,"뚜렷한 DEAD TIME 없음",0,0,0,4,"06~11","",TRUE,"분석 가능","돌곶이역 8번",88.3829254727475,82.64738598442715,"100 - 16개 상권특성의 평균 절대 백분위 차이"
"노량진초등학교",3110832,"호프-간이주점",79.35871743486975,16.699029126213592,79.35871743486975,"뚜렷한 DEAD TIME 없음",0,0,0,5,"","",TRUE,"분석 가능","돌곶이역 8번",88.03857715430861,97.59519038076152,"100 - 16개 상권특성의 평균 절대 백분위 차이"
"노량진초등학교",3110832,"커피-음료",NA,25.76419213973799,NA,"뚜렷한 DEAD TIME 없음",0,0,0,0,"","00~06,06~11,11~14,14~17,17~21,21~24",FALSE,"활동 또는 관측 근거 부족",NA,NA,NA,"100 - 16개 상권특성의 평균 절대 백분위 차이"
"상도역 2번",3110833,"한식음식점",17.018909899888765,43.281938325991185,17.018909899888765,"뚜렷한 DEAD TIME 없음",0,0,0,5,"","",TRUE,"분석 가능","송중동주민센터",88.46635150166851,71.52391546162403,"100 - 16개 상권특성의 평균 절대 백분위 차이"
"상도역 2번",3110833,"커피-음료",7.634730538922156,35.95342066957787,7.634730538922156,"06~11",94.1717791411043,161.80205540856747,94.1717791411043,4,"00~06,21~24","",TRUE,"분석 가능","서울여자간호대학교",85.09543413173652,57.18562874251497,"100 - 16개 상권특성의 평균 절대 백분위 차이"
"상도역 1번",3110835,"한식음식점",20.912124582869858,13.43612334801762,20.912124582869858,"뚜렷한 DEAD TIME 없음",0,0,0,5,"","",TRUE,"분석 가능","광운대역 1번",85.9357619577308,48.60956618464961,"100 - 16개 상권특성의 평균 절대 백분위 차이"
"상도역 1번",3110835,"분식전문점",51.42118863049095,5.378973105134474,51.42118863049095,"뚜렷한 DEAD TIME 없음",0,0,0,5,"00~06","",TRUE,"분석 가능","연신내역 7번",86.11111111111111,85.27131782945736,"100 - 16개 상권특성의 평균 절대 백분위 차이"
"상도역 1번",3110835,"호프-간이주점",62.925851703406806,5.048543689320388,62.925851703406806,"뚜렷한 DEAD TIME 없음",0,0,0,3,"06~11,11~14","",TRUE,"분석 가능","돌곶이역 5번",87.3246492985972,96.39278557114228,"100 - 16개 상권특성의 평균 절대 백분위 차이"
"상도역 1번",3110835,"편의점",5.655526992287918,3.25,5.655526992287918,"11~14",97.42930591259639,21257.366175141455,97.42930591259639,5,"","",TRUE,"분석 가능","석계역 1번",87.80526992287918,62.724935732647815,"100 - 16개 상권특성의 평균 절대 백분위 차이"
"상도역 5번",3110836,"한식음식점",77.0856507230256,86.56387665198237,77.0856507230256,"뚜렷한 DEAD TIME 없음",0,0,0,5,"","",TRUE,"분석 가능","서경대학교",85.6924360400445,89.65517241379311,"100 - 16개 상권특성의 평균 절대 백분위 차이"
"상도역 5번",3110836,"분식전문점",75.45219638242894,76.77261613691931,75.45219638242894,"뚜렷한 DEAD TIME 없음",0,0,0,5,"","",TRUE,"분석 가능","강동역 4번(강풀만화거리)",84.77067183462532,78.81136950904393,"100 - 16개 상권특성의 평균 절대 백분위 차이"
"상도역 5번",3110836,"호프-간이주점",6.4128256513026045,80,6.4128256513026045,"11~14",95.81005586592178,440.1896815199601,95.81005586592178,5,"","",TRUE,"분석 가능","사당역 4번",86.59819639278557,83.16633266533067,"100 - 16개 상권특성의 평균 절대 백분위 차이"
"상도역 5번",3110836,"커피-음료",67.81437125748504,83.98835516739447,67.81437125748504,"뚜렷한 DEAD TIME 없음",0,0,0,5,"","",TRUE,"분석 가능","사당역 4번",89.53031437125749,91.61676646706587,"100 - 16개 상권특성의 평균 절대 백분위 차이"
"상도역 5번",3110836,"편의점",64.52442159383034,75.5,64.52442159383034,"뚜렷한 DEAD TIME 없음",0,0,0,5,"","",TRUE,"분석 가능","까치산역 3번",84.52763496143959,78.66323907455013,"100 - 16개 상권특성의 평균 절대 백분위 차이"
"숭실대입구역 1번",3110837,"한식음식점",73.5261401557286,78.63436123348018,73.5261401557286,"뚜렷한 DEAD TIME 없음",0,0,0,5,"","",TRUE,"분석 가능","수락산역 4번",83.23832035595106,83.20355951056729,"100 - 16개 상권특성의 평균 절대 백분위 차이"
"숭실대입구역 1번",3110837,"분식전문점",18.863049095607234,63.08068459657702,18.863049095607234,"뚜렷한 DEAD TIME 없음",0,0,0,5,"00~06","",TRUE,"분석 가능","경춘선숲길 우측",86.56330749354005,48.837209302325576,"100 - 16개 상권특성의 평균 절대 백분위 차이"
"숭실대입구역 1번",3110837,"호프-간이주점",55.11022044088176,68.73786407766991,55.11022044088176,"뚜렷한 DEAD TIME 없음",0,0,0,3,"06~11,11~14","",TRUE,"분석 가능","한성대입구역 3번",85.68386773547094,86.77354709418837,"100 - 16개 상권특성의 평균 절대 백분위 차이"
"숭실대입구역 1번",3110837,"커피-음료",80.53892215568862,74.38136826783115,80.53892215568862,"뚜렷한 DEAD TIME 없음",0,0,0,5,"00~06","",TRUE,"분석 가능","성신여대입구역 4번",83.58907185628742,99.10179640718563,"100 - 16개 상권특성의 평균 절대 백분위 차이"
"숭실대입구역 1번",3110837,"편의점",88.17480719794345,62.74999999999999,88.17480719794345,"뚜렷한 DEAD TIME 없음",0,0,0,5,"","",TRUE,"분석 가능","공릉동 국수거리",86.98586118251927,89.7172236503856,"100 - 16개 상권특성의 평균 절대 백분위 차이"
"상도1동주민센터앞",3110838,"한식음식점",68.96551724137932,7.268722466960352,68.96551724137932,"뚜렷한 DEAD TIME 없음",0,0,0,5,"","",TRUE,"분석 가능","고척중학교",79.19215795328142,90.32258064516128,"100 - 16개 상권특성의 평균 절대 백분위 차이"
"상도1동주민센터앞",3110838,"커피-음료",40.119760479041915,5.094614264919942,40.119760479041915,"21~24",90.29982363315696,163.81073889509605,90.29982363315696,5,"00~06","",TRUE,"분석 가능","석계역 2번",80.41729041916167,46.10778443113773,"100 - 16개 상권특성의 평균 절대 백분위 차이"
"숭실대입구역 4번",3110839,"한식음식점",57.17463848720801,62.77533039647577,57.17463848720801,"뚜렷한 DEAD TIME 없음",0,0,0,5,"","",TRUE,"분석 가능","돌곶이역 5번",85.63681868743048,87.65294771968854,"100 - 16개 상권특성의 평균 절대 백분위 차이"
"숭실대입구역 4번",3110839,"분식전문점",57.622739018087856,46.21026894865526,57.622739018087856,"뚜렷한 DEAD TIME 없음",0,0,0,5,"","",TRUE,"분석 가능","쌍문역1번(쌍리단길)",84.06007751937985,98.96640826873386,"100 - 16개 상권특성의 평균 절대 백분위 차이"
"숭실대입구역 4번",3110839,"호프-간이주점",63.727454909819635,47.76699029126213,63.727454909819635,"뚜렷한 DEAD TIME 없음",0,0,0,5,"","",TRUE,"분석 가능","상월곡역 1번",89.56663326653307,76.35270541082164,"100 - 16개 상권특성의 평균 절대 백분위 차이"
"숭실대입구역 4번",3110839,"커피-음료",98.80239520958084,58.07860262008734,98.80239520958084,"뚜렷한 DEAD TIME 없음",0,0,0,5,"00~06","",TRUE,"분석 가능","쌍문역1번(쌍리단길)",81.41841317365271,99.7005988023952,"100 - 16개 상권특성의 평균 절대 백분위 차이"
"숭실대입구역 4번",3110839,"편의점",2.827763496143959,41.75,2.827763496143959,"17~21",98.45758354755783,93734.770774976,98.45758354755783,5,"","",TRUE,"분석 가능","외대앞역 1번",87.98200514138817,92.80205655526991,"100 - 16개 상권특성의 평균 절대 백분위 차이"
"중앙대학교",3110840,"한식음식점",68.74304783092325,70.26431718061674,68.74304783092325,"뚜렷한 DEAD TIME 없음",0,0,0,5,"","",TRUE,"분석 가능","사근동살곶이상점가",83.03670745272524,77.19688542825361,"100 - 16개 상권특성의 평균 절대 백분위 차이"
"중앙대학교",3110840,"분식전문점",91.98966408268734,54.76772616136919,91.98966408268734,"뚜렷한 DEAD TIME 없음",0,0,0,5,"","",TRUE,"분석 가능","황학코아루아파트",76.76033591731266,95.60723514211887,"100 - 16개 상권특성의 평균 절대 백분위 차이"
"중앙대학교",3110840,"호프-간이주점",84.5691382765531,57.0873786407767,84.5691382765531,"뚜렷한 DEAD TIME 없음",0,0,0,5,"","",TRUE,"분석 가능",NA,NA,NA,"100 - 16개 상권특성의 평균 절대 백분위 차이"
"중앙대학교",3110840,"커피-음료",88.77245508982035,65.21106259097526,88.77245508982035,"뚜렷한 DEAD TIME 없음",0,0,0,5,"00~06","",TRUE,"분석 가능","숭실대입구역 4번",83.04640718562875,98.80239520958084,"100 - 16개 상권특성의 평균 절대 백분위 차이"
"중앙대학교",3110840,"편의점",91.77377892030847,51.74999999999999,91.77377892030847,"뚜렷한 DEAD TIME 없음",0,0,0,5,"","",TRUE,"분석 가능","외대앞역 1번",79.04884318766067,92.80205655526991,"100 - 16개 상권특성의 평균 절대 백분위 차이"
"흑리단길",3110842,"한식음식점",78.53170189098999,9.030837004405285,78.53170189098999,"뚜렷한 DEAD TIME 없음",0,0,0,5,"","",TRUE,"분석 가능","새절역 2번",89.18937708565072,83.42602892102336,"100 - 16개 상권특성의 평균 절대 백분위 차이"
"흑리단길",3110842,"분식전문점",79.06976744186046,3.1784841075794623,79.06976744186046,"뚜렷한 DEAD TIME 없음",0,0,0,5,"","",TRUE,"분석 가능","연신내역 7번",82.57428940568475,85.27131782945736,"100 - 16개 상권특성의 평균 절대 백분위 차이"
"흑리단길",3110842,"호프-간이주점",38.877755511022045,2.7184466019417477,38.877755511022045,"뚜렷한 DEAD TIME 없음",0,0,0,3,"11~14,14~17","",TRUE,"분석 가능","미아사거리역 3번",92.28456913827655,39.278557114228455,"100 - 16개 상권특성의 평균 절대 백분위 차이"
"흑리단길",3110842,"커피-음료",96.7065868263473,6.404657933042213,96.7065868263473,"뚜렷한 DEAD TIME 없음",0,0,0,5,"00~06","",TRUE,"분석 가능","남가좌동현대아파트",81.70845808383234,97.45508982035929,"100 - 16개 상권특성의 평균 절대 백분위 차이"
"사당5동주민센터",3110843,"한식음식점",16.796440489432705,40.63876651982379,16.796440489432705,"뚜렷한 DEAD TIME 없음",0,0,0,5,"","",TRUE,"분석 가능","용두초등학교",89.46051167964406,52.61401557285873,"100 - 16개 상권특성의 평균 절대 백분위 차이"
"사당5동주민센터",3110843,"커피-음료",92.36526946107784,33.624454148471614,92.36526946107784,"뚜렷한 DEAD TIME 없음",0,0,0,5,"00~06","",TRUE,"분석 가능","KB국민은행 서강지점",88.21107784431138,99.25149700598801,"100 - 16개 상권특성의 평균 절대 백분위 차이"
"남성역 1번",3110846,"한식음식점",45.16129032258064,96.58590308370044,45.16129032258064,"뚜렷한 DEAD TIME 없음",0,0,0,5,"","",TRUE,"분석 가능","상봉역 4번",93.17992213570633,46.82981090100111,"100 - 16개 상권특성의 평균 절대 백분위 차이"
"남성역 1번",3110846,"분식전문점",73.1266149870801,93.15403422982885,73.1266149870801,"뚜렷한 DEAD TIME 없음",0,0,0,5,"","",TRUE,"분석 가능","강동역 4번(강풀만화거리)",91.45671834625323,78.81136950904393,"100 - 16개 상권특성의 평균 절대 백분위 차이"
"남성역 1번",3110846,"호프-간이주점",37.675350701402806,94.5631067961165,37.675350701402806,"14~17",98.25708061002179,250.38287206088117,98.25708061002179,3,"06~11,11~14","",TRUE,"분석 가능","사당역 4번",91.49549098196394,83.16633266533067,"100 - 16개 상권특성의 평균 절대 백분위 차이"
"남성역 1번",3110846,"커피-음료",70.20958083832335,95.63318777292577,70.20958083832335,"뚜렷한 DEAD TIME 없음",0,0,0,5,"","",TRUE,"분석 가능","사당역 4번",91.80389221556887,91.61676646706587,"100 - 16개 상권특성의 평균 절대 백분위 차이"
"남성역 1번",3110846,"편의점",49.61439588688946,93.25,49.61439588688946,"뚜렷한 DEAD TIME 없음",0,0,0,5,"","",TRUE,"분석 가능","상봉역 4번",88.68894601542416,81.74807197943444,"100 - 16개 상권특성의 평균 절대 백분위 차이"
"예술인마을",3110847,"한식음식점",97.8865406006674,51.541850220264315,97.8865406006674,"뚜렷한 DEAD TIME 없음",0,0,0,5,"","",TRUE,"분석 가능",NA,NA,NA,"100 - 16개 상권특성의 평균 절대 백분위 차이"
"양지어린이공원",3110848,"한식음식점",61.62402669632926,70.04405286343612,61.62402669632926,"뚜렷한 DEAD TIME 없음",0,0,0,5,"","",TRUE,"분석 가능","영락고등학교",92.04671857619577,79.19911012235818,"100 - 16개 상권특성의 평균 절대 백분위 차이"
"양지어린이공원",3110848,"분식전문점",3.875968992248062,54.52322738386308,3.875968992248062,"21~24",96.42857142857143,315.24672484677797,96.42857142857143,5,"00~06","",TRUE,"분석 가능","인헌고등학교(인헌중학교)",94.62209302325581,9.560723514211885,"100 - 16개 상권특성의 평균 절대 백분위 차이"
"양지어린이공원",3110848,"호프-간이주점",96.19238476953907,56.699029126213595,96.19238476953907,"뚜렷한 DEAD TIME 없음",0,0,0,3,"06~11,11~14","",TRUE,"분석 가능","역촌역 3번",86.96142284569139,98.59719438877755,"100 - 16개 상권특성의 평균 절대 백분위 차이"
"양지어린이공원",3110848,"커피-음료",1.0479041916167664,65.06550218340611,1.0479041916167664,"06~11",99.69325153374233,257.960747144097,99.69325153374233,5,"00~06","",TRUE,"분석 가능","인헌고등학교(인헌중학교)",92.12200598802394,63.02395209580839,"100 - 16개 상권특성의 평균 절대 백분위 차이"
"이수역 10번",3110849,"한식음식점",48.38709677419355,91.07929515418502,48.38709677419355,"뚜렷한 DEAD TIME 없음",0,0,0,5,"","",TRUE,"분석 가능","광진정말공원",90.58676307007786,70.96774193548387,"100 - 16개 상권특성의 평균 절대 백분위 차이"
"이수역 10번",3110849,"호프-간이주점",9.01803607214429,86.40776699029125,9.01803607214429,"14~17",91.72113289760348,96.40154592406643,91.72113289760348,4,"06~11","",TRUE,"분석 가능","영등포역 2번",88.63977955911824,68.93787575150301,"100 - 16개 상권특성의 평균 절대 백분위 차이"
"사당역 10번",3110850,"한식음식점",26.807563959955505,95.26431718061674,26.807563959955505,"뚜렷한 DEAD TIME 없음",0,0,0,5,"","",TRUE,"분석 가능","상봉역 4번",93.10344827586206,46.82981090100111,"100 - 16개 상권특성의 평균 절대 백분위 차이"
"사당역 10번",3110850,"분식전문점",18.087855297157624,90.95354523227384,18.087855297157624,"뚜렷한 DEAD TIME 없음",0,0,0,5,"00~06","",TRUE,"분석 가능","까치산역 3번",90.24547803617571,39.276485788113696,"100 - 16개 상권특성의 평균 절대 백분위 차이"
"사당역 10번",3110850,"호프-간이주점",7.214428857715431,92.62135922330097,7.214428857715431,"06~11",99.65397923875432,480.9015040666539,99.65397923875432,5,"","",TRUE,"분석 가능","까치산역 3번",92.23446893787575,60.92184368737475,"100 - 16개 상권특성의 평균 절대 백분위 차이"
"사당역 10번",3110850,"커피-음료",53.1437125748503,94.03202328966522,53.1437125748503,"뚜렷한 DEAD TIME 없음",0,0,0,5,"","",TRUE,"분석 가능","남성역 1번",91.07410179640718,70.20958083832335,"100 - 16개 상권특성의 평균 절대 백분위 차이"
"사당역 10번",3110850,"편의점",11.568123393316196,90.75,11.568123393316196,"11~14",90.74550128534705,63643.99730577189,90.74550128534705,5,"","",TRUE,"분석 가능","까치산역 3번",92.8181233933162,78.66323907455013,"100 - 16개 상권특성의 평균 절대 백분위 차이"
"이수역 9번",3110852,"한식음식점",15.795328142380422,48.23788546255506,15.795328142380422,"06~11",92.34285714285714,919.4720743386204,92.34285714285714,5,"","",TRUE,"분석 가능","마포FM",87.72246941045606,72.30255839822024,"100 - 16개 상권특성의 평균 절대 백분위 차이"
"이수역 9번",3110852,"분식전문점",16.020671834625322,30.80684596577017,16.020671834625322,"14~17",99.48051948051948,386.8569038426933,99.48051948051948,3,"17~21,21~24","",TRUE,"분석 가능","청룡동주민센터",85.31976744186046,83.72093023255815,"100 - 16개 상권특성의 평균 절대 백분위 차이"
"이수역 9번",3110852,"호프-간이주점",93.18637274549098,32.23300970873787,93.18637274549098,"뚜렷한 DEAD TIME 없음",0,0,0,4,"06~11","",TRUE,"분석 가능","돌곶이역 5번",79.67184368737475,96.39278557114228,"100 - 16개 상권특성의 평균 절대 백분위 차이"
"이수역 9번",3110852,"커피-음료",29.191616766467064,41.77583697234352,29.191616766467064,"뚜렷한 DEAD TIME 없음",0,0,0,5,"","",TRUE,"분석 가능","상수역 4번",89.35254491017965,72.60479041916167,"100 - 16개 상권특성의 평균 절대 백분위 차이"
"이수역 9번",3110852,"편의점",83.29048843187661,24.75,83.29048843187661,"뚜렷한 DEAD TIME 없음",0,0,0,5,"","",TRUE,"분석 가능","이대역 5번",85.23457583547558,92.54498714652956,"100 - 16개 상권특성의 평균 절대 백분위 차이"
"KT구로지사",3110853,"한식음식점",42.93659621802002,95.59471365638767,42.93659621802002,"뚜렷한 DEAD TIME 없음",0,0,0,5,"","",TRUE,"분석 가능","당산역 8번",85.68548387096774,86.09566184649611,"100 - 16개 상권특성의 평균 절대 백분위 차이"
"KT구로지사",3110853,"분식전문점",NA,91.44254278728606,NA,"뚜렷한 DEAD TIME 없음",0,0,0,0,"","00~06,06~11,11~14,14~17,17~21,21~24",FALSE,"활동 또는 관측 근거 부족",NA,NA,NA,"100 - 16개 상권특성의 평균 절대 백분위 차이"
"KT구로지사",3110853,"커피-음료",79.94011976047905,94.32314410480349,79.94011976047905,"뚜렷한 DEAD TIME 없음",0,0,0,5,"","",TRUE,"분석 가능",NA,NA,NA,"100 - 16개 상권특성의 평균 절대 백분위 차이"
"조원동주민센터",3110854,"한식음식점",32.25806451612903,28.193832599118945,32.25806451612903,"11~14",92.08472686733556,155.85785636571984,92.08472686733556,4,"06~11","",TRUE,"분석 가능","오류동역 4번",89.89849833147943,37.04115684093437,"100 - 16개 상권특성의 평균 절대 백분위 차이"
"신대방역 2번",3110855,"한식음식점",60.40044493882091,73.89867841409692,60.40044493882091,"뚜렷한 DEAD TIME 없음",0,0,0,5,"","",TRUE,"분석 가능","석촌고분역 1번",86.58231368186874,70.18909899888766,"100 - 16개 상권특성의 평균 절대 백분위 차이"
"신대방역 2번",3110855,"분식전문점",95.8656330749354,58.43520782396088,95.8656330749354,"뚜렷한 DEAD TIME 없음",0,0,0,5,"","",TRUE,"분석 가능",NA,NA,NA,"100 - 16개 상권특성의 평균 절대 백분위 차이"
"신대방역 2번",3110855,"호프-간이주점",12.825651302605209,62.33009708737865,12.825651302605209,"17~21",95.98393574297188,1594.6143683299838,95.98393574297188,5,"","",TRUE,"분석 가능","합정역 8번",87.88827655310621,37.87575150300601,"100 - 16개 상권특성의 평균 절대 백분위 차이"
"신대방역 2번",3110855,"커피-음료",66.91616766467065,68.99563318777294,66.91616766467065,"뚜렷한 DEAD TIME 없음",0,0,0,5,"","",TRUE,"분석 가능","숭실대입구역 1번",83.70134730538922,80.53892215568862,"100 - 16개 상권특성의 평균 절대 백분위 차이"
"신대방역 2번",3110855,"편의점",11.311053984575835,56.75,11.311053984575835,"11~14",92.03084832904884,41899.57810254985,92.03084832904884,5,"","",TRUE,"분석 가능","상봉역 3번",88.57647814910025,75.83547557840618,"100 - 16개 상권특성의 평균 절대 백분위 차이"
"미성초등학교",3110856,"한식음식점",5.3392658509454956,58.370044052863435,5.3392658509454956,"14~17",95.43429844097996,3003.599964972524,95.43429844097996,5,"","",TRUE,"분석 가능","보라매역 2번",92.59593993325917,50.055617352614014,"100 - 16개 상권특성의 평균 절대 백분위 차이"
"미성초등학교",3110856,"호프-간이주점",59.519038076152306,42.9126213592233,59.519038076152306,"뚜렷한 DEAD TIME 없음",0,0,0,3,"06~11,11~14","",TRUE,"분석 가능","마포구청역 7번",90.13026052104209,90.98196392785572,"100 - 16개 상권특성의 평균 절대 백분위 차이"
"미성초등학교",3110856,"커피-음료",10.62874251497006,53.12954876273653,10.62874251497006,"뚜렷한 DEAD TIME 없음",0,0,0,5,"00~06","",TRUE,"분석 가능","보라매역 2번",90.6624251497006,18.562874251497004,"100 - 16개 상권특성의 평균 절대 백분위 차이"
"미성초등학교",3110856,"편의점",26.99228791773779,36.75,26.99228791773779,"뚜렷한 DEAD TIME 없음",0,0,0,5,"","",TRUE,"분석 가능","마포구청역 7번",89.05848329048844,52.185089974293064,"100 - 16개 상권특성의 평균 절대 백분위 차이"
"미성동주민센터",3110857,"한식음식점",78.75417130144605,66.62995594713657,78.75417130144605,"뚜렷한 DEAD TIME 없음",0,0,0,5,"00~06","",TRUE,"분석 가능","굽은다리역 2번",88.84176863181312,78.9766407119021,"100 - 16개 상권특성의 평균 절대 백분위 차이"
"미성동주민센터",3110857,"분식전문점",NA,50.8557457212714,NA,"뚜렷한 DEAD TIME 없음",0,0,0,0,"","00~06,06~11,11~14,14~17,17~21,21~24",FALSE,"활동 또는 관측 근거 부족",NA,NA,NA,"100 - 16개 상권특성의 평균 절대 백분위 차이"
"미성동주민센터",3110857,"호프-간이주점",25.250501002004004,52.81553398058253,25.250501002004004,"뚜렷한 DEAD TIME 없음",0,0,0,3,"06~11,11~14","",TRUE,"분석 가능","쌍문2동우체국",86.83617234468937,33.26653306613226,"100 - 16개 상권특성의 평균 절대 백분위 차이"
"신대방역 1번",3110858,"한식음식점",77.41935483870968,42.070484581497794,77.41935483870968,"뚜렷한 DEAD TIME 없음",0,0,0,5,"","",TRUE,"분석 가능","신림현대아파트",81.63236929922135,94.10456062291435,"100 - 16개 상권특성의 평균 절대 백분위 차이"
"신대방역 1번",3110858,"분식전문점",69.76744186046511,24.449877750611247,69.76744186046511,"뚜렷한 DEAD TIME 없음",0,0,0,4,"06~11","",TRUE,"분석 가능","청룡동주민센터",84.83527131782947,83.72093023255815,"100 - 16개 상권특성의 평균 절대 백분위 차이"
"신대방역 1번",3110858,"호프-간이주점",33.46693386773547,25.631067961165048,33.46693386773547,"17~21",97.18875502008032,198.24297218294373,97.18875502008032,2,"06~11,11~14,14~17","",TRUE,"분석 가능","강서구청옆",86.49799599198397,72.54509018036072,"100 - 16개 상권특성의 평균 절대 백분위 차이"
"신대방역 1번",3110858,"커피-음료",20.059880239520957,34.35225618631732,20.059880239520957,"뚜렷한 DEAD TIME 없음",0,0,0,5,"","",TRUE,"분석 가능","신길6동주민센터",85.35741017964071,94.61077844311377,"100 - 16개 상권특성의 평균 절대 백분위 차이"
"난향초등학교",3110859,"한식음식점",87.98665183537263,35.24229074889868,87.98665183537263,"뚜렷한 DEAD TIME 없음",0,0,0,5,"00~06","",TRUE,"분석 가능","국립국악고등학교",87.79894327030033,96.1067853170189,"100 - 16개 상권특성의 평균 절대 백분위 차이"
"난향초등학교",3110859,"분식전문점",40.56847545219638,19.070904645476773,40.56847545219638,"뚜렷한 DEAD TIME 없음",0,0,0,3,"00~06,06~11,21~24","",TRUE,"분석 가능","둔촌고등학교(둔촌중학교)",86.22416020671835,48.320413436692505,"100 - 16개 상권특성의 평균 절대 백분위 차이"
"호림박물관(성보고등학교)",3110860,"한식음식점",1.4460511679644048,36.8942731277533,1.4460511679644048,"14~17",99.77728285077951,385.02688555150877,99.77728285077951,5,"","",TRUE,"분석 가능","성동구보건소",88.0770300333704,7.786429365962181,"100 - 16개 상권특성의 평균 절대 백분위 차이"
"호림박물관(성보고등학교)",3110860,"커피-음료",27.245508982035926,29.694323144104807,27.245508982035926,"뚜렷한 DEAD TIME 없음",0,0,0,5,"00~06","",TRUE,"분석 가능","경찰병원역 3번",89.64258982035929,77.84431137724552,"100 - 16개 상권특성의 평균 절대 백분위 차이"
"관악구신사동주민센터",3110861,"한식음식점",26.140155728587317,88.87665198237885,26.140155728587317,"뚜렷한 DEAD TIME 없음",0,0,0,5,"","",TRUE,"분석 가능","삼전역 4번",90.82313681868743,86.76307007786428,"100 - 16개 상권특성의 평균 절대 백분위 차이"
"관악구신사동주민센터",3110861,"분식전문점",72.3514211886305,80.440097799511,72.3514211886305,"뚜렷한 DEAD TIME 없음",0,0,0,5,"","",TRUE,"분석 가능","송정역 3번",86.27260981912146,91.47286821705426,"100 - 16개 상권특성의 평균 절대 백분위 차이"
"관악구신사동주민센터",3110861,"호프-간이주점",45.09018036072144,83.10679611650485,45.09018036072144,"뚜렷한 DEAD TIME 없음",0,0,0,5,"","",TRUE,"분석 가능","관악구 중앙길",86.14729458917836,71.14228456913828,"100 - 16개 상권특성의 평균 절대 백분위 차이"
"관악구신사동주민센터",3110861,"커피-음료",35.92814371257485,86.46288209606988,35.92814371257485,"뚜렷한 DEAD TIME 없음",0,0,0,5,"","",TRUE,"분석 가능","강동구립성내도서관",87.98652694610779,47.1556886227545,"100 - 16개 상권특성의 평균 절대 백분위 차이"
"관악구신사동주민센터",3110861,"편의점",13.624678663239074,79.5,13.624678663239074,"뚜렷한 DEAD TIME 없음",0,0,0,5,"","",TRUE,"분석 가능","삼전역 4번",88.51221079691517,55.52699228791774,"100 - 16개 상권특성의 평균 절대 백분위 차이"
"난곡초등학교(난곡동벽화마을)",3110862,"한식음식점",87.54171301446051,35.46255506607929,87.54171301446051,"뚜렷한 DEAD TIME 없음",0,0,0,5,"","",TRUE,"분석 가능","서울북부고용노동지청",89.68298109010011,92.880978865406007,"100 - 16개 상권특성의 평균 절대 백분위 차이"
"난우초등학교",3110863,"한식음식점",53.17018909899889,48.458149779735685,53.17018909899889,"뚜렷한 DEAD TIME 없음",0,0,0,5,"","",TRUE,"분석 가능","암사동성당(효정하나플러스아파트)",90.5241935483871,53.9488320355951,"100 - 16개 상권특성의 평균 절대 백분위 차이"
"난우초등학교",3110863,"분식전문점",54.52196382428941,31.05134474327628,54.52196382428941,"뚜렷한 DEAD TIME 없음",0,0,0,5,"00~06","",TRUE,"분석 가능","암사동성당(효정하나플러스아파트)",89.38953488372093,56.33074935400517,"100 - 16개 상권특성의 평균 절대 백분위 차이"
"난우초등학교",3110863,"호프-간이주점",43.48697394789579,32.62135922330097,43.48697394789579,"뚜렷한 DEAD TIME 없음",0,0,0,4,"11~14","",TRUE,"분석 가능","신자초등학교",84.1808617234469,88.97795591182364,"100 - 16개 상권특성의 평균 절대 백분위 차이"
"난우초등학교",3110863,"커피-음료",61.97604790419161,42.066957787481805,61.97604790419161,"뚜렷한 DEAD TIME 없음",0,0,0,5,"","",TRUE,"분석 가능","남천초등학교",87.90232035928143,65.11976047904191,"100 - 16개 상권특성의 평균 절대 백분위 차이"
"신림우방아파트",3110864,"한식음식점",39.59955506117909,82.59911894273128,39.59955506117909,"뚜렷한 DEAD TIME 없음",0,0,0,5,"","",TRUE,"분석 가능","관악해태어린이공원",92.8948832035595,45.49499443826474,"100 - 16개 상권특성의 평균 절대 백분위 차이"
"신림우방아파트",3110864,"편의점",82.0051413881748,68.25,82.0051413881748,"뚜렷한 DEAD TIME 없음",0,0,0,5,"","",TRUE,"분석 가능","군자역 5번",83.78856041131105,83.80462724935732,"100 - 16개 상권특성의 평균 절대 백분위 차이"
"남강고등학교(남강중학교)",3110865,"한식음식점",88.54282536151278,92.29074889867842,88.54282536151278,"뚜렷한 DEAD TIME 없음",0,0,0,5,"","",TRUE,"분석 가능","북가좌2동주민센터",93.37458286985539,95.77308120133482,"100 - 16개 상권특성의 평균 절대 백분위 차이"
"남강고등학교(남강중학교)",3110865,"분식전문점",69.50904392764858,85.81907090464547,69.50904392764858,"뚜렷한 DEAD TIME 없음",0,0,0,5,"00~06","",TRUE,"분석 가능","먹골역 1번",87.45155038759691,88.63049095607235,"100 - 16개 상권특성의 평균 절대 백분위 차이"
"남강고등학교(남강중학교)",3110865,"호프-간이주점",8.216432865731463,88.15533980582524,8.216432865731463,"14~17",98.69281045751634,300.1469192297228,98.69281045751634,3,"06~11,11~14","",TRUE,"분석 가능","화곡2동주민센터",93.04859719438878,37.4749498997996,"100 - 16개 상권특성의 평균 절대 백분위 차이"
"남강고등학교(남강중학교)",3110865,"커피-음료",100,90.24745269286754,100,"뚜렷한 DEAD TIME 없음",0,0,0,5,"00~06","",TRUE,"분석 가능",NA,NA,NA,"100 - 16개 상권특성의 평균 절대 백분위 차이"
"남강고등학교(남강중학교)",3110865,"편의점",97.42930591259639,85.5,97.42930591259639,"뚜렷한 DEAD TIME 없음",0,0,0,5,"","",TRUE,"분석 가능","한울중학교",83.67609254498714,99.74293059125964,"100 - 16개 상권특성의 평균 절대 백분위 차이"
"난우중학교",3110866,"한식음식점",30.255839822024473,67.84140969162996,30.255839822024473,"06~11",92.22857142857143,123.52545965152873,92.22857142857143,5,"00~06","",TRUE,"분석 가능","굽은다리역 2번",91.77558398220245,78.9766407119021,"100 - 16개 상권특성의 평균 절대 백분위 차이"
"난우중학교",3110866,"커피-음료",70.80838323353294,63.17321688500728,70.80838323353294,"뚜렷한 DEAD TIME 없음",0,0,0,5,"00~06","",TRUE,"분석 가능","신월2동주민센터",91.36414670658682,76.94610778443113,"100 - 16개 상권특성의 평균 절대 백분위 차이"
"난우중학교",3110866,"편의점",NA,48.5,NA,"뚜렷한 DEAD TIME 없음",0,0,0,0,"","00~06,06~11,11~14,14~17,17~21,21~24",FALSE,"활동 또는 관측 근거 부족",NA,NA,NA,"100 - 16개 상권특성의 평균 절대 백분위 차이"
"국제신학대학원대학교(남서울중학교)",3110867,"한식음식점",15.016685205784205,70.15418502202643,15.016685205784205,"뚜렷한 DEAD TIME 없음",0,0,0,5,"","",TRUE,"분석 가능","새터산",87.77113459399332,81.97997775305895,"100 - 16개 상권특성의 평균 절대 백분위 차이"
"국제신학대학원대학교(남서울중학교)",3110867,"호프-간이주점",85.37074148296593,56.89320388349515,85.37074148296593,"뚜렷한 DEAD TIME 없음",0,0,0,3,"06~11,11~14","",TRUE,"분석 가능",NA,NA,NA,"100 - 16개 상권특성의 평균 절대 백분위 차이"
"국제신학대학원대학교(남서울중학교)",3110867,"편의점",76.60668380462725,51.5,76.60668380462725,"뚜렷한 DEAD TIME 없음",0,0,0,5,"","",TRUE,"분석 가능","가산동우체국",88.48007712082261,85.60411311053984,"100 - 16개 상권특성의 평균 절대 백분위 차이"
"남부초등학교",3110868,"한식음식점",7.675194660734149,45.26431718061674,7.675194660734149,"06~11",96,585.9292009822873,96,5,"","",TRUE,"분석 가능","가산동우체국",89.55784204671858,31.92436040044494,"100 - 16개 상권특성의 평균 절대 백분위 차이"
"남부초등학교",3110868,"분식전문점",6.976744186046512,27.87286063569682,6.976744186046512,"06~11",96.1218836565097,87.56055450120726,96.1218836565097,4,"00~06,21~24","",TRUE,"분석 가능","가산동우체국",88.51744186046511,93.54005167958657,"100 - 16개 상권특성의 평균 절대 백분위 차이"
"남부초등학교",3110868,"호프-간이주점",6.613226452905812,28.349514563106798,6.613226452905812,"11~14",93.85474860335195,339.95358661991474,93.85474860335195,5,"","",TRUE,"분석 가능","신림역 8번",91.64579158316634,75.75150300601202,"100 - 16개 상권특성의 평균 절대 백분위 차이"
"남부초등학교",3110868,"커피-음료",3.293413173652695,38.13682678311499,3.293413173652695,"06~11",96.31901840490798,493.62632875026964,96.31901840490798,5,"","",TRUE,"분석 가능","신림역 8번",89.90456586826348,92.51497005988024,"100 - 16개 상권특성의 평균 절대 백분위 차이"
"신림역 5번(신림동주민센터, 신림동별빛거리)",3110869,"한식음식점",31.25695216907675,99.44933920704845,31.25695216907675,"11~14",90.85841694537346,9582.721737824853,90.85841694537346,5,"","",TRUE,"분석 가능","관악구 중앙길",93.15906562847609,47.27474972191324,"100 - 16개 상권특성의 평균 절대 백분위 차이"
"신림역 5번(신림동주민센터, 신림동별빛거리)",3110869,"분식전문점",4.1343669250646,98.77750611246944,4.1343669250646,"06~11",98.89196675900277,147.27410753680698,98.89196675900277,5,"","",TRUE,"분석 가능","면목역 2번",87.08010335917314,15.503875968992247,"100 - 16개 상권특성의 평균 절대 백분위 차이"
"신림역 5번(신림동주민센터, 신림동별빛거리)",3110869,"호프-간이주점",16.63326653306613,99.02912621359224,16.63326653306613,"11~14",99.72067039106145,1425.0584207333252,99.72067039106145,4,"06~11","",TRUE,"분석 가능","관악구 중앙길",92.35971943887775,71.14228456913828,"100 - 16개 상권특성의 평균 절대 백분위 차이"
"신림역 5번(신림동주민센터, 신림동별빛거리)",3110869,"커피-음료",47.455089820359284,99.2721979621543,47.455089820359284,"뚜렷한 DEAD TIME 없음",0,0,0,5,"00~06","",TRUE,"분석 가능","구립대학경로당(관악산샘말공원)",88.43562874251496,86.37724550898204,"100 - 16개 상권특성의 평균 절대 백분위 차이"
"신림역 5번(신림동주민센터, 신림동별빛거리)",3110869,"편의점",85.8611825192802,98.75,85.8611825192802,"뚜렷한 DEAD TIME 없음",0,0,0,5,"","",TRUE,"분석 가능","면목역 1번",79.59511568123393,88.94601542416453,"100 - 16개 상권특성의 평균 절대 백분위 차이"
"신원동주민센터",3110871,"한식음식점",97.99777530589544,50.110132158590304,97.99777530589544,"뚜렷한 DEAD TIME 없음",0,0,0,5,"","",TRUE,"분석 가능",NA,NA,NA,"100 - 16개 상권특성의 평균 절대 백분위 차이"
"신원동주민센터",3110871,"분식전문점",66.40826873385012,32.76283618581907,66.40826873385012,"뚜렷한 DEAD TIME 없음",0,0,0,5,"00~06","",TRUE,"분석 가능","가산동우체국",85.88501291989664,93.54005167958657,"100 - 16개 상권특성의 평균 절대 백분위 차이"
"신원동주민센터",3110871,"호프-간이주점",62.124248496993985,34.75728155339806,62.124248496993985,"뚜렷한 DEAD TIME 없음",0,0,0,3,"06~11,11~14","",TRUE,"분석 가능","도림2동유수지내체육시설",85.94689378757515,94.38877755511022,"100 - 16개 상권특성의 평균 절대 백분위 차이"
"신원동주민센터",3110871,"커피-음료",91.91616766467065,43.8136826783115,91.91616766467065,"뚜렷한 DEAD TIME 없음",0,0,0,5,"","",TRUE,"분석 가능","시립대앞사거리",83.61714071856288,95.20958083832335,"100 - 16개 상권특성의 평균 절대 백분위 차이"
"신원동주민센터",3110871,"편의점",59.383033419023135,26.75,59.383033419023135,"뚜렷한 DEAD TIME 없음",0,0,0,5,"","",TRUE,"분석 가능","가산동우체국",87.45179948586119,85.60411311053984,"100 - 16개 상권특성의 평균 절대 백분위 차이"
"신림초등학교",3110872,"한식음식점",6.340378197997776,44.60352422907489,6.340378197997776,"11~14",99.66555183946488,373.51001890275177,99.66555183946488,4,"00~06,06~11","",TRUE,"분석 가능","조원동주민센터",92.64460511679644,32.25806451612903,"100 - 16개 상권특성의 평균 절대 백분위 차이"
"당곡중학교",3110873,"한식음식점",55.83982202447163,47.02643171806167,55.83982202447163,"뚜렷한 DEAD TIME 없음",0,0,0,5,"","",TRUE,"분석 가능","돌곶이역 8번",84.21162402669633,82.64738598442715,"100 - 16개 상권특성의 평균 절대 백분위 차이"
"당곡중학교",3110873,"분식전문점",37.46770025839793,29.3398533007335,37.46770025839793,"뚜렷한 DEAD TIME 없음",0,0,0,5,"","",TRUE,"분석 가능","남영역 1번",81.1046511627907,73.90180878552972,"100 - 16개 상권특성의 평균 절대 백분위 차이"
"당곡중학교",3110873,"호프-간이주점",40.88176352705411,31.2621359223301,40.88176352705411,"뚜렷한 DEAD TIME 없음",0,0,0,5,"","",TRUE,"분석 가능","용두동신동아아파트",83.25400801603206,95.99198396793587,"100 - 16개 상권특성의 평균 절대 백분위 차이"
"당곡중학교",3110873,"커피-음료",NA,40.02911208151383,NA,"뚜렷한 DEAD TIME 없음",0,0,0,0,"","00~06,06~11,11~14,14~17,17~21,21~24",FALSE,"활동 또는 관측 근거 부족",NA,NA,NA,"100 - 16개 상권특성의 평균 절대 백분위 차이"
"당곡중학교",3110873,"편의점",77.89203084832906,23,77.89203084832906,"뚜렷한 DEAD TIME 없음",0,0,0,5,"","",TRUE,"분석 가능","화원중학교",81.81233933161953,93.31619537275064,"100 - 16개 상권특성의 평균 절대 백분위 차이"
"원신초등학교(구세군관악영문교회)",3110874,"한식음식점",1.7797552836484982,86.78414096916299,1.7797552836484982,"21~24",98.08773903262093,655.4325784585856,98.08773903262093,5,"00~06","",TRUE,"분석 가능","증산역 1번",86.49193548387098,22.35817575083426,"100 - 16개 상권특성의 평균 절대 백분위 차이"
"보라매동주민센터(당곡고등학교)",3110875,"한식음식점",0.8898776418242491,10.572687224669604,0.8898776418242491,"14~17",98.7750556792873,552.6394739077111,98.7750556792873,5,"","",TRUE,"분석 가능","망원나들목체육관",90.23915461624027,35.595105672969964,"100 - 16개 상권특성의 평균 절대 백분위 차이"
"보라매동주민센터(당곡고등학교)",3110875,"커피-음료",91.76646706586826,7.132459970887918,91.76646706586826,"뚜렷한 DEAD TIME 없음",0,0,0,5,"","",TRUE,"분석 가능","마포구청역 1번",79.21968562874252,95.50898203592814,"100 - 16개 상권특성의 평균 절대 백분위 차이"
"서원동주민센터(신관중학교)",3110876,"한식음식점",54.39377085650723,35.02202643171806,54.39377085650723,"뚜렷한 DEAD TIME 없음",0,0,0,5,"","",TRUE,"분석 가능","신원동주민센터",91.9146273637375,97.99777530589544,"100 - 16개 상권특성의 평균 절대 백분위 차이"
"신림역 8번",3110877,"한식음식점",69.74416017797553,78.30396475770925,69.74416017797553,"뚜렷한 DEAD TIME 없음",0,0,0,5,"","",TRUE,"분석 가능","광진정말공원",86.86040044493882,70.96774193548387,"100 - 16개 상권특성의 평균 절대 백분위 차이"
"신림역 8번",3110877,"분식전문점",71.31782945736434,62.34718826405869,71.31782945736434,"뚜렷한 DEAD TIME 없음",0,0,0,5,"","",TRUE,"분석 가능","동교초등학교",86.41795865633075,71.83462532299741,"100 - 16개 상권특성의 평균 절대 백분위 차이"
"신림역 8번",3110877,"호프-간이주점",75.75150300601202,68.15533980582525,75.75150300601202,"뚜렷한 DEAD TIME 없음",0,0,0,5,"","",TRUE,"분석 가능","화곡초등학교",88.00100200400801,76.95390781563127,"100 - 16개 상권특성의 평균 절대 백분위 차이"
"신림역 8번",3110877,"커피-음료",92.51497005988024,73.94468704512373,92.51497005988024,"뚜렷한 DEAD TIME 없음",0,0,0,5,"","",TRUE,"분석 가능","서울지방병무청",83.84169161676647,93.11377245508982,"100 - 16개 상권특성의 평균 절대 백분위 차이"
"신림역 8번",3110877,"편의점",79.43444730077121,62.25000000000001,79.43444730077121,"뚜렷한 DEAD TIME 없음",0,0,0,5,"","",TRUE,"분석 가능","가산동우체국",85.34704370179949,85.60411311053984,"100 - 16개 상권특성의 평균 절대 백분위 차이"
"미림여고",3110878,"한식음식점",30.03337041156841,49.22907488986784,30.03337041156841,"21~24",94.26321709786278,110.30271373469286,94.26321709786278,5,"00~06","",TRUE,"분석 가능","상도4동주민센터",89.15461624026698,86.20689655172413,"100 - 16개 상권특성의 평균 절대 백분위 차이"
"신림현대아파트",3110879,"한식음식점",94.10456062291435,19.60352422907489,94.10456062291435,"뚜렷한 DEAD TIME 없음",0,0,0,5,"","",TRUE,"분석 가능","천호태영아파트",87.74332591768632,99.22135706340379,"100 - 16개 상권특성의 평균 절대 백분위 차이"
"신림현대아파트",3110879,"호프-간이주점",NA,8.155339805825243,NA,"뚜렷한 DEAD TIME 없음",0,0,0,0,"","00~06,06~11,11~14,14~17,17~21,21~24",FALSE,"활동 또는 관측 근거 부족",NA,NA,NA,"100 - 16개 상권특성의 평균 절대 백분위 차이"
"신림현대아파트",3110879,"편의점",47.30077120822622,6,47.30077120822622,"뚜렷한 DEAD TIME 없음",0,0,0,5,"","",TRUE,"분석 가능","신길6동주민센터",88.92994858611824,98.97172236503856,"100 - 16개 상권특성의 평균 절대 백분위 차이"
"신림역 1번",3110880,"한식음식점",90.21134593993327,27.973568281938327,90.21134593993327,"뚜렷한 DEAD TIME 없음",0,0,0,5,"00~06","",TRUE,"분석 가능","관악소방서(문영여고)",86.99249165739711,98.33147942157953,"100 - 16개 상권특성의 평균 절대 백분위 차이"
"구립대학경로당(관악산샘말공원)",3110881,"한식음식점",23.5817575083426,99.77973568281938,23.5817575083426,"뚜렷한 DEAD TIME 없음",0,0,0,5,"","",TRUE,"분석 가능","사당역 10번",89.91240266963291,26.807563959955505,"100 - 16개 상권특성의 평균 절대 백분위 차이"
"구립대학경로당(관악산샘말공원)",3110881,"분식전문점",31.007751937984494,99.51100244498777,31.007751937984494,"뚜렷한 DEAD TIME 없음",0,0,0,5,"","",TRUE,"분석 가능","구의1동주민센터",85.25516795865633,57.36434108527132,"100 - 16개 상권특성의 평균 절대 백분위 차이"
"구립대학경로당(관악산샘말공원)",3110881,"호프-간이주점",31.262525050100198,99.6116504854369,31.262525050100198,"뚜렷한 DEAD TIME 없음",0,0,0,5,"","",TRUE,"분석 가능","까치산역 3번",88.07615230460921,60.92184368737475,"100 - 16개 상권특성의 평균 절대 백분위 차이"
"구립대학경로당(관악산샘말공원)",3110881,"커피-음료",86.37724550898204,99.70887918486171,86.37724550898204,"뚜렷한 DEAD TIME 없음",0,0,0,5,"","",TRUE,"분석 가능",NA,NA,NA,"100 - 16개 상권특성의 평균 절대 백분위 차이"
"구립대학경로당(관악산샘말공원)",3110881,"편의점",28.277634961439592,99.5,28.277634961439592,"뚜렷한 DEAD TIME 없음",0,0,0,5,"","",TRUE,"분석 가능","까치산역 3번",90.92223650385604,78.66323907455013,"100 - 16개 상권특성의 평균 절대 백분위 차이"
"신성초등학교",3110882,"한식음식점",50.61179087875417,85.35242290748899,50.61179087875417,"뚜렷한 DEAD TIME 없음",0,0,0,5,"","",TRUE,"분석 가능","능동우편취급국",89.2797552836485,69.52169076751946,"100 - 16개 상권특성의 평균 절대 백분위 차이"
"신성초등학교",3110882,"호프-간이주점",91.98396793587175,78.25242718446603,91.98396793587175,"뚜렷한 DEAD TIME 없음",0,0,0,5,"","",TRUE,"분석 가능","구산역 4번",84.21843687374749,94.18837675350701,"100 - 16개 상권특성의 평균 절대 백분위 차이"
"신성초등학교",3110882,"커피-음료",31.437125748502993,82.53275109170306,31.437125748502993,"21~24",94.70899470899471,332.68019217643194,94.70899470899471,5,"00~06","",TRUE,"분석 가능","강동구립 천호도서관",86.42402694610777,77.09580838323353,"100 - 16개 상권특성의 평균 절대 백분위 차이"
"신성초등학교",3110882,"편의점",NA,73.25,NA,"뚜렷한 DEAD TIME 없음",0,0,0,0,"","00~06,06~11,11~14,14~17,17~21,21~24",FALSE,"활동 또는 관측 근거 부족",NA,NA,NA,"100 - 16개 상권특성의 평균 절대 백분위 차이"
"은천초등학교(은천교앞)",3110883,"한식음식점",1.2235817575083427,75.44052863436124,1.2235817575083427,"17~21",99.6662958843159,9798.5813054578,99.6662958843159,5,"","",TRUE,"분석 가능","건대입구역 6번",88.48720800889878,7.230255839822025,"100 - 16개 상권특성의 평균 절대 백분위 차이"
"은천초등학교(은천교앞)",3110883,"분식전문점",39.79328165374677,59.90220048899756,39.79328165374677,"뚜렷한 DEAD TIME 없음",0,0,0,5,"00~06","",TRUE,"분석 가능","가산동우체국",86.40180878552972,93.54005167958657,"100 - 16개 상권특성의 평균 절대 백분위 차이"
"은천초등학교(은천교앞)",3110883,"호프-간이주점",34.86973947895792,64.07766990291263,34.86973947895792,"뚜렷한 DEAD TIME 없음",0,0,0,5,"","",TRUE,"분석 가능","건대입구역 6번",87.61272545090179,56.1122244488978,"100 - 16개 상권특성의 평균 절대 백분위 차이"
"은천초등학교(은천교앞)",3110883,"커피-음료",40.5688622754491,70.74235807860262,40.5688622754491,"뚜렷한 DEAD TIME 없음",0,0,0,5,"","",TRUE,"분석 가능","사가정역 4번",87.00411676646706,92.66467065868264,"100 - 16개 상권특성의 평균 절대 백분위 차이"
"봉천역 4번(봉천110안전센터)",3110884,"한식음식점",29.588431590656285,49.88986784140969,29.588431590656285,"뚜렷한 DEAD TIME 없음",0,0,0,5,"","",TRUE,"분석 가능","KB국민은행 망원동지점",86.47107897664071,41.37931034482759,"100 - 16개 상권특성의 평균 절대 백분위 차이"
"봉천역 4번(봉천110안전센터)",3110884,"호프-간이주점",17.835671342685373,34.368932038834956,17.835671342685373,"11~14",96.92737430167597,531.9037810944287,96.92737430167597,5,"","",TRUE,"분석 가능","KB국민은행 망원동지점",83.70490981963927,83.56713426853707,"100 - 16개 상권특성의 평균 절대 백분위 차이"
"봉천역 4번(봉천110안전센터)",3110884,"커피-음료",5.9880239520958085,43.522561863173216,5.9880239520958085,"11~14",98.80059970014993,335.0242639931935,98.80059970014993,4,"00~06,06~11","",TRUE,"분석 가능","천호태영아파트",88.17365269461077,37.4251497005988,"100 - 16개 상권특성의 평균 절대 백분위 차이"
"영락고등학교",3110885,"한식음식점",79.19911012235818,76.431718061674,79.19911012235818,"뚜렷한 DEAD TIME 없음",0,0,0,5,"","",TRUE,"분석 가능","동대부여고",92.25528364849833,90.76751946607341,"100 - 16개 상권특성의 평균 절대 백분위 차이"
"영락고등학교",3110885,"분식전문점",52.19638242894057,60.391198044009776,52.19638242894057,"뚜렷한 DEAD TIME 없음",0,0,0,5,"","",TRUE,"분석 가능","면목동우체국",88.71124031007753,62.273901808785524,"100 - 16개 상권특성의 평균 절대 백분위 차이"
"영락고등학교",3110885,"호프-간이주점",54.70941883767535,65.4368932038835,54.70941883767535,"뚜렷한 DEAD TIME 없음",0,0,0,5,"","",TRUE,"분석 가능","인헌고등학교(인헌중학교)",92.82314629258516,85.57114228456913,"100 - 16개 상권특성의 평균 절대 백분위 차이"
"영락고등학교",3110885,"커피-음료",5.688622754491018,72.0524017467249,5.688622754491018,"17~21",94.29429429429429,2763.390830296752,94.29429429429429,5,"","",TRUE,"분석 가능","군자역 5번",91.41092814371258,16.91616766467066,"100 - 16개 상권특성의 평균 절대 백분위 차이"
"영락고등학교",3110885,"편의점",77.37789203084833,59,77.37789203084833,"뚜렷한 DEAD TIME 없음",0,0,0,5,"","",TRUE,"분석 가능","군자역 5번",89.7172236503856,83.80462724935732,"100 - 16개 상권특성의 평균 절대 백분위 차이"
"관악해태어린이공원",3110886,"한식음식점",45.49499443826474,71.25550660792952,45.49499443826474,"뚜렷한 DEAD TIME 없음",0,0,0,5,"","",TRUE,"분석 가능","양지어린이공원",90.99694104560623,61.62402669632926,"100 - 16개 상권특성의 평균 절대 백분위 차이"
"관악해태어린이공원",3110886,"분식전문점",14.470284237726098,55.74572127139364,14.470284237726098,"11~14",91.42857142857143,841.9364575167497,91.42857142857143,5,"00~06","",TRUE,"분석 가능","금천구립가산도서관",91.84431524547804,53.746770025839794,"100 - 16개 상권특성의 평균 절대 백분위 차이"
"관악해태어린이공원",3110886,"커피-음료",80.83832335329342,66.37554585152839,80.83832335329342,"뚜렷한 DEAD TIME 없음",0,0,0,5,"","",TRUE,"분석 가능","면목동우체국",84.81474550898204,94.01197604790418,"100 - 16개 상권특성의 평균 절대 백분위 차이"
"관악해태어린이공원",3110886,"편의점",32.390745501285345,53,32.390745501285345,"뚜렷한 DEAD TIME 없음",0,0,0,5,"","",TRUE,"분석 가능","신림우방아파트",89.57262210796915,82.0051413881748,"100 - 16개 상권특성의 평균 절대 백분위 차이"
"청룡동주민센터",3110888,"한식음식점",20.467185761957733,52.20264317180616,20.467185761957733,"06~11",92.57142857142857,436.1767288052514,92.57142857142857,5,"00~06","",TRUE,"분석 가능","외대앞역 2번",88.18826473859845,22.803114571746384,"100 - 16개 상권특성의 평균 절대 백분위 차이"
"청룡동주민센터",3110888,"분식전문점",83.72093023255815,34.96332518337408,83.72093023255815,"뚜렷한 DEAD TIME 없음",0,0,0,5,"00~06","",TRUE,"분석 가능","백산초등학교",81.33074935400518,90.69767441860465,"100 - 16개 상권특성의 평균 절대 백분위 차이"
"청룡동주민센터",3110888,"커피-음료",8.233532934131736,46.57933042212518,8.233532934131736,"21~24",96.29629629629629,443.76142476845536,96.29629629629629,5,"00~06","",TRUE,"분석 가능","구남초등학교",86.1807634730539,71.25748502994011,"100 - 16개 상권특성의 평균 절대 백분위 차이"
"봉천역 6번",3110889,"한식음식점",51.724137931034484,23.898678414096917,51.724137931034484,"뚜렷한 DEAD TIME 없음",0,0,0,5,"","",TRUE,"분석 가능","오류지구대",90.94132369299221,79.97775305895439,"100 - 16개 상권특성의 평균 절대 백분위 차이"
"봉천역 1번(관악초등학교)",3110890,"한식음식점",25.583982202447164,66.07929515418502,25.583982202447164,"21~24",93.13835770528684,1341.8526289941449,93.13835770528684,5,"","",TRUE,"분석 가능","낙성대역 1번(관악구민 종합체육센터)",86.28337041156841,55.61735261401557,"100 - 16개 상권특성의 평균 절대 백분위 차이"
"봉천역 1번(관악초등학교)",3110890,"분식전문점",13.178294573643413,50.61124694376527,13.178294573643413,"06~11",93.07479224376732,170.19220358931852,93.07479224376732,5,"","",TRUE,"분석 가능","낙성대역 1번(관악구민 종합체육센터)",85.86886304909561,74.67700258397933,"100 - 16개 상권특성의 평균 절대 백분위 차이"
"봉천역 1번(관악초등학교)",3110890,"호프-간이주점",42.68537074148296,52.038834951456316,42.68537074148296,"뚜렷한 DEAD TIME 없음",0,0,0,3,"06~11,11~14","",TRUE,"분석 가능","도림2동유수지내체육시설",86.13476953907816,94.38877755511022,"100 - 16개 상권특성의 평균 절대 백분위 차이"
"봉천역 1번(관악초등학교)",3110890,"커피-음료",63.92215568862275,61.280931586608446,63.92215568862275,"뚜렷한 DEAD TIME 없음",0,0,0,5,"","",TRUE,"분석 가능","자양한강도서관",86.91055389221557,83.23353293413174,"100 - 16개 상권특성의 평균 절대 백분위 차이"
"봉천역 1번(관악초등학교)",3110890,"편의점",29.82005141388175,45.5,29.82005141388175,"뚜렷한 DEAD TIME 없음",0,0,0,5,"","",TRUE,"분석 가능","낙성대역 1번(관악구민 종합체육센터)",88.75321336760925,63.75321336760925,"100 - 16개 상권특성의 평균 절대 백분위 차이"
"구암초등학교",3110891,"한식음식점",95.88431590656285,21.58590308370044,95.88431590656285,"21~24",92.68841394825647,227.87995927945923,92.68841394825647,5,"00~06","",TRUE,"분석 가능","약수역 7번",83.75973303670744,96.55172413793103,"100 - 16개 상권특성의 평균 절대 백분위 차이"
"구암초등학교",3110891,"커피-음료",31.2874251497006,16.011644832605533,31.2874251497006,"뚜렷한 DEAD TIME 없음",0,0,0,5,"","",TRUE,"분석 가능","홍은종합사회복지관",88.64146706586826,85.77844311377245,"100 - 16개 상권특성의 평균 절대 백분위 차이"
"관악구 중앙길",3110892,"한식음식점",47.27474972191324,99.55947136563876,47.27474972191324,"뚜렷한 DEAD TIME 없음",0,0,0,5,"","",TRUE,"분석 가능","면목역 2번",87.55561735261401,87.09677419354838,"100 - 16개 상권특성의 평균 절대 백분위 차이"
"관악구 중앙길",3110892,"분식전문점",0.516795865633075,99.02200488997555,0.516795865633075,"11~14",98.44155844155844,1327.5697404567784,98.44155844155844,4,"06~11","",TRUE,"분석 가능","신림역 5번(신림동주민센터, 신림동별빛거리)",89.48643410852713,4.1343669250646,"100 - 16개 상권특성의 평균 절대 백분위 차이"
"관악구 중앙길",3110892,"호프-간이주점",71.14228456913828,99.22330097087378,71.14228456913828,"뚜렷한 DEAD TIME 없음",0,0,0,5,"","",TRUE,"분석 가능","수송초등학교",85.04509018036073,83.96793587174348,"100 - 16개 상권특성의 평균 절대 백분위 차이"
"관악구 중앙길",3110892,"커피-음료",10.479041916167663,99.41775836972343,10.479041916167663,"11~14",94.00299850074963,4566.819007427178,94.00299850074963,5,"00~06","",TRUE,"분석 가능","신림역 5번(신림동주민센터, 신림동별빛거리)",92.26235029940119,47.455089820359284,"100 - 16개 상권특성의 평균 절대 백분위 차이"
"관악구 중앙길",3110892,"편의점",43.70179948586118,99,43.70179948586118,"뚜렷한 DEAD TIME 없음",0,0,0,5,"","",TRUE,"분석 가능","면목역 2번",89.23521850899743,64.78149100257069,"100 - 16개 상권특성의 평균 절대 백분위 차이"
"관악소방서(문영여고)",3110893,"한식음식점",98.33147942157953,4.074889867841409,98.33147942157953,"뚜렷한 DEAD TIME 없음",0,0,0,5,"","",TRUE,"분석 가능","장승배기역 5번",79.94299221357063,98.44271412680756,"100 - 16개 상권특성의 평균 절대 백분위 차이"
"관악소방서(문영여고)",3110893,"커피-음료",30.538922155688624,3.2023289665211063,30.538922155688624,"뚜렷한 DEAD TIME 없음",0,0,0,4,"00~06,21~24","",TRUE,"분석 가능","양목초등학교",84.29079341317365,43.26347305389221,"100 - 16개 상권특성의 평균 절대 백분위 차이"
"샤로수길",3110895,"한식음식점",12.903225806451612,98.89867841409692,12.903225806451612,"11~14",90.18952062430323,43637.949135861985,90.18952062430323,5,"","",TRUE,"분석 가능","송파나루역 1번(송리단길)",90.05144605116796,19.243604004449388,"100 - 16개 상권특성의 평균 절대 백분위 차이"
"샤로수길",3110895,"분식전문점",32.81653746770026,97.55501222493888,32.81653746770026,"뚜렷한 DEAD TIME 없음",0,0,0,5,"","",TRUE,"분석 가능","망리단길",86.19186046511628,80.10335917312662,"100 - 16개 상권특성의 평균 절대 백분위 차이"
"샤로수길",3110895,"호프-간이주점",86.17234468937876,98.25242718446601,86.17234468937876,"뚜렷한 DEAD TIME 없음",0,0,0,5,"","",TRUE,"분석 가능","삼전역 1번",83.29158316633267,92.38476953907816,"100 - 16개 상권특성의 평균 절대 백분위 차이"
"샤로수길",3110895,"커피-음료",22.75449101796407,98.54439592430859,22.75449101796407,"뚜렷한 DEAD TIME 없음",0,0,0,5,"","",TRUE,"분석 가능","송파나루역 1번(송리단길)",90.7747005988024,29.041916167664674,"100 - 16개 상권특성의 평균 절대 백분위 차이"
"샤로수길",3110895,"편의점",20.308483290488432,97.5,20.308483290488432,"뚜렷한 DEAD TIME 없음",0,0,0,5,"","",TRUE,"분석 가능","송파나루역 1번(송리단길)",89.86182519280206,27.249357326478147,"100 - 16개 상권특성의 평균 절대 백분위 차이"
"관악우성아파트",3110896,"한식음식점",18.909899888765295,13.325991189427313,18.909899888765295,"뚜렷한 DEAD TIME 없음",0,0,0,5,"","",TRUE,"분석 가능","금천어울림복지센터",88.75139043381535,73.74860956618465,"100 - 16개 상권특성의 평균 절대 백분위 차이"
"관악우성아파트",3110896,"커피-음료",77.39520958083833,8.879184861717611,77.39520958083833,"뚜렷한 DEAD TIME 없음",0,0,0,5,"00~06","",TRUE,"분석 가능","송파나루역 3번",90.17589820359282,84.4311377245509,"100 - 16개 상권특성의 평균 절대 백분위 차이"
"서울대입구역 8번",3110897,"한식음식점",42.60289210233593,84.58149779735683,42.60289210233593,"뚜렷한 DEAD TIME 없음",0,0,0,5,"","",TRUE,"분석 가능","양지어린이공원",91.60177975528366,61.62402669632926,"100 - 16개 상권특성의 평균 절대 백분위 차이"
"서울대입구역 8번",3110897,"분식전문점",23.772609819121445,73.59413202933986,23.772609819121445,"뚜렷한 DEAD TIME 없음",0,0,0,4,"21~24","",TRUE,"분석 가능","신림역 8번",88.16214470284238,71.31782945736434,"100 - 16개 상권특성의 평균 절대 백분위 차이"
"서울대입구역 8번",3110897,"편의점",17.737789203084834,71.75,17.737789203084834,"뚜렷한 DEAD TIME 없음",0,0,0,5,"","",TRUE,"분석 가능","영락고등학교",87.75706940874036,77.37789203084833,"100 - 16개 상권특성의 평균 절대 백분위 차이"
"청림동주민센터(상도중학교)",3110898,"호프-간이주점",20.240480961923847,19.02912621359223,20.240480961923847,"뚜렷한 DEAD TIME 없음",0,0,0,4,"06~11","",TRUE,"분석 가능","면목5동주민센터",87.374749498998,28.45691382765531,"100 - 16개 상권특성의 평균 절대 백분위 차이"
"낙성대역 1번(관악구민 종합체육센터)",3110900,"한식음식점",55.61735261401557,78.9647577092511,55.61735261401557,"뚜렷한 DEAD TIME 없음",0,0,0,5,"","",TRUE,"분석 가능","신림역 8번",87.81979977753058,69.74416017797553,"100 - 16개 상권특성의 평균 절대 백분위 차이"
"낙성대역 1번(관악구민 종합체육센터)",3110900,"분식전문점",74.67700258397933,63.81418092909536,74.67700258397933,"뚜렷한 DEAD TIME 없음",0,0,0,5,"","",TRUE,"분석 가능","성신여대운정그린캠퍼스",84.72222222222221,98.19121447028424,"100 - 16개 상권특성의 평균 절대 백분위 차이"
"낙성대역 1번(관악구민 종합체육센터)",3110900,"커피-음료",59.88023952095808,74.81804949053857,59.88023952095808,"뚜렷한 DEAD TIME 없음",0,0,0,5,"","",TRUE,"분석 가능","자양한강도서관",88.50112275449102,83.23353293413174,"100 - 16개 상권특성의 평균 절대 백분위 차이"
"낙성대역 1번(관악구민 종합체육센터)",3110900,"편의점",63.75321336760925,63.5,63.75321336760925,"뚜렷한 DEAD TIME 없음",0,0,0,5,"","",TRUE,"분석 가능","신림역 8번",85.95758354755783,79.43444730077121,"100 - 16개 상권특성의 평균 절대 백분위 차이"
"인헌고등학교(인헌중학교)",3110901,"한식음식점",22.469410456062292,74.44933920704845,22.469410456062292,"11~14",95.09476031215162,1047.8080464730058,95.09476031215162,5,"","",TRUE,"분석 가능","양지어린이공원",94.02808676307008,61.62402669632926,"100 - 16개 상권특성의 평균 절대 백분위 차이"
"인헌고등학교(인헌중학교)",3110901,"분식전문점",9.560723514211885,59.168704156479215,9.560723514211885,"21~24",97.72727272727273,390.84745235499247,97.72727272727273,5,"00~06","",TRUE,"분석 가능","관악해태어린이공원",90.21317829457364,14.470284237726098,"100 - 16개 상권특성의 평균 절대 백분위 차이"
"인헌고등학교(인헌중학교)",3110901,"호프-간이주점",85.57114228456913,63.10679611650486,85.57114228456913,"뚜렷한 DEAD TIME 없음",0,0,0,5,"","",TRUE,"분석 가능","양지어린이공원",94.97745490981964,96.19238476953907,"100 - 16개 상권특성의 평균 절대 백분위 차이"
"인헌고등학교(인헌중학교)",3110901,"커피-음료",63.02395209580839,69.72343522561863,63.02395209580839,"뚜렷한 DEAD TIME 없음",0,0,0,5,"","",TRUE,"분석 가능","관악해태어린이공원",90.65306886227546,80.83832335329342,"100 - 16개 상권특성의 평균 절대 백분위 차이"
"사당역 4번",3110902,"한식음식점",30.589543937708562,92.51101321585902,30.589543937708562,"뚜렷한 DEAD TIME 없음",0,0,0,5,"","",TRUE,"분석 가능","강동역 4번(강풀만화거리)",92.23442714126807,35.483870967741936,"100 - 16개 상권특성의 평균 절대 백분위 차이"
"사당역 4번",3110902,"분식전문점",63.30749354005169,86.3080684596577,63.30749354005169,"뚜렷한 DEAD TIME 없음",0,0,0,5,"","",TRUE,"분석 가능","남성역 1번",89.51873385012921,73.1266149870801,"100 - 16개 상권특성의 평균 절대 백분위 차이"
"사당역 4번",3110902,"호프-간이주점",83.16633266533067,88.54368932038835,83.16633266533067,"뚜렷한 DEAD TIME 없음",0,0,0,3,"06~11,11~14","",TRUE,"분석 가능","푸른들청소년도서관",87.12424849699399,85.77154308617234,"100 - 16개 상권특성의 평균 절대 백분위 차이"
"사당역 4번",3110902,"커피-음료",91.61676646706587,90.53857350800583,91.61676646706587,"뚜렷한 DEAD TIME 없음",0,0,0,5,"00~06","",TRUE,"분석 가능","삼전역 4번",90.61564371257485,97.15568862275448,"100 - 16개 상권특성의 평균 절대 백분위 차이"
"사당역 4번",3110902,"편의점",57.58354755784062,86,57.58354755784062,"뚜렷한 DEAD TIME 없음",0,0,0,5,"","",TRUE,"분석 가능","상봉역 4번",88.09447300771208,81.74807197943444,"100 - 16개 상권특성의 평균 절대 백분위 차이"
"방배아이파크아파트",3110903,"한식음식점",89.9888765294772,67.62114537444934,89.9888765294772,"뚜렷한 DEAD TIME 없음",0,0,0,5,"","",TRUE,"분석 가능","오동나무공원(송파레미니스1단지)",86.88125695216907,90.54505005561735,"100 - 16개 상권특성의 평균 절대 백분위 차이"
"방배아이파크아파트",3110903,"분식전문점",82.94573643410853,52.567237163814184,82.94573643410853,"뚜렷한 DEAD TIME 없음",0,0,0,4,"00~06,21~24","",TRUE,"분석 가능","장안제일시장",82.12209302325581,96.38242894056847,"100 - 16개 상권특성의 평균 절대 백분위 차이"
"방배아이파크아파트",3110903,"커피-음료",64.52095808383234,62.882096069869,64.52095808383234,"뚜렷한 DEAD TIME 없음",0,0,0,5,"00~06","",TRUE,"분석 가능","우장산역 1번",88.0426646706587,91.31736526946108,"100 - 16개 상권특성의 평균 절대 백분위 차이"
"방배아이파크아파트",3110903,"편의점",63.239074550128535,48.25,63.239074550128535,"뚜렷한 DEAD TIME 없음",0,0,0,5,"","",TRUE,"분석 가능","오동나무공원(송파레미니스1단지)",89.41195372750641,67.86632390745501,"100 - 16개 상권특성의 평균 절대 백분위 차이"
"이수역 5번",3110904,"한식음식점",84.42714126807564,21.035242290748897,84.42714126807564,"뚜렷한 DEAD TIME 없음",0,0,0,5,"","",TRUE,"분석 가능","연희파출소",88.61929922135707,84.98331479421579,"100 - 16개 상권특성의 평균 절대 백분위 차이"
"이수역 5번",3110904,"커피-음료",43.41317365269461,15.138282387190685,43.41317365269461,"뚜렷한 DEAD TIME 없음",0,0,0,5,"00~06","",TRUE,"분석 가능","한남힐사이드아파트",89.54902694610779,67.51497005988024,"100 - 16개 상권특성의 평균 절대 백분위 차이"
"이수역 5번",3110904,"편의점",4.884318766066838,7.000000000000001,4.884318766066838,"17~21",97.17223650385604,77926.17131242981,97.17223650385604,5,"00~06","",TRUE,"분석 가능","충정로현대아파트",90.31169665809769,87.66066838046272,"100 - 16개 상권특성의 평균 절대 백분위 차이"
"방배노인종합복지관(이수중학교)",3110905,"한식음식점",30.700778642936594,31.387665198237887,30.700778642936594,"21~24",92.91338582677166,203.2271012100096,92.91338582677166,5,"","",TRUE,"분석 가능","굽은다리역 2번",89.65517241379311,78.9766407119021,"100 - 16개 상권특성의 평균 절대 백분위 차이"
"방배노인종합복지관(이수중학교)",3110905,"커피-음료",92.06586826347305,24.599708879184863,92.06586826347305,"뚜렷한 DEAD TIME 없음",0,0,0,5,"","",TRUE,"분석 가능","당고개역 5번",85.9187874251497,99.8502994011976,"100 - 16개 상권특성의 평균 절대 백분위 차이"
"방배초등학교",3110907,"한식음식점",11.123470522803114,53.524229074889874,11.123470522803114,"14~17",93.65256124721604,3246.9424353809945,93.65256124721604,5,"","",TRUE,"분석 가능","보인중학교",90.43381535038932,25.361512791991103,"100 - 16개 상권특성의 평균 절대 백분위 차이"
"방배초등학교",3110907,"분식전문점",24.54780361757106,37.40831295843521,24.54780361757106,"뚜렷한 DEAD TIME 없음",0,0,0,5,"","",TRUE,"분석 가능","동대부고",89.48643410852713,32.041343669250644,"100 - 16개 상권특성의 평균 절대 백분위 차이"
"방배초등학교",3110907,"커피-음료",6.287425149700598,48.03493449781659,6.287425149700598,"17~21",93.993993993994,3511.8742905869835,93.993993993994,5,"00~06","",TRUE,"분석 가능","보인중학교",90.57821856287424,93.8622754491018,"100 - 16개 상권특성의 평균 절대 백분위 차이"
"구반포역",3110908,"분식전문점",35.14211886304909,0.4889975550122249,35.14211886304909,"뚜렷한 DEAD TIME 없음",0,0,0,5,"00~06","",TRUE,"분석 가능","경향신문사",88.61434108527132,94.05684754521964,"100 - 16개 상권특성의 평균 절대 백분위 차이"
"구반포역",3110908,"커피-음료",14.820359281437126,1.0189228529839884,14.820359281437126,"17~21",98.94894894894894,4516.317837587335,98.94894894894894,4,"21~24","",TRUE,"분석 가능","경향신문사",91.48577844311377,51.34730538922155,"100 - 16개 상권특성의 평균 절대 백분위 차이"
"내방역 5번",3110910,"한식음식점",79.3103448275862,41.629955947136565,79.3103448275862,"17~21",93.54838709677419,709.7487472047234,93.54838709677419,4,"21~24","",TRUE,"분석 가능","청계천박물관",89.8011679644049,94.54949944382648,"100 - 16개 상권특성의 평균 절대 백분위 차이"
"방배동사이길",3110912,"한식음식점",95.99555061179088,6.607929515418502,95.99555061179088,"뚜렷한 DEAD TIME 없음",0,0,0,5,"","",TRUE,"분석 가능","강남구청역 2번",84.73998887652948,99.11012235817576,"100 - 16개 상권특성의 평균 절대 백분위 차이"
"방배동사이길",3110912,"커피-음료",95.65868263473054,4.366812227074235,95.65868263473054,"뚜렷한 DEAD TIME 없음",0,0,0,5,"00~06","",TRUE,"분석 가능","KT금천빌딩(금천구시설관리공단)",88.64146706586826,98.35329341317365,"100 - 16개 상권특성의 평균 절대 백분위 차이"
"방현초등학교(방배119안전센터)",3110913,"한식음식점",42.04671857619577,43.83259911894273,42.04671857619577,"21~24",91.90101237345331,532.2986351160987,91.90101237345331,5,"","",TRUE,"분석 가능","강서구다솔마을",84.77474972191324,95.10567296996662,"100 - 16개 상권특성의 평균 절대 백분위 차이"
"방현초등학교(방배119안전센터)",3110913,"커피-음료",12.724550898203594,36.681222707423586,12.724550898203594,"14~17",91.76646706586826,454.4838334280422,91.76646706586826,5,"","",TRUE,"분석 가능","강서구다솔마을",88.10815868263472,34.73053892215569,"100 - 16개 상권특성의 평균 절대 백분위 차이"
"서래초등학교",3110915,"커피-음료",64.37125748502994,5.240174672489083,64.37125748502994,"뚜렷한 DEAD TIME 없음",0,0,0,5,"00~06","",TRUE,"분석 가능","광나루역 1번",86.55501497005989,96.25748502994011,"100 - 16개 상권특성의 평균 절대 백분위 차이"
"내방역 4번",3110916,"한식음식점",78.86540600667408,39.75770925110132,78.86540600667408,"뚜렷한 DEAD TIME 없음",0,0,0,5,"","",TRUE,"분석 가능","성내천어린이공원(하니사랑길)",86.97858731924359,89.43270300333704,"100 - 16개 상권특성의 평균 절대 백분위 차이"
"내방역 4번",3110916,"커피-음료",60.928143712574844,32.751091703056765,60.928143712574844,"뚜렷한 DEAD TIME 없음",0,0,0,5,"","",TRUE,"분석 가능","개포지구대옆",87.41579341317365,72.0059880239521,"100 - 16개 상권특성의 평균 절대 백분위 차이"
"방배역 3번",3110918,"편의점",87.40359897172236,41.25,87.40359897172236,"뚜렷한 DEAD TIME 없음",0,0,0,5,"","",TRUE,"분석 가능","이화달팽이길",84.68830334190231,100,"100 - 16개 상권특성의 평균 절대 백분위 차이"
"서울프랑스학교",3110921,"한식음식점",27.1412680756396,32.929515418502206,27.1412680756396,"06~11",95.77142857142857,61.370899093127434,95.77142857142857,5,"00~06","",TRUE,"분석 가능","방이동고분군(방산고등학교)",88.32035595105673,82.42491657397107,"100 - 16개 상권특성의 평균 절대 백분위 차이"
"서울프랑스학교",3110921,"커피-음료",33.532934131736525,26.346433770014556,33.532934131736525,"뚜렷한 DEAD TIME 없음",0,0,0,5,"","",TRUE,"분석 가능","성내중학교",89.86714071856288,64.82035928143712,"100 - 16개 상권특성의 평균 절대 백분위 차이"
"내방역 1번",3110922,"커피-음료",30.389221556886227,52.9839883551674,30.389221556886227,"21~24",91.53439153439153,215.6482816066284,91.53439153439153,5,"00~06","",TRUE,"분석 가능","한겨레신문사",88.01459580838323,85.17964071856288,"100 - 16개 상권특성의 평균 절대 백분위 차이"
"반포4동주민센터(몽마르뜨공원)",3110924,"커피-음료",NA,22.270742358078603,NA,"뚜렷한 DEAD TIME 없음",0,0,0,0,"","00~06,06~11,11~14,14~17,17~21,21~24",FALSE,"활동 또는 관측 근거 부족",NA,NA,NA,"100 - 16개 상권특성의 평균 절대 백분위 차이"
"서초중학교",3110925,"한식음식점",50.723025583982206,47.68722466960352,50.723025583982206,"뚜렷한 DEAD TIME 없음",0,0,0,5,"","",TRUE,"분석 가능","대흥동주민센터",88.13264738598443,72.52502780867631,"100 - 16개 상권특성의 평균 절대 백분위 차이"
"서초중학교",3110925,"커피-음료",87.12574850299401,41.04803493449782,87.12574850299401,"뚜렷한 DEAD TIME 없음",0,0,0,5,"00~06","",TRUE,"분석 가능","굽은다리역 2번",88.57597305389223,98.95209580838323,"100 - 16개 상권특성의 평균 절대 백분위 차이"
"신중초등학교",3110926,"한식음식점",39.15461624026697,57.9295154185022,39.15461624026697,"21~24",97.97525309336334,196.17219465082596,97.97525309336334,5,"00~06","",TRUE,"분석 가능","선정릉역 4번",86.74916573971079,80.42269187986652,"100 - 16개 상권특성의 평균 절대 백분위 차이"
"신중초등학교",3110926,"커피-음료",37.12574850299401,52.69286754002911,37.12574850299401,"17~21",93.3933933933934,1250.4603179010041,93.3933933933934,4,"00~06,21~24","",TRUE,"분석 가능","송파역 2번",87.47193113772454,44.91017964071856,"100 - 16개 상권특성의 평균 절대 백분위 차이"
"신중초등학교",3110926,"편의점",93.05912596401028,36.5,93.05912596401028,"뚜렷한 DEAD TIME 없음",0,0,0,5,"","",TRUE,"분석 가능","쌍문역1번(쌍리단길)",81.81233933161953,99.48586118251927,"100 - 16개 상권특성의 평균 절대 백분위 차이"
"잠원역",3110927,"한식음식점",91.87986651835372,24.33920704845815,91.87986651835372,"뚜렷한 DEAD TIME 없음",0,0,0,5,"","",TRUE,"분석 가능","창동중학교",86.8186874304783,97.55283648498332,"100 - 16개 상권특성의 평균 절대 백분위 차이"
"잠원역",3110927,"커피-음료",NA,18.922852983988356,NA,"뚜렷한 DEAD TIME 없음",0,0,0,0,"","00~06,06~11,11~14,14~17,17~21,21~24",FALSE,"활동 또는 관측 근거 부족",NA,NA,NA,"100 - 16개 상권특성의 평균 절대 백분위 차이"
"남부터미널역 1번",3110929,"한식음식점",69.18798665183537,83.37004405286343,69.18798665183537,"뚜렷한 DEAD TIME 없음",0,0,0,5,"00~06","",TRUE,"분석 가능","방배아이파크아파트",86.47803114571747,89.9888765294772,"100 - 16개 상권특성의 평균 절대 백분위 차이"
"남부터미널역 1번",3110929,"커피-음료",1.1976047904191618,80.34934497816593,1.1976047904191618,"17~21",98.34834834834835,2212.6107930782364,98.34834834834835,4,"00~06,21~24","",TRUE,"분석 가능","중화역 1번",87.39708083832336,11.976047904191617,"100 - 16개 상권특성의 평균 절대 백분위 차이"
"서초동성당",3110930,"한식음식점",70.74527252502781,29.625550660792953,70.74527252502781,"뚜렷한 DEAD TIME 없음",0,0,0,5,"","",TRUE,"분석 가능","동구여중",88.92519466073415,97.44160177975529,"100 - 16개 상권특성의 평균 절대 백분위 차이"
"서초동성당",3110930,"커피-음료",4.04191616766467,22.99854439592431,4.04191616766467,"17~21",99.69969969969969,1982.1706522917418,99.69969969969969,4,"00~06,21~24","",TRUE,"분석 가능","송파역 2번",89.09056886227546,44.91017964071856,"100 - 16개 상권특성의 평균 절대 백분위 차이"
"삼성전자서울R&D(서울우면초등학교)",3110931,"커피-음료",94.46107784431138,0.727802037845706,94.46107784431138,"뚜렷한 DEAD TIME 없음",0,0,0,4,"00~06,21~24","",TRUE,"분석 가능","강서구청가양동별관",86.72342814371258,97.60479041916167,"100 - 16개 상권특성의 평균 절대 백분위 차이"
"서울시인재개발원",3110932,"한식음식점",48.720800889877644,17.400881057268723,48.720800889877644,"21~24",92.46344206974129,167.54837222274125,92.46344206974129,5,"00~06","",TRUE,"분석 가능","중구회현체육센터(정화예술대남산캠퍼스)",91.9424360400445,90.65628476084538,"100 - 16개 상권특성의 평균 절대 백분위 차이"
"한국상담대학원대학교",3110933,"한식음식점",99.77753058954394,4.955947136563877,99.77753058954394,"뚜렷한 DEAD TIME 없음",0,0,0,5,"00~06","",TRUE,"분석 가능",NA,NA,NA,"100 - 16개 상권특성의 평균 절대 백분위 차이"
"우면주공아파트",3110934,"한식음식점",12.680756395995552,37.00440528634361,12.680756395995552,"21~24",93.58830146231722,899.37132450884,93.58830146231722,5,"","",TRUE,"분석 가능","한영중고",89.66212458286985,85.98442714126807,"100 - 16개 상권특성의 평균 절대 백분위 차이"
"우면주공아파트",3110934,"분식전문점",85.52971576227391,20.78239608801956,85.52971576227391,"뚜렷한 DEAD TIME 없음",0,0,0,4,"00~06,21~24","",TRUE,"분석 가능","쌍문역1번(쌍리단길)",79.73191214470285,98.96640826873386,"100 - 16개 상권특성의 평균 절대 백분위 차이"
"우면주공아파트",3110934,"커피-음료",10.179640718562874,29.839883551673946,10.179640718562874,"21~24",95.76719576719577,380.67362230073934,95.76719576719577,5,"00~06","",TRUE,"분석 가능","한영중고",89.32447604790418,92.21556886227546,"100 - 16개 상권특성의 평균 절대 백분위 차이"
"더케이호텔(양재리본타워2단지아파트)",3110936,"한식음식점",67.5194660734149,12.004405286343612,67.5194660734149,"뚜렷한 DEAD TIME 없음",0,0,0,5,"","",TRUE,"분석 가능","서초동성당",89.18937708565072,70.74527252502781,"100 - 16개 상권특성의 평균 절대 백분위 차이"
"더케이호텔(양재리본타워2단지아파트)",3110936,"커피-음료",48.952095808383234,7.714701601164483,48.952095808383234,"21~24",94.17989417989418,301.54384251053636,94.17989417989418,5,"00~06","",TRUE,"분석 가능","광나루역 1번",90.33495508982035,96.25748502994011,"100 - 16개 상권특성의 평균 절대 백분위 차이"
"방아다리근린공원(횃불트리니티신학대학원대학교)",3110937,"한식음식점",73.30367074527253,2.643171806167401,73.30367074527253,"21~24",99.10011248593926,156.61348466870677,99.10011248593926,5,"00~06","",TRUE,"분석 가능","마포경찰서",90.19744160177976,86.87430478309233,"100 - 16개 상권특성의 평균 절대 백분위 차이"
"바우뫼공원",3110938,"한식음식점",54.06006674082313,19.933920704845814,54.06006674082313,"뚜렷한 DEAD TIME 없음",0,0,0,5,"00~06","",TRUE,"분석 가능","경향신문사",92.34566184649611,89.09899888765295,"100 - 16개 상권특성의 평균 절대 백분위 차이"
"바우뫼공원",3110938,"커피-음료",72.45508982035929,14.41048034934498,72.45508982035929,"뚜렷한 DEAD TIME 없음",0,0,0,5,"","",TRUE,"분석 가능","중구회현체육센터(정화예술대남산캠퍼스)",88.97829341317365,73.95209580838323,"100 - 16개 상권특성의 평균 절대 백분위 차이"
"양재역 8번(양재동우체국)",3110939,"한식음식점",48.16462736373748,90.52863436123349,48.16462736373748,"뚜렷한 DEAD TIME 없음",0,0,0,5,"","",TRUE,"분석 가능","숙대입구",88.50111234705228,56.50723025583982,"100 - 16개 상권특성의 평균 절대 백분위 차이"
"양재역 8번(양재동우체국)",3110939,"분식전문점",57.105943152454785,82.64058679706602,57.105943152454785,"뚜렷한 DEAD TIME 없음",0,0,0,5,"","",TRUE,"분석 가능","성수119안전센터",82.80038759689923,97.67441860465115,"100 - 16개 상권특성의 평균 절대 백분위 차이"
"양재역 8번(양재동우체국)",3110939,"호프-간이주점",50.70140280561122,85.63106796116506,50.70140280561122,"뚜렷한 DEAD TIME 없음",0,0,0,5,"","",TRUE,"분석 가능","숙대입구",87.02404809619239,90.18036072144288,"100 - 16개 상권특성의 평균 절대 백분위 차이"
"양재역 8번(양재동우체국)",3110939,"커피-음료",39.67065868263473,88.35516739446871,39.67065868263473,"뚜렷한 DEAD TIME 없음",0,0,0,5,"00~06","",TRUE,"분석 가능","숙대입구",86.21818862275448,74.8502994011976,"100 - 16개 상권특성의 평균 절대 백분위 차이"
"양재역 8번(양재동우체국)",3110939,"편의점",33.16195372750643,82.5,33.16195372750643,"뚜렷한 DEAD TIME 없음",0,0,0,5,"","",TRUE,"분석 가능","숙대입구",87.17866323907455,40.616966580976865,"100 - 16개 상권특성의 평균 절대 백분위 차이"
"양재근린공원(양재2동주민센터)",3110940,"한식음식점",NA,28.9647577092511,NA,"뚜렷한 DEAD TIME 없음",0,0,0,0,"","00~06,06~11,11~14,14~17,17~21,21~24",FALSE,"활동 또는 관측 근거 부족",NA,NA,NA,"100 - 16개 상권특성의 평균 절대 백분위 차이"
"염곡동 구룡사(포이동성당)",3110942,"한식음식점",26.696329254727473,82.37885462555066,26.696329254727473,"뚜렷한 DEAD TIME 없음",0,0,0,5,"","",TRUE,"분석 가능","선유도역 1번",88.54282536151278,34.03781979977753,"100 - 16개 상권특성의 평균 절대 백분위 차이"
"염곡동 구룡사(포이동성당)",3110942,"호프-간이주점",71.7434869739479,73.98058252427184,71.7434869739479,"뚜렷한 DEAD TIME 없음",0,0,0,4,"06~11","",TRUE,"분석 가능","홍대부속여중고앞",82.80310621242485,97.99599198396794,"100 - 16개 상권특성의 평균 절대 백분위 차이"
"염곡동 구룡사(포이동성당)",3110942,"커피-음료",58.23353293413174,79.1848617176128,58.23353293413174,"뚜렷한 DEAD TIME 없음",0,0,0,5,"00~06","",TRUE,"분석 가능","성내천어린이공원(하니사랑길)",85.74101796407186,78.59281437125748,"100 - 16개 상권특성의 평균 절대 백분위 차이"
"염곡동 구룡사(포이동성당)",3110942,"편의점",16.709511568123396,67.75,16.709511568123396,"뚜렷한 DEAD TIME 없음",0,0,0,5,"","",TRUE,"분석 가능","등촌1동주민센터",90.24742930591259,62.98200514138818,"100 - 16개 상권특성의 평균 절대 백분위 차이"
"법제교육센터(버들어린이공원)",3110943,"한식음식점",75.63959955506118,40.52863436123348,75.63959955506118,"뚜렷한 DEAD TIME 없음",0,0,0,5,"","",TRUE,"분석 가능","장충초등학교",86.2694660734149,85.65072302558399,"100 - 16개 상권특성의 평균 절대 백분위 차이"
"법제교육센터(버들어린이공원)",3110943,"커피-음료",34.58083832335329,33.47889374090248,34.58083832335329,"뚜렷한 DEAD TIME 없음",0,0,0,5,"00~06","",TRUE,"분석 가능","청구역 3번",88.54790419161677,83.53293413173652,"100 - 16개 상권특성의 평균 절대 백분위 차이"
"청계산입구역 2번(내곡동주민센터)",3110947,"한식음식점",74.6384872080089,0,74.6384872080089,"21~24",96.28796400449944,557.1083906387478,96.28796400449944,5,"","",TRUE,"분석 가능","경복고등학교",86.35289210233593,83.98220244716352,"100 - 16개 상권특성의 평균 절대 백분위 차이"
"한남IC",3110949,"한식음식점",80.31145717463849,22.90748898678414,80.31145717463849,"뚜렷한 DEAD TIME 없음",0,0,0,5,"00~06","",TRUE,"분석 가능","삼성중앙역 5번",92.825361512792,93.32591768631812,"100 - 16개 상권특성의 평균 절대 백분위 차이"
"한남IC",3110949,"커피-음료",24.850299401197603,17.903930131004365,24.850299401197603,"21~24",97.35449735449735,608.583135661796,97.35449735449735,5,"00~06","",TRUE,"분석 가능","리움미술관",92.3559131736527,45.05988023952096,"100 - 16개 상권특성의 평균 절대 백분위 차이"
"신사은행나무공원",3110951,"한식음식점",81.42380422691879,30.506607929515418,81.42380422691879,"뚜렷한 DEAD TIME 없음",0,0,0,5,"","",TRUE,"분석 가능","학동초등학교",91.90767519466073,87.76418242491657,"100 - 16개 상권특성의 평균 절대 백분위 차이"
"신사은행나무공원",3110951,"분식전문점",20.41343669250646,15.403422982885084,20.41343669250646,"21~24",92.53246753246754,189.55505512277622,92.53246753246754,5,"00~06","",TRUE,"분석 가능","동대문역사문화공원역 5번",87.75839793281654,60.98191214470285,"100 - 16개 상권특성의 평균 절대 백분위 차이"
"신사은행나무공원",3110951,"커피-음료",2.9940119760479043,23.726346433770015,2.9940119760479043,"21~24",94.53262786596119,323.04966071026894,94.53262786596119,5,"00~06","",TRUE,"분석 가능","언북초등학교",89.30576347305389,23.053892215568865,"100 - 16개 상권특성의 평균 절대 백분위 차이"
"논현목련공원",3110952,"한식음식점",7.452725250278086,14.757709251101323,7.452725250278086,"14~17",95.87973273942093,1472.5537645984919,95.87973273942093,5,"","",TRUE,"분석 가능","두산초등학교",89.28670745272524,81.20133481646273,"100 - 16개 상권특성의 평균 절대 백분위 차이"
"학동근린공원",3110953,"커피-음료",55.53892215568862,24.890829694323145,55.53892215568862,"뚜렷한 DEAD TIME 없음",0,0,0,4,"00~06,21~24","",TRUE,"분석 가능","역삼역 4번",95.67739520958084,62.5748502994012,"100 - 16개 상권특성의 평균 절대 백분위 차이"
"국기원",3110954,"커피-음료",74.7005988023952,31.29548762736536,74.7005988023952,"뚜렷한 DEAD TIME 없음",0,0,0,5,"","",TRUE,"분석 가능","옥수역 6번",84.29079341317365,82.33532934131736,"100 - 16개 상권특성의 평균 절대 백분위 차이"
"논현초등학교",3110955,"한식음식점",46.71857619577308,94.27312775330397,46.71857619577308,"뚜렷한 DEAD TIME 없음",0,0,0,5,"","",TRUE,"분석 가능","남영역 1번",85.58815350389321,63.95995550611791,"100 - 16개 상권특성의 평균 절대 백분위 차이"
"논현초등학교",3110955,"호프-간이주점",2.2044088176352705,91.06796116504854,2.2044088176352705,"17~21",95.78313253012048,431.044234966155,95.78313253012048,5,"","",TRUE,"분석 가능","선유도역 1번",90.81913827655312,18.236472945891784,"100 - 16개 상권특성의 평균 절대 백분위 차이"
"논현초등학교",3110955,"커피-음료",8.832335329341317,92.72197962154294,8.832335329341317,"14~17",97.0059880239521,5274.218004057595,97.0059880239521,5,"","",TRUE,"분석 가능","보문역 5번",89.68937125748504,27.844311377245507,"100 - 16개 상권특성의 평균 절대 백분위 차이"
"논현초등학교",3110955,"편의점",69.66580976863753,89,69.66580976863753,"뚜렷한 DEAD TIME 없음",0,0,0,5,"","",TRUE,"분석 가능","남영역 1번",86.51992287917739,95.88688946015425,"100 - 16개 상권특성의 평균 절대 백분위 차이"
"언북중학교",3110957,"한식음식점",11.902113459399333,61.013215859030836,11.902113459399333,"06~11",91.42857142857143,600.2624859157784,91.42857142857143,5,"","",TRUE,"분석 가능","성곡미술관",89.66212458286986,57.063403781979986,"100 - 16개 상권특성의 평균 절대 백분위 차이"
"언북중학교",3110957,"커피-음료",45.65868263473054,56.33187772925764,45.65868263473054,"뚜렷한 DEAD TIME 없음",0,0,0,5,"00~06","",TRUE,"분석 가능","선유도역 6번",90.13847305389223,83.98203592814372,"100 - 16개 상권특성의 평균 절대 백분위 차이"
"역삼역 4번",3110958,"한식음식점",5.561735261401557,42.841409691629956,5.561735261401557,"06~11",97.94285714285714,130.12455752719455,97.94285714285714,5,"00~06","",TRUE,"분석 가능","남산골공원옆",92.28309232480534,31.70189098998888,"100 - 16개 상권특성의 평균 절대 백분위 차이"
"역삼역 4번",3110958,"분식전문점",NA,25.183374083129586,NA,"뚜렷한 DEAD TIME 없음",0,0,0,0,"","00~06,06~11,11~14,14~17,17~21,21~24",FALSE,"활동 또는 관측 근거 부족",NA,NA,NA,"100 - 16개 상권특성의 평균 절대 백분위 차이"
"역삼역 4번",3110958,"커피-음료",62.5748502994012,35.37117903930131,62.5748502994012,"뚜렷한 DEAD TIME 없음",0,0,0,5,"00~06","",TRUE,"분석 가능","역삼역 8번",89.76422155688623,64.67065868263472,"100 - 16개 상권특성의 평균 절대 백분위 차이"
"신구중학교",3110959,"한식음식점",82.75862068965517,6.167400881057269,82.75862068965517,"뚜렷한 DEAD TIME 없음",0,0,0,5,"00~06","",TRUE,"분석 가능","강남구청역 2번",92.64460511679644,99.11012235817576,"100 - 16개 상권특성의 평균 절대 백분위 차이"
"언주역 3번",3110961,"한식음식점",85.87319243604004,79.07488986784142,85.87319243604004,"뚜렷한 DEAD TIME 없음",0,0,0,5,"","",TRUE,"분석 가능",NA,NA,NA,"100 - 16개 상권특성의 평균 절대 백분위 차이"
"언주역 3번",3110961,"분식전문점",5.167958656330749,64.05867970660147,5.167958656330749,"14~17",98.18181818181819,519.9052156151432,98.18181818181819,4,"21~24","",TRUE,"분석 가능","장충초등학교",88.8888888888889,62.7906976744186,"100 - 16개 상권특성의 평균 절대 백분위 차이"
"언주역 3번",3110961,"커피-음료",70.65868263473054,74.96360989810772,70.65868263473054,"뚜렷한 DEAD TIME 없음",0,0,0,5,"","",TRUE,"분석 가능","청구역 3번",88.09880239520957,83.53293413173652,"100 - 16개 상권특성의 평균 절대 백분위 차이"
"도산공원북측",3110962,"한식음식점",NA,3.1938325991189425,NA,"뚜렷한 DEAD TIME 없음",0,0,0,0,"","00~06,06~11,11~14,14~17,17~21,21~24",FALSE,"활동 또는 관측 근거 부족",NA,NA,NA,"100 - 16개 상권특성의 평균 절대 백분위 차이"
"언주역 6번",3110965,"한식음식점",8.231368186874304,56.718061674008815,8.231368186874304,"17~21",96.99666295884316,10739.435548245263,96.99666295884316,5,"","",TRUE,"분석 가능","문정역 1번",90.79532814238043,84.6496106785317,"100 - 16개 상권특성의 평균 절대 백분위 차이"
"언주역 6번",3110965,"커피-음료",32.33532934131736,51.2372634643377,32.33532934131736,"뚜렷한 DEAD TIME 없음",0,0,0,5,"","",TRUE,"분석 가능","언북중학교",89.69872754491017,45.65868263473054,"100 - 16개 상권특성의 평균 절대 백분위 차이"
"논현2동주민센터",3110966,"한식음식점",54.727474972191324,83.59030837004406,54.727474972191324,"뚜렷한 DEAD TIME 없음",0,0,0,5,"","",TRUE,"분석 가능","영등포구청역 2번",87.38876529477197,55.72858731924361,"100 - 16개 상권특성의 평균 절대 백분위 차이"
"논현2동주민센터",3110966,"분식전문점",2.5839793281653747,71.63814180929096,2.5839793281653747,"06~11",99.16897506925207,177.93845938635582,99.16897506925207,5,"","",TRUE,"분석 가능","경수초등학교",88.93733850129199,27.131782945736433,"100 - 16개 상권특성의 평균 절대 백분위 차이"
"논현2동주민센터",3110966,"호프-간이주점",91.18236472945893,75.72815533980582,91.18236472945893,"뚜렷한 DEAD TIME 없음",0,0,0,5,"","",TRUE,"분석 가능","영등포구청역 2번",89.01553106212425,99.59919839679358,"100 - 16개 상권특성의 평균 절대 백분위 차이"
"논현2동주민센터",3110966,"커피-음료",22.904191616766468,80.64046579330422,22.904191616766468,"뚜렷한 DEAD TIME 없음",0,0,0,5,"00~06","",TRUE,"분석 가능","장충단 고개",88.68824850299401,32.93413173652694,"100 - 16개 상권특성의 평균 절대 백분위 차이"
"역삼역 8번",3110967,"한식음식점",83.87096774193549,42.731277533039645,83.87096774193549,"뚜렷한 DEAD TIME 없음",0,0,0,5,"","",TRUE,"분석 가능","학동초등학교",89.71078976640712,87.76418242491657,"100 - 16개 상권특성의 평균 절대 백분위 차이"
"역삼역 8번",3110967,"호프-간이주점",88.17635270541082,26.21359223300971,88.17635270541082,"뚜렷한 DEAD TIME 없음",0,0,0,3,"11~14,14~17","",TRUE,"분석 가능","영등포구청역 2번",91.34519038076152,99.59919839679358,"100 - 16개 상권특성의 평균 절대 백분위 차이"
"역삼역 8번",3110967,"커피-음료",64.67065868263472,35.22561863173217,64.67065868263472,"뚜렷한 DEAD TIME 없음",0,0,0,4,"00~06,21~24","",TRUE,"분석 가능","뚝섬역교차로",86.22754491017965,74.10179640718563,"100 - 16개 상권특성의 평균 절대 백분위 차이"
"강남구청역 2번",3110968,"한식음식점",99.11012235817576,17.070484581497798,99.11012235817576,"뚜렷한 DEAD TIME 없음",0,0,0,5,"","",TRUE,"분석 가능",NA,NA,NA,"100 - 16개 상권특성의 평균 절대 백분위 차이"
"강남구청역 2번",3110968,"커피-음료",25.748502994011975,12.081513828238718,25.748502994011975,"뚜렷한 DEAD TIME 없음",0,0,0,4,"00~06,21~24","",TRUE,"분석 가능","역삼역 4번",91.53255988023952,62.5748502994012,"100 - 16개 상권특성의 평균 절대 백분위 차이"
"베르사이유1아파트",3110969,"한식음식점",27.363737486095662,59.25110132158591,27.363737486095662,"뚜렷한 DEAD TIME 없음",0,0,0,5,"00~06","",TRUE,"분석 가능","학동초등학교",90.68409343715238,87.76418242491657,"100 - 16개 상권특성의 평균 절대 백분위 차이"
"베르사이유1아파트",3110969,"커피-음료",49.101796407185624,54.14847161572053,49.101796407185624,"17~21",92.7927927927928,598.73280184425,92.7927927927928,4,"00~06,21~24","",TRUE,"분석 가능","학동근린공원",87.64034431137725,55.53892215568862,"100 - 16개 상권특성의 평균 절대 백분위 차이"
"학동초등학교",3110970,"한식음식점",87.76418242491657,23.127753303964756,87.76418242491657,"뚜렷한 DEAD TIME 없음",0,0,0,4,"06~11","",TRUE,"분석 가능","충신시장옆",90.62847608453838,92.1023359288098,"100 - 16개 상권특성의 평균 절대 백분위 차이"
"선정릉역 4번",3110971,"한식음식점",80.42269187986652,46.14537444933921,80.42269187986652,"뚜렷한 DEAD TIME 없음",0,0,0,4,"06~11","",TRUE,"분석 가능","성미산체육관",86.84649610678532,83.09232480533927,"100 - 16개 상권특성의 평균 절대 백분위 차이"
"선정릉역 4번",3110971,"호프-간이주점",87.17434869739479,29.902912621359224,87.17434869739479,"뚜렷한 DEAD TIME 없음",0,0,0,3,"06~11,11~14","",TRUE,"분석 가능","성원어린이공원",85.48346693386773,93.9879759519038,"100 - 16개 상권특성의 평균 절대 백분위 차이"
"선정릉역 4번",3110971,"커피-음료",63.17365269461078,39.01018922852984,63.17365269461078,"뚜렷한 DEAD TIME 없음",0,0,0,5,"00~06","",TRUE,"분석 가능","숙대입구역 1번",87.40643712574851,74.40119760479041,"100 - 16개 상권특성의 평균 절대 백분위 차이"
"선정릉역 4번",3110971,"편의점",81.49100257069408,22.25,81.49100257069408,"뚜렷한 DEAD TIME 없음",0,0,0,5,"","",TRUE,"분석 가능","문정역 1번",85.82904884318766,92.03084832904884,"100 - 16개 상권특성의 평균 절대 백분위 차이"
"강남세브란스병원미래의학연구센터",3110972,"커피-음료",90.26946107784431,16.73944687045124,90.26946107784431,"뚜렷한 DEAD TIME 없음",0,0,0,5,"","",TRUE,"분석 가능","황학코아루아파트",85.42290419161677,96.55688622754491,"100 - 16개 상권특성의 평균 절대 백분위 차이"
"언북초등학교",3110976,"한식음식점",26.918798665183534,43.61233480176212,26.918798665183534,"06~11",90.05714285714286,323.7929890358885,90.05714285714286,5,"","",TRUE,"분석 가능","성미산체육관",92.29699666295885,83.09232480533927,"100 - 16개 상권특성의 평균 절대 백분위 차이"
"언북초등학교",3110976,"커피-음료",23.053892215568865,36.3901018922853,23.053892215568865,"뚜렷한 DEAD TIME 없음",0,0,0,4,"00~06,21~24","",TRUE,"분석 가능","청구역 3번",90.10104790419162,83.53293413173652,"100 - 16개 상권특성의 평균 절대 백분위 차이"
"논현로18길",3110977,"한식음식점",96.66295884315906,4.73568281938326,96.66295884315906,"뚜렷한 DEAD TIME 없음",0,0,0,5,"00~06","",TRUE,"분석 가능","강남구청역 2번",84.837319243604,99.11012235817576,"100 - 16개 상권특성의 평균 절대 백분위 차이"
"논현로18길",3110977,"편의점",28.79177377892031,1,28.79177377892031,"뚜렷한 DEAD TIME 없음",0,0,0,5,"","",TRUE,"분석 가능","영등포시장역 1번",88.54434447300773,37.789203084832906,"100 - 16개 상권특성의 평균 절대 백분위 차이"
"도곡2동주민센터(대치중학교)",3110978,"커피-음료",92.96407185628742,0.1455604075691412,92.96407185628742,"뚜렷한 DEAD TIME 없음",0,0,0,5,"00~06","",TRUE,"분석 가능","KT금천빌딩(금천구시설관리공단)",87.7806886227545,98.35329341317365,"100 - 16개 상권특성의 평균 절대 백분위 차이"
"개포지구대옆",3110980,"한식음식점",49.72191323692992,35.90308370044053,49.72191323692992,"21~24",95.72553430821146,237.03870338108857,95.72553430821146,5,"00~06","",TRUE,"분석 가능","국립국악고등학교",91.5809232480534,96.1067853170189,"100 - 16개 상권특성의 평균 절대 백분위 차이"
"개포지구대옆",3110980,"커피-음료",72.0059880239521,28.82096069868996,72.0059880239521,"뚜렷한 DEAD TIME 없음",0,0,0,4,"00~06,21~24","",TRUE,"분석 가능","국립국악고등학교",91.58869760479043,76.04790419161677,"100 - 16개 상권특성의 평균 절대 백분위 차이"
"국악고교사거리",3110981,"한식음식점",56.95216907675194,37.55506607929515,56.95216907675194,"뚜렷한 DEAD TIME 없음",0,0,0,5,"","",TRUE,"분석 가능","성자초등학교",88.40378197997777,73.41490545050056,"100 - 16개 상권특성의 평균 절대 백분위 차이"
"국악고교사거리",3110981,"커피-음료",88.32335329341318,30.42212518195051,88.32335329341318,"뚜렷한 DEAD TIME 없음",0,0,0,5,"00~06","",TRUE,"분석 가능","성동초등학교",83.25224550898204,91.46706586826348,"100 - 16개 상권특성의 평균 절대 백분위 차이"
"국립국악고등학교",3110983,"한식음식점",96.1067853170189,32.819383259911895,96.1067853170189,"뚜렷한 DEAD TIME 없음",0,0,0,5,"00~06","",TRUE,"분석 가능",NA,NA,NA,"100 - 16개 상권특성의 평균 절대 백분위 차이"
"국립국악고등학교",3110983,"커피-음료",76.04790419161677,26.200873362445414,76.04790419161677,"뚜렷한 DEAD TIME 없음",0,0,0,4,"00~06,21~24","",TRUE,"분석 가능","장스여성병원",84.8053892215569,84.58083832335329,"100 - 16개 상권특성의 평균 절대 백분위 차이"
"포이초등학교(개포목련어린이공원)",3110984,"한식음식점",98.88765294771969,58.81057268722467,98.88765294771969,"뚜렷한 DEAD TIME 없음",0,0,0,5,"","",TRUE,"분석 가능",NA,NA,NA,"100 - 16개 상권특성의 평균 절대 백분위 차이"
"포이초등학교(개포목련어린이공원)",3110984,"커피-음료",72.75449101796407,53.711790393013104,72.75449101796407,"뚜렷한 DEAD TIME 없음",0,0,0,5,"","",TRUE,"분석 가능","성내천어린이공원(하니사랑길)",79.30389221556887,78.59281437125748,"100 - 16개 상권특성의 평균 절대 백분위 차이"
"청담근린공원",3110985,"커피-음료",54.041916167664674,11.499272197962155,54.041916167664674,"뚜렷한 DEAD TIME 없음",0,0,0,4,"00~06,21~24","",TRUE,"분석 가능","송파나루역 3번",88.06137724550898,84.4311377245509,"100 - 16개 상권특성의 평균 절대 백분위 차이"
"대치동아우편취급국",3110989,"한식음식점",59.17686318131257,45.37444933920705,59.17686318131257,"뚜렷한 DEAD TIME 없음",0,0,0,5,"","",TRUE,"분석 가능","신구중학교",86.15823136818686,82.75862068965517,"100 - 16개 상권특성의 평균 절대 백분위 차이"
"대치동아우편취급국",3110989,"호프-간이주점",NA,28.54368932038835,NA,"뚜렷한 DEAD TIME 없음",0,0,0,0,"","00~06,06~11,11~14,14~17,17~21,21~24",FALSE,"활동 또는 관측 근거 부족",NA,NA,NA,"100 - 16개 상권특성의 평균 절대 백분위 차이"
"대치동아우편취급국",3110989,"커피-음료",39.37125748502994,38.28238719068413,39.37125748502994,"뚜렷한 DEAD TIME 없음",0,0,0,5,"00~06","",TRUE,"분석 가능","옥수역 6번",89.24026946107784,82.33532934131736,"100 - 16개 상권특성의 평균 절대 백분위 차이"
"청담역 12번",3110990,"커피-음료",50.29940119760479,1.1644832605531297,50.29940119760479,"뚜렷한 DEAD TIME 없음",0,0,0,5,"00~06","",TRUE,"분석 가능","강서구청가양동별관",93.75935628742515,97.60479041916167,"100 - 16개 상권특성의 평균 절대 백분위 차이"
"삼성중앙역 5번",3110991,"한식음식점",93.32591768631812,13.656387665198238,93.32591768631812,"뚜렷한 DEAD TIME 없음",0,0,0,5,"","",TRUE,"분석 가능","강남구청역 2번",90.15572858731925,99.11012235817576,"100 - 16개 상권특성의 평균 절대 백분위 차이"
"삼성중앙역 5번",3110991,"커피-음료",3.8922155688622757,9.170305676855897,3.8922155688622757,"14~17",99.55089820359282,329.1860905696876,99.55089820359282,4,"06~11","",TRUE,"분석 가능","강남구청역 2번",92.87050898203593,25.748502994011975,"100 - 16개 상권특성의 평균 절대 백분위 차이"
"도곡초등학교",3110992,"한식음식점",95.43937708565072,93.17180616740089,95.43937708565072,"뚜렷한 DEAD TIME 없음",0,0,0,5,"","",TRUE,"분석 가능",NA,NA,NA,"100 - 16개 상권특성의 평균 절대 백분위 차이"
"도곡초등학교",3110992,"분식전문점",73.38501291989664,87.53056234718827,73.38501291989664,"뚜렷한 DEAD TIME 없음",0,0,0,4,"00~06,21~24","",TRUE,"분석 가능","대치2동주민센터",82.25129198966408,85.01291989664082,"100 - 16개 상권특성의 평균 절대 백분위 차이"
"도곡초등학교",3110992,"커피-음료",56.886227544910184,91.41193595342067,56.886227544910184,"뚜렷한 DEAD TIME 없음",0,0,0,5,"","",TRUE,"분석 가능","방학1동주민센터",84.88023952095809,88.17365269461078,"100 - 16개 상권특성의 평균 절대 백분위 차이"
"도곡초등학교",3110992,"편의점",56.041131105398456,87.25,56.041131105398456,"뚜렷한 DEAD TIME 없음",0,0,0,5,"","",TRUE,"분석 가능","방학1동주민센터",87.27506426735219,71.72236503856041,"100 - 16개 상권특성의 평균 절대 백분위 차이"
"개포고등학교",3110994,"한식음식점",93.2146829810901,44.713656387665196,93.2146829810901,"뚜렷한 DEAD TIME 없음",0,0,0,5,"","",TRUE,"분석 가능","청계천박물관",83.06451612903226,94.54949944382648,"100 - 16개 상권특성의 평균 절대 백분위 차이"
"개포고등학교",3110994,"분식전문점",96.12403100775194,26.65036674816626,96.12403100775194,"뚜렷한 DEAD TIME 없음",0,0,0,5,"00~06","",TRUE,"분석 가능","방이역 1번",81.2984496124031,97.1576227390181,"100 - 16개 상권특성의 평균 절대 백분위 차이"
"개포고등학교",3110994,"호프-간이주점",82.96593186372746,27.766990291262132,82.96593186372746,"뚜렷한 DEAD TIME 없음",0,0,0,5,"","",TRUE,"분석 가능","봉은사역 4번",88.06362725450902,92.58517034068137,"100 - 16개 상권특성의 평균 절대 백분위 차이"
"개포고등학교",3110994,"커피-음료",84.73053892215569,37.409024745269285,84.73053892215569,"뚜렷한 DEAD TIME 없음",0,0,0,5,"00~06","",TRUE,"분석 가능","보인중학교",90.54079341317365,93.8622754491018,"100 - 16개 상권특성의 평균 절대 백분위 차이"
"개포고등학교",3110994,"편의점",58.61182519280206,20.75,58.61182519280206,"뚜렷한 DEAD TIME 없음",0,0,0,5,"","",TRUE,"분석 가능","잠실나루역",86.58419023136247,91.00257069408741,"100 - 16개 상권특성의 평균 절대 백분위 차이"
"봉은사역 4번",3110995,"한식음식점",31.145717463848722,45.48458149779736,31.145717463848722,"06~11",97.37142857142858,111.54715153849993,97.37142857142858,5,"00~06","",TRUE,"분석 가능","내방역 5번",92.19966629588431,79.3103448275862,"100 - 16개 상권특성의 평균 절대 백분위 차이"
"봉은사역 4번",3110995,"호프-간이주점",92.58517034068137,28.7378640776699,92.58517034068137,"뚜렷한 DEAD TIME 없음",0,0,0,5,"00~06","",TRUE,"분석 가능","홍대부속여중고앞",82.71543086172345,97.99599198396794,"100 - 16개 상권특성의 평균 절대 백분위 차이"
"봉은사역 4번",3110995,"편의점",31.619537275064268,21.5,31.619537275064268,"뚜렷한 DEAD TIME 없음",0,0,0,5,"","",TRUE,"분석 가능","상일여고(상일초등학교)",87.85347043701799,58.354755784061695,"100 - 16개 상권특성의 평균 절대 백분위 차이"
"대치2동주민센터",3110996,"한식음식점",85.42825361512793,56.93832599118943,85.42825361512793,"뚜렷한 DEAD TIME 없음",0,0,0,5,"","",TRUE,"분석 가능","도곡초등학교",85.36568409343714,95.43937708565072,"100 - 16개 상권특성의 평균 절대 백분위 차이"
"대치2동주민센터",3110996,"분식전문점",85.01291989664082,40.34229828850856,85.01291989664082,"뚜렷한 DEAD TIME 없음",0,0,0,4,"00~06,21~24","",TRUE,"분석 가능","홍제3동주민센터",80.24870801033592,89.14728682170544,"100 - 16개 상권특성의 평균 절대 백분위 차이"
"대치2동주민센터",3110996,"커피-음료",86.82634730538922,51.52838427947598,86.82634730538922,"뚜렷한 DEAD TIME 없음",0,0,0,4,"00~06,21~24","",TRUE,"분석 가능","방화역 1번",83.0557634730539,96.8562874251497,"100 - 16개 상권특성의 평균 절대 백분위 차이"
"대청초등학교",3110997,"한식음식점",64.62736373748609,90.96916299559471,64.62736373748609,"뚜렷한 DEAD TIME 없음",0,0,0,5,"","",TRUE,"분석 가능","공군호텔",87.62513904338154,76.52947719688544,"100 - 16개 상권특성의 평균 절대 백분위 차이"
"대청초등학교",3110997,"분식전문점",89.40568475452196,83.37408312958435,89.40568475452196,"뚜렷한 DEAD TIME 없음",0,0,0,5,"","",TRUE,"분석 가능","신방화역 2번",85.49741602067184,95.09043927648578,"100 - 16개 상권특성의 평균 절대 백분위 차이"
"대청초등학교",3110997,"호프-간이주점",92.98597194388778,86.2135922330097,92.98597194388778,"뚜렷한 DEAD TIME 없음",0,0,0,5,"","",TRUE,"분석 가능",NA,NA,NA,"100 - 16개 상권특성의 평균 절대 백분위 차이"
"대청초등학교",3110997,"커피-음료",69.16167664670658,88.93740902474528,69.16167664670658,"뚜렷한 DEAD TIME 없음",0,0,0,5,"","",TRUE,"분석 가능","성내천어린이공원(하니사랑길)",86.73278443113772,78.59281437125748,"100 - 16개 상권특성의 평균 절대 백분위 차이"
"대청초등학교",3110997,"편의점",48.58611825192802,83.5,48.58611825192802,"뚜렷한 DEAD TIME 없음",0,0,0,5,"","",TRUE,"분석 가능","장안1동주민센터",89.47622107969153,68.38046272493573,"100 - 16개 상권특성의 평균 절대 백분위 차이"
"은곡마을(은곡마을공원)",3110998,"한식음식점",76.97441601779755,3.854625550660793,76.97441601779755,"뚜렷한 DEAD TIME 없음",0,0,0,5,"00~06","",TRUE,"분석 가능","정원여중",86.21384872080088,77.97552836484984,"100 - 16개 상권특성의 평균 절대 백분위 차이"
"은곡마을(은곡마을공원)",3110998,"커피-음료",89.52095808383234,3.056768558951965,89.52095808383234,"뚜렷한 DEAD TIME 없음",0,0,0,5,"00~06","",TRUE,"분석 가능","답십리공원",84.25336826347305,90.86826347305389,"100 - 16개 상권특성의 평균 절대 백분위 차이"
"윗방죽마을공원",3110999,"한식음식점",89.54393770856507,9.251101321585903,89.54393770856507,"뚜렷한 DEAD TIME 없음",0,0,0,5,"","",TRUE,"분석 가능","아래방죽마을공원(율현초등학교)",83.41212458286985,97.66407119021135,"100 - 16개 상권특성의 평균 절대 백분위 차이"
"윗방죽마을공원",3110999,"호프-간이주점",79.55911823647295,3.1067961165048543,79.55911823647295,"뚜렷한 DEAD TIME 없음",0,0,0,3,"06~11,11~14","",TRUE,"분석 가능","중곡1동주민센터",82.27705410821643,84.16833667334669,"100 - 16개 상권특성의 평균 절대 백분위 차이"
"윗방죽마을공원",3110999,"커피-음료",98.50299401197606,6.695778748180495,98.50299401197606,"뚜렷한 DEAD TIME 없음",0,0,0,5,"00~06","",TRUE,"분석 가능",NA,NA,NA,"100 - 16개 상권특성의 평균 절대 백분위 차이"
"윗방죽마을공원",3110999,"편의점",99.22879177377892,2.5,99.22879177377892,"뚜렷한 DEAD TIME 없음",0,0,0,5,"","",TRUE,"분석 가능",NA,NA,NA,"100 - 16개 상권특성의 평균 절대 백분위 차이"
"대왕초등학교(세곡동사거리서남측)",3111000,"한식음식점",97.77530589543937,3.4140969162995596,97.77530589543937,"뚜렷한 DEAD TIME 없음",0,0,0,5,"","",TRUE,"분석 가능",NA,NA,NA,"100 - 16개 상권특성의 평균 절대 백분위 차이"
"대왕초등학교(세곡동사거리서남측)",3111000,"커피-음료",9.73053892215569,2.6200873362445414,9.73053892215569,"06~11",97.23926380368098,41.52912510020348,97.23926380368098,4,"00~06,21~24","",TRUE,"분석 가능","천왕역 3번(오류2동주민센터, 서울오류남초등학교)",86.71407185628742,71.55688622754491,"100 - 16개 상권특성의 평균 절대 백분위 차이"
"아래방죽마을공원(율현초등학교)",3111001,"한식음식점",97.66407119021135,4.845814977973569,97.66407119021135,"뚜렷한 DEAD TIME 없음",0,0,0,4,"00~06,21~24","",TRUE,"분석 가능",NA,NA,NA,"100 - 16개 상권특성의 평균 절대 백분위 차이"
"아래방죽마을공원(율현초등학교)",3111001,"커피-음료",75.1497005988024,3.4934497816593884,75.1497005988024,"뚜렷한 DEAD TIME 없음",0,0,0,4,"00~06,21~24","",TRUE,"분석 가능","천호지구대(천호동자전거거리)",79.26646706586826,90.71856287425149,"100 - 16개 상권특성의 평균 절대 백분위 차이"
"삼전역 4번",3111003,"한식음식점",86.76307007786428,94.8237885462555,86.76307007786428,"뚜렷한 DEAD TIME 없음",0,0,0,5,"","",TRUE,"분석 가능",NA,NA,NA,"100 - 16개 상권특성의 평균 절대 백분위 차이"
"삼전역 4번",3111003,"분식전문점",47.54521963824289,89.97555012224939,47.54521963824289,"뚜렷한 DEAD TIME 없음",0,0,0,5,"","",TRUE,"분석 가능","관악구신사동주민센터",88.37209302325581,72.3514211886305,"100 - 16개 상권특성의 평균 절대 백분위 차이"
"삼전역 4번",3111003,"호프-간이주점",80.56112224448898,91.84466019417475,80.56112224448898,"뚜렷한 DEAD TIME 없음",0,0,0,5,"","",TRUE,"분석 가능","사당역 4번",88.86523046092184,83.16633266533067,"100 - 16개 상권특성의 평균 절대 백분위 차이"
"삼전역 4번",3111003,"커피-음료",97.15568862275448,93.44978165938865,97.15568862275448,"뚜렷한 DEAD TIME 없음",0,0,0,5,"00~06","",TRUE,"분석 가능",NA,NA,NA,"100 - 16개 상권특성의 평균 절대 백분위 차이"
"삼전역 4번",3111003,"편의점",55.52699228791774,90,55.52699228791774,"뚜렷한 DEAD TIME 없음",0,0,0,5,"","",TRUE,"분석 가능","까치산역 4번",88.36760925449872,75.32133676092545,"100 - 16개 상권특성의 평균 절대 백분위 차이"
"삼전역 1번",3111004,"한식음식점",55.172413793103445,92.73127753303964,55.172413793103445,"뚜렷한 DEAD TIME 없음",0,0,0,5,"","",TRUE,"분석 가능","석촌역 7번",93.71523915461624,60.06674082313682,"100 - 16개 상권특성의 평균 절대 백분위 차이"
"삼전역 1번",3111004,"분식전문점",84.75452196382429,86.55256723716381,84.75452196382429,"뚜렷한 DEAD TIME 없음",0,0,0,5,"00~06","",TRUE,"분석 가능","대청초등학교",86.64405684754522,89.40568475452196,"100 - 16개 상권특성의 평균 절대 백분위 차이"
"삼전역 1번",3111004,"호프-간이주점",92.38476953907816,88.93203883495146,92.38476953907816,"뚜렷한 DEAD TIME 없음",0,0,0,5,"","",TRUE,"분석 가능","대청초등학교",86.94889779559118,92.98597194388778,"100 - 16개 상권특성의 평균 절대 백분위 차이"
"삼전역 1번",3111004,"커피-음료",39.82035928143712,90.82969432314411,39.82035928143712,"뚜렷한 DEAD TIME 없음",0,0,0,5,"","",TRUE,"분석 가능","장안1동주민센터",94.04004491017965,51.49700598802395,"100 - 16개 상권특성의 평균 절대 백분위 차이"
"삼전역 1번",3111004,"편의점",51.41388174807198,86.5,51.41388174807198,"뚜렷한 DEAD TIME 없음",0,0,0,5,"","",TRUE,"분석 가능","장안1동주민센터",93.60539845758355,68.38046272493573,"100 - 16개 상권특성의 평균 절대 백분위 차이"
"삼전역 3번",3111005,"한식음식점",66.51835372636262,80.50660792951541,66.51835372636262,"뚜렷한 DEAD TIME 없음",0,0,0,5,"","",TRUE,"분석 가능","삼전역 4번",89.57174638487207,86.76307007786428,"100 - 16개 상권특성의 평균 절대 백분위 차이"
"삼전역 3번",3111005,"분식전문점",17.571059431524546,65.77017114914425,17.571059431524546,"21~24",97.07792207792207,350.6390139682649,97.07792207792207,5,"00~06","",TRUE,"분석 가능","삼전역 4번",88.21059431524547,47.54521963824289,"100 - 16개 상권특성의 평균 절대 백분위 차이"
"삼전역 3번",3111005,"호프-간이주점",88.77755511022045,71.26213592233009,88.77755511022045,"뚜렷한 DEAD TIME 없음",0,0,0,3,"06~11,11~14","",TRUE,"분석 가능","마포구청역 7번",83.30410821643287,90.98196392785572,"100 - 16개 상권특성의 평균 절대 백분위 차이"
"삼전역 3번",3111005,"커피-음료",62.125748502994014,76.85589519650655,62.125748502994014,"뚜렷한 DEAD TIME 없음",0,0,0,5,"","",TRUE,"분석 가능","화곡역 4번",90.53143712574851,89.22155688622755,"100 - 16개 상권특성의 평균 절대 백분위 차이"
"삼전역 3번",3111005,"편의점",4.113110539845758,65.5,4.113110539845758,"11~14",94.60154241645245,31562.61044449114,94.60154241645245,5,"","",TRUE,"분석 가능","까치산역 1번",86.76092544987146,51.670951156812336,"100 - 16개 상권특성의 평균 절대 백분위 차이"
"석촌고분역 1번",3111006,"한식음식점",70.18909899888766,91.29955947136564,70.18909899888766,"뚜렷한 DEAD TIME 없음",0,0,0,5,"","",TRUE,"분석 가능",NA,NA,NA,"100 - 16개 상권특성의 평균 절대 백분위 차이"
"석촌고분역 1번",3111006,"분식전문점",40.82687338501292,83.86308068459658,40.82687338501292,"뚜렷한 DEAD TIME 없음",0,0,0,5,"00~06","",TRUE,"분석 가능","삼전역 1번",92.4095607235142,84.75452196382429,"100 - 16개 상권특성의 평균 절대 백분위 차이"
"석촌고분역 1번",3111006,"호프-간이주점",26.65330661322645,86.79611650485437,26.65330661322645,"뚜렷한 DEAD TIME 없음",0,0,0,5,"","",TRUE,"분석 가능","삼전역 1번",90.59368737474949,92.38476953907816,"100 - 16개 상권특성의 평균 절대 백분위 차이"
"석촌고분역 1번",3111006,"커피-음료",62.27544910179641,89.22852983988355,62.27544910179641,"뚜렷한 DEAD TIME 없음",0,0,0,5,"00~06","",TRUE,"분석 가능","남성역 1번",88.80988023952095,70.20958083832335,"100 - 16개 상권특성의 평균 절대 백분위 차이"
"석촌고분역 1번",3111006,"편의점",76.09254498714652,84,76.09254498714652,"뚜렷한 DEAD TIME 없음",0,0,0,5,"","",TRUE,"분석 가능","신방화역 2번",86.39138817480719,98.45758354755783,"100 - 16개 상권특성의 평균 절대 백분위 차이"
"석촌고분역 4번",3111007,"한식음식점",34.260289210233594,66.18942731277532,34.260289210233594,"06~11",94.51428571428572,361.53280700947926,94.51428571428572,5,"","",TRUE,"분석 가능","삼전역 3번",90.61457174638488,66.51835372636262,"100 - 16개 상권특성의 평균 절대 백분위 차이"
"석촌고분역 4번",3111007,"호프-간이주점",65.53106212424849,52.23300970873787,65.53106212424849,"뚜렷한 DEAD TIME 없음",0,0,0,3,"06~11,11~14","",TRUE,"분석 가능","말미고개",87.82565130260521,75.35070140280561,"100 - 16개 상권특성의 평균 절대 백분위 차이"
"석촌고분역 4번",3111007,"커피-음료",18.862275449101794,61.42649199417758,18.862275449101794,"뚜렷한 DEAD TIME 없음",0,0,0,5,"","",TRUE,"분석 가능","우이천 계성교",88.32335329341318,36.97604790419162,"100 - 16개 상권특성의 평균 절대 백분위 차이"
"석촌고분역 4번",3111007,"편의점",93.573264781491,45.75,93.573264781491,"뚜렷한 DEAD TIME 없음",0,0,0,5,"","",TRUE,"분석 가능","우이천 계성교",86.07005141388176,94.85861182519281,"100 - 16개 상권특성의 평균 절대 백분위 차이"
"석촌고분역 3번",3111008,"한식음식점",60.84538375973304,43.502202643171806,60.84538375973304,"뚜렷한 DEAD TIME 없음",0,0,0,5,"","",TRUE,"분석 가능","독산역 1번 출입구",87.56952169076752,80.86763070077865,"100 - 16개 상권특성의 평균 절대 백분위 차이"
"석촌고분역 3번",3111008,"분식전문점",4.651162790697675,25.91687041564792,4.651162790697675,"17~21",93.76623376623377,1277.412073359551,93.76623376623377,5,"00~06","",TRUE,"분석 가능","인헌고등학교(인헌중학교)",86.33720930232558,9.560723514211885,"100 - 16개 상권특성의 평균 절대 백분위 차이"
"석촌고분역 3번",3111008,"커피-음료",42.21556886227545,36.24454148471616,42.21556886227545,"17~21",94.8948948948949,739.3816857664103,94.8948948948949,4,"00~06,21~24","",TRUE,"분석 가능","방배노인종합복지관(이수중학교)",88.65082335329342,92.06586826347305,"100 - 16개 상권특성의 평균 절대 백분위 차이"
"석촌고분역 3번",3111008,"편의점",50.38560411311054,20.25,50.38560411311054,"뚜렷한 DEAD TIME 없음",0,0,0,5,"","",TRUE,"분석 가능","양화대교북단",89.0745501285347,95.62982005141389,"100 - 16개 상권특성의 평균 절대 백분위 차이"
"송파책박물관",3111009,"한식음식점",77.75305895439377,14.096916299559473,77.75305895439377,"뚜렷한 DEAD TIME 없음",0,0,0,5,"","",TRUE,"분석 가능","한국상담대학원대학교",86.36679644048944,99.77753058954394,"100 - 16개 상권특성의 평균 절대 백분위 차이"
"석촌역 7번",3111010,"한식음식점",60.06674082313682,86.89427312775331,60.06674082313682,"뚜렷한 DEAD TIME 없음",0,0,0,5,"","",TRUE,"분석 가능","석촌고분역 1번",95.30728587319244,70.18909899888766,"100 - 16개 상권특성의 평균 절대 백분위 차이"
"석촌역 7번",3111010,"분식전문점",51.67958656330749,77.26161369193154,51.67958656330749,"뚜렷한 DEAD TIME 없음",0,0,0,5,"","",TRUE,"분석 가능","삼전역 1번",89.55103359173127,84.75452196382429,"100 - 16개 상권특성의 평균 절대 백분위 차이"
"석촌역 7번",3111010,"호프-간이주점",10.220440881763528,80.3883495145631,10.220440881763528,"뚜렷한 DEAD TIME 없음",0,0,0,5,"","",TRUE,"분석 가능","삼전역 1번",91.48296593186373,92.38476953907816,"100 - 16개 상권특성의 평균 절대 백분위 차이"
"석촌역 7번",3111010,"커피-음료",13.77245508982036,84.27947598253274,13.77245508982036,"뚜렷한 DEAD TIME 없음",0,0,0,5,"00~06","",TRUE,"분석 가능","석촌고분역 1번",94.28330838323353,62.27544910179641,"100 - 16개 상권특성의 평균 절대 백분위 차이"
"석촌역 7번",3111010,"편의점",23.65038560411311,76,23.65038560411311,"뚜렷한 DEAD TIME 없음",0,0,0,5,"","",TRUE,"분석 가능","석촌고분역 1번",92.96272493573264,76.09254498714652,"100 - 16개 상권특성의 평균 절대 백분위 차이"
"잠실나루역",3111011,"한식음식점",64.40489432703004,1.2114537444933922,64.40489432703004,"뚜렷한 DEAD TIME 없음",0,0,0,4,"00~06,21~24","",TRUE,"분석 가능","방배동사이길",87.15934371523916,95.99555061179088,"100 - 16개 상권특성의 평균 절대 백분위 차이"
"잠실나루역",3111011,"분식전문점",28.165374677002585,0.7334963325183375,28.165374677002585,"뚜렷한 DEAD TIME 없음",0,0,0,4,"00~06,21~24","",TRUE,"분석 가능","광나루역 1번",84.27002583979328,65.63307493540051,"100 - 16개 상권특성의 평균 절대 백분위 차이"
"잠실나루역",3111011,"편의점",91.00257069408741,0.5,91.00257069408741,"뚜렷한 DEAD TIME 없음",0,0,0,5,"","",TRUE,"분석 가능","쌍문역1번(쌍리단길)",80.17352185089975,99.48586118251927,"100 - 16개 상권특성의 평균 절대 백분위 차이"
"석촌역 6번",3111012,"한식음식점",31.81312569521691,61.78414096916299,31.81312569521691,"뚜렷한 DEAD TIME 없음",0,0,0,5,"","",TRUE,"분석 가능","도봉구보건소",90.64933259176863,62.5139043381535,"100 - 16개 상권특성의 평균 절대 백분위 차이"
"석촌역 6번",3111012,"분식전문점",29.97416020671835,45.47677261613692,29.97416020671835,"17~21",92.98701298701299,452.62711851945835,92.98701298701299,3,"00~06,06~11,21~24","",TRUE,"분석 가능","장안중학교",88.63049095607235,42.377260981912144,"100 - 16개 상권특성의 평균 절대 백분위 차이"
"석촌역 6번",3111012,"호프-간이주점",25.851703406813627,46.40776699029126,25.851703406813627,"뚜렷한 DEAD TIME 없음",0,0,0,5,"","",TRUE,"분석 가능","암사역 3번(천호동자전거거리)",89.34118236472946,52.30460921843687,"100 - 16개 상권특성의 평균 절대 백분위 차이"
"석촌역 6번",3111012,"커피-음료",41.16766467065868,57.05967976710335,41.16766467065868,"뚜렷한 DEAD TIME 없음",0,0,0,5,"","",TRUE,"분석 가능","메가박스 상봉",88.81923652694611,71.8562874251497,"100 - 16개 상권특성의 평균 절대 백분위 차이"
"석촌역 6번",3111012,"편의점",31.876606683804624,39.75,31.876606683804624,"뚜렷한 DEAD TIME 없음",0,0,0,5,"","",TRUE,"분석 가능","경리단길북측",88.48007712082261,38.303341902313626,"100 - 16개 상권특성의 평균 절대 백분위 차이"
"송파나루역 1번(송리단길)",3111013,"한식음식점",19.243604004449388,95.81497797356829,19.243604004449388,"뚜렷한 DEAD TIME 없음",0,0,0,5,"","",TRUE,"분석 가능","합정역 8번",90.14182424916574,30.14460511679644,"100 - 16개 상권특성의 평균 절대 백분위 차이"
"송파나루역 1번(송리단길)",3111013,"분식전문점",31.782945736434108,91.93154034229829,31.782945736434108,"뚜렷한 DEAD TIME 없음",0,0,0,4,"06~11","",TRUE,"분석 가능","샤로수길",88.92118863049096,32.81653746770026,"100 - 16개 상권특성의 평균 절대 백분위 차이"
"송파나루역 1번(송리단길)",3111013,"호프-간이주점",2.80561122244489,93.39805825242719,2.80561122244489,"06~11",98.96193771626297,401.9005352706886,98.96193771626297,5,"","",TRUE,"분석 가능","샤로수길",90.21793587174349,86.17234468937876,"100 - 16개 상권특성의 평균 절대 백분위 차이"
"송파나루역 1번(송리단길)",3111013,"커피-음료",29.041916167664674,94.61426491994177,29.041916167664674,"뚜렷한 DEAD TIME 없음",0,0,0,5,"00~06","",TRUE,"분석 가능","합정역 8번",89.46482035928143,32.634730538922156,"100 - 16개 상권특성의 평균 절대 백분위 차이"
"송파나루역 1번(송리단길)",3111013,"편의점",27.249357326478147,91.75,27.249357326478147,"뚜렷한 DEAD TIME 없음",0,0,0,5,"","",TRUE,"분석 가능","수락산역 4번",84.78470437017994,63.49614395886889,"100 - 16개 상권특성의 평균 절대 백분위 차이"
"송파나루역 2번",3111014,"한식음식점",42.15795328142381,46.91629955947136,42.15795328142381,"뚜렷한 DEAD TIME 없음",0,0,0,5,"","",TRUE,"분석 가능","연신내역 5번",85.45606229143492,67.07452725250278,"100 - 16개 상권특성의 평균 절대 백분위 차이"
"송파나루역 2번",3111014,"분식전문점",86.56330749354005,29.095354523227385,86.56330749354005,"뚜렷한 DEAD TIME 없음",0,0,0,5,"","",TRUE,"분석 가능","마포구청역 1번",79.0374677002584,92.24806201550388,"100 - 16개 상권특성의 평균 절대 백분위 차이"
"송파나루역 2번",3111014,"호프-간이주점",41.883767535070135,31.06796116504854,41.883767535070135,"뚜렷한 DEAD TIME 없음",0,0,0,5,"","",TRUE,"분석 가능","난우초등학교",82.12675350701403,43.48697394789579,"100 - 16개 상권특성의 평균 절대 백분위 차이"
"송파나루역 2번",3111014,"커피-음료",77.69461077844312,39.88355167394469,77.69461077844312,"뚜렷한 DEAD TIME 없음",0,0,0,5,"","",TRUE,"분석 가능","한겨레신문사",80.30501497005989,85.17964071856288,"100 - 16개 상권특성의 평균 절대 백분위 차이"
"석촌역 3번",3111015,"한식음식점",41.15684093437152,85.68281938325991,41.15684093437152,"뚜렷한 DEAD TIME 없음",0,0,0,5,"","",TRUE,"분석 가능","경성고등학교",92.6515572858732,76.86318131256952,"100 - 16개 상권특성의 평균 절대 백분위 차이"
"석촌역 3번",3111015,"분식전문점",49.87080103359173,75.30562347188264,49.87080103359173,"뚜렷한 DEAD TIME 없음",0,0,0,5,"00~06","",TRUE,"분석 가능","경성고등학교",89.5671834625323,56.58914728682171,"100 - 16개 상권특성의 평균 절대 백분위 차이"
"석촌역 3번",3111015,"호프-간이주점",58.31663326653307,78.83495145631068,58.31663326653307,"뚜렷한 DEAD TIME 없음",0,0,0,5,"","",TRUE,"분석 가능","사당역 4번",89.59168336673346,83.16633266533067,"100 - 16개 상권특성의 평균 절대 백분위 차이"
"석촌역 3번",3111015,"커피-음료",32.035928143712574,82.96943231441048,32.035928143712574,"뚜렷한 DEAD TIME 없음",0,0,0,5,"","",TRUE,"분석 가능","사당역 4번",90.96182634730539,91.61676646706587,"100 - 16개 상권특성의 평균 절대 백분위 차이"
"석촌역 3번",3111015,"편의점",27.76349614395887,74,27.76349614395887,"뚜렷한 DEAD TIME 없음",0,0,0,5,"","",TRUE,"분석 가능","경성고등학교",90.55269922879178,55.78406169665809,"100 - 16개 상권특성의 평균 절대 백분위 차이"
"송파역 2번",3111016,"커피-음료",44.91017964071856,42.21251819505095,44.91017964071856,"뚜렷한 DEAD TIME 없음",0,0,0,5,"","",TRUE,"분석 가능","개포고등학교",89.48353293413174,84.73053892215569,"100 - 16개 상권특성의 평균 절대 백분위 차이"
"송파역 2번",3111016,"편의점",22.87917737789203,25,22.87917737789203,"뚜렷한 DEAD TIME 없음",0,0,0,5,"","",TRUE,"분석 가능","개포고등학교",91.85411311053984,58.61182519280206,"100 - 16개 상권특성의 평균 절대 백분위 차이"
"송파나루역 3번",3111017,"한식음식점",14.68298109010011,16.85022026431718,14.68298109010011,"06~11",97.71428571428571,118.96673511683042,97.71428571428571,5,"","",TRUE,"분석 가능","금천어울림복지센터",92.6793659621802,73.74860956618465,"100 - 16개 상권특성의 평균 절대 백분위 차이"
"송파나루역 3번",3111017,"커피-음료",84.4311377245509,11.790393013100436,84.4311377245509,"뚜렷한 DEAD TIME 없음",0,0,0,4,"00~06,21~24","",TRUE,"분석 가능","촬영소사거리",86.62986526946108,99.40119760479041,"100 - 16개 상권특성의 평균 절대 백분위 차이"
"한성백제역 3번",3111019,"한식음식점",8.676307007786429,75.77092511013215,8.676307007786429,"14~17",92.3162583518931,2169.4677121291393,92.3162583518931,5,"","",TRUE,"분석 가능","화곡2동주민센터",89.89154616240268,59.62180200222469,"100 - 16개 상권특성의 평균 절대 백분위 차이"
"한성백제역 3번",3111019,"호프-간이주점",72.34468937875751,64.66019417475728,72.34468937875751,"뚜렷한 DEAD TIME 없음",0,0,0,5,"","",TRUE,"분석 가능","말미고개",84.6943887775551,75.35070140280561,"100 - 16개 상권특성의 평균 절대 백분위 차이"
"한성백제역 3번",3111019,"커피-음료",77.54491017964071,71.17903930131004,77.54491017964071,"뚜렷한 DEAD TIME 없음",0,0,0,5,"00~06","",TRUE,"분석 가능","자양한강도서관",87.11639221556887,83.23353293413174,"100 - 16개 상권특성의 평균 절대 백분위 차이"
"한성백제역 3번",3111019,"편의점",10.796915167095115,58.25,10.796915167095115,"06~11",92.2879177377892,2825.7185330715865,92.2879177377892,5,"","",TRUE,"분석 가능","푸른들청소년도서관",90.6491002570694,24.93573264781491,"100 - 16개 상권특성의 평균 절대 백분위 차이"
"방이동고분군(방산고등학교)",3111020,"한식음식점",82.42491657397107,22.687224669603523,82.42491657397107,"뚜렷한 DEAD TIME 없음",0,0,0,5,"","",TRUE,"분석 가능","한국상담대학원대학교",82.09121245828698,99.77753058954394,"100 - 16개 상권특성의 평균 절대 백분위 차이"
"방이동고분군(방산고등학교)",3111020,"호프-간이주점",14.629258517034069,9.70873786407767,14.629258517034069,"뚜렷한 DEAD TIME 없음",0,0,0,5,"","",TRUE,"분석 가능","벌말어린이공원",89.05310621242485,48.69739478957916,"100 - 16개 상권특성의 평균 절대 백분위 차이"
"방이동고분군(방산고등학교)",3111020,"커피-음료",40.41916167664671,17.46724890829694,40.41916167664671,"뚜렷한 DEAD TIME 없음",0,0,0,5,"00~06","",TRUE,"분석 가능","벌말어린이공원",87.94910179640718,59.73053892215569,"100 - 16개 상권특성의 평균 절대 백분위 차이"
"방이역 4번",3111021,"한식음식점",21.802002224694107,94.16299559471366,21.802002224694107,"뚜렷한 DEAD TIME 없음",0,0,0,5,"","",TRUE,"분석 가능","길동주민센터(강동도서관)",87.79199110122357,54.94994438264739,"100 - 16개 상권특성의 평균 절대 백분위 차이"
"방이역 4번",3111021,"분식전문점",81.91214470284238,89.24205378973105,81.91214470284238,"뚜렷한 DEAD TIME 없음",0,0,0,5,"","",TRUE,"분석 가능","곰달래도서관",84.15697674418605,93.7984496124031,"100 - 16개 상권특성의 평균 절대 백분위 차이"
"방이역 4번",3111021,"호프-간이주점",92.18436873747495,90.87378640776699,92.18436873747495,"뚜렷한 DEAD TIME 없음",0,0,0,5,"","",TRUE,"분석 가능","수락산역 4번",81.35020040080161,97.39478957915831,"100 - 16개 상권특성의 평균 절대 백분위 차이"
"방이역 4번",3111021,"커피-음료",36.52694610778443,92.57641921397381,36.52694610778443,"뚜렷한 DEAD TIME 없음",0,0,0,5,"00~06","",TRUE,"분석 가능","수락산역 4번",86.03106287425149,79.64071856287424,"100 - 16개 상권특성의 평균 절대 백분위 차이"
"방이역 4번",3111021,"편의점",31.10539845758355,88.75,31.10539845758355,"뚜렷한 DEAD TIME 없음",0,0,0,5,"","",TRUE,"분석 가능","수락산역 4번",86.37532133676092,63.49614395886889,"100 - 16개 상권특성의 평균 절대 백분위 차이"
"문정역 1번",3111023,"한식음식점",84.6496106785317,52.97356828193832,84.6496106785317,"뚜렷한 DEAD TIME 없음",0,0,0,5,"","",TRUE,"분석 가능","장충초등학교",90.8718020022247,85.65072302558399,"100 - 16개 상권특성의 평균 절대 백분위 차이"
"문정역 1번",3111023,"분식전문점",94.83204134366925,36.18581907090464,94.83204134366925,"뚜렷한 DEAD TIME 없음",0,0,0,5,"00~06","",TRUE,"분석 가능","개포고등학교",84.81912144702842,96.12403100775194,"100 - 16개 상권특성의 평균 절대 백분위 차이"
"문정역 1번",3111023,"커피-음료",11.077844311377245,47.30713245997089,11.077844311377245,"21~24",98.4126984126984,780.209338635708,98.4126984126984,5,"00~06","",TRUE,"분석 가능","언북초등학교",90.20396706586826,23.053892215568865,"100 - 16개 상권특성의 평균 절대 백분위 차이"
"문정역 1번",3111023,"편의점",92.03084832904884,30.25,92.03084832904884,"뚜렷한 DEAD TIME 없음",0,0,0,5,"","",TRUE,"분석 가능",NA,NA,NA,"100 - 16개 상권특성의 평균 절대 백분위 차이"
"경찰병원역 4번(건너말공원)",3111024,"한식음식점",44.60511679644049,22.79735682819383,44.60511679644049,"뚜렷한 DEAD TIME 없음",0,0,0,5,"00~06","",TRUE,"분석 가능","우장산롯데캐슬아파트앞",89.3353726362625,60.95661846496107,"100 - 16개 상권특성의 평균 절대 백분위 차이"
"경찰병원역 4번(건너말공원)",3111024,"커피-음료",1.7964071856287425,17.612809315866084,1.7964071856287425,"06~11",99.079754601227,133.42446961695794,99.079754601227,4,"00~06,21~24","",TRUE,"분석 가능","신사은행나무공원",92.41205089820359,2.9940119760479043,"100 - 16개 상권특성의 평균 절대 백분위 차이"
"경찰병원역 4번(건너말공원)",3111024,"편의점",7.969151670951156,8.25,7.969151670951156,"11~14",91.77377892030847,22611.872493702092,91.77377892030847,5,"","",TRUE,"분석 가능","문현중학교(장지역 1번)",90.1349614395887,14.138817480719796,"100 - 16개 상권특성의 평균 절대 백분위 차이"
"경찰병원역 3번",3111025,"한식음식점",3.337041156840934,60.352422907488986,3.337041156840934,"06~11",92.91428571428571,363.4115066457162,92.91428571428571,5,"","",TRUE,"분석 가능","성서초등학교",86.84649610678532,37.708565072302555,"100 - 16개 상권특성의 평균 절대 백분위 차이"
"경찰병원역 3번",3111025,"커피-음료",77.84431137724552,55.604075691411936,77.84431137724552,"뚜렷한 DEAD TIME 없음",0,0,0,4,"00~06,21~24","",TRUE,"분석 가능","성동초등학교",85.44161676646706,91.46706586826348,"100 - 16개 상권특성의 평균 절대 백분위 차이"
"문정역 2번",3111026,"한식음식점",44.27141268075639,65.63876651982379,44.27141268075639,"뚜렷한 DEAD TIME 없음",0,0,0,5,"","",TRUE,"분석 가능","내방역 4번",89.99582869855395,78.86540600667408,"100 - 16개 상권특성의 평균 절대 백분위 차이"
"문정역 2번",3111026,"분식전문점",21.44702842377261,49.877750611246945,21.44702842377261,"뚜렷한 DEAD TIME 없음",0,0,0,5,"00~06","",TRUE,"분석 가능","서울역 15번",88.33979328165374,54.78036175710594,"100 - 16개 상권특성의 평균 절대 백분위 차이"
"문정역 2번",3111026,"커피-음료",48.80239520958084,60.84425036390102,48.80239520958084,"뚜렷한 DEAD TIME 없음",0,0,0,5,"00~06","",TRUE,"분석 가능","문정초등학교",89.45546407185628,67.06586826347305,"100 - 16개 상권특성의 평균 절대 백분위 차이"
"문정역 2번",3111026,"편의점",16.452442159383033,44.5,16.452442159383033,"뚜렷한 DEAD TIME 없음",0,0,0,5,"","",TRUE,"분석 가능","문정초등학교",90.40809768637533,24.67866323907455,"100 - 16개 상권특성의 평균 절대 백분위 차이"
"문정초등학교",3111027,"한식음식점",37.93103448275862,56.38766519823789,37.93103448275862,"뚜렷한 DEAD TIME 없음",0,0,0,5,"","",TRUE,"분석 가능","문정역 2번",90.69104560622915,44.27141268075639,"100 - 16개 상권특성의 평균 절대 백분위 차이"
"문정초등학교",3111027,"분식전문점",17.829457364341085,39.85330073349633,17.829457364341085,"06~11",90.30470914127424,114.86636564571529,90.30470914127424,5,"00~06","",TRUE,"분석 가능","문정역 2번",89.35723514211887,21.44702842377261,"100 - 16개 상권특성의 평균 절대 백분위 차이"
"문정초등학교",3111027,"커피-음료",67.06586826347305,50.94614264919942,67.06586826347305,"뚜렷한 DEAD TIME 없음",0,0,0,5,"","",TRUE,"분석 가능","성내천어린이공원(하니사랑길)",86.46145209580838,78.59281437125748,"100 - 16개 상권특성의 평균 절대 백분위 차이"
"문정초등학교",3111027,"편의점",24.67866323907455,35,24.67866323907455,"뚜렷한 DEAD TIME 없음",0,0,0,5,"","",TRUE,"분석 가능","성내천어린이공원(하니사랑길)",88.68894601542416,49.3573264781491,"100 - 16개 상권특성의 평균 절대 백분위 차이"
"문현중학교(장지역 1번)",3111028,"한식음식점",69.2992213570634,45.04405286343612,69.2992213570634,"뚜렷한 DEAD TIME 없음",0,0,0,5,"","",TRUE,"분석 가능","이수역 5번",88.5984427141268,84.42714126807564,"100 - 16개 상권특성의 평균 절대 백분위 차이"
"문현중학교(장지역 1번)",3111028,"분식전문점",78.29457364341084,27.383863080684595,78.29457364341084,"뚜렷한 DEAD TIME 없음",0,0,0,5,"00~06","",TRUE,"분석 가능","가양역 10번",87.77454780361758,91.7312661498708,"100 - 16개 상권특성의 평균 절대 백분위 차이"
"문현중학교(장지역 1번)",3111028,"호프-간이주점",82.16432865731463,28.155339805825243,82.16432865731463,"뚜렷한 DEAD TIME 없음",0,0,0,3,"06~11,11~14","",TRUE,"분석 가능","장충초등학교",91.84619238476954,90.5811623246493,"100 - 16개 상권특성의 평균 절대 백분위 차이"
"문현중학교(장지역 1번)",3111028,"커피-음료",46.25748502994012,37.84570596797671,46.25748502994012,"뚜렷한 DEAD TIME 없음",0,0,0,5,"","",TRUE,"분석 가능","성미산체육관",88.33270958083833,49.700598802395206,"100 - 16개 상권특성의 평균 절대 백분위 차이"
"문현중학교(장지역 1번)",3111028,"편의점",14.138817480719796,21.25,14.138817480719796,"뚜렷한 DEAD TIME 없음",0,0,0,5,"","",TRUE,"분석 가능","성미산체육관",90.19922879177378,61.18251928020566,"100 - 16개 상권특성의 평균 절대 백분위 차이"
"오금역 4번",3111029,"커피-음료",NA,7.860262008733625,NA,"뚜렷한 DEAD TIME 없음",0,0,0,0,"","00~06,06~11,11~14,14~17,17~21,21~24",FALSE,"활동 또는 관측 근거 부족",NA,NA,NA,"100 - 16개 상권특성의 평균 절대 백분위 차이"
"방이역 2번",3111030,"한식음식점",75.19466073414905,72.90748898678414,75.19466073414905,"뚜렷한 DEAD TIME 없음",0,0,0,5,"","",TRUE,"분석 가능","방화역 1번",82.65433815350389,80.7563959955506,"100 - 16개 상권특성의 평균 절대 백분위 차이"
"방이역 2번",3111030,"커피-음료",26.34730538922156,67.8311499272198,26.34730538922156,"뚜렷한 DEAD TIME 없음",0,0,0,5,"00~06","",TRUE,"분석 가능","보인중학교",86.86377245508982,93.8622754491018,"100 - 16개 상권특성의 평균 절대 백분위 차이"
"장지동주민센터(한림연예예술고교)",3111031,"한식음식점",41.045606229143495,50.330396475770925,41.045606229143495,"뚜렷한 DEAD TIME 없음",0,0,0,5,"","",TRUE,"분석 가능","장안중학교",88.07007786429367,74.52725250278087,"100 - 16개 상권특성의 평균 절대 백분위 차이"
"장지동주민센터(한림연예예술고교)",3111031,"분식전문점",25.32299741602067,33.007334963325185,25.32299741602067,"21~24",94.15584415584416,223.53732146290162,94.15584415584416,5,"00~06","",TRUE,"분석 가능","장안중학교",85.65891472868216,42.377260981912144,"100 - 16개 상권특성의 평균 절대 백분위 차이"
"장지동주민센터(한림연예예술고교)",3111031,"호프-간이주점",89.97995991983969,34.95145631067961,89.97995991983969,"뚜렷한 DEAD TIME 없음",0,0,0,5,"","",TRUE,"분석 가능","방화역 1번",84.93236472945891,97.1943887775551,"100 - 16개 상권특성의 평균 절대 백분위 차이"
"장지동주민센터(한림연예예술고교)",3111031,"커피-음료",66.01796407185628,44.10480349344978,66.01796407185628,"뚜렷한 DEAD TIME 없음",0,0,0,5,"00~06","",TRUE,"분석 가능","문정초등학교",85.77844311377245,67.06586826347305,"100 - 16개 상권특성의 평균 절대 백분위 차이"
"장지동주민센터(한림연예예술고교)",3111031,"편의점",44.987146529562985,27.250000000000004,44.987146529562985,"뚜렷한 DEAD TIME 없음",0,0,0,5,"","",TRUE,"분석 가능","광진초등학교",90.63303341902314,75.06426735218508,"100 - 16개 상권특성의 평균 절대 백분위 차이"
"방이역 1번",3111032,"한식음식점",66.74082313681868,33.370044052863435,66.74082313681868,"뚜렷한 DEAD TIME 없음",0,0,0,5,"","",TRUE,"분석 가능","방화역 3번",87.59733036707453,82.09121245828699,"100 - 16개 상권특성의 평균 절대 백분위 차이"
"방이역 1번",3111032,"분식전문점",97.1576227390181,17.114914425427873,97.1576227390181,"뚜렷한 DEAD TIME 없음",0,0,0,5,"00~06","",TRUE,"분석 가능","불광역 8번",79.58656330749353,99.48320413436691,"100 - 16개 상권특성의 평균 절대 백분위 차이"
"방이역 1번",3111032,"호프-간이주점",20.841683366733466,17.475728155339805,20.841683366733466,"뚜렷한 DEAD TIME 없음",0,0,0,5,"","",TRUE,"분석 가능","신서초등학교",89.10320641282566,89.17835671342685,"100 - 16개 상권특성의 평균 절대 백분위 차이"
"방이역 1번",3111032,"커피-음료",54.64071856287425,26.78311499272198,54.64071856287425,"뚜렷한 DEAD TIME 없음",0,0,0,4,"00~06,21~24","",TRUE,"분석 가능","방배동사이길",87.75261976047905,95.65868263473054,"100 - 16개 상권특성의 평균 절대 백분위 차이"
"방이역 1번",3111032,"편의점",5.141388174807198,13.750000000000002,5.141388174807198,"11~14",94.08740359897172,79840.15095985707,94.08740359897172,5,"","",TRUE,"분석 가능","신서초등학교",91.30784061696659,84.06169665809769,"100 - 16개 상권특성의 평균 절대 백분위 차이"
"문정동성당",3111033,"한식음식점",74.19354838709677,7.599118942731277,74.19354838709677,"뚜렷한 DEAD TIME 없음",0,0,0,5,"","",TRUE,"분석 가능","돌곶이역 3번",87.54171301446053,93.65962180200222,"100 - 16개 상권특성의 평균 절대 백분위 차이"
"문정동성당",3111033,"커피-음료",82.93413173652695,5.531295487627365,82.93413173652695,"뚜렷한 DEAD TIME 없음",0,0,0,5,"","",TRUE,"분석 가능","KB국민은행 서강지점",82.17627245508982,99.25149700598801,"100 - 16개 상권특성의 평균 절대 백분위 차이"
"오동나무공원(송파레미니스1단지)",3111034,"한식음식점",90.54505005561735,59.36123348017621,90.54505005561735,"뚜렷한 DEAD TIME 없음",0,0,0,5,"","",TRUE,"분석 가능","강서구다솔마을",86.09566184649611,95.10567296996662,"100 - 16개 상권특성의 평균 절대 백분위 차이"
"오동나무공원(송파레미니스1단지)",3111034,"호프-간이주점",78.15631262525051,43.689320388349515,78.15631262525051,"뚜렷한 DEAD TIME 없음",0,0,0,4,"06~11","",TRUE,"분석 가능","장안제일시장",85.19539078156313,89.57915831663327,"100 - 16개 상권특성의 평균 절대 백분위 차이"
"오동나무공원(송파레미니스1단지)",3111034,"커피-음료",21.856287425149702,54.29403202328966,21.856287425149702,"뚜렷한 DEAD TIME 없음",0,0,0,5,"00~06","",TRUE,"분석 가능","방배아이파크아파트",87.4438622754491,64.52095808383234,"100 - 16개 상권특성의 평균 절대 백분위 차이"
"오동나무공원(송파레미니스1단지)",3111034,"편의점",67.86632390745501,37.25,67.86632390745501,"뚜렷한 DEAD TIME 없음",0,0,0,5,"","",TRUE,"분석 가능","도신초등학교",85.65231362467867,72.75064267352185,"100 - 16개 상권특성의 평균 절대 백분위 차이"
"오금공원(오주중학교)",3111035,"한식음식점",22.691879866518352,54.18502202643172,22.691879866518352,"뚜렷한 DEAD TIME 없음",0,0,0,5,"00~06","",TRUE,"분석 가능","증산역 3번",89.73164627363738,44.38264738598443,"100 - 16개 상권특성의 평균 절대 백분위 차이"
"오금공원(오주중학교)",3111035,"호프-간이주점",81.56312625250501,38.640776699029125,81.56312625250501,"뚜렷한 DEAD TIME 없음",0,0,0,3,"06~11,11~14","",TRUE,"분석 가능","녹번동근린공원",83.94288577154309,99.19839679358718,"100 - 16개 상권특성의 평균 절대 백분위 차이"
"오금공원(오주중학교)",3111035,"커피-음료",27.395209580838326,48.7627365356623,27.395209580838326,"뚜렷한 DEAD TIME 없음",0,0,0,5,"00~06","",TRUE,"분석 가능","방배노인종합복지관(이수중학교)",87.6122754491018,92.06586826347305,"100 - 16개 상권특성의 평균 절대 백분위 차이"
"투구봉어린이공원",3111036,"한식음식점",3.6707452725250276,19.05286343612335,3.6707452725250276,"21~24",98.87514060742407,123.26422292449075,98.87514060742407,5,"00~06","",TRUE,"분석 가능","상계제일중학교",89.00862068965517,98.2202447163515,"100 - 16개 상권특성의 평균 절대 백분위 차이"
"Sh수협은행 오금동금융센터(아랫말어린이공원)",3111037,"한식음식점",89.87764182424917,17.180616740088105,89.87764182424917,"뚜렷한 DEAD TIME 없음",0,0,0,5,"","",TRUE,"분석 가능","잠원역",88.23692992213572,91.87986651835372,"100 - 16개 상권특성의 평균 절대 백분위 차이"
"보인중학교",3111038,"한식음식점",25.361512791991103,62.55506607929515,25.361512791991103,"21~24",92.57592800899887,1517.8529067740228,92.57592800899887,5,"","",TRUE,"분석 가능","개포고등학교",90.4963848720801,93.2146829810901,"100 - 16개 상권특성의 평균 절대 백분위 차이"
"보인중학교",3111038,"커피-음료",93.8622754491018,57.78748180494906,93.8622754491018,"뚜렷한 DEAD TIME 없음",0,0,0,4,"00~06,21~24","",TRUE,"분석 가능","광나루역 1번",85.9187874251497,96.25748502994011,"100 - 16개 상권특성의 평균 절대 백분위 차이"
"벌말어린이공원",3111039,"한식음식점",79.53281423804228,57.70925110132159,79.53281423804228,"뚜렷한 DEAD TIME 없음",0,0,0,5,"","",TRUE,"분석 가능","방이동고분군(방산고등학교)",88.04226918798665,82.42491657397107,"100 - 16개 상권특성의 평균 절대 백분위 차이"
"벌말어린이공원",3111039,"분식전문점",75.1937984496124,41.075794621026894,75.1937984496124,"뚜렷한 DEAD TIME 없음",0,0,0,5,"","",TRUE,"분석 가능","증산역 3번",82.70348837209302,88.37209302325581,"100 - 16개 상권특성의 평균 절대 백분위 차이"
"벌말어린이공원",3111039,"호프-간이주점",48.69739478957916,42.13592233009709,48.69739478957916,"뚜렷한 DEAD TIME 없음",0,0,0,4,"06~11","",TRUE,"분석 가능","공항시장역 3번",84.83216432865733,51.503006012024045,"100 - 16개 상권특성의 평균 절대 백분위 차이"
"벌말어린이공원",3111039,"커피-음료",59.73053892215569,52.40174672489083,59.73053892215569,"뚜렷한 DEAD TIME 없음",0,0,0,5,"00~06","",TRUE,"분석 가능","성내중학교",86.67664670658682,64.82035928143712,"100 - 16개 상권특성의 평균 절대 백분위 차이"
"거여초등학교",3111040,"커피-음료",56.58682634730538,40.61135371179039,56.58682634730538,"뚜렷한 DEAD TIME 없음",0,0,0,4,"00~06,21~24","",TRUE,"분석 가능","국립국악고등학교",83.86040419161677,76.04790419161677,"100 - 16개 상권특성의 평균 절대 백분위 차이"
"거여역 1번(거여공원)",3111042,"한식음식점",52.05784204671857,88.54625550660793,52.05784204671857,"뚜렷한 DEAD TIME 없음",0,0,0,5,"","",TRUE,"분석 가능","세곡초등학교",89.50222469410456,60.17797552836485,"100 - 16개 상권특성의 평균 절대 백분위 차이"
"거여역 1번(거여공원)",3111042,"분식전문점",46.253229974160206,79.70660146699267,46.253229974160206,"뚜렷한 DEAD TIME 없음",0,0,0,3,"00~06,06~11,21~24","",TRUE,"분석 가능","암사동성당(효정하나플러스아파트)",85.06136950904393,56.33074935400517,"100 - 16개 상권특성의 평균 절대 백분위 차이"
"거여역 1번(거여공원)",3111042,"호프-간이주점",42.08416833667334,82.52427184466019,42.08416833667334,"뚜렷한 DEAD TIME 없음",0,0,0,5,"","",TRUE,"분석 가능","세곡초등학교",90.44338677354709,65.33066132264528,"100 - 16개 상권특성의 평균 절대 백분위 차이"
"거여역 1번(거여공원)",3111042,"커피-음료",31.736526946107784,86.02620087336244,31.736526946107784,"뚜렷한 DEAD TIME 없음",0,0,0,5,"00~06","",TRUE,"분석 가능","먹골역 1번",85.9562125748503,67.21556886227546,"100 - 16개 상권특성의 평균 절대 백분위 차이"
"거여역 1번(거여공원)",3111042,"편의점",70.69408740359897,78.75,70.69408740359897,"뚜렷한 DEAD TIME 없음",0,0,0,5,"","",TRUE,"분석 가능","신방화역 2번",86.13431876606684,98.45758354755783,"100 - 16개 상권특성의 평균 절대 백분위 차이"
"남천초등학교",3111044,"한식음식점",51.39043381535039,73.34801762114537,51.39043381535039,"뚜렷한 DEAD TIME 없음",0,0,0,5,"","",TRUE,"분석 가능","시흥초등학교(시흥1동우체국)",90.21829810901001,88.09788654060067,"100 - 16개 상권특성의 평균 절대 백분위 차이"
"남천초등학교",3111044,"분식전문점",67.18346253229974,57.701711491442545,67.18346253229974,"뚜렷한 DEAD TIME 없음",0,0,0,5,"","",TRUE,"분석 가능","시흥초등학교(시흥1동우체국)",88.09754521963823,83.4625322997416,"100 - 16개 상권특성의 평균 절대 백분위 차이"
"남천초등학교",3111044,"호프-간이주점",12.024048096192384,61.55339805825243,12.024048096192384,"11~14",95.25139664804469,396.0241377929308,95.25139664804469,4,"06~11","",TRUE,"분석 가능","한울중학교",89.64178356713427,29.258517034068138,"100 - 16개 상권특성의 평균 절대 백분위 차이"
"남천초등학교",3111044,"커피-음료",65.11976047904191,68.41339155749637,65.11976047904191,"뚜렷한 DEAD TIME 없음",0,0,0,5,"00~06","",TRUE,"분석 가능","시흥동 은행나무사거리",89.40868263473054,66.46706586826348,"100 - 16개 상권특성의 평균 절대 백분위 차이"
"남천초등학교",3111044,"편의점",31.362467866323907,55.75,31.362467866323907,"뚜렷한 DEAD TIME 없음",0,0,0,5,"","",TRUE,"분석 가능","시흥동 은행나무사거리",90.87403598971723,96.91516709511568,"100 - 16개 상권특성의 평균 절대 백분위 차이"
"마천역(마천초등학교)",3111046,"한식음식점",14.905450500556173,82.70925110132158,14.905450500556173,"뚜렷한 DEAD TIME 없음",0,0,0,5,"","",TRUE,"분석 가능","도봉역 2번",92.58203559510567,43.270300333704114,"100 - 16개 상권특성의 평균 절대 백분위 차이"
"마천역(마천초등학교)",3111046,"분식전문점",58.91472868217055,69.92665036674816,58.91472868217055,"뚜렷한 DEAD TIME 없음",0,0,0,5,"","",TRUE,"분석 가능","신월3동주민센터",87.08010335917314,96.64082687338501,"100 - 16개 상권특성의 평균 절대 백분위 차이"
"마천역(마천초등학교)",3111046,"호프-간이주점",50.1002004008016,74.36893203883496,50.1002004008016,"뚜렷한 DEAD TIME 없음",0,0,0,5,"","",TRUE,"분석 가능","도봉역 2번",89.71693386773548,59.118236472945895,"100 - 16개 상권특성의 평균 절대 백분위 차이"
"마천역(마천초등학교)",3111046,"커피-음료",77.24550898203593,79.47598253275109,77.24550898203593,"뚜렷한 DEAD TIME 없음",0,0,0,5,"00~06","",TRUE,"분석 가능","신월3동주민센터",90.625,89.67065868263472,"100 - 16개 상권특성의 평균 절대 백분위 차이"
"마천역(마천초등학교)",3111046,"편의점",5.3984575835475574,68.5,5.3984575835475574,"11~14",96.40102827763496,76515.4608279799,96.40102827763496,5,"","",TRUE,"분석 가능","구산보건지소",91.03470437017994,53.470437017994854,"100 - 16개 상권특성의 평균 절대 백분위 차이"
"마천1치안센터",3111047,"한식음식점",9.67741935483871,32.709251101321584,9.67741935483871,"17~21",94.54949944382648,690.0046480543489,94.54949944382648,5,"","",TRUE,"분석 가능","도봉우체국",86.23470522803115,74.972191323693,"100 - 16개 상권특성의 평균 절대 백분위 차이"
"마천1치안센터",3111047,"호프-간이주점",3.006012024048096,17.0873786407767,3.006012024048096,"뚜렷한 DEAD TIME 없음",0,0,0,4,"06~11","",TRUE,"분석 가능","방학중학교",86.82364729458918,80.16032064128257,"100 - 16개 상권특성의 평균 절대 백분위 차이"
"마천1치안센터",3111047,"커피-음료",19.91017964071856,26.055312954876275,19.91017964071856,"뚜렷한 DEAD TIME 없음",0,0,0,4,"00~06,21~24","",TRUE,"분석 가능","대림역 2번",86.95733532934132,81.437125748502993,"100 - 16개 상권특성의 평균 절대 백분위 차이"
"마천1치안센터",3111047,"편의점",12.853470437017995,13.25,12.853470437017995,"뚜렷한 DEAD TIME 없음",0,0,0,5,"","",TRUE,"분석 가능","백련산해모로아파트",84.92930591259639,91.51670951156812,"100 - 16개 상권특성의 평균 절대 백분위 차이"
"천호역 1번(천호문구완구거리)",3111048,"한식음식점",82.8698553948832,69.16299559471366,82.8698553948832,"뚜렷한 DEAD TIME 없음",0,0,0,5,"","",TRUE,"분석 가능","창신역 4번",90.0027808676307,89.32146829810901,"100 - 16개 상권특성의 평균 절대 백분위 차이"
"천호역 1번(천호문구완구거리)",3111048,"호프-간이주점",56.71342685370742,55.33980582524271,56.71342685370742,"뚜렷한 DEAD TIME 없음",0,0,0,3,"06~11,11~14","",TRUE,"분석 가능","행당역 2번",89.71693386773548,63.326653306613224,"100 - 16개 상권특성의 평균 절대 백분위 차이"
"천호역 1번(천호문구완구거리)",3111048,"커피-음료",68.562874251497007,64.3377001455604,68.562874251497007,"뚜렷한 DEAD TIME 없음",0,0,0,5,"00~06","",TRUE,"분석 가능","천호지구대(천호동자전거거리)",86.57372754491017,90.71856287425149,"100 - 16개 상권특성의 평균 절대 백분위 차이"
"천호지구대(천호동자전거거리)",3111049,"한식음식점",57.95328142380423,74.00881057268722,57.95328142380423,"뚜렷한 DEAD TIME 없음",0,0,0,5,"","",TRUE,"분석 가능","천호역 1번(천호문구완구거리)",88.33426028921023,82.8698553948832,"100 - 16개 상권특성의 평균 절대 백분위 차이"
"천호지구대(천호동자전거거리)",3111049,"호프-간이주점",29.859719438877757,62.5242718446602,29.859719438877757,"뚜렷한 DEAD TIME 없음",0,0,0,5,"","",TRUE,"분석 가능","사가정역 4번",87.46242484969939,49.498997995991985,"100 - 16개 상권특성의 평균 절대 백분위 차이"
"천호지구대(천호동자전거거리)",3111049,"커피-음료",90.71856287425149,69.14119359534206,90.71856287425149,"뚜렷한 DEAD TIME 없음",0,0,0,5,"00~06","",TRUE,"분석 가능","사가정역 4번",87.99588323353294,92.66467065868264,"100 - 16개 상권특성의 평균 절대 백분위 차이"
"강동구청(강동구청역 2번)",3111050,"한식음식점",54.17130144605117,21.475770925110133,54.17130144605117,"21~24",94.15073115860517,211.30068578898917,94.15073115860517,5,"00~06","",TRUE,"분석 가능","성북초등학교앞",90.32953281423805,93.54838709677419,"100 - 16개 상권특성의 평균 절대 백분위 차이"
"강동구청(강동구청역 2번)",3111050,"커피-음료",58.68263473053892,15.866084425036389,58.68263473053892,"뚜렷한 DEAD TIME 없음",0,0,0,5,"00~06","",TRUE,"분석 가능","KB국민은행 서강지점",89.75486526946108,99.25149700598801,"100 - 16개 상권특성의 평균 절대 백분위 차이"
"천호역 6번",3111051,"한식음식점",27.919911012235815,97.02643171806167,27.919911012235815,"뚜렷한 DEAD TIME 없음",0,0,0,5,"","",TRUE,"분석 가능","암사역 3번(천호동자전거거리)",90.51724137931035,94.3270300333704,"100 - 16개 상권특성의 평균 절대 백분위 차이"
"천호역 6번",3111051,"분식전문점",71.0594315245478,93.64303178484109,71.0594315245478,"뚜렷한 DEAD TIME 없음",0,0,0,4,"00~06,21~24","",TRUE,"분석 가능","상계5동주민센터",82.55813953488372,87.08010335917312,"100 - 16개 상권특성의 평균 절대 백분위 차이"
"천호역 6번",3111051,"호프-간이주점",7.8156312625250495,95.14563106796116,7.8156312625250495,"14~17",99.12854030501089,347.724522618332,99.12854030501089,4,"11~14","",TRUE,"분석 가능","남강고등학교(남강중학교)",89.41633266533066,8.216432865731463,"100 - 16개 상권특성의 평균 절대 백분위 차이"
"천호역 6번",3111051,"커피-음료",23.652694610778443,96.21542940320232,23.652694610778443,"뚜렷한 DEAD TIME 없음",0,0,0,5,"","",TRUE,"분석 가능","강동역 4번(강풀만화거리)",91.59805389221557,52.09580838323353,"100 - 16개 상권특성의 평균 절대 백분위 차이"
"암사역 3번(천호동자전거거리)",3111052,"한식음식점",94.3270300333704,69.38325991189427,94.3270300333704,"뚜렷한 DEAD TIME 없음",0,0,0,5,"","",TRUE,"분석 가능","북가좌2동주민센터",89.62041156840934,95.77308120133482,"100 - 16개 상권특성의 평균 절대 백분위 차이"
"암사역 3번(천호동자전거거리)",3111052,"호프-간이주점",52.30460921843687,55.533980582524265,52.30460921843687,"뚜렷한 DEAD TIME 없음",0,0,0,5,"","",TRUE,"분석 가능","북가좌2동주민센터",87.68787575150301,72.74549098196393,"100 - 16개 상권특성의 평균 절대 백분위 차이"
"암사역 3번(천호동자전거거리)",3111052,"커피-음료",4.640718562874251,64.48326055312955,4.640718562874251,"11~14",90.4047976011994,1684.083787685448,90.4047976011994,5,"","",TRUE,"분석 가능","천호역 6번",91.66354790419162,23.652694610778443,"100 - 16개 상권특성의 평균 절대 백분위 차이"
"암사역 3번(천호동자전거거리)",3111052,"편의점",9.254498714652955,50.74999999999999,9.254498714652955,"뚜렷한 DEAD TIME 없음",0,0,0,5,"","",TRUE,"분석 가능","사가정역 4번",89.28341902313625,52.95629820051414,"100 - 16개 상권특성의 평균 절대 백분위 차이"
"성내천어린이공원(하니사랑길)",3111053,"한식음식점",89.43270300333704,65.96916299559471,89.43270300333704,"뚜렷한 DEAD TIME 없음",0,0,0,5,"00~06","",TRUE,"분석 가능","방배아이파크아파트",87.61123470522803,89.9888765294772,"100 - 16개 상권특성의 평균 절대 백분위 차이"
"성내천어린이공원(하니사랑길)",3111053,"커피-음료",78.59281437125748,61.135371179039296,78.59281437125748,"뚜렷한 DEAD TIME 없음",0,0,0,5,"00~06","",TRUE,"분석 가능","간데메공원",86.91055389221557,82.63473053892216,"100 - 16개 상권특성의 평균 절대 백분위 차이"
"성내천어린이공원(하니사랑길)",3111053,"편의점",49.3573264781491,45.25,49.3573264781491,"뚜렷한 DEAD TIME 없음",0,0,0,5,"","",TRUE,"분석 가능","오동나무공원(송파레미니스1단지)",89.10668380462725,67.86632390745501,"100 - 16개 상권특성의 평균 절대 백분위 차이"
"암사역 4번(삼성광나루아파트)",3111054,"한식음식점",90.43381535038932,11.343612334801762,90.43381535038932,"뚜렷한 DEAD TIME 없음",0,0,0,4,"00~06,06~11","",TRUE,"분석 가능","천호태영아파트",84.71218020022248,99.22135706340379,"100 - 16개 상권특성의 평균 절대 백분위 차이"
"선사초등학교",3111055,"한식음식점",12.124582869855395,0.881057268722467,12.124582869855395,"뚜렷한 DEAD TIME 없음",0,0,0,5,"00~06","",TRUE,"분석 가능","성동구립금호도서관",91.33064516129032,81.31256952169078,"100 - 16개 상권특성의 평균 절대 백분위 차이"
"천호태영아파트",3111056,"한식음식점",99.22135706340379,25.33039647577093,99.22135706340379,"뚜렷한 DEAD TIME 없음",0,0,0,5,"","",TRUE,"분석 가능",NA,NA,NA,"100 - 16개 상권특성의 평균 절대 백분위 차이"
"천호태영아파트",3111056,"커피-음료",37.4251497005988,19.65065502183406,37.4251497005988,"뚜렷한 DEAD TIME 없음",0,0,0,5,"00~06","",TRUE,"분석 가능","외대앞역 2번",86.58308383233533,38.622754491017965,"100 - 16개 상권특성의 평균 절대 백분위 차이"
"천호태영아파트",3111056,"편의점",40.102827763496144,9.25,40.102827763496144,"뚜렷한 DEAD TIME 없음",0,0,0,5,"","",TRUE,"분석 가능","신길6동주민센터",88.81748071979433,98.97172236503856,"100 - 16개 상권특성의 평균 절대 백분위 차이"
"천호공원(해공체육문화센터)",3111057,"한식음식점",34.59399332591769,60.792951541850215,34.59399332591769,"뚜렷한 DEAD TIME 없음",0,0,0,5,"","",TRUE,"분석 가능","중곡역 3번",90.8857063403782,42.269187986651836,"100 - 16개 상권특성의 평균 절대 백분위 차이"
"천호공원(해공체육문화센터)",3111057,"분식전문점",44.18604651162791,44.25427872860636,44.18604651162791,"뚜렷한 DEAD TIME 없음",0,0,0,5,"","",TRUE,"분석 가능","장곡초등학교",89.38953488372093,80.36175710594316,"100 - 16개 상권특성의 평균 절대 백분위 차이"
"천호공원(해공체육문화센터)",3111057,"호프-간이주점",74.9498997995992,45.24271844660194,74.9498997995992,"뚜렷한 DEAD TIME 없음",0,0,0,4,"06~11","",TRUE,"분석 가능","굽은다리역 1번(십자성마을)",85.07014028056112,93.5871743486974,"100 - 16개 상권특성의 평균 절대 백분위 차이"
"천호공원(해공체육문화센터)",3111057,"커피-음료",94.91017964071857,56.04075691411936,94.91017964071857,"뚜렷한 DEAD TIME 없음",0,0,0,5,"","",TRUE,"분석 가능",NA,NA,NA,"100 - 16개 상권특성의 평균 절대 백분위 차이"
"성내중학교",3111058,"한식음식점",5.784204671857619,39.31718061674009,5.784204671857619,"06~11",97.25714285714285,109.6218805929889,97.25714285714285,4,"00~06,21~24","",TRUE,"분석 가능","서울프랑스학교",92.40127919911012,27.1412680756396,"100 - 16개 상권특성의 평균 절대 백분위 차이"
"성내중학교",3111058,"커피-음료",64.82035928143712,32.1688500727802,64.82035928143712,"뚜렷한 DEAD TIME 없음",0,0,0,5,"00~06","",TRUE,"분석 가능","문정동성당",87.09767964071857,82.93413173652695,"100 - 16개 상권특성의 평균 절대 백분위 차이"
"강동역 4번(강풀만화거리)",3111059,"한식음식점",35.483870967741936,98.568281938326,35.483870967741936,"뚜렷한 DEAD TIME 없음",0,0,0,5,"","",TRUE,"분석 가능","상봉역 4번",92.86012235817576,46.82981090100111,"100 - 16개 상권특성의 평균 절대 백분위 차이"
"강동역 4번(강풀만화거리)",3111059,"분식전문점",78.81136950904393,96.82151589242054,78.81136950904393,"뚜렷한 DEAD TIME 없음",0,0,0,5,"00~06","",TRUE,"분석 가능","먹골역 1번",87.70994832041343,88.63049095607235,"100 - 16개 상권특성의 평균 절대 백분위 차이"
"강동역 4번(강풀만화거리)",3111059,"호프-간이주점",48.296593186372746,97.66990291262137,48.296593186372746,"뚜렷한 DEAD TIME 없음",0,0,0,5,"","",TRUE,"분석 가능","까치산역 3번",93.54959919839679,60.92184368737475,"100 - 16개 상권특성의 평균 절대 백분위 차이"
"강동역 4번(강풀만화거리)",3111059,"커피-음료",52.09580838323353,98.10771470160117,52.09580838323353,"뚜렷한 DEAD TIME 없음",0,0,0,5,"","",TRUE,"분석 가능","남성역 1번",92.34655688622755,70.20958083832335,"100 - 16개 상권특성의 평균 절대 백분위 차이"
"강동역 4번(강풀만화거리)",3111059,"편의점",6.426735218508997,96.75,6.426735218508997,"11~14",92.80205655526991,38822.827062863296,92.80205655526991,5,"","",TRUE,"분석 가능","까치산역 3번",92.49678663239075,78.66323907455013,"100 - 16개 상권특성의 평균 절대 백분위 차이"
"암사역 2번(서울강동초등학교)",3111060,"한식음식점",51.16796440489433,99.00881057268722,51.16796440489433,"뚜렷한 DEAD TIME 없음",0,0,0,5,"","",TRUE,"분석 가능","남강고등학교(남강중학교)",90.99694104560623,88.54282536151278,"100 - 16개 상권특성의 평균 절대 백분위 차이"
"암사역 2번(서울강동초등학교)",3111060,"분식전문점",12.661498708010335,97.79951100244499,12.661498708010335,"뚜렷한 DEAD TIME 없음",0,0,0,5,"","",TRUE,"분석 가능","신창초등학교",93.10400516795866,22.22222222222222,"100 - 16개 상권특성의 평균 절대 백분위 차이"
"암사역 2번(서울강동초등학교)",3111060,"호프-간이주점",37.27454909819639,98.44660194174757,37.27454909819639,"뚜렷한 DEAD TIME 없음",0,0,0,5,"","",TRUE,"분석 가능","강동역 4번(강풀만화거리)",89.16583166332666,48.296593186372746,"100 - 16개 상권특성의 평균 절대 백분위 차이"
"암사역 2번(서울강동초등학교)",3111060,"커피-음료",83.8323353293413,98.68995633187772,83.8323353293413,"뚜렷한 DEAD TIME 없음",0,0,0,5,"","",TRUE,"분석 가능","남강고등학교(남강중학교)",88.05202095808383,100,"100 - 16개 상권특성의 평균 절대 백분위 차이"
"암사역 2번(서울강동초등학교)",3111060,"편의점",8.997429305912597,97.75,8.997429305912597,"11~14",92.54498714652956,50930.56054715066,92.54498714652956,5,"","",TRUE,"분석 가능","신창초등학교",91.05077120822622,17.994858611825194,"100 - 16개 상권특성의 평균 절대 백분위 차이"
"암사역 1번",3111061,"한식음식점",60.734149054505004,96.80616740088107,60.734149054505004,"뚜렷한 DEAD TIME 없음",0,0,0,5,"","",TRUE,"분석 가능","남강고등학교(남강중학교)",89.8567853170189,88.54282536151278,"100 - 16개 상권특성의 평균 절대 백분위 차이"
"암사역 1번",3111061,"호프-간이주점",54.30861723446894,94.75728155339806,54.30861723446894,"뚜렷한 DEAD TIME 없음",0,0,0,5,"","",TRUE,"분석 가능","응암역 3번",88.96543086172345,63.126252505010015,"100 - 16개 상권특성의 평균 절대 백분위 차이"
"암사역 1번",3111061,"커피-음료",34.4311377245509,95.92430858806405,34.4311377245509,"뚜렷한 DEAD TIME 없음",0,0,0,5,"00~06","",TRUE,"분석 가능","푸른들청소년도서관",90.01684131736528,55.23952095808383,"100 - 16개 상권특성의 평균 절대 백분위 차이"
"암사역 1번",3111061,"편의점",54.24164524421594,93.75,54.24164524421594,"뚜렷한 DEAD TIME 없음",0,0,0,5,"","",TRUE,"분석 가능","화곡2동주민센터",88.206940874036,81.23393316195373,"100 - 16개 상권특성의 평균 절대 백분위 차이"
"둔촌동역 3번(성내3동주민센터)",3111062,"한식음식점",75.3058954393771,63.65638766519823,75.3058954393771,"뚜렷한 DEAD TIME 없음",0,0,0,5,"","",TRUE,"분석 가능","신자초등학교",90.1765850945495,80.08898776418243,"100 - 16개 상권특성의 평균 절대 백분위 차이"
"둔촌동역 3번(성내3동주민센터)",3111062,"호프-간이주점",45.69138276553106,48.932038834951456,45.69138276553106,"뚜렷한 DEAD TIME 없음",0,0,0,5,"","",TRUE,"분석 가능","중곡초등학교",90.4559118236473,68.5370741482966,"100 - 16개 상권특성의 평균 절대 백분위 차이"
"둔촌동역 3번(성내3동주민센터)",3111062,"커피-음료",37.27544910179641,58.951965065502186,37.27544910179641,"뚜렷한 DEAD TIME 없음",0,0,0,5,"00~06","",TRUE,"분석 가능","메가박스 상봉",89.94199101796407,71.8562874251497,"100 - 16개 상권특성의 평균 절대 백분위 차이"
"강동구립 천호도서관",3111063,"한식음식점",13.014460511679642,82.15859030837004,13.014460511679642,"14~17",96.65924276169265,4415.696938542751,96.65924276169265,5,"","",TRUE,"분석 가능","면목역 2번",91.57397107897664,87.09677419354838,"100 - 16개 상권특성의 평균 절대 백분위 차이"
"강동구립 천호도서관",3111063,"분식전문점",12.919896640826872,69.19315403422983,12.919896640826872,"17~21",91.16883116883116,970.0626531720075,91.16883116883116,5,"00~06","",TRUE,"분석 가능","영락고등학교",89.45413436692506,52.19638242894057,"100 - 16개 상권특성의 평균 절대 백분위 차이"
"강동구립 천호도서관",3111063,"호프-간이주점",4.609218436873747,73.59223300970874,4.609218436873747,"뚜렷한 DEAD TIME 없음",0,0,0,5,"","",TRUE,"분석 가능","양지어린이공원",90.13026052104209,96.19238476953907,"100 - 16개 상권특성의 평균 절대 백분위 차이"
"강동구립 천호도서관",3111063,"커피-음료",77.09580838323353,78.89374090247453,77.09580838323353,"뚜렷한 DEAD TIME 없음",0,0,0,4,"00~06,21~24","",TRUE,"분석 가능","면목역 1번",94.74176646706587,97.75449101796407,"100 - 16개 상권특성의 평균 절대 백분위 차이"
"강동구립 천호도서관",3111063,"편의점",61.95372750642674,67.5,61.95372750642674,"뚜렷한 DEAD TIME 없음",0,0,0,5,"","",TRUE,"분석 가능","신림우방아파트",88.80141388174808,82.0051413881748,"100 - 16개 상권특성의 평균 절대 백분위 차이"
"둔촌동역 4번",3111064,"한식음식점",28.587319243604004,30.176211453744493,28.587319243604004,"뚜렷한 DEAD TIME 없음",0,0,0,5,"","",TRUE,"분석 가능","응암1동주민센터",90.1765850945495,91.99110122358177,"100 - 16개 상권특성의 평균 절대 백분위 차이"
"천일초등학교",3111065,"한식음식점",0.11123470522803114,34.58149779735683,0.11123470522803114,"21~24",100,728.265524965315,100,4,"06~11","",TRUE,"분석 가능","신진과학기술고등학교",90.02363737486095,88.76529477196885,"100 - 16개 상권특성의 평균 절대 백분위 차이"
"암사동성당(효정하나플러스아파트)",3111066,"한식음식점",53.9488320355951,88.65638766519824,53.9488320355951,"뚜렷한 DEAD TIME 없음",0,0,0,5,"","",TRUE,"분석 가능","남강고등학교(남강중학교)",87.38876529477196,88.54282536151278,"100 - 16개 상권특성의 평균 절대 백분위 차이"
"암사동성당(효정하나플러스아파트)",3111066,"분식전문점",56.33074935400517,79.95110024449878,56.33074935400517,"뚜렷한 DEAD TIME 없음",0,0,0,4,"00~06,21~24","",TRUE,"분석 가능","천호역 6번",82.62273901808786,71.0594315245478,"100 - 16개 상권특성의 평균 절대 백분위 차이"
"암사동성당(효정하나플러스아파트)",3111066,"호프-간이주점",9.218436873747494,82.71844660194175,9.218436873747494,"뚜렷한 DEAD TIME 없음",0,0,0,5,"","",TRUE,"분석 가능","남천초등학교",87.0115230460922,12.024048096192384,"100 - 16개 상권특성의 평균 절대 백분위 차이"
"암사동성당(효정하나플러스아파트)",3111066,"커피-음료",52.69461077844312,86.17176128093159,52.69461077844312,"21~24",94.00352733686067,293.7686650399888,94.00352733686067,5,"00~06","",TRUE,"분석 가능","사가정역 4번",87.25673652694611,92.66467065868264,"100 - 16개 상권특성의 평균 절대 백분위 차이"
"암사동성당(효정하나플러스아파트)",3111066,"편의점",9.768637532133676,79,9.768637532133676,"11~14",94.85861182519281,13615.837164104516,94.85861182519281,5,"","",TRUE,"분석 가능","불광역 7번",86.1664524421594,22.36503856041131,"100 - 16개 상권특성의 평균 절대 백분위 차이"
"강동구립성내도서관",3111067,"한식음식점",64.96106785317018,96.1453744493392,64.96106785317018,"뚜렷한 DEAD TIME 없음",0,0,0,5,"","",TRUE,"분석 가능","면목역 2번",90.41295884315906,87.09677419354838,"100 - 16개 상권특성의 평균 절대 백분위 차이"
"강동구립성내도서관",3111067,"분식전문점",16.27906976744186,92.42053789731052,16.27906976744186,"06~11",90.85872576177285,91.02972335008448,90.85872576177285,4,"00~06,21~24","",TRUE,"분석 가능","까치산역 4번",90.21317829457365,46.770025839793284,"100 - 16개 상권특성의 평균 절대 백분위 차이"
"강동구립성내도서관",3111067,"호프-간이주점",15.831663326653306,93.98058252427185,15.831663326653306,"11~14",96.08938547486034,440.30375235325226,96.08938547486034,5,"","",TRUE,"분석 가능","중곡3동주민센터",91.23246492985973,44.48897795591182,"100 - 16개 상권특성의 평균 절대 백분위 차이"
"강동구립성내도서관",3111067,"커피-음료",47.1556886227545,95.0509461426492,47.1556886227545,"뚜렷한 DEAD TIME 없음",0,0,0,4,"00~06,21~24","",TRUE,"분석 가능","까치산역 4번",91.97230538922156,66.61676646706587,"100 - 16개 상권특성의 평균 절대 백분위 차이"
"강동구립성내도서관",3111067,"편의점",66.58097686375322,92.5,66.58097686375322,"뚜렷한 DEAD TIME 없음",0,0,0,5,"","",TRUE,"분석 가능","신대방삼거리역 1번",89.39588688946016,70.4370179948586,"100 - 16개 상권특성의 평균 절대 백분위 차이"
"강동성심병원",3111068,"한식음식점",96.21802002224695,6.938325991189427,96.21802002224695,"뚜렷한 DEAD TIME 없음",0,0,0,5,"00~06","",TRUE,"분석 가능","강남구청역 2번",85.90100111234705,99.11012235817576,"100 - 16개 상권특성의 평균 절대 백분위 차이"
"강동성심병원",3111068,"호프-간이주점",69.73947895791584,1.9417475728155338,69.73947895791584,"뚜렷한 DEAD TIME 없음",0,0,0,3,"11~14,14~17","",TRUE,"분석 가능","영등포구청역 2번",92.08416833667334,99.59919839679358,"100 - 16개 상권특성의 평균 절대 백분위 차이"
"강동성심병원",3111068,"커피-음료",99.55089820359282,4.657933042212519,99.55089820359282,"뚜렷한 DEAD TIME 없음",0,0,0,5,"00~06","",TRUE,"분석 가능",NA,NA,NA,"100 - 16개 상권특성의 평균 절대 백분위 차이"
"천호1동주민센터",3111069,"한식음식점",1.668520578420467,96.69603524229075,1.668520578420467,"14~17",97.55011135857461,1673.86066479059,97.55011135857461,4,"00~06,06~11","",TRUE,"분석 가능","삼성산자연공원(서울금천초등학교)",90.73275862068965,93.77085650723026,"100 - 16개 상권특성의 평균 절대 백분위 차이"
"천호1동주민센터",3111069,"커피-음료",60.778443113772454,95.77874818049492,60.778443113772454,"뚜렷한 DEAD TIME 없음",0,0,0,5,"00~06","",TRUE,"분석 가능","난우중학교",89.61452095808383,70.80838323353294,"100 - 16개 상권특성의 평균 절대 백분위 차이"
"천호1동주민센터",3111069,"편의점",52.69922879177378,93.5,52.69922879177378,"뚜렷한 DEAD TIME 없음",0,0,0,5,"","",TRUE,"분석 가능","장곡초등학교",86.35925449871465,74.80719794344472,"100 - 16개 상권특성의 평균 절대 백분위 차이"
"천호초등학교",3111070,"한식음식점",83.64849833147943,87.33480176211454,83.64849833147943,"뚜렷한 DEAD TIME 없음",0,0,0,5,"00~06","",TRUE,"분석 가능","난곡초등학교(난곡동벽화마을)",87.27057842046719,87.54171301446051,"100 - 16개 상권특성의 평균 절대 백분위 차이"
"천호초등학교",3111070,"편의점",45.501285347043705,76.5,45.501285347043705,"뚜렷한 DEAD TIME 없음",0,0,0,5,"","",TRUE,"분석 가능","신길3동주민센터",88.46401028277636,89.97429305912597,"100 - 16개 상권특성의 평균 절대 백분위 차이"
"천동초등학교",3111071,"한식음식점",97.10789766407119,35.79295154185022,97.10789766407119,"뚜렷한 DEAD TIME 없음",0,0,0,5,"","",TRUE,"분석 가능",NA,NA,NA,"100 - 16개 상권특성의 평균 절대 백분위 차이"
"천동초등학교",3111071,"커피-음료",13.922155688622754,28.675400291120816,13.922155688622754,"06~11",95.85889570552148,51.379994485531746,95.85889570552148,5,"00~06","",TRUE,"분석 가능","삼광초등학교",89.55838323353294,73.05389221556887,"100 - 16개 상권특성의 평균 절대 백분위 차이"
"굽은다리역 1번(십자성마을)",3111072,"한식음식점",93.43715239154616,89.86784140969164,93.43715239154616,"뚜렷한 DEAD TIME 없음",0,0,0,5,"","",TRUE,"분석 가능","북가좌2동주민센터",92.91573971078977,95.77308120133482,"100 - 16개 상권특성의 평균 절대 백분위 차이"
"굽은다리역 1번(십자성마을)",3111072,"호프-간이주점",93.5871743486974,84.66019417475728,93.5871743486974,"뚜렷한 DEAD TIME 없음",0,0,0,5,"","",TRUE,"분석 가능","역촌역 3번",88.06362725450903,98.59719438877755,"100 - 16개 상권특성의 평균 절대 백분위 차이"
"굽은다리역 1번(십자성마을)",3111072,"커피-음료",57.63473053892215,87.627365356623,57.63473053892215,"뚜렷한 DEAD TIME 없음",0,0,0,5,"","",TRUE,"분석 가능","독산동성당",92.63660179640718,73.35329341317365,"100 - 16개 상권특성의 평균 절대 백분위 차이"
"굽은다리역 1번(십자성마을)",3111072,"편의점",80.46272493573264,81.5,80.46272493573264,"뚜렷한 DEAD TIME 없음",0,0,0,5,"","",TRUE,"분석 가능","화곡2동주민센터",92.76992287917739,81.23393316195373,"100 - 16개 상권특성의 평균 절대 백분위 차이"
"둔촌동역 1번(한산중학교)",3111073,"한식음식점",46.273637374860954,97.4669603524229,46.273637374860954,"뚜렷한 DEAD TIME 없음",0,0,0,5,"","",TRUE,"분석 가능","대청초등학교",91.40016685205784,64.62736373748609,"100 - 16개 상권특성의 평균 절대 백분위 차이"
"둔촌동역 1번(한산중학교)",3111073,"분식전문점",55.03875968992248,94.37652811735941,55.03875968992248,"뚜렷한 DEAD TIME 없음",0,0,0,5,"","",TRUE,"분석 가능","대청초등학교",89.0342377260982,89.40568475452196,"100 - 16개 상권특성의 평균 절대 백분위 차이"
"둔촌동역 1번(한산중학교)",3111073,"호프-간이주점",90.78156312625251,95.72815533980582,90.78156312625251,"뚜렷한 DEAD TIME 없음",0,0,0,5,"","",TRUE,"분석 가능","대청초등학교",89.57915831663327,92.98597194388778,"100 - 16개 상권특성의 평균 절대 백분위 차이"
"둔촌동역 1번(한산중학교)",3111073,"커피-음료",14.071856287425149,96.79767103347889,14.071856287425149,"뚜렷한 DEAD TIME 없음",0,0,0,5,"00~06","",TRUE,"분석 가능","대청초등학교",91.98166167664671,69.16167664670658,"100 - 16개 상권특성의 평균 절대 백분위 차이"
"둔촌동역 1번(한산중학교)",3111073,"편의점",73.52185089974293,95,73.52185089974293,"뚜렷한 DEAD TIME 없음",0,0,0,5,"","",TRUE,"분석 가능","상봉역 4번",83.83676092544987,81.74807197943444,"100 - 16개 상권특성의 평균 절대 백분위 차이"
"명일역 1번",3111074,"한식음식점",70.85650723025584,34.91189427312775,70.85650723025584,"뚜렷한 DEAD TIME 없음",0,0,0,5,"","",TRUE,"분석 가능","신진과학기술고등학교",88.70272525027809,88.76529477196885,"100 - 16개 상권특성의 평균 절대 백분위 차이"
"명일역 1번",3111074,"호프-간이주점",47.69539078156313,18.83495145631068,47.69539078156313,"뚜렷한 DEAD TIME 없음",0,0,0,4,"06~11","",TRUE,"분석 가능","독산2동주민센터",85.43336673346693,96.59318637274549,"100 - 16개 상권특성의 평균 절대 백분위 차이"
"명일역 1번",3111074,"커피-음료",52.24550898203593,28.093158660844253,52.24550898203593,"뚜렷한 DEAD TIME 없음",0,0,0,5,"00~06","",TRUE,"분석 가능","당고개역 5번",87.82747005988024,99.8502994011976,"100 - 16개 상권특성의 평균 절대 백분위 차이"
"굽은다리역 2번",3111075,"한식음식점",78.9766407119021,77.97356828193833,78.9766407119021,"뚜렷한 DEAD TIME 없음",0,0,0,5,"00~06","",TRUE,"분석 가능","상도4동주민센터",87.8615127919911,86.20689655172413,"100 - 16개 상권특성의 평균 절대 백분위 차이"
"굽은다리역 2번",3111075,"호프-간이주점",65.7314629258517,67.57281553398057,65.7314629258517,"뚜렷한 DEAD TIME 없음",0,0,0,5,"","",TRUE,"분석 가능","국립정신건강센터",89.60420841683367,93.78757515030061,"100 - 16개 상권특성의 평균 절대 백분위 차이"
"굽은다리역 2번",3111075,"커피-음료",98.95209580838323,73.5080058224163,98.95209580838323,"뚜렷한 DEAD TIME 없음",0,0,0,5,"","",TRUE,"분석 가능","당고개역 5번",85.5445359281437,99.8502994011976,"100 - 16개 상권특성의 평균 절대 백분위 차이"
"굽은다리역 2번",3111075,"편의점",86.11825192802056,61.5,86.11825192802056,"뚜렷한 DEAD TIME 없음",0,0,0,5,"","",TRUE,"분석 가능","우이천 계성교",87.75706940874036,94.85861182519281,"100 - 16개 상권특성의 평균 절대 백분위 차이"
"둔촌2동주민센터",3111076,"한식음식점",47.052280311457174,23.788546255506606,47.052280311457174,"뚜렷한 DEAD TIME 없음",0,0,0,5,"","",TRUE,"분석 가능","방화역 3번",88.32730812013348,82.09121245828699,"100 - 16개 상권특성의 평균 절대 백분위 차이"
"둔촌2동주민센터",3111076,"분식전문점",NA,11.246943765281173,NA,"뚜렷한 DEAD TIME 없음",0,0,0,0,"","00~06,06~11,11~14,14~17,17~21,21~24",FALSE,"활동 또는 관측 근거 부족",NA,NA,NA,"100 - 16개 상권특성의 평균 절대 백분위 차이"
"둔촌2동주민센터",3111076,"호프-간이주점",44.28857715430862,10.097087378640776,44.28857715430862,"뚜렷한 DEAD TIME 없음",0,0,0,4,"06~11","",TRUE,"분석 가능","창동역 2번",88.13877755511021,73.74749498997996,"100 - 16개 상권특성의 평균 절대 백분위 차이"
"둔촌2동주민센터",3111076,"커피-음료",95.80838323353294,18.340611353711793,95.80838323353294,"뚜렷한 DEAD TIME 없음",0,0,0,5,"","",TRUE,"분석 가능","촬영소사거리",85.41354790419162,99.40119760479041,"100 - 16개 상권특성의 평균 절대 백분위 차이"
"길동주민센터(강동도서관)",3111077,"한식음식점",54.94994438264739,98.7885462555066,54.94994438264739,"뚜렷한 DEAD TIME 없음",0,0,0,5,"","",TRUE,"분석 가능","장안근린공원",91.03865406006673,77.30812013348165,"100 - 16개 상권특성의 평균 절대 백분위 차이"
"길동주민센터(강동도서관)",3111077,"분식전문점",21.705426356589147,97.31051344743277,21.705426356589147,"뚜렷한 DEAD TIME 없음",0,0,0,5,"00~06","",TRUE,"분석 가능","장안근린공원",87.8391472868217,29.71576227390181,"100 - 16개 상권특성의 평균 절대 백분위 차이"
"길동주민센터(강동도서관)",3111077,"호프-간이주점",59.919839679358724,98.05825242718447,59.919839679358724,"뚜렷한 DEAD TIME 없음",0,0,0,5,"","",TRUE,"분석 가능","수락산역 4번",86.97394789579158,97.39478957915831,"100 - 16개 상권특성의 평균 절대 백분위 차이"
"길동주민센터(강동도서관)",3111077,"커피-음료",19.01197604790419,98.39883551673945,19.01197604790419,"11~14",91.75412293853074,2571.386455677911,91.75412293853074,5,"","",TRUE,"분석 가능","수락산역 4번",89.01571856287424,79.64071856287424,"100 - 16개 상권특성의 평균 절대 백분위 차이"
"길동주민센터(강동도서관)",3111077,"편의점",72.23650385604114,97.25,72.23650385604114,"뚜렷한 DEAD TIME 없음",0,0,0,5,"","",TRUE,"분석 가능","방학역 1번",86.2789203084833,83.03341902313625,"100 - 16개 상권특성의 평균 절대 백분위 차이"
"굽은다리역 4번",3111078,"한식음식점",24.026696329254726,99.22907488986785,24.026696329254726,"뚜렷한 DEAD TIME 없음",0,0,0,5,"","",TRUE,"분석 가능","송정역 3번",91.56006674082313,49.38820912124583,"100 - 16개 상권특성의 평균 절대 백분위 차이"
"굽은다리역 4번",3111078,"분식전문점",46.51162790697674,98.2885085574572,46.51162790697674,"뚜렷한 DEAD TIME 없음",0,0,0,5,"","",TRUE,"분석 가능","송정역 3번",86.19186046511629,91.47286821705426,"100 - 16개 상권특성의 평균 절대 백분위 차이"
"굽은다리역 4번",3111078,"호프-간이주점",21.442885771543086,98.83495145631068,21.442885771543086,"06~11",98.26989619377161,188.4507954612213,98.26989619377161,5,"","",TRUE,"분석 가능","신월1동우편취급국",88.94038076152304,29.058116232464933,"100 - 16개 상권특성의 평균 절대 백분위 차이"
"굽은다리역 4번",3111078,"커피-음료",46.706586826347305,98.98107714701602,46.706586826347305,"뚜렷한 DEAD TIME 없음",0,0,0,5,"","",TRUE,"분석 가능","시립서북병원",90.16654191616766,69.61077844311377,"100 - 16개 상권특성의 평균 절대 백분위 차이"
"굽은다리역 4번",3111078,"편의점",43.18766066838046,98.25,43.18766066838046,"뚜렷한 DEAD TIME 없음",0,0,0,5,"","",TRUE,"분석 가능","송정역 3번",87.93380462724936,83.54755784061697,"100 - 16개 상권특성의 평균 절대 백분위 차이"
"둔촌고등학교(둔촌중학교)",3111079,"한식음식점",70.07786429365962,34.140969162995596,70.07786429365962,"뚜렷한 DEAD TIME 없음",0,0,0,5,"","",TRUE,"분석 가능","대원고등학교",88.51501668520578,94.77196885428253,"100 - 16개 상권특성의 평균 절대 백분위 차이"
"둔촌고등학교(둔촌중학교)",3111079,"분식전문점",48.320413436692505,17.84841075794621,48.320413436692505,"17~21",95.84415584415584,443.1573471550084,95.84415584415584,4,"21~24","",TRUE,"분석 가능","영신여고",82.13824289405684,48.57881136950905,"100 - 16개 상권특성의 평균 절대 백분위 차이"
"굽은다리역 3번",3111080,"한식음식점",55.951056729699665,43.942731277533035,55.951056729699665,"21~24",94.71316085489315,1125.6411145601132,94.71316085489315,5,"","",TRUE,"분석 가능","노원초등학교",90.96218020022246,82.31368186874305,"100 - 16개 상권특성의 평균 절대 백분위 차이"
"굽은다리역 3번",3111080,"분식전문점",1.550387596899225,26.161369193154034,1.550387596899225,"17~21",98.18181818181819,1334.0261125647057,98.18181818181819,4,"00~06,21~24","",TRUE,"분석 가능","대림1동주민센터",90.60077519379846,61.49870801033591,"100 - 16개 상권특성의 평균 절대 백분위 차이"
"굽은다리역 3번",3111080,"커피-음료",75.74850299401199,36.82678311499272,75.74850299401199,"뚜렷한 DEAD TIME 없음",0,0,0,5,"","",TRUE,"분석 가능","문성초등학교",86.47080838323353,90.41916167664671,"100 - 16개 상권특성의 평균 절대 백분위 차이"
"GS강동자이아파트",3111083,"한식음식점",40.3781979977753,74.22907488986785,40.3781979977753,"뚜렷한 DEAD TIME 없음",0,0,0,5,"","",TRUE,"분석 가능","둔촌동역 3번(성내3동주민센터)",90.05839822024471,75.3058954393771,"100 - 16개 상권특성의 평균 절대 백분위 차이"
"GS강동자이아파트",3111083,"호프-간이주점",46.09218436873748,62.71844660194175,46.09218436873748,"뚜렷한 DEAD TIME 없음",0,0,0,4,"11~14","",TRUE,"분석 가능","신월1파출소",86.76102204408818,58.116232464929865,"100 - 16개 상권특성의 평균 절대 백분위 차이"
"GS강동자이아파트",3111083,"커피-음료",NA,69.43231441048034,NA,"뚜렷한 DEAD TIME 없음",0,0,0,0,"","00~06,06~11,11~14,14~17,17~21,21~24",FALSE,"활동 또는 관측 근거 부족",NA,NA,NA,"100 - 16개 상권특성의 평균 절대 백분위 차이"
"묘곡초등학교(고덕아이파크아파트)",3111085,"한식음식점",84.76084538375973,53.85462555066079,84.76084538375973,"뚜렷한 DEAD TIME 없음",0,0,0,5,"","",TRUE,"분석 가능","아카데미하우스",86.8186874304783,88.65406006674083,"100 - 16개 상권특성의 평균 절대 백분위 차이"
"묘곡초등학교(고덕아이파크아파트)",3111085,"분식전문점",68.9922480620155,37.65281173594132,68.9922480620155,"뚜렷한 DEAD TIME 없음",0,0,0,5,"00~06","",TRUE,"분석 가능","망우본동주민센터",86.33720930232558,78.55297157622739,"100 - 16개 상권특성의 평균 절대 백분위 차이"
"묘곡초등학교(고덕아이파크아파트)",3111085,"호프-간이주점",82.76553106212425,38.25242718446602,82.76553106212425,"뚜렷한 DEAD TIME 없음",0,0,0,5,"","",TRUE,"분석 가능","방화역 1번",85.10771543086172,97.1943887775551,"100 - 16개 상권특성의 평균 절대 백분위 차이"
"묘곡초등학교(고덕아이파크아파트)",3111085,"커피-음료",6.137724550898203,48.47161572052402,6.137724550898203,"17~21",96.09609609609609,2275.91801637901,96.09609609609609,5,"","",TRUE,"분석 가능","메디힐병원",88.43562874251496,86.52694610778443,"100 - 16개 상권특성의 평균 절대 백분위 차이"
"묘곡초등학교(고덕아이파크아파트)",3111085,"편의점",94.34447300771208,32,94.34447300771208,"뚜렷한 DEAD TIME 없음",0,0,0,5,"","",TRUE,"분석 가능","신방화역 2번",83.37082262210797,98.45758354755783,"100 - 16개 상권특성의 평균 절대 백분위 차이"
"한영중고",3111086,"한식음식점",85.98442714126807,34.801762114537446,85.98442714126807,"뚜렷한 DEAD TIME 없음",0,0,0,5,"00~06","",TRUE,"분석 가능","대원고등학교",87.61818687430478,94.77196885428253,"100 - 16개 상권특성의 평균 절대 백분위 차이"
"한영중고",3111086,"분식전문점",53.48837209302325,18.82640586797066,53.48837209302325,"뚜렷한 DEAD TIME 없음",0,0,0,5,"","",TRUE,"분석 가능","안암역 2번",88.96963824289405,59.43152454780362,"100 - 16개 상권특성의 평균 절대 백분위 차이"
"한영중고",3111086,"호프-간이주점",14.829659318637276,18.640776699029125,14.829659318637276,"뚜렷한 DEAD TIME 없음",0,0,0,5,"","",TRUE,"분석 가능","개포고등학교",85.23296593186373,82.96593186372746,"100 - 16개 상권특성의 평균 절대 백분위 차이"
"한영중고",3111086,"커피-음료",92.21556886227546,27.947598253275107,92.21556886227546,"뚜렷한 DEAD TIME 없음",0,0,0,5,"00~06","",TRUE,"분석 가능","광나루역 1번",87.07896706586826,96.25748502994011,"100 - 16개 상권특성의 평균 절대 백분위 차이"
"한영중고",3111086,"편의점",50.899742930591266,15.25,50.899742930591266,"뚜렷한 DEAD TIME 없음",0,0,0,5,"","",TRUE,"분석 가능","제기동역 1번",86.31105398457584,68.12339331619538,"100 - 16개 상권특성의 평균 절대 백분위 차이"
"고덕중학교(고덕2동주민센터)",3111087,"한식음식점",84.87208008898777,18.722466960352424,84.87208008898777,"뚜렷한 DEAD TIME 없음",0,0,0,5,"","",TRUE,"분석 가능","한국상담대학원대학교",83.39822024471634,99.77753058954394,"100 - 16개 상권특성의 평균 절대 백분위 차이"
"고덕중학교(고덕2동주민센터)",3111087,"커피-음료",66.76646706586826,13.39155749636099,66.76646706586826,"뚜렷한 DEAD TIME 없음",0,0,0,5,"00~06","",TRUE,"분석 가능","서초중학교",85.9187874251497,87.12574850299401,"100 - 16개 상권특성의 평균 절대 백분위 차이"
"고덕중학교(고덕2동주민센터)",3111087,"편의점",60.66838046272493,5,60.66838046272493,"뚜렷한 DEAD TIME 없음",0,0,0,5,"","",TRUE,"분석 가능","예일여고",82.50321336760925,69.9228791773779,"100 - 16개 상권특성의 평균 절대 백분위 차이"
"고덕동성당",3111088,"한식음식점",57.50834260289211,16.96035242290749,57.50834260289211,"뚜렷한 DEAD TIME 없음",0,0,0,5,"","",TRUE,"분석 가능","방화역 1번",88.5706340378198,80.7563959955506,"100 - 16개 상권특성의 평균 절대 백분위 차이"
"고덕동성당",3111088,"호프-간이주점",73.14629258517033,6.407766990291262,73.14629258517033,"뚜렷한 DEAD TIME 없음",0,0,0,4,"06~11","",TRUE,"분석 가능","성자초등학교",88.16382765531063,94.58917835671342,"100 - 16개 상권특성의 평균 절대 백분위 차이"
"고덕동성당",3111088,"커피-음료",48.35329341317365,11.935953420669577,48.35329341317365,"뚜렷한 DEAD TIME 없음",0,0,0,5,"00~06","",TRUE,"분석 가능","굽은다리역 3번",85.70359281437125,75.74850299401199,"100 - 16개 상권특성의 평균 절대 백분위 차이"
"고덕동성당",3111088,"편의점",78.40616966580977,4.25,78.40616966580977,"뚜렷한 DEAD TIME 없음",0,0,0,5,"","",TRUE,"분석 가능","쌍문역1번(쌍리단길)",84.72043701799485,99.48586118251927,"100 - 16개 상권특성의 평균 절대 백분위 차이"
"상일여고(상일초등학교)",3111089,"한식음식점",19.577308120133484,54.40528634361234,19.577308120133484,"뚜렷한 DEAD TIME 없음",0,0,0,5,"","",TRUE,"분석 가능","동대부고",88.51501668520578,20.57842046718576,"100 - 16개 상권특성의 평균 절대 백분위 차이"
"상일여고(상일초등학교)",3111089,"분식전문점",40.310077519379846,38.141809290953546,40.310077519379846,"뚜렷한 DEAD TIME 없음",0,0,0,5,"","",TRUE,"분석 가능","장평중학교",82.65503875968992,70.02583979328165,"100 - 16개 상권특성의 평균 절대 백분위 차이"
"상일여고(상일초등학교)",3111089,"호프-간이주점",99.39879759519037,39.029126213592235,99.39879759519037,"뚜렷한 DEAD TIME 없음",0,0,0,5,"","",TRUE,"분석 가능",NA,NA,NA,"100 - 16개 상권특성의 평균 절대 백분위 차이"
"상일여고(상일초등학교)",3111089,"커피-음료",42.51497005988024,48.90829694323144,42.51497005988024,"뚜렷한 DEAD TIME 없음",0,0,0,5,"","",TRUE,"분석 가능","동대부고",87.70583832335329,58.83233532934131,"100 - 16개 상권특성의 평균 절대 백분위 차이"
"상일여고(상일초등학교)",3111089,"편의점",58.354755784061695,32.75,58.354755784061695,"뚜렷한 DEAD TIME 없음",0,0,0,5,"","",TRUE,"분석 가능","개포고등학교",85.1060411311054,58.61182519280206,"100 - 16개 상권특성의 평균 절대 백분위 차이"
"강일동주민센터",3111090,"한식음식점",78.42046718576195,2.973568281938326,78.42046718576195,"뚜렷한 DEAD TIME 없음",0,0,0,5,"","",TRUE,"분석 가능","장스여성병원",83.48164627363738,90.98998887652948,"100 - 16개 상권특성의 평균 절대 백분위 차이"
"강일동주민센터",3111090,"분식전문점",82.68733850129199,1.9559902200488997,82.68733850129199,"뚜렷한 DEAD TIME 없음",0,0,0,5,"","",TRUE,"분석 가능","금천철쭉어린이공원(금하마을)",81.60529715762274,92.50645994832041,"100 - 16개 상권특성의 평균 절대 백분위 차이"
"강일동주민센터",3111090,"커피-음료",97.0059880239521,2.1834061135371177,97.0059880239521,"뚜렷한 DEAD TIME 없음",0,0,0,5,"","",TRUE,"분석 가능",NA,NA,NA,"100 - 16개 상권특성의 평균 절대 백분위 차이"
