"area","category","twin_name","feature","difference","unit","rank"
"동대문역 1번","분식전문점","미아역 5번","남성 유동 비중",-0.04314822306288607,"비율",1
"동대문역 1번","분식전문점","미아역 5번","21~24 유동 비중",0.008514179617445938,"비율",2
"동대문역 1번","분식전문점","미아역 5번","총 유동인구",-473173,"명",3
"동묘앞역 2번","분식전문점","만리재","남성 유동 비중",-0.026943554881476206,"비율",1
"동묘앞역 2번","분식전문점","만리재","유사 업종 점포 밀도",0.31545777967027455,"개/10,000㎡",2
"동묘앞역 2번","분식전문점","만리재","직장·상주 구조",0.7342779897832656,"비율",3
"충무초등학교","분식전문점","서울역 12번","직장인구",2940,"명",1
"충무초등학교","분식전문점","서울역 12번","주말 유동 비중",0.02617888943233937,"비율",2
"충무초등학교","분식전문점","서울역 12번","21~24 유동 비중",0.016023759984187452,"비율",3
"동대문역사문화공원역 5번","분식전문점","광나루역 1번","주말 유동 비중",0.0581189435739102,"비율",1
"동대문역사문화공원역 5번","분식전문점","광나루역 1번","남성 유동 비중",-0.03663481821854614,"비율",2
"동대문역사문화공원역 5번","분식전문점","광나루역 1번","유사 업종 점포 밀도",0.533227387657106,"개/10,000㎡",3
"장충초등학교","분식전문점","광나루역 1번","유사 업종 점포 밀도",0.6999229714994823,"개/10,000㎡",1
"장충초등학교","분식전문점","광나루역 1번","주말 유동 비중",0.020944856556154745,"비율",2
"장충초등학교","분식전문점","광나루역 1번","06~11 유동 비중",0.007431577974239489,"비율",3
"신당역 3번","분식전문점","계상초등학교","총 유동인구",-762169,"명",1
"신당역 3번","분식전문점","계상초등학교","상주인구",-1327,"명",2
"신당역 3번","분식전문점","계상초등학교","상권 면적",-25330,"㎡",3
"한강로동땡땡거리(은행나무길)","분식전문점","경수초등학교","17~21 유동 비중",-0.04016927770511833,"비율",1
"한강로동땡땡거리(은행나무길)","분식전문점","경수초등학교","상권 면적",127944,"㎡",2
"한강로동땡땡거리(은행나무길)","분식전문점","경수초등학교","직장인구",2061,"명",3
"효창공원앞역 2번","분식전문점","남영역 1번","해당 업종 점포",5,"개",1
"효창공원앞역 2번","분식전문점","남영역 1번","06~11 유동 비중",-0.01224738935421138,"비율",2
"효창공원앞역 2번","분식전문점","남영역 1번","남성 유동 비중",0.025255874792400823,"비율",3
"배문고등학교","분식전문점","중화역 1번","주말 유동 비중",-0.011483018609668216,"비율",1
"배문고등학교","분식전문점","중화역 1번","06~11 유동 비중",-0.005688058172072102,"비율",2
"배문고등학교","분식전문점","중화역 1번","상주인구",-1328,"명",3
"숙대입구","분식전문점","대흥역 2번","프랜차이즈 점포",-12,"개",1
"숙대입구","분식전문점","대흥역 2번","해당 업종 점포",-24,"개",2
"숙대입구","분식전문점","대흥역 2번","남성 유동 비중",0.08866451857352764,"비율",3
"서울역 12번","분식전문점","G타워","남성 유동 비중",0.06167558081637936,"비율",1
"서울역 12번","분식전문점","G타워","주말 유동 비중",-0.02136204602553493,"비율",2
"서울역 12번","분식전문점","G타워","21~24 유동 비중",-0.008693023478593145,"비율",3
"해방촌 남동측","분식전문점","상계초등학교","유사 업종 점포 밀도",0.3872625305122933,"개/10,000㎡",1
"해방촌 남동측","분식전문점","상계초등학교","총 유동인구",597572,"명",2
"해방촌 남동측","분식전문점","상계초등학교","프랜차이즈 점포",1,"개",3
"경리단길북측","분식전문점","구로4동주민센터","상권 면적",-85394,"㎡",1
"경리단길북측","분식전문점","구로4동주민센터","06~11 유동 비중",-0.010921666986932699,"비율",2
"경리단길북측","분식전문점","구로4동주민센터","주말 유동 비중",0.011448353670081513,"비율",3
"이태원엔틱가구거리","분식전문점","마장역 2번","남성 유동 비중",-0.05675419023122863,"비율",1
"이태원엔틱가구거리","분식전문점","마장역 2번","11~14 유동 비중",-0.013340091707254836,"비율",2
"이태원엔틱가구거리","분식전문점","마장역 2번","프랜차이즈 점포",1,"개",3
"오산고등학교","분식전문점","강서구다솔마을","남성 유동 비중",0.023885060594381446,"비율",1
"오산고등학교","분식전문점","강서구다솔마을","주말 유동 비중",-0.011374968158671395,"비율",2
"오산고등학교","분식전문점","강서구다솔마을","직장·상주 구조",-0.557375863928141,"비율",3
"옥수역 6번","분식전문점","상계역","주말 유동 비중",0.033946137331403115,"비율",1
"옥수역 6번","분식전문점","상계역","21~24 유동 비중",0.018014131525624796,"비율",2
"옥수역 6번","분식전문점","상계역","유사 업종 점포 밀도",-0.7292122136390611,"개/10,000㎡",3
"금호사거리","분식전문점","불광역 8번","남성 유동 비중",-0.03361019299357337,"비율",1
"금호사거리","분식전문점","불광역 8번","유사 업종 점포 밀도",-0.5136513071702655,"개/10,000㎡",2
"금호사거리","분식전문점","불광역 8번","직장·상주 구조",1.1269564569200377,"비율",3
"행당역 2번","분식전문점","홍제3동주민센터","프랜차이즈 점포",-2,"개",1
"행당역 2번","분식전문점","홍제3동주민센터","직장·상주 구조",0.8127126540648595,"비율",2
"행당역 2번","분식전문점","홍제3동주민센터","상권 면적",44907,"㎡",3
"상왕십리역 3번","분식전문점","쌍문역1번(쌍리단길)","유사 업종 점포 밀도",0.579619682461323,"개/10,000㎡",1
"상왕십리역 3번","분식전문점","쌍문역1번(쌍리단길)","프랜차이즈 점포",1,"개",2
"상왕십리역 3번","분식전문점","쌍문역1번(쌍리단길)","06~11 유동 비중",0.005403283303994921,"비율",3
"성원중학교","분식전문점","노량진역 6번","해당 업종 점포",-5,"개",1
"성원중학교","분식전문점","노량진역 6번","총 유동인구",758888,"명",2
"성원중학교","분식전문점","노량진역 6번","17~21 유동 비중",0.01395738577666969,"비율",3
"성수동카페거리","분식전문점","옥수역 6번","유사 업종 점포 밀도",1.8216481792779489,"개/10,000㎡",1
"성수동카페거리","분식전문점","옥수역 6번","14~17 유동 비중",-0.05674169682068089,"비율",2
"성수동카페거리","분식전문점","옥수역 6번","11~14 유동 비중",-0.049155549412713107,"비율",3
"경수초등학교","분식전문점","금천구청역 1번 출입구","직장인구",-3635,"명",1
"경수초등학교","분식전문점","금천구청역 1번 출입구","상권 면적",-99622,"㎡",2
"경수초등학교","분식전문점","금천구청역 1번 출입구","21~24 유동 비중",0.014100043209528582,"비율",3
"성수초등학교","분식전문점","양재역 8번(양재동우체국)","직장인구",-4947,"명",1
"성수초등학교","분식전문점","양재역 8번(양재동우체국)","상주인구",4206,"명",2
"성수초등학교","분식전문점","양재역 8번(양재동우체국)","상권 면적",-112869,"㎡",3
"자양4동주민센터","분식전문점","천호공원(해공체육문화센터)","총 유동인구",-1059719,"명",1
"자양4동주민센터","분식전문점","천호공원(해공체육문화센터)","17~21 유동 비중",-0.021938104791438068,"비율",2
"자양4동주민센터","분식전문점","천호공원(해공체육문화센터)","상권 면적",-39700,"㎡",3
"화양사거리","분식전문점","인헌고등학교(인헌중학교)","직장·상주 구조",1.6843133338230665,"비율",1
"화양사거리","분식전문점","인헌고등학교(인헌중학교)","총 유동인구",-657072,"명",2
"화양사거리","분식전문점","인헌고등학교(인헌중학교)","프랜차이즈 점포",-1,"개",3
"군자역 5번","분식전문점","증산역 3번","직장·상주 구조",1.1292625548371875,"비율",1
"군자역 5번","분식전문점","증산역 3번","프랜차이즈 점포",1,"개",2
"군자역 5번","분식전문점","증산역 3번","21~24 유동 비중",-0.005752397033045975,"비율",3
"자양동우체국","분식전문점","면목동우체국","프랜차이즈 점포",1,"개",1
"자양동우체국","분식전문점","면목동우체국","직장·상주 구조",-0.653901931789683,"비율",2
"자양동우체국","분식전문점","면목동우체국","14~17 유동 비중",-0.005617848744673068,"비율",3
"구의역 4번","분식전문점","장안1동주민센터","해당 업종 점포",5,"개",1
"구의역 4번","분식전문점","장안1동주민센터","상권 면적",74966,"㎡",2
"구의역 4번","분식전문점","장안1동주민센터","상주인구",1920,"명",3
"군자역 4번","분식전문점","독산2동주민센터","남성 유동 비중",0.028644079041923343,"비율",1
"군자역 4번","분식전문점","독산2동주민센터","21~24 유동 비중",-0.006977380555558466,"비율",2
"군자역 4번","분식전문점","독산2동주민센터","주말 유동 비중",0.006869363025230613,"비율",3
"성자초등학교","분식전문점","방화역 1번","주말 유동 비중",0.019193657071911674,"비율",1
"성자초등학교","분식전문점","방화역 1번","직장·상주 구조",0.95457511207933,"비율",2
"성자초등학교","분식전문점","방화역 1번","프랜차이즈 점포",1,"개",3
"구의1동주민센터","분식전문점","서일대학교","해당 업종 점포",-6,"개",1
"구의1동주민센터","분식전문점","서일대학교","유사 업종 점포 밀도",-0.6062287776198104,"개/10,000㎡",2
"구의1동주민센터","분식전문점","서일대학교","프랜차이즈 점포",-1,"개",3
"용마초등학교","분식전문점","면목동우체국","06~11 유동 비중",-0.007535565237597797,"비율",1
"용마초등학교","분식전문점","면목동우체국","상주인구",-1533,"명",2
"용마초등학교","분식전문점","면목동우체국","상권 면적",-40307,"㎡",3
"대원고등학교","분식전문점","둔촌고등학교(둔촌중학교)","주말 유동 비중",0.025723727644884287,"비율",1
"대원고등학교","분식전문점","둔촌고등학교(둔촌중학교)","직장·상주 구조",-0.885721872008923,"비율",2
"대원고등학교","분식전문점","둔촌고등학교(둔촌중학교)","06~11 유동 비중",-0.007496567452801833,"비율",3
"아차산역 1번","분식전문점","난우초등학교","주말 유동 비중",-0.016192003227726737,"비율",1
"아차산역 1번","분식전문점","난우초등학교","00~06 유동 비중",-0.030508246231756575,"비율",2
"아차산역 1번","분식전문점","난우초등학교","17~21 유동 비중",0.014203614251202229,"비율",3
"해오름공원","분식전문점","자양동우체국","남성 유동 비중",0.01540867295019649,"비율",1
"해오름공원","분식전문점","자양동우체국","해당 업종 점포",-2,"개",2
"해오름공원","분식전문점","자양동우체국","주말 유동 비중",-0.006110733392320322,"비율",3
"장로회신학대학교","분식전문점","솔밭공원역 1번","남성 유동 비중",-0.043268676872464495,"비율",1
"장로회신학대학교","분식전문점","솔밭공원역 1번","프랜차이즈 점포",-2,"개",2
"장로회신학대학교","분식전문점","솔밭공원역 1번","주말 유동 비중",-0.022329326331372634,"비율",3
"광나루역 1번","분식전문점","대방역 3번","17~21 유동 비중",0.03218102071611653,"비율",1
"광나루역 1번","분식전문점","대방역 3번","유사 업종 점포 밀도",-0.5721160546787222,"개/10,000㎡",2
"광나루역 1번","분식전문점","대방역 3번","00~06 유동 비중",-0.03706187707306924,"비율",3
"광진정보도서관","분식전문점","방이역 1번","17~21 유동 비중",0.03031871408515449,"비율",1
"광진정보도서관","분식전문점","방이역 1번","00~06 유동 비중",-0.05899548900143528,"비율",2
"광진정보도서관","분식전문점","방이역 1번","남성 유동 비중",-0.0293285079300713,"비율",3
"제기동역 6번","분식전문점","서울역 15번","남성 유동 비중",0.04336531733622584,"비율",1
"제기동역 6번","분식전문점","서울역 15번","총 유동인구",-1116924,"명",2
"제기동역 6번","분식전문점","서울역 15번","직장인구",-1367,"명",3
"동대문구청","분식전문점","영신초등학교","직장·상주 구조",-1.104933178674747,"비율",1
"동대문구청","분식전문점","영신초등학교","프랜차이즈 점포",-1,"개",2
"동대문구청","분식전문점","영신초등학교","직장인구",-1091,"명",3
"홍릉시장","분식전문점","대림성모병원","프랜차이즈 점포",1,"개",1
"홍릉시장","분식전문점","대림성모병원","남성 유동 비중",-0.017689744754425918,"비율",2
"홍릉시장","분식전문점","대림성모병원","11~14 유동 비중",0.004809918179182776,"비율",3
"간데메공원","분식전문점","먹골역 1번","상주인구",2304,"명",1
"간데메공원","분식전문점","먹골역 1번","총 유동인구",605513,"명",2
"간데메공원","분식전문점","먹골역 1번","프랜차이즈 점포",1,"개",3
"답십리초등학교","분식전문점","신풍역 1번","유사 업종 점포 밀도",-0.5321919019652108,"개/10,000㎡",1
"답십리초등학교","분식전문점","신풍역 1번","해당 업종 점포",-4,"개",2
"답십리초등학교","분식전문점","신풍역 1번","주말 유동 비중",0.01459432725984805,"비율",3
"전농중학교","분식전문점","옥수역 6번","유사 업종 점포 밀도",1.5001929403780658,"개/10,000㎡",1
"전농중학교","분식전문점","옥수역 6번","직장·상주 구조",1.6270277341393395,"비율",2
"전농중학교","분식전문점","옥수역 6번","주말 유동 비중",-0.015119060451095623,"비율",3
"삼육보건대학교","분식전문점","마천역(마천초등학교)","해당 업종 점포",5,"개",1
"삼육보건대학교","분식전문점","마천역(마천초등학교)","17~21 유동 비중",0.019086215819508923,"비율",2
"삼육보건대학교","분식전문점","마천역(마천초등학교)","남성 유동 비중",-0.021378502196477522,"비율",3
"외대앞역 1번","분식전문점","대흥역 2번","프랜차이즈 점포",-2,"개",1
"외대앞역 1번","분식전문점","대흥역 2번","총 유동인구",1162400,"명",2
"외대앞역 1번","분식전문점","대흥역 2번","해당 업종 점포",3,"개",3
"촬영소사거리","분식전문점","불광역 8번","주말 유동 비중",-0.029109944613429584,"비율",1
"촬영소사거리","분식전문점","불광역 8번","유사 업종 점포 밀도",0.7414959282991891,"개/10,000㎡",2
"촬영소사거리","분식전문점","불광역 8번","남성 유동 비중",-0.03800545351027679,"비율",3
"장안1동주민센터","분식전문점","삼전역 1번","해당 업종 점포",-4,"개",1
"장안1동주민센터","분식전문점","삼전역 1번","총 유동인구",-823428,"명",2
"장안1동주민센터","분식전문점","삼전역 1번","프랜차이즈 점포",1,"개",3
"장안근린공원","분식전문점","신방화역 2번","프랜차이즈 점포",1,"개",1
"장안근린공원","분식전문점","신방화역 2번","17~21 유동 비중",-0.013223896781537875,"비율",2
"장안근린공원","분식전문점","신방화역 2번","총 유동인구",464088,"명",3
"장평중학교","분식전문점","선유도역 1번","상권 면적",137046,"㎡",1
"장평중학교","분식전문점","선유도역 1번","직장인구",3257,"명",2
"장평중학교","분식전문점","선유도역 1번","상주인구",4081,"명",3
"동대부고","분식전문점","서울역 15번","총 유동인구",824587,"명",1
"동대부고","분식전문점","서울역 15번","프랜차이즈 점포",-1,"개",2
"동대부고","분식전문점","서울역 15번","남성 유동 비중",0.017139335418251855,"비율",3
"신묵초등학교","분식전문점","상봉역 4번","총 유동인구",609695,"명",1
"신묵초등학교","분식전문점","상봉역 4번","상주인구",-1858,"명",2
"신묵초등학교","분식전문점","상봉역 4번","프랜차이즈 점포",-1,"개",3
"메가박스 상봉","분식전문점","영신초등학교","총 유동인구",778017,"명",1
"메가박스 상봉","분식전문점","영신초등학교","06~11 유동 비중",0.0069081875676731685,"비율",2
"메가박스 상봉","분식전문점","영신초등학교","21~24 유동 비중",-0.005485987615725302,"비율",3
"먹골역 5번","분식전문점","종암동주민센터","직장인구",3198,"명",1
"먹골역 5번","분식전문점","종암동주민센터","직장·상주 구조",1.7548746681340202,"비율",2
"먹골역 5번","분식전문점","종암동주민센터","주말 유동 비중",0.013177929745797401,"비율",3
"면목5동주민센터","분식전문점","군자역 5번","주말 유동 비중",-0.014956176664913112,"비율",1
"면목5동주민센터","분식전문점","군자역 5번","상주인구",2011,"명",2
"면목5동주민센터","분식전문점","군자역 5번","상권 면적",48686,"㎡",3
"장안중학교","분식전문점","백산초등학교","상주인구",-1970,"명",1
"장안중학교","분식전문점","백산초등학교","06~11 유동 비중",-0.003999947875264365,"비율",2
"장안중학교","분식전문점","백산초등학교","총 유동인구",-258422,"명",3
"장안제일시장","분식전문점","신월1동주민센터","상권 면적",59461,"㎡",1
"장안제일시장","분식전문점","신월1동주민센터","17~21 유동 비중",-0.011761006433838789,"비율",2
"장안제일시장","분식전문점","신월1동주민센터","상주인구",1318,"명",3
"중곡초등학교","분식전문점","신림역 8번","남성 유동 비중",0.02611425413409435,"비율",1
"중곡초등학교","분식전문점","신림역 8번","총 유동인구",586469,"명",2
"중곡초등학교","분식전문점","신림역 8번","해당 업종 점포",2,"개",3
"상봉역 4번","분식전문점","까치산역 3번","총 유동인구",3238243,"명",1
"상봉역 4번","분식전문점","까치산역 3번","상주인구",4193,"명",2
"상봉역 4번","분식전문점","까치산역 3번","남성 유동 비중",0.021823393920849365,"비율",3
"면목역 3번","분식전문점","강북중학교","17~21 유동 비중",-0.014275611216018669,"비율",1
"면목역 3번","분식전문점","강북중학교","유사 업종 점포 밀도",-0.24289156205522372,"개/10,000㎡",2
"면목역 3번","분식전문점","강북중학교","00~06 유동 비중",0.02038622086139874,"비율",3
"사가정역 4번","분식전문점","수유역 2번","상주인구",-1612,"명",1
"사가정역 4번","분식전문점","수유역 2번","해당 업종 점포",-2,"개",2
"사가정역 4번","분식전문점","수유역 2번","남성 유동 비중",-0.012366146289701674,"비율",3
"면목역 2번","분식전문점","화곡역 4번","상주인구",8789,"명",1
"면목역 2번","분식전문점","화곡역 4번","상권 면적",155840,"㎡",2
"면목역 2번","분식전문점","화곡역 4번","총 유동인구",1469170,"명",3
"면목동우체국","분식전문점","성신여대운정그린캠퍼스","남성 유동 비중",-0.02215044925057258,"비율",1
"면목동우체국","분식전문점","성신여대운정그린캠퍼스","00~06 유동 비중",-0.024015533300426495,"비율",2
"면목동우체국","분식전문점","성신여대운정그린캠퍼스","14~17 유동 비중",0.008849179677128796,"비율",3
"망우역 2번","분식전문점","간데메공원","주말 유동 비중",-0.015397824074573796,"비율",1
"망우역 2번","분식전문점","간데메공원","직장·상주 구조",0.9392194499754813,"비율",2
"망우역 2번","분식전문점","간데메공원","21~24 유동 비중",0.007044280743872422,"비율",3
"혜원여고","분식전문점","이대역 5번","남성 유동 비중",-0.06911076585585091,"비율",1
"혜원여고","분식전문점","이대역 5번","직장·상주 구조",1.2485372639710395,"비율",2
"혜원여고","분식전문점","이대역 5번","주말 유동 비중",0.01572175930334979,"비율",3
"신내1동주민센터","분식전문점","수락산디자인거리","11~14 유동 비중",0.01995191859038989,"비율",1
"신내1동주민센터","분식전문점","수락산디자인거리","06~11 유동 비중",0.010253902069673582,"비율",2
"신내1동주민센터","분식전문점","수락산디자인거리","00~06 유동 비중",-0.03873671721757954,"비율",3
"장스여성병원","분식전문점","모래내우체국","프랜차이즈 점포",1,"개",1
"장스여성병원","분식전문점","모래내우체국","21~24 유동 비중",0.007655425866625376,"비율",2
"장스여성병원","분식전문점","모래내우체국","17~21 유동 비중",0.012435917786282141,"비율",3
"삼선중학교","분식전문점","상왕십리역 3번","직장인구",-5813,"명",1
"삼선중학교","분식전문점","상왕십리역 3번","직장·상주 구조",-2.1189011762321943,"비율",2
"삼선중학교","분식전문점","상왕십리역 3번","총 유동인구",-601641,"명",3
"정릉우체국","분식전문점","홍제3동주민센터","상주인구",-2060,"명",1
"정릉우체국","분식전문점","홍제3동주민센터","상권 면적",-39603,"㎡",2
"정릉우체국","분식전문점","홍제3동주민센터","주말 유동 비중",0.00949068003180048,"비율",3
"성신여대입구역 4번","분식전문점","홍대땡땡거리","17~21 유동 비중",-0.02560009812683603,"비율",1
"성신여대입구역 4번","분식전문점","홍대땡땡거리","00~06 유동 비중",0.03446427092005355,"비율",2
"성신여대입구역 4번","분식전문점","홍대땡땡거리","프랜차이즈 점포",1,"개",3
"경동고등학교","분식전문점","석촌역 3번","상주인구",3559,"명",1
"경동고등학교","분식전문점","석촌역 3번","상권 면적",59321,"㎡",2
"경동고등학교","분식전문점","석촌역 3번","총 유동인구",-659896,"명",3
"정릉역 1번","분식전문점","방학1동주민센터","상주인구",2257,"명",1
"정릉역 1번","분식전문점","방학1동주민센터","직장인구",852,"명",2
"정릉역 1번","분식전문점","방학1동주민센터","21~24 유동 비중",-0.004701705560801239,"비율",3
"삼선동주민센터","분식전문점","곰달래도서관","남성 유동 비중",0.0632912322606744,"비율",1
"삼선동주민센터","분식전문점","곰달래도서관","총 유동인구",633313,"명",2
"삼선동주민센터","분식전문점","곰달래도서관","상권 면적",49561,"㎡",3
"성신여대입구역 7번","분식전문점","응암정보도서관","남성 유동 비중",0.0360580781512187,"비율",1
"성신여대입구역 7번","분식전문점","응암정보도서관","상주인구",3376,"명",2
"성신여대입구역 7번","분식전문점","응암정보도서관","상권 면적",89652,"㎡",3
"보문역 8번","분식전문점","장충초등학교","주말 유동 비중",-0.038702540337941294,"비율",1
"보문역 8번","분식전문점","장충초등학교","21~24 유동 비중",-0.011115506279100379,"비율",2
"보문역 8번","분식전문점","장충초등학교","17~21 유동 비중",-0.01417277395887423,"비율",3
"안암역 2번","분식전문점","문현중학교(장지역 1번)","주말 유동 비중",0.053726591469175744,"비율",1
"안암역 2번","분식전문점","문현중학교(장지역 1번)","17~21 유동 비중",0.030092954344952683,"비율",2
"안암역 2번","분식전문점","문현중학교(장지역 1번)","11~14 유동 비중",-0.02177185860174735,"비율",3
"안암역 3번","분식전문점","광운대역 1번","해당 업종 점포",-11,"개",1
"안암역 3번","분식전문점","광운대역 1번","프랜차이즈 점포",-3,"개",2
"안암역 3번","분식전문점","광운대역 1번","06~11 유동 비중",0.022847555754889615,"비율",3
"종암경찰서","분식전문점","성수동카페거리","14~17 유동 비중",0.07556926330404562,"비율",1
"종암경찰서","분식전문점","성수동카페거리","21~24 유동 비중",-0.04140542281097909,"비율",2
"종암경찰서","분식전문점","성수동카페거리","11~14 유동 비중",0.06445375153402183,"비율",3
"종암아이파크2차","분식전문점","방배아이파크아파트","직장인구",-1710,"명",1
"종암아이파크2차","분식전문점","방배아이파크아파트","21~24 유동 비중",-0.009130655885135092,"비율",2
"종암아이파크2차","분식전문점","방배아이파크아파트","총 유동인구",-629600,"명",3
"숭곡초등학교","분식전문점","신방화역 2번","00~06 유동 비중",0.04198254096937021,"비율",1
"숭곡초등학교","분식전문점","신방화역 2번","14~17 유동 비중",-0.020110795627331646,"비율",2
"숭곡초등학교","분식전문점","신방화역 2번","11~14 유동 비중",-0.017007240519322106,"비율",3
"종암동주민센터","분식전문점","신정롯데캐슬아파트","남성 유동 비중",-0.014471552826258005,"비율",1
"종암동주민센터","분식전문점","신정롯데캐슬아파트","직장인구",753,"명",2
"종암동주민센터","분식전문점","신정롯데캐슬아파트","21~24 유동 비중",-0.00475692386852869,"비율",3
"상월곡역 1번","분식전문점","쌍문2동우체국","남성 유동 비중",0.04759348060749896,"비율",1
"상월곡역 1번","분식전문점","쌍문2동우체국","유사 업종 점포 밀도",-0.39184711631009805,"개/10,000㎡",2
"상월곡역 1번","분식전문점","쌍문2동우체국","프랜차이즈 점포",-1,"개",3
"장곡초등학교","분식전문점","시흥초등학교(시흥1동우체국)","프랜차이즈 점포",1,"개",1
"장곡초등학교","분식전문점","시흥초등학교(시흥1동우체국)","06~11 유동 비중",-0.00681356528721655,"비율",2
"장곡초등학교","분식전문점","시흥초등학교(시흥1동우체국)","직장·상주 구조",0.6346125898597874,"비율",3
"돌곶이역 5번","분식전문점","상왕십리역 3번","직장·상주 구조",0.631728728576566,"비율",1
"돌곶이역 5번","분식전문점","상왕십리역 3번","06~11 유동 비중",0.005362081301343913,"비율",2
"돌곶이역 5번","분식전문점","상왕십리역 3번","총 유동인구",386779,"명",3
"석계역 7번","분식전문점","쌍문초등학교","프랜차이즈 점포",-2,"개",1
"석계역 7번","분식전문점","쌍문초등학교","총 유동인구",-400599,"명",2
"석계역 7번","분식전문점","쌍문초등학교","주말 유동 비중",0.006876036896024507,"비율",3
"국립재활원","분식전문점","당고개역 5번","해당 업종 점포",2,"개",1
"국립재활원","분식전문점","당고개역 5번","상권 면적",36527,"㎡",2
"국립재활원","분식전문점","당고개역 5번","총 유동인구",-310292,"명",3
"무너미어린이공원","분식전문점","성신여대운정그린캠퍼스","총 유동인구",592195,"명",1
"무너미어린이공원","분식전문점","성신여대운정그린캠퍼스","유사 업종 점포 밀도",-0.1967095707061352,"개/10,000㎡",2
"무너미어린이공원","분식전문점","성신여대운정그린캠퍼스","상권 면적",28675,"㎡",3
"가오리역 2번","분식전문점","가산동우체국","남성 유동 비중",0.08399121594668452,"비율",1
"가오리역 2번","분식전문점","가산동우체국","프랜차이즈 점포",-1,"개",2
"가오리역 2번","분식전문점","가산동우체국","11~14 유동 비중",0.008819962769326548,"비율",3
"수유1동주민센터","분식전문점","양지어린이공원","06~11 유동 비중",0.006873916027195948,"비율",1
"수유1동주민센터","분식전문점","양지어린이공원","해당 업종 점포",-2,"개",2
"수유1동주민센터","분식전문점","양지어린이공원","총 유동인구",-419967,"명",3
"수유초등학교","분식전문점","성신여대입구역 7번","남성 유동 비중",-0.05107483634707999,"비율",1
"수유초등학교","분식전문점","성신여대입구역 7번","프랜차이즈 점포",1,"개",2
"수유초등학교","분식전문점","성신여대입구역 7번","17~21 유동 비중",0.01100935161885444,"비율",3
"미아역 5번","분식전문점","성신여대운정그린캠퍼스","직장·상주 구조",2.043176633264488,"비율",1
"미아역 5번","분식전문점","성신여대운정그린캠퍼스","총 유동인구",-699943,"명",2
"미아역 5번","분식전문점","성신여대운정그린캠퍼스","프랜차이즈 점포",1,"개",3
"송천초등학교","분식전문점","둔촌고등학교(둔촌중학교)","직장·상주 구조",1.898611317181678,"비율",1
"송천초등학교","분식전문점","둔촌고등학교(둔촌중학교)","주말 유동 비중",0.02257714138141137,"비율",2
"송천초등학교","분식전문점","둔촌고등학교(둔촌중학교)","총 유동인구",-955292,"명",3
"강북중학교","분식전문점","천호공원(해공체육문화센터)","해당 업종 점포",3,"개",1
"강북중학교","분식전문점","천호공원(해공체육문화센터)","총 유동인구",-459377,"명",2
"강북중학교","분식전문점","천호공원(해공체육문화센터)","상주인구",1381,"명",3
"수유역 2번","분식전문점","상계초등학교","총 유동인구",814097,"명",1
"수유역 2번","분식전문점","상계초등학교","프랜차이즈 점포",-1,"개",2
"수유역 2번","분식전문점","상계초등학교","21~24 유동 비중",-0.0038692305333339616,"비율",3
"송중초등학교","분식전문점","동대문역 1번","남성 유동 비중",0.03557969495545199,"비율",1
"송중초등학교","분식전문점","동대문역 1번","직장·상주 구조",-1.485974625796799,"비율",2
"송중초등학교","분식전문점","동대문역 1번","상권 면적",-51144,"㎡",3
"덕성여대시반거리","분식전문점","대방역 3번","남성 유동 비중",0.05886068659926558,"비율",1
"덕성여대시반거리","분식전문점","대방역 3번","06~11 유동 비중",0.021830473641329867,"비율",2
"덕성여대시반거리","분식전문점","대방역 3번","11~14 유동 비중",-0.028012508531524066,"비율",3
"쌍문초등학교","분식전문점","천호역 6번","총 유동인구",1202213,"명",1
"쌍문초등학교","분식전문점","천호역 6번","상주인구",2625,"명",2
"쌍문초등학교","분식전문점","천호역 6번","17~21 유동 비중",-0.006559660404438228,"비율",3
"샘말어린이공원","분식전문점","공항시장역 1번","상권 면적",-58188,"㎡",1
"샘말어린이공원","분식전문점","공항시장역 1번","총 유동인구",680139,"명",2
"샘말어린이공원","분식전문점","공항시장역 1번","주말 유동 비중",-0.01349663682728336,"비율",3
"방학중학교","분식전문점","천호역 6번","총 유동인구",1649337,"명",1
"방학중학교","분식전문점","천호역 6번","남성 유동 비중",-0.03349549551679182,"비율",2
"방학중학교","분식전문점","천호역 6번","직장·상주 구조",0.99751370933628,"비율",3
"쌍문2동우체국","분식전문점","남가좌파출소","총 유동인구",672755,"명",1
"쌍문2동우체국","분식전문점","남가좌파출소","00~06 유동 비중",-0.023150778116614812,"비율",2
"쌍문2동우체국","분식전문점","남가좌파출소","06~11 유동 비중",0.005597290594211463,"비율",3
"방학1동주민센터","분식전문점","도곡초등학교","17~21 유동 비중",0.033840780031090645,"비율",1
"방학1동주민센터","분식전문점","도곡초등학교","06~11 유동 비중",-0.014217836272585022,"비율",2
"방학1동주민센터","분식전문점","도곡초등학교","남성 유동 비중",0.02250673393231173,"비율",3
"신창초등학교","분식전문점","강동역 4번(강풀만화거리)","직장·상주 구조",0.6771884406386937,"비율",1
"신창초등학교","분식전문점","강동역 4번(강풀만화거리)","해당 업종 점포",-2,"개",2
"신창초등학교","분식전문점","강동역 4번(강풀만화거리)","남성 유동 비중",0.013706854037430327,"비율",3
"방학역 1번","분식전문점","신대방역 2번","해당 업종 점포",-6,"개",1
"방학역 1번","분식전문점","신대방역 2번","상주인구",-1753,"명",2
"방학역 1번","분식전문점","신대방역 2번","남성 유동 비중",0.014931367497001358,"비율",3
"도봉역 2번","분식전문점","신월1동주민센터","상권 면적",-273335,"㎡",1
"도봉역 2번","분식전문점","신월1동주민센터","21~24 유동 비중",0.0050613091036972035,"비율",2
"도봉역 2번","분식전문점","신월1동주민센터","06~11 유동 비중",-0.0043910343003689956,"비율",3
"창동역 2번","분식전문점","홍대땡땡거리","17~21 유동 비중",-0.015526530803199684,"비율",1
"창동역 2번","분식전문점","홍대땡땡거리","주말 유동 비중",-0.012230343661740084,"비율",2
"창동역 2번","분식전문점","홍대땡땡거리","남성 유동 비중",-0.010775574236806418,"비율",3
"방학역 2번","분식전문점","수락산디자인거리","프랜차이즈 점포",-1,"개",1
"방학역 2번","분식전문점","수락산디자인거리","14~17 유동 비중",-0.014109627590594448,"비율",2
"방학역 2번","분식전문점","수락산디자인거리","남성 유동 비중",-0.015665787777341733,"비율",3
"광운대학교 남단","분식전문점","충무초등학교","남성 유동 비중",-0.05526342101886206,"비율",1
"광운대학교 남단","분식전문점","충무초등학교","직장·상주 구조",2.2335591337948744,"비율",2
"광운대학교 남단","분식전문점","충무초등학교","직장인구",2080,"명",3
"수락산디자인거리","분식전문점","개봉역","프랜차이즈 점포",-2,"개",1
"수락산디자인거리","분식전문점","개봉역","직장·상주 구조",1.068043419086841,"비율",2
"수락산디자인거리","분식전문점","개봉역","직장인구",1016,"명",3
"광운대역 1번","분식전문점","문현중학교(장지역 1번)","남성 유동 비중",-0.06836096047921253,"비율",1
"광운대역 1번","분식전문점","문현중학교(장지역 1번)","유사 업종 점포 밀도",-0.46875769933357736,"개/10,000㎡",2
"광운대역 1번","분식전문점","문현중학교(장지역 1번)","프랜차이즈 점포",-1,"개",3
"석계역 1번","분식전문점","돌곶이역 5번","06~11 유동 비중",0.013145848989310704,"비율",1
"석계역 1번","분식전문점","돌곶이역 5번","직장·상주 구조",-1.4357552967649214,"비율",2
"석계역 1번","분식전문점","돌곶이역 5번","17~21 유동 비중",-0.02201981870371375,"비율",3
"석계역 2번","분식전문점","상계역","유사 업종 점포 밀도",0.7787302716259759,"개/10,000㎡",1
"석계역 2번","분식전문점","상계역","해당 업종 점포",4,"개",2
"석계역 2번","분식전문점","상계역","남성 유동 비중",-0.02678264362268845,"비율",3
"계상초등학교","분식전문점","장승배기역 4번","주말 유동 비중",-0.014126174660626378,"비율",1
"계상초등학교","분식전문점","장승배기역 4번","21~24 유동 비중",0.0075735726240851314,"비율",2
"계상초등학교","분식전문점","장승배기역 4번","06~11 유동 비중",0.0068991673631269845,"비율",3
"상계2동주민센터","분식전문점","당고개역 2번","주말 유동 비중",-0.012134829845248774,"비율",1
"상계2동주민센터","분식전문점","당고개역 2번","상권 면적",-46316,"㎡",2
"상계2동주민센터","분식전문점","당고개역 2번","유사 업종 점포 밀도",0.24715248531421405,"개/10,000㎡",3
"공릉동 국수거리","분식전문점","한성대입구역 3번","해당 업종 점포",5,"개",1
"공릉동 국수거리","분식전문점","한성대입구역 3번","직장·상주 구조",-1.3911017537956187,"비율",2
"공릉동 국수거리","분식전문점","한성대입구역 3번","직장인구",-1577,"명",3
"상계역","분식전문점","개봉역","유사 업종 점포 밀도",-1.2311696826642011,"개/10,000㎡",1
"상계역","분식전문점","개봉역","06~11 유동 비중",0.012367664521850147,"비율",2
"상계역","분식전문점","개봉역","17~21 유동 비중",-0.021590978999516758,"비율",3
"대진고등학교","분식전문점","문정역 1번","직장인구",4268,"명",1
"대진고등학교","분식전문점","문정역 1번","주말 유동 비중",-0.03226629177152085,"비율",2
"대진고등학교","분식전문점","문정역 1번","직장·상주 구조",1.689193388822316,"비율",3
"당고개역 2번","분식전문점","계상초등학교","21~24 유동 비중",-0.011992944588825258,"비율",1
"당고개역 2번","분식전문점","계상초등학교","총 유동인구",-793998,"명",2
"당고개역 2번","분식전문점","계상초등학교","11~14 유동 비중",0.01524987910135002,"비율",3
"경춘선숲길 우측","분식전문점","신대방역 2번","상권 면적",55084,"㎡",1
"경춘선숲길 우측","분식전문점","신대방역 2번","17~21 유동 비중",0.013316073756280605,"비율",2
"경춘선숲길 우측","분식전문점","신대방역 2번","21~24 유동 비중",0.0067495717515276,"비율",3
"당고개역 5번","분식전문점","장곡초등학교","06~11 유동 비중",-0.006551547406522168,"비율",1
"당고개역 5번","분식전문점","장곡초등학교","총 유동인구",263410,"명",2
"당고개역 5번","분식전문점","장곡초등학교","21~24 유동 비중",0.003463373300632372,"비율",3
"화랑대철도공원","분식전문점","가양역 10번","주말 유동 비중",-0.06005549599625071,"비율",1
"화랑대철도공원","분식전문점","가양역 10번","유사 업종 점포 밀도",-0.7897235984403386,"개/10,000㎡",2
"화랑대철도공원","분식전문점","가양역 10번","17~21 유동 비중",0.02982258190477652,"비율",3
"내를건너서숲으로도서관","분식전문점","장충초등학교","주말 유동 비중",-0.023830479867293197,"비율",1
"내를건너서숲으로도서관","분식전문점","장충초등학교","21~24 유동 비중",-0.009370134371471439,"비율",2
"내를건너서숲으로도서관","분식전문점","장충초등학교","직장·상주 구조",0.6111277591468349,"비율",3
"시립서북병원","분식전문점","신정역 5번","프랜차이즈 점포",-1,"개",1
"시립서북병원","분식전문점","신정역 5번","남성 유동 비중",0.015541923734708585,"비율",2
"시립서북병원","분식전문점","신정역 5번","상권 면적",-28150,"㎡",3
"증산역 4번","분식전문점","수궁동주민센터","해당 업종 점포",3,"개",1
"증산역 4번","분식전문점","수궁동주민센터","주말 유동 비중",0.01368639772209368,"비율",2
"증산역 4번","분식전문점","수궁동주민센터","프랜차이즈 점포",1,"개",3
"새절역 3번","분식전문점","상왕십리역 3번","프랜차이즈 점포",-1,"개",1
"새절역 3번","분식전문점","상왕십리역 3번","상권 면적",-31812,"㎡",2
"새절역 3번","분식전문점","상왕십리역 3번","06~11 유동 비중",-0.004974930149570678,"비율",3
"역촌노인복지관","분식전문점","먹골역 1번","총 유동인구",675360,"명",1
"역촌노인복지관","분식전문점","먹골역 1번","상주인구",-1593,"명",2
"역촌노인복지관","분식전문점","먹골역 1번","14~17 유동 비중",0.01023857791136086,"비율",3
"구산보건지소","분식전문점","중화역 1번","남성 유동 비중",0.050041949152259846,"비율",1
"구산보건지소","분식전문점","중화역 1번","주말 유동 비중",-0.012914390944359921,"비율",2
"구산보건지소","분식전문점","중화역 1번","프랜차이즈 점포",-1,"개",3
"구산역 4번","분식전문점","간데메공원","상주인구",-2068,"명",1
"구산역 4번","분식전문점","간데메공원","해당 업종 점포",-2,"개",2
"구산역 4번","분식전문점","간데메공원","남성 유동 비중",0.014700535156378591,"비율",3
"은평요양병원","분식전문점","금천철쭉어린이공원(금하마을)","남성 유동 비중",0.022386383876054516,"비율",1
"은평요양병원","분식전문점","금천철쭉어린이공원(금하마을)","직장·상주 구조",-1.0065640403675733,"비율",2
"은평요양병원","분식전문점","금천철쭉어린이공원(금하마을)","프랜차이즈 점포",1,"개",3
"응암역 3번","분식전문점","까치산역 4번","총 유동인구",478251,"명",1
"응암역 3번","분식전문점","까치산역 4번","17~21 유동 비중",-0.011321478556716835,"비율",2
"응암역 3번","분식전문점","까치산역 4번","상권 면적",33192,"㎡",3
"응암정보도서관","분식전문점","공항시장역 1번","남성 유동 비중",0.02920143254608354,"비율",1
"응암정보도서관","분식전문점","공항시장역 1번","직장·상주 구조",-0.7867794142994429,"비율",2
"응암정보도서관","분식전문점","공항시장역 1번","17~21 유동 비중",-0.010168974794847241,"비율",3
"응암1동주민센터","분식전문점","연신내역 3번","유사 업종 점포 밀도",-0.43148239942944416,"개/10,000㎡",1
"응암1동주민센터","분식전문점","연신내역 3번","남성 유동 비중",0.017097950454812882,"비율",2
"응암1동주민센터","분식전문점","연신내역 3번","해당 업종 점포",-2,"개",3
"연신내역 3번","분식전문점","성신여대운정그린캠퍼스","총 유동인구",1008492,"명",1
"연신내역 3번","분식전문점","성신여대운정그린캠퍼스","상권 면적",56124,"㎡",2
"연신내역 3번","분식전문점","성신여대운정그린캠퍼스","프랜차이즈 점포",1,"개",3
"연신내우체국","분식전문점","연신내역 3번","주말 유동 비중",0.020133681591415264,"비율",1
"연신내우체국","분식전문점","연신내역 3번","06~11 유동 비중",-0.006347323601166133,"비율",2
"연신내우체국","분식전문점","연신내역 3번","상권 면적",-25521,"㎡",3
"은평구청","분식전문점","장훈고등학교","남성 유동 비중",0.037211892029254956,"비율",1
"은평구청","분식전문점","장훈고등학교","해당 업종 점포",-3,"개",2
"은평구청","분식전문점","장훈고등학교","21~24 유동 비중",0.007288704355668696,"비율",3
"불광역 8번","분식전문점","연희임광아파트","06~11 유동 비중",0.01617280836434412,"비율",1
"불광역 8번","분식전문점","연희임광아파트","17~21 유동 비중",-0.024740256974373626,"비율",2
"불광역 8번","분식전문점","연희임광아파트","14~17 유동 비중",-0.021084884086858574,"비율",3
"북가좌초등학교","분식전문점","모래내우체국","21~24 유동 비중",-0.021600268001906925,"비율",1
"북가좌초등학교","분식전문점","모래내우체국","17~21 유동 비중",-0.03362288916489148,"비율",2
"북가좌초등학교","분식전문점","모래내우체국","00~06 유동 비중",0.05262029952444003,"비율",3
"북가좌2동주민센터","분식전문점","구산역 4번","직장·상주 구조",0.7360847581758376,"비율",1
"북가좌2동주민센터","분식전문점","구산역 4번","남성 유동 비중",-0.015985767427016462,"비율",2
"북가좌2동주민센터","분식전문점","구산역 4번","상권 면적",-34710,"㎡",3
"모래내우체국","분식전문점","달마을공원","상주인구",1935,"명",1
"모래내우체국","분식전문점","달마을공원","06~11 유동 비중",0.007014830572477926,"비율",2
"모래내우체국","분식전문점","달마을공원","17~21 유동 비중",-0.011188334206463646,"비율",3
"남가좌파출소","분식전문점","간데메공원","프랜차이즈 점포",1,"개",1
"남가좌파출소","분식전문점","간데메공원","직장·상주 구조",0.7444687804428938,"비율",2
"남가좌파출소","분식전문점","간데메공원","총 유동인구",-333940,"명",3
"명지대학교교회","분식전문점","남영역 1번","프랜차이즈 점포",-4,"개",1
"명지대학교교회","분식전문점","남영역 1번","해당 업종 점포",-6,"개",2
"명지대학교교회","분식전문점","남영역 1번","06~11 유동 비중",-0.012754866974695966,"비율",3
"명지대학교","분식전문점","명지대학교교회","06~11 유동 비중",0.02076843171632023,"비율",1
"명지대학교","분식전문점","명지대학교교회","프랜차이즈 점포",2,"개",2
"명지대학교","분식전문점","명지대학교교회","21~24 유동 비중",-0.010865022000279334,"비율",3
"연희대우아파트앞","분식전문점","응암역 2번","21~24 유동 비중",0.007049060918358635,"비율",1
"연희대우아파트앞","분식전문점","응암역 2번","17~21 유동 비중",0.01044053930664271,"비율",2
"연희대우아파트앞","분식전문점","응암역 2번","상주인구",1092,"명",3
"연희초등학교","분식전문점","중화역 1번","총 유동인구",403819,"명",1
"연희초등학교","분식전문점","중화역 1번","상권 면적",-30645,"㎡",2
"연희초등학교","분식전문점","중화역 1번","남성 유동 비중",-0.011343696211690457,"비율",3
"홍은종합사회복지관","분식전문점","용강동주민센터","00~06 유동 비중",0.037285522709248675,"비율",1
"홍은종합사회복지관","분식전문점","용강동주민센터","11~14 유동 비중",-0.013401564588113077,"비율",2
"홍은종합사회복지관","분식전문점","용강동주민센터","직장·상주 구조",-0.8156740355367118,"비율",3
"홍제3동주민센터","분식전문점","문성초등학교","남성 유동 비중",0.039480998106184995,"비율",1
"홍제3동주민센터","분식전문점","문성초등학교","06~11 유동 비중",-0.005837335043724717,"비율",2
"홍제3동주민센터","분식전문점","문성초등학교","직장·상주 구조",0.47610978055840647,"비율",3
"동교초등학교","분식전문점","구산역 4번","06~11 유동 비중",0.008368441774179614,"비율",1
"동교초등학교","분식전문점","구산역 4번","상권 면적",48075,"㎡",2
"동교초등학교","분식전문점","구산역 4번","주말 유동 비중",-0.010253356010693382,"비율",3
"KB국민은행 망원동지점","분식전문점","은평구청","주말 유동 비중",-0.035250738514160995,"비율",1
"KB국민은행 망원동지점","분식전문점","은평구청","프랜차이즈 점포",-2,"개",2
"KB국민은행 망원동지점","분식전문점","은평구청","21~24 유동 비중",0.006985885078441223,"비율",3
"가좌역 2번","분식전문점","무너미어린이공원","직장·상주 구조",-1.004357711688014,"비율",1
"가좌역 2번","분식전문점","무너미어린이공원","상주인구",1371,"명",2
"가좌역 2번","분식전문점","무너미어린이공원","총 유동인구",-286746,"명",3
"홍대부속여중고앞","분식전문점","명지대학교교회","해당 업종 점포",9,"개",1
"홍대부속여중고앞","분식전문점","명지대학교교회","총 유동인구",711205,"명",2
"홍대부속여중고앞","분식전문점","명지대학교교회","유사 업종 점포 밀도",0.3878992078082941,"개/10,000㎡",3
"경성고등학교","분식전문점","응암정보도서관","상권 면적",-124506,"㎡",1
"경성고등학교","분식전문점","응암정보도서관","총 유동인구",-1236062,"명",2
"경성고등학교","분식전문점","응암정보도서관","직장·상주 구조",-1.0919819150884695,"비율",3
"성산중학교","분식전문점","장승배기역 4번","17~21 유동 비중",0.022934367720055027,"비율",1
"성산중학교","분식전문점","장승배기역 4번","직장·상주 구조",-1.130798743644685,"비율",2
"성산중학교","분식전문점","장승배기역 4번","00~06 유동 비중",-0.035213336701598374,"비율",3
"홍대입구역 3번","분식전문점","상계역","06~11 유동 비중",0.045736010702321334,"비율",1
"홍대입구역 3번","분식전문점","상계역","14~17 유동 비중",-0.04842328536334681,"비율",2
"홍대입구역 3번","분식전문점","상계역","17~21 유동 비중",-0.042132231127008674,"비율",3
"광흥창역 1번","분식전문점","신사은행나무공원","주말 유동 비중",-0.02693650449228241,"비율",1
"광흥창역 1번","분식전문점","신사은행나무공원","11~14 유동 비중",0.020183178006823746,"비율",2
"광흥창역 1번","분식전문점","신사은행나무공원","직장·상주 구조",1.374246717182058,"비율",3
"홍대땡땡거리","분식전문점","용강동주민센터","유사 업종 점포 밀도",0.6811198155596879,"개/10,000㎡",1
"홍대땡땡거리","분식전문점","용강동주민센터","17~21 유동 비중",0.018359582082657422,"비율",2
"홍대땡땡거리","분식전문점","용강동주민센터","상권 면적",-58894,"㎡",3
"신수동주민센터","분식전문점","신정롯데캐슬아파트","06~11 유동 비중",-0.022793057261673494,"비율",1
"신수동주민센터","분식전문점","신정롯데캐슬아파트","직장인구",3045,"명",2
"신수동주민센터","분식전문점","신정롯데캐슬아파트","총 유동인구",1186097,"명",3
"대흥역 3번","분식전문점","방이역 1번","직장인구",4358,"명",1
"대흥역 3번","분식전문점","방이역 1번","주말 유동 비중",0.022085793055181102,"비율",2
"대흥역 3번","분식전문점","방이역 1번","06~11 유동 비중",0.01107386124190754,"비율",3
"용강동주민센터","분식전문점","연희임광아파트","06~11 유동 비중",0.02089122023819112,"비율",1
"용강동주민센터","분식전문점","연희임광아파트","11~14 유동 비중",0.012776805845255881,"비율",2
"용강동주민센터","분식전문점","연희임광아파트","00~06 유동 비중",-0.025311435102937874,"비율",3
"마포역 4번","분식전문점","개포고등학교","주말 유동 비중",-0.04374306433881092,"비율",1
"마포역 4번","분식전문점","개포고등학교","11~14 유동 비중",0.019962494027096572,"비율",2
"마포역 4번","분식전문점","개포고등학교","직장인구",1865,"명",3
"이대역 5번","분식전문점","만리재","남성 유동 비중",0.08110892997382585,"비율",1
"이대역 5번","분식전문점","만리재","총 유동인구",825616,"명",2
"이대역 5번","분식전문점","만리재","주말 유동 비중",-0.006397578189425213,"비율",3
"서울서부지방법원","분식전문점","종암아이파크2차","프랜차이즈 점포",-2,"개",1
"서울서부지방법원","분식전문점","종암아이파크2차","직장인구",2107,"명",2
"서울서부지방법원","분식전문점","종암아이파크2차","상주인구",1507,"명",3
"신월3동주민센터","분식전문점","신월1동주민센터","남성 유동 비중",-0.03112556845157377,"비율",1
"신월3동주민센터","분식전문점","신월1동주민센터","프랜차이즈 점포",-1,"개",2
"신월3동주민센터","분식전문점","신월1동주민센터","주말 유동 비중",0.007660135797140255,"비율",3
"메디힐병원","분식전문점","곰달래도서관","총 유동인구",3109652,"명",1
"메디힐병원","분식전문점","곰달래도서관","06~11 유동 비중",-0.013394410219461084,"비율",2
"메디힐병원","분식전문점","곰달래도서관","프랜차이즈 점포",1,"개",3
"신월1파출소","분식전문점","영등포푸르지오아파트","총 유동인구",294863,"명",1
"신월1파출소","분식전문점","영등포푸르지오아파트","주말 유동 비중",0.0063450385521376385,"비율",2
"신월1파출소","분식전문점","영등포푸르지오아파트","남성 유동 비중",-0.009061625617170999,"비율",3
"신정역 5번","분식전문점","화곡역 4번","상주인구",10488,"명",1
"신정역 5번","분식전문점","화곡역 4번","상권 면적",204955,"㎡",2
"신정역 5번","분식전문점","화곡역 4번","총 유동인구",2073483,"명",3
"목동보건지소","분식전문점","남성역 1번","프랜차이즈 점포",-1,"개",1
"목동보건지소","분식전문점","남성역 1번","총 유동인구",585171,"명",2
"목동보건지소","분식전문점","남성역 1번","상권 면적",34471,"㎡",3
"신정2동주민센터","분식전문점","상왕십리역 3번","직장인구",-6196,"명",1
"신정2동주민센터","분식전문점","상왕십리역 3번","직장·상주 구조",-1.9774374547723026,"비율",2
"신정2동주민센터","분식전문점","상왕십리역 3번","21~24 유동 비중",-0.005524955079777891,"비율",3
"공항시장역 1번","분식전문점","신월1동주민센터","직장·상주 구조",0.8766141615316334,"비율",1
"공항시장역 1번","분식전문점","신월1동주민센터","21~24 유동 비중",0.0067113759532841655,"비율",2
"공항시장역 1번","분식전문점","신월1동주민센터","11~14 유동 비중",-0.0088499419309669,"비율",3
"개화산역 1번","분식전문점","금호사거리","06~11 유동 비중",0.013513845384196393,"비율",1
"개화산역 1번","분식전문점","금호사거리","11~14 유동 비중",-0.017935919280748502,"비율",2
"개화산역 1번","분식전문점","금호사거리","17~21 유동 비중",-0.019860423221703255,"비율",3
"송정역 3번","분식전문점","후암동주민센터","06~11 유동 비중",0.013495963065875,"비율",1
"송정역 3번","분식전문점","후암동주민센터","남성 유동 비중",-0.029405873367777224,"비율",2
"송정역 3번","분식전문점","후암동주민센터","21~24 유동 비중",-0.0106303463406279,"비율",3
"강서구다솔마을","분식전문점","한국폴리텍대학서울정수캠퍼스","프랜차이즈 점포",1,"개",1
"강서구다솔마을","분식전문점","한국폴리텍대학서울정수캠퍼스","00~06 유동 비중",-0.026757630808022626,"비율",2
"강서구다솔마을","분식전문점","한국폴리텍대학서울정수캠퍼스","17~21 유동 비중",0.012378155175092193,"비율",3
"우장산역 4번","분식전문점","남영역 1번","06~11 유동 비중",-0.01619543111415689,"비율",1
"우장산역 4번","분식전문점","남영역 1번","상주인구",-2520,"명",2
"우장산역 4번","분식전문점","남영역 1번","남성 유동 비중",0.0258200723750438,"비율",3
"푸른들청소년도서관","분식전문점","삼전역 1번","상권 면적",42014,"㎡",1
"푸른들청소년도서관","분식전문점","삼전역 1번","해당 업종 점포",2,"개",2
"푸른들청소년도서관","분식전문점","삼전역 1번","직장인구",757,"명",3
"우장산역 1번","분식전문점","상월곡역 1번","남성 유동 비중",-0.03836841002830388,"비율",1
"우장산역 1번","분식전문점","상월곡역 1번","프랜차이즈 점포",-1,"개",2
"우장산역 1번","분식전문점","상월곡역 1번","06~11 유동 비중",-0.0071276722700042705,"비율",3
"화원중학교","분식전문점","장승배기역 4번","17~21 유동 비중",0.016067002597999036,"비율",1
"화원중학교","분식전문점","장승배기역 4번","06~11 유동 비중",-0.008109850590481582,"비율",2
"화원중학교","분식전문점","장승배기역 4번","상주인구",-1543,"명",3
"까치산역 4번","분식전문점","화곡역 4번","상주인구",5949,"명",1
"까치산역 4번","분식전문점","화곡역 4번","총 유동인구",1542499,"명",2
"까치산역 4번","분식전문점","화곡역 4번","상권 면적",96563,"㎡",3
"까치산역 3번","분식전문점","강동역 4번(강풀만화거리)","총 유동인구",-2107534,"명",1
"까치산역 3번","분식전문점","강동역 4번(강풀만화거리)","프랜차이즈 점포",2,"개",2
"까치산역 3번","분식전문점","강동역 4번(강풀만화거리)","상권 면적",80411,"㎡",3
"등촌3동주민센터","분식전문점","종암경찰서","06~11 유동 비중",-0.010621475594136592,"비율",1
"등촌3동주민센터","분식전문점","종암경찰서","상권 면적",-67439,"㎡",2
"등촌3동주민센터","분식전문점","종암경찰서","해당 업종 점포",-3,"개",3
"곰달래도서관","분식전문점","성수119안전센터","총 유동인구",-2316448,"명",1
"곰달래도서관","분식전문점","성수119안전센터","남성 유동 비중",0.023999106656098057,"비율",2
"곰달래도서관","분식전문점","성수119안전센터","주말 유동 비중",0.01305211547177254,"비율",3
"가양역 10번","분식전문점","경향신문사","주말 유동 비중",-0.09255045489708222,"비율",1
"가양역 10번","분식전문점","경향신문사","21~24 유동 비중",-0.05357446286330904,"비율",2
"가양역 10번","분식전문점","경향신문사","11~14 유동 비중",0.08141552894179088,"비율",3
"화곡2동주민센터","분식전문점","오류2동버들시장","상주인구",-4134,"명",1
"화곡2동주민센터","분식전문점","오류2동버들시장","총 유동인구",-754506,"명",2
"화곡2동주민센터","분식전문점","오류2동버들시장","직장·상주 구조",0.8484524433020963,"비율",3
"등촌1동주민센터","분식전문점","마천역(마천초등학교)","직장인구",-3492,"명",1
"등촌1동주민센터","분식전문점","마천역(마천초등학교)","직장·상주 구조",-1.738007302989021,"비율",2
"등촌1동주민센터","분식전문점","마천역(마천초등학교)","해당 업종 점포",3,"개",3
"화곡4동주민센터","분식전문점","신정역 5번","11~14 유동 비중",-0.012768897810413862,"비율",1
"화곡4동주민센터","분식전문점","신정역 5번","프랜차이즈 점포",1,"개",2
"화곡4동주민센터","분식전문점","신정역 5번","총 유동인구",473446,"명",3
"수궁동주민센터","분식전문점","성신여대운정그린캠퍼스","상권 면적",-57326,"㎡",1
"수궁동주민센터","분식전문점","성신여대운정그린캠퍼스","주말 유동 비중",-0.013085116026111787,"비율",2
"수궁동주민센터","분식전문점","성신여대운정그린캠퍼스","17~21 유동 비중",-0.013841618934134964,"비율",3
"세곡초등학교","분식전문점","남성역 1번","상주인구",1976,"명",1
"세곡초등학교","분식전문점","남성역 1번","프랜차이즈 점포",-1,"개",2
"세곡초등학교","분식전문점","남성역 1번","총 유동인구",481874,"명",3
"개웅초등학교(개웅중학교)","분식전문점","군자역 5번","해당 업종 점포",-2,"개",1
"개웅초등학교(개웅중학교)","분식전문점","군자역 5번","06~11 유동 비중",0.0047924925310249555,"비율",2
"개웅초등학교(개웅중학교)","분식전문점","군자역 5번","유사 업종 점포 밀도",-0.18590415035693808,"개/10,000㎡",3
"덕의초등학교","분식전문점","은평요양병원","유사 업종 점포 밀도",-0.602366144329921,"개/10,000㎡",1
"덕의초등학교","분식전문점","은평요양병원","06~11 유동 비중",0.01103818706463408,"비율",2
"덕의초등학교","분식전문점","은평요양병원","17~21 유동 비중",-0.017055554223653152,"비율",3
"그라운드 고척","분식전문점","상계역","프랜차이즈 점포",-4,"개",1
"그라운드 고척","분식전문점","상계역","유사 업종 점포 밀도",-0.7888463675304753,"개/10,000㎡",2
"그라운드 고척","분식전문점","상계역","17~21 유동 비중",0.03147102169678956,"비율",3
"남구로역 3번","분식전문점","성수119안전센터","해당 업종 점포",-4,"개",1
"남구로역 3번","분식전문점","성수119안전센터","총 유동인구",-818917,"명",2
"남구로역 3번","분식전문점","성수119안전센터","남성 유동 비중",-0.023278226787376566,"비율",3
"구로보건소","분식전문점","신방화역 2번","상권 면적",-70096,"㎡",1
"구로보건소","분식전문점","신방화역 2번","프랜차이즈 점포",-1,"개",2
"구로보건소","분식전문점","신방화역 2번","남성 유동 비중",-0.0181729791974935,"비율",3
"구로4동주민센터","분식전문점","문성초등학교","프랜차이즈 점포",-2,"개",1
"구로4동주민센터","분식전문점","문성초등학교","총 유동인구",-867213,"명",2
"구로4동주민센터","분식전문점","문성초등학교","남성 유동 비중",0.014715061574655963,"비율",3
"남구로역 2번","분식전문점","남구로역 3번","총 유동인구",-1350557,"명",1
"남구로역 2번","분식전문점","남구로역 3번","06~11 유동 비중",-0.01661668916589143,"비율",2
"남구로역 2번","분식전문점","남구로역 3번","남성 유동 비중",0.030394275955385963,"비율",3
"대림역 2번","분식전문점","가산동우체국","남성 유동 비중",0.05983853833852132,"비율",1
"대림역 2번","분식전문점","가산동우체국","프랜차이즈 점포",-1,"개",2
"대림역 2번","분식전문점","가산동우체국","06~11 유동 비중",0.00533961349894671,"비율",3
"G타워","분식전문점","문정역 1번","남성 유동 비중",-0.06096343020969908,"비율",1
"G타워","분식전문점","문정역 1번","상주인구",-2440,"명",2
"G타워","분식전문점","문정역 1번","직장·상주 구조",1.0944787292888476,"비율",3
"가산디지털단지역 1번 출입구","분식전문점","동대문역사문화공원역 5번","남성 유동 비중",-0.0803404216287234,"비율",1
"가산디지털단지역 1번 출입구","분식전문점","동대문역사문화공원역 5번","직장·상주 구조",1.2774610950913408,"비율",2
"가산디지털단지역 1번 출입구","분식전문점","동대문역사문화공원역 5번","11~14 유동 비중",0.018452320202024475,"비율",3
"금천구립가산도서관","분식전문점","화원어린이공원","남성 유동 비중",-0.06195450820328574,"비율",1
"금천구립가산도서관","분식전문점","화원어린이공원","상주인구",-1982,"명",2
"금천구립가산도서관","분식전문점","화원어린이공원","프랜차이즈 점포",1,"개",3
"가산초등학교(세일중학교)","분식전문점","서울역 15번","총 유동인구",1085715,"명",1
"가산초등학교(세일중학교)","분식전문점","서울역 15번","직장·상주 구조",0.5902228846894575,"비율",2
"가산초등학교(세일중학교)","분식전문점","서울역 15번","21~24 유동 비중",0.00463613270253288,"비율",3
"독산2동주민센터","분식전문점","시흥초등학교(시흥1동우체국)","총 유동인구",458440,"명",1
"독산2동주민센터","분식전문점","시흥초등학교(시흥1동우체국)","11~14 유동 비중",0.0071633129984349925,"비율",2
"독산2동주민센터","분식전문점","시흥초등학교(시흥1동우체국)","00~06 유동 비중",-0.015315593425125007,"비율",3
"시흥초등학교(시흥1동우체국)","분식전문점","대림역 2번","06~11 유동 비중",0.009644024340643431,"비율",1
"시흥초등학교(시흥1동우체국)","분식전문점","대림역 2번","상주인구",-1957,"명",2
"시흥초등학교(시흥1동우체국)","분식전문점","대림역 2번","프랜차이즈 점포",1,"개",3
"독산동성당","분식전문점","목동보건지소","해당 업종 점포",3,"개",1
"독산동성당","분식전문점","목동보건지소","프랜차이즈 점포",1,"개",2
"독산동성당","분식전문점","목동보건지소","유사 업종 점포 밀도",0.23997789585384904,"개/10,000㎡",3
"석수역 1번 출입구","분식전문점","마장역 2번","프랜차이즈 점포",-1,"개",1
"석수역 1번 출입구","분식전문점","마장역 2번","11~14 유동 비중",0.011799528478204688,"비율",2
"석수역 1번 출입구","분식전문점","마장역 2번","직장·상주 구조",0.6797860465509631,"비율",3
"시흥4동주민센터(서울신흥초등학교)","분식전문점","자양동우체국","06~11 유동 비중",-0.010693454539622588,"비율",1
"시흥4동주민센터(서울신흥초등학교)","분식전문점","자양동우체국","남성 유동 비중",-0.023234484188986604,"비율",2
"시흥4동주민센터(서울신흥초등학교)","분식전문점","자양동우체국","총 유동인구",657930,"명",3
"한울중학교","분식전문점","시흥초등학교(시흥1동우체국)","상주인구",-1929,"명",1
"한울중학교","분식전문점","시흥초등학교(시흥1동우체국)","프랜차이즈 점포",1,"개",2
"한울중학교","분식전문점","시흥초등학교(시흥1동우체국)","상권 면적",-39781,"㎡",3
"시흥동 은행나무사거리","분식전문점","남강고등학교(남강중학교)","총 유동인구",1066378,"명",1
"시흥동 은행나무사거리","분식전문점","남강고등학교(남강중학교)","프랜차이즈 점포",1,"개",2
"시흥동 은행나무사거리","분식전문점","남강고등학교(남강중학교)","상주인구",1403,"명",3
"문래예술촌(문래창작촌)","분식전문점","경수초등학교","직장인구",-18950,"명",1
"문래예술촌(문래창작촌)","분식전문점","경수초등학교","총 유동인구",-2331734,"명",2
"문래예술촌(문래창작촌)","분식전문점","경수초등학교","17~21 유동 비중",-0.039675922799833646,"비율",3
"당산반도유보라팰리스아파트","분식전문점","광나루역 1번","11~14 유동 비중",0.013577616434136214,"비율",1
"당산반도유보라팰리스아파트","분식전문점","광나루역 1번","직장·상주 구조",0.8696067392810258,"비율",2
"당산반도유보라팰리스아파트","분식전문점","광나루역 1번","17~21 유동 비중",-0.013583006030420453,"비율",3
"영등포푸르지오아파트","분식전문점","홍제3동주민센터","남성 유동 비중",-0.027573282266747712,"비율",1
"영등포푸르지오아파트","분식전문점","홍제3동주민센터","프랜차이즈 점포",-1,"개",2
"영등포푸르지오아파트","분식전문점","홍제3동주민센터","주말 유동 비중",-0.011498161717899469,"비율",3
"신길3동주민센터","분식전문점","당고개역 2번","06~11 유동 비중",0.00640474817595052,"비율",1
"신길3동주민센터","분식전문점","당고개역 2번","해당 업종 점포",-2,"개",2
"신길3동주민센터","분식전문점","당고개역 2번","주말 유동 비중",-0.008617404752223445,"비율",3
"대림성모병원","분식전문점","홍대땡땡거리","06~11 유동 비중",-0.014053752517936502,"비율",1
"대림성모병원","분식전문점","홍대땡땡거리","남성 유동 비중",-0.0252579696671964,"비율",2
"대림성모병원","분식전문점","홍대땡땡거리","11~14 유동 비중",-0.016205459038793085,"비율",3
"대림1동주민센터","분식전문점","문성초등학교","프랜차이즈 점포",-3,"개",1
"대림1동주민센터","분식전문점","문성초등학교","남성 유동 비중",0.013495058227957546,"비율",2
"대림1동주민센터","분식전문점","문성초등학교","06~11 유동 비중",-0.004131407528990022,"비율",3
"영등포역 2번","분식전문점","낙성대역 1번(관악구민 종합체육센터)","상주인구",2714,"명",1
"영등포역 2번","분식전문점","낙성대역 1번(관악구민 종합체육센터)","21~24 유동 비중",0.010804589836389544,"비율",2
"영등포역 2번","분식전문점","낙성대역 1번(관악구민 종합체육센터)","프랜차이즈 점포",-1,"개",3
"KT대방빌딩","분식전문점","청룡동주민센터","유사 업종 점포 밀도",-2.5776450012632983,"개/10,000㎡",1
"KT대방빌딩","분식전문점","청룡동주민센터","17~21 유동 비중",0.017364554867600163,"비율",2
"KT대방빌딩","분식전문점","청룡동주민센터","주말 유동 비중",0.012497394352733171,"비율",3
"영신초등학교","분식전문점","공군호텔","상권 면적",65318,"㎡",1
"영신초등학교","분식전문점","공군호텔","프랜차이즈 점포",1,"개",2
"영신초등학교","분식전문점","공군호텔","총 유동인구",-484708,"명",3
"보라매역 6번","분식전문점","새절역 3번","06~11 유동 비중",-0.019717669513426378,"비율",1
"보라매역 6번","분식전문점","새절역 3번","주말 유동 비중",0.022683956929543114,"비율",2
"보라매역 6번","분식전문점","새절역 3번","총 유동인구",-706778,"명",3
"공군호텔","분식전문점","신방화역 2번","총 유동인구",1154301,"명",1
"공군호텔","분식전문점","신방화역 2번","해당 업종 점포",3,"개",2
"공군호텔","분식전문점","신방화역 2번","프랜차이즈 점포",-1,"개",3
"신대방역 4번","분식전문점","노량진역 6번","총 유동인구",959954,"명",1
"신대방역 4번","분식전문점","노량진역 6번","주말 유동 비중",-0.015904873204198144,"비율",2
"신대방역 4번","분식전문점","노량진역 6번","상권 면적",55708,"㎡",3
"성남고등학교","분식전문점","면목5동주민센터","직장·상주 구조",-1.0810368434760331,"비율",1
"성남고등학교","분식전문점","면목5동주민센터","주말 유동 비중",0.008035972397621383,"비율",2
"성남고등학교","분식전문점","면목5동주민센터","총 유동인구",-278437,"명",3
"보라매역 2번","분식전문점","장안제일시장","프랜차이즈 점포",1,"개",1
"보라매역 2번","분식전문점","장안제일시장","총 유동인구",-534294,"명",2
"보라매역 2번","분식전문점","장안제일시장","상주인구",-1345,"명",3
"대방역 3번","분식전문점","가양역 10번","유사 업종 점포 밀도",0.8504719308321654,"개/10,000㎡",1
"대방역 3번","분식전문점","가양역 10번","11~14 유동 비중",0.027738177175332335,"비율",2
"대방역 3번","분식전문점","가양역 10번","00~06 유동 비중",-0.0615667761516262,"비율",3
"NH농협은행 상도동지점","분식전문점","화원어린이공원","프랜차이즈 점포",1,"개",1
"NH농협은행 상도동지점","분식전문점","화원어린이공원","직장·상주 구조",-0.8542377114169994,"비율",2
"NH농협은행 상도동지점","분식전문점","화원어린이공원","남성 유동 비중",0.012815934390083661,"비율",3
"노량진역 6번","분식전문점","공군호텔","프랜차이즈 점포",2,"개",1
"노량진역 6번","분식전문점","공군호텔","총 유동인구",-646187,"명",2
"노량진역 6번","분식전문점","공군호텔","상권 면적",-54022,"㎡",3
"상도역 1번","분식전문점","전농중학교","21~24 유동 비중",-0.01846719330858515,"비율",1
"상도역 1번","분식전문점","전농중학교","14~17 유동 비중",0.02339144657922393,"비율",2
"상도역 1번","분식전문점","전농중학교","11~14 유동 비중",0.020151974435888537,"비율",3
"상도역 5번","분식전문점","강동역 4번(강풀만화거리)","총 유동인구",1589324,"명",1
"상도역 5번","분식전문점","강동역 4번(강풀만화거리)","해당 업종 점포",-3,"개",2
"상도역 5번","분식전문점","강동역 4번(강풀만화거리)","프랜차이즈 점포",-1,"개",3
"숭실대입구역 1번","분식전문점","신대방역 2번","21~24 유동 비중",0.015460941718860977,"비율",1
"숭실대입구역 1번","분식전문점","신대방역 2번","11~14 유동 비중",-0.014289647543557646,"비율",2
"숭실대입구역 1번","분식전문점","신대방역 2번","14~17 유동 비중",-0.013581002551035976,"비율",3
"숭실대입구역 4번","분식전문점","쌍문역1번(쌍리단길)","06~11 유동 비중",0.012727050910285392,"비율",1
"숭실대입구역 4번","분식전문점","쌍문역1번(쌍리단길)","해당 업종 점포",-3,"개",2
"숭실대입구역 4번","분식전문점","쌍문역1번(쌍리단길)","00~06 유동 비중",-0.030282936327431925,"비율",3
"남성역 1번","분식전문점","먹골역 1번","해당 업종 점포",-5,"개",1
"남성역 1번","분식전문점","먹골역 1번","상주인구",-2913,"명",2
"남성역 1번","분식전문점","먹골역 1번","상권 면적",-63957,"㎡",3
"양지어린이공원","분식전문점","인헌고등학교(인헌중학교)","06~11 유동 비중",0.006845115040169519,"비율",1
"양지어린이공원","분식전문점","인헌고등학교(인헌중학교)","유사 업종 점포 밀도",0.26460615940253196,"개/10,000㎡",2
"양지어린이공원","분식전문점","인헌고등학교(인헌중학교)","상권 면적",-23856,"㎡",3
"사당역 10번","분식전문점","강동역 4번(강풀만화거리)","총 유동인구",964694,"명",1
"사당역 10번","분식전문점","강동역 4번(강풀만화거리)","상권 면적",79342,"㎡",2
"사당역 10번","분식전문점","강동역 4번(강풀만화거리)","상주인구",1966,"명",3
"이수역 9번","분식전문점","장스여성병원","주말 유동 비중",0.017747912336065874,"비율",1
"이수역 9번","분식전문점","장스여성병원","유사 업종 점포 밀도",-0.3275413801086887,"개/10,000㎡",2
"이수역 9번","분식전문점","장스여성병원","상권 면적",25047,"㎡",3
"난향초등학교","분식전문점","백산초등학교","06~11 유동 비중",-0.012565568391976034,"비율",1
"난향초등학교","분식전문점","백산초등학교","21~24 유동 비중",0.008916813915461647,"비율",2
"난향초등학교","분식전문점","백산초등학교","11~14 유동 비중",-0.01245528764726124,"비율",3
"관악구신사동주민센터","분식전문점","송정역 3번","프랜차이즈 점포",2,"개",1
"관악구신사동주민센터","분식전문점","송정역 3번","남성 유동 비중",0.01847019990567894,"비율",2
"관악구신사동주민센터","분식전문점","송정역 3번","상권 면적",38138,"㎡",3
"난우초등학교","분식전문점","달마을공원","프랜차이즈 점포",1,"개",1
"난우초등학교","분식전문점","달마을공원","21~24 유동 비중",-0.005413051512844297,"비율",2
"난우초등학교","분식전문점","달마을공원","유사 업종 점포 밀도",0.18745408810825254,"개/10,000㎡",3
"남강고등학교(남강중학교)","분식전문점","남성역 1번","프랜차이즈 점포",-3,"개",1
"남강고등학교(남강중학교)","분식전문점","남성역 1번","총 유동인구",473513,"명",2
"남강고등학교(남강중학교)","분식전문점","남성역 1번","해당 업종 점포",2,"개",3
"남부초등학교","분식전문점","대림역 2번","남성 유동 비중",-0.018125021297061672,"비율",1
"남부초등학교","분식전문점","대림역 2번","직장·상주 구조",-0.4837442160939984,"비율",2
"남부초등학교","분식전문점","대림역 2번","상주인구",-881,"명",3
"신림역 5번(신림동주민센터, 신림동별빛거리)","분식전문점","독산동성당","총 유동인구",-2311705,"명",1
"신림역 5번(신림동주민센터, 신림동별빛거리)","분식전문점","독산동성당","남성 유동 비중",-0.044186374210793966,"비율",2
"신림역 5번(신림동주민센터, 신림동별빛거리)","분식전문점","독산동성당","상주인구",-3906,"명",3
"신원동주민센터","분식전문점","대림역 2번","유사 업종 점포 밀도",-0.751960866607,"개/10,000㎡",1
"신원동주민센터","분식전문점","대림역 2번","상권 면적",61349,"㎡",2
"신원동주민센터","분식전문점","대림역 2번","직장·상주 구조",0.7493093166034308,"비율",3
"신림역 8번","분식전문점","시흥초등학교(시흥1동우체국)","남성 유동 비중",-0.030602308156259084,"비율",1
"신림역 8번","분식전문점","시흥초등학교(시흥1동우체국)","06~11 유동 비중",-0.010558652219265136,"비율",2
"신림역 8번","분식전문점","시흥초등학교(시흥1동우체국)","총 유동인구",-519750,"명",3
"구립대학경로당(관악산샘말공원)","분식전문점","사가정역 4번","해당 업종 점포",-15,"개",1
"구립대학경로당(관악산샘말공원)","분식전문점","사가정역 4번","남성 유동 비중",-0.10127713091041773,"비율",2
"구립대학경로당(관악산샘말공원)","분식전문점","사가정역 4번","총 유동인구",-2945415,"명",3
"은천초등학교(은천교앞)","분식전문점","영등포푸르지오아파트","06~11 유동 비중",-0.011279143417754323,"비율",1
"은천초등학교(은천교앞)","분식전문점","영등포푸르지오아파트","남성 유동 비중",-0.01636797120250949,"비율",2
"은천초등학교(은천교앞)","분식전문점","영등포푸르지오아파트","상주인구",-1474,"명",3
"영락고등학교","분식전문점","면목동우체국","남성 유동 비중",-0.05115025209675467,"비율",1
"영락고등학교","분식전문점","면목동우체국","06~11 유동 비중",-0.013454837908582568,"비율",2
"영락고등학교","분식전문점","면목동우체국","17~21 유동 비중",0.014294490362835144,"비율",3
"관악해태어린이공원","분식전문점","금천구립가산도서관","남성 유동 비중",-0.05684742032163603,"비율",1
"관악해태어린이공원","분식전문점","금천구립가산도서관","총 유동인구",-580195,"명",2
"관악해태어린이공원","분식전문점","금천구립가산도서관","해당 업종 점포",-2,"개",3
"관악구 중앙길","분식전문점","면목역 2번","총 유동인구",-1279626,"명",1
"관악구 중앙길","분식전문점","면목역 2번","프랜차이즈 점포",-2,"개",2
"관악구 중앙길","분식전문점","면목역 2번","상주인구",-2253,"명",3
"샤로수길","분식전문점","신대방역 2번","총 유동인구",-2308905,"명",1
"샤로수길","분식전문점","신대방역 2번","상권 면적",-160262,"㎡",2
"샤로수길","분식전문점","신대방역 2번","해당 업종 점포",-7,"개",3
"서울대입구역 8번","분식전문점","신정역 5번","상주인구",2594,"명",1
"서울대입구역 8번","분식전문점","신정역 5번","총 유동인구",640282,"명",2
"서울대입구역 8번","분식전문점","신정역 5번","상권 면적",51922,"㎡",3
"낙성대역 1번(관악구민 종합체육센터)","분식전문점","시흥초등학교(시흥1동우체국)","상주인구",-2421,"명",1
"낙성대역 1번(관악구민 종합체육센터)","분식전문점","시흥초등학교(시흥1동우체국)","21~24 유동 비중",-0.009711223205615682,"비율",2
"낙성대역 1번(관악구민 종합체육센터)","분식전문점","시흥초등학교(시흥1동우체국)","11~14 유동 비중",0.011654507072662662,"비율",3
"인헌고등학교(인헌중학교)","분식전문점","서울대입구역 8번","프랜차이즈 점포",-1,"개",1
"인헌고등학교(인헌중학교)","분식전문점","서울대입구역 8번","06~11 유동 비중",-0.005476837470072188,"비율",2
"인헌고등학교(인헌중학교)","분식전문점","서울대입구역 8번","총 유동인구",335975,"명",3
"사당역 4번","분식전문점","상도역 5번","프랜차이즈 점포",2,"개",1
"사당역 4번","분식전문점","상도역 5번","해당 업종 점포",-4,"개",2
"사당역 4번","분식전문점","상도역 5번","총 유동인구",-361396,"명",3
"방배초등학교","분식전문점","서울역 12번","남성 유동 비중",0.07336083715538444,"비율",1
"방배초등학교","분식전문점","서울역 12번","직장인구",2465,"명",2
"방배초등학교","분식전문점","서울역 12번","주말 유동 비중",-0.017401366566310972,"비율",3
"구반포역","분식전문점","동대문역사문화공원역 5번","남성 유동 비중",-0.12428577066198582,"비율",1
"구반포역","분식전문점","동대문역사문화공원역 5번","14~17 유동 비중",-0.08603973750415542,"비율",2
"구반포역","분식전문점","동대문역사문화공원역 5번","00~06 유동 비중",0.16628228898178812,"비율",3
"양재역 8번(양재동우체국)","분식전문점","곰달래도서관","직장인구",-5795,"명",1
"양재역 8번(양재동우체국)","분식전문점","곰달래도서관","총 유동인구",1928624,"명",2
"양재역 8번(양재동우체국)","분식전문점","곰달래도서관","주말 유동 비중",0.028784809916408582,"비율",3
"신사은행나무공원","분식전문점","동대문역사문화공원역 5번","06~11 유동 비중",0.02075657618904206,"비율",1
"신사은행나무공원","분식전문점","동대문역사문화공원역 5번","주말 유동 비중",-0.030902485345871727,"비율",2
"신사은행나무공원","분식전문점","동대문역사문화공원역 5번","11~14 유동 비중",0.02039175578419794,"비율",3
"언주역 3번","분식전문점","장충초등학교","총 유동인구",-882348,"명",1
"언주역 3번","분식전문점","장충초등학교","남성 유동 비중",-0.02820342358055211,"비율",2
"언주역 3번","분식전문점","장충초등학교","프랜차이즈 점포",1,"개",3
"논현2동주민센터","분식전문점","서강대역 1번","주말 유동 비중",0.05811451374924806,"비율",1
"논현2동주민센터","분식전문점","서강대역 1번","11~14 유동 비중",-0.04250450781536491,"비율",2
"논현2동주민센터","분식전문점","서강대역 1번","14~17 유동 비중",-0.04343835922556094,"비율",3
"대청초등학교","분식전문점","신방화역 2번","해당 업종 점포",-6,"개",1
"대청초등학교","분식전문점","신방화역 2번","상권 면적",-56094,"㎡",2
"대청초등학교","분식전문점","신방화역 2번","프랜차이즈 점포",-1,"개",3
"삼전역 4번","분식전문점","관악구신사동주민센터","상주인구",-3360,"명",1
"삼전역 4번","분식전문점","관악구신사동주민센터","상권 면적",-72033,"㎡",2
"삼전역 4번","분식전문점","관악구신사동주민센터","프랜차이즈 점포",1,"개",3
"삼전역 1번","분식전문점","신방화역 2번","프랜차이즈 점포",-2,"개",1
"삼전역 1번","분식전문점","신방화역 2번","상주인구",-3501,"명",2
"삼전역 1번","분식전문점","신방화역 2번","상권 면적",-64691,"㎡",3
"삼전역 3번","분식전문점","삼전역 4번","상권 면적",79166,"㎡",1
"삼전역 3번","분식전문점","삼전역 4번","총 유동인구",856375,"명",2
"삼전역 3번","분식전문점","삼전역 4번","상주인구",2390,"명",3
"석촌고분역 1번","분식전문점","삼전역 1번","상권 면적",63529,"㎡",1
"석촌고분역 1번","분식전문점","삼전역 1번","남성 유동 비중",0.02257609784118314,"비율",2
"석촌고분역 1번","분식전문점","삼전역 1번","직장인구",1064,"명",3
"석촌고분역 3번","분식전문점","인헌고등학교(인헌중학교)","총 유동인구",642628,"명",1
"석촌고분역 3번","분식전문점","인헌고등학교(인헌중학교)","21~24 유동 비중",0.006844598588967715,"비율",2
"석촌고분역 3번","분식전문점","인헌고등학교(인헌중학교)","주말 유동 비중",0.010117833246977903,"비율",3
"석촌역 7번","분식전문점","삼전역 1번","해당 업종 점포",3,"개",1
"석촌역 7번","분식전문점","삼전역 1번","프랜차이즈 점포",1,"개",2
"석촌역 7번","분식전문점","삼전역 1번","상권 면적",45383,"㎡",3
"잠실나루역","분식전문점","보문역 8번","유사 업종 점포 밀도",-1.3427476133959768,"개/10,000㎡",1
"잠실나루역","분식전문점","보문역 8번","직장·상주 구조",-2.8445826438986694,"비율",2
"잠실나루역","분식전문점","보문역 8번","주말 유동 비중",0.030930631896916416,"비율",3
"석촌역 6번","분식전문점","장안중학교","상주인구",-1743,"명",1
"석촌역 6번","분식전문점","장안중학교","남성 유동 비중",0.014223228240534402,"비율",2
"석촌역 6번","분식전문점","장안중학교","상권 면적",-30198,"㎡",3
"송파나루역 1번(송리단길)","분식전문점","수락산역 4번","직장인구",-2857,"명",1
"송파나루역 1번(송리단길)","분식전문점","수락산역 4번","06~11 유동 비중",0.016557443863931154,"비율",2
"송파나루역 1번(송리단길)","분식전문점","수락산역 4번","프랜차이즈 점포",2,"개",3
"석촌역 3번","분식전문점","경성고등학교","상권 면적",94948,"㎡",1
"석촌역 3번","분식전문점","경성고등학교","총 유동인구",1022030,"명",2
"석촌역 3번","분식전문점","경성고등학교","프랜차이즈 점포",1,"개",3
"방이역 4번","분식전문점","곰달래도서관","17~21 유동 비중",-0.0616785415228617,"비율",1
"방이역 4번","분식전문점","곰달래도서관","06~11 유동 비중",0.025035891426271273,"비율",2
"방이역 4번","분식전문점","곰달래도서관","직장인구",-3488,"명",3
"문정역 1번","분식전문점","개포고등학교","남성 유동 비중",-0.054272672343710915,"비율",1
"문정역 1번","분식전문점","개포고등학교","직장인구",-1962,"명",2
"문정역 1번","분식전문점","개포고등학교","프랜차이즈 점포",-1,"개",3
"문정역 2번","분식전문점","동대부고","직장인구",-4387,"명",1
"문정역 2번","분식전문점","동대부고","남성 유동 비중",0.029871021815782828,"비율",2
"문정역 2번","분식전문점","동대부고","직장·상주 구조",-1.2146189297799896,"비율",3
"문정초등학교","분식전문점","문정역 2번","프랜차이즈 점포",1,"개",1
"문정초등학교","분식전문점","문정역 2번","주말 유동 비중",-0.010658948218907172,"비율",2
"문정초등학교","분식전문점","문정역 2번","11~14 유동 비중",0.0064319950624203565,"비율",3
"문현중학교(장지역 1번)","분식전문점","가양역 10번","00~06 유동 비중",-0.0607940907943372,"비율",1
"문현중학교(장지역 1번)","분식전문점","가양역 10번","21~24 유동 비중",-0.014776670932154012,"비율",2
"문현중학교(장지역 1번)","분식전문점","가양역 10번","유사 업종 점포 밀도",0.5864738159361031,"개/10,000㎡",3
"거여역 1번(거여공원)","분식전문점","암사동성당(효정하나플러스아파트)","직장·상주 구조",-1.2473030345759355,"비율",1
"거여역 1번(거여공원)","분식전문점","암사동성당(효정하나플러스아파트)","21~24 유동 비중",0.011388737401491433,"비율",2
"거여역 1번(거여공원)","분식전문점","암사동성당(효정하나플러스아파트)","직장인구",-1292,"명",3
"남천초등학교","분식전문점","시흥초등학교(시흥1동우체국)","프랜차이즈 점포",-1,"개",1
"남천초등학교","분식전문점","시흥초등학교(시흥1동우체국)","해당 업종 점포",-2,"개",2
"남천초등학교","분식전문점","시흥초등학교(시흥1동우체국)","총 유동인구",-362223,"명",3
"마천역(마천초등학교)","분식전문점","상도역 5번","해당 업종 점포",-6,"개",1
"마천역(마천초등학교)","분식전문점","상도역 5번","유사 업종 점포 밀도",-0.34552559893866086,"개/10,000㎡",2
"마천역(마천초등학교)","분식전문점","상도역 5번","프랜차이즈 점포",1,"개",3
"천호역 6번","분식전문점","상계5동주민센터","상권 면적",58078,"㎡",1
"천호역 6번","분식전문점","상계5동주민센터","00~06 유동 비중",0.027999193633344077,"비율",2
"천호역 6번","분식전문점","상계5동주민센터","21~24 유동 비중",0.007049188878554241,"비율",3
"천호공원(해공체육문화센터)","분식전문점","장곡초등학교","프랜차이즈 점포",-1,"개",1
"천호공원(해공체육문화센터)","분식전문점","장곡초등학교","21~24 유동 비중",0.005350587698913278,"비율",2
"천호공원(해공체육문화센터)","분식전문점","장곡초등학교","14~17 유동 비중",-0.007397979158062659,"비율",3
"강동역 4번(강풀만화거리)","분식전문점","먹골역 1번","상권 면적",-133861,"㎡",1
"강동역 4번(강풀만화거리)","분식전문점","먹골역 1번","상주인구",-4572,"명",2
"강동역 4번(강풀만화거리)","분식전문점","먹골역 1번","총 유동인구",-1186351,"명",3
"암사역 2번(서울강동초등학교)","분식전문점","신창초등학교","상권 면적",77921,"㎡",1
"암사역 2번(서울강동초등학교)","분식전문점","신창초등학교","총 유동인구",-776649,"명",2
"암사역 2번(서울강동초등학교)","분식전문점","신창초등학교","남성 유동 비중",-0.014995182269563367,"비율",3
"강동구립 천호도서관","분식전문점","영락고등학교","남성 유동 비중",0.02416864150348008,"비율",1
"강동구립 천호도서관","분식전문점","영락고등학교","프랜차이즈 점포",1,"개",2
"강동구립 천호도서관","분식전문점","영락고등학교","06~11 유동 비중",0.007245613891964264,"비율",3
"강동구립성내도서관","분식전문점","상계5동주민센터","총 유동인구",681771,"명",1
"강동구립성내도서관","분식전문점","상계5동주민센터","해당 업종 점포",-3,"개",2
"강동구립성내도서관","분식전문점","상계5동주민센터","06~11 유동 비중",-0.008000412009186525,"비율",3
"둔촌동역 1번(한산중학교)","분식전문점","대청초등학교","총 유동인구",-911222,"명",1
"둔촌동역 1번(한산중학교)","분식전문점","대청초등학교","해당 업종 점포",4,"개",2
"둔촌동역 1번(한산중학교)","분식전문점","대청초등학교","상권 면적",57090,"㎡",3
"길동주민센터(강동도서관)","분식전문점","합정역 8번","총 유동인구",-2312625,"명",1
"길동주민센터(강동도서관)","분식전문점","합정역 8번","상주인구",-5443,"명",2
"길동주민센터(강동도서관)","분식전문점","합정역 8번","상권 면적",-73400,"㎡",3
"굽은다리역 4번","분식전문점","관악구신사동주민센터","총 유동인구",-1925040,"명",1
"굽은다리역 4번","분식전문점","관악구신사동주민센터","남성 유동 비중",0.0325672643044817,"비율",2
"굽은다리역 4번","분식전문점","관악구신사동주민센터","해당 업종 점포",4,"개",3
"굽은다리역 3번","분식전문점","KB국민은행 망원동지점","06~11 유동 비중",-0.01268543153956661,"비율",1
"굽은다리역 3번","분식전문점","KB국민은행 망원동지점","주말 유동 비중",-0.020784218729892945,"비율",2
"굽은다리역 3번","분식전문점","KB국민은행 망원동지점","프랜차이즈 점포",1,"개",3
"묘곡초등학교(고덕아이파크아파트)","분식전문점","공군호텔","남성 유동 비중",-0.019550781514278526,"비율",1
"묘곡초등학교(고덕아이파크아파트)","분식전문점","공군호텔","프랜차이즈 점포",-1,"개",2
"묘곡초등학교(고덕아이파크아파트)","분식전문점","공군호텔","상권 면적",38238,"㎡",3
"한영중고","분식전문점","안암역 2번","주말 유동 비중",-0.042891774488890644,"비율",1
"한영중고","분식전문점","안암역 2번","06~11 유동 비중",-0.012395681048663842,"비율",2
"한영중고","분식전문점","안암역 2번","11~14 유동 비중",0.017610976710796394,"비율",3
"상일여고(상일초등학교)","분식전문점","명지대학교교회","프랜차이즈 점포",-2,"개",1
"상일여고(상일초등학교)","분식전문점","명지대학교교회","남성 유동 비중",-0.03660692624355122,"비율",2
"상일여고(상일초등학교)","분식전문점","명지대학교교회","총 유동인구",839425,"명",3
"독립문역 1번","커피-음료","천왕역 3번(오류2동주민센터, 서울오류남초등학교)","직장·상주 구조",-1.642541870475502,"비율",1
"독립문역 1번","커피-음료","천왕역 3번(오류2동주민센터, 서울오류남초등학교)","총 유동인구",-356601,"명",2
"독립문역 1번","커피-음료","천왕역 3번(오류2동주민센터, 서울오류남초등학교)","유사 업종 점포 밀도",-0.3266184351248016,"개/10,000㎡",3
"세검정초등학교","커피-음료","평창동서측","상권 면적",177845,"㎡",1
"세검정초등학교","커피-음료","평창동서측","직장인구",3875,"명",2
"세검정초등학교","커피-음료","평창동서측","남성 유동 비중",-0.040671824688443325,"비율",3
"성곡미술관","커피-음료","숙대입구역 1번","남성 유동 비중",0.07495833162456206,"비율",1
"성곡미술관","커피-음료","숙대입구역 1번","21~24 유동 비중",0.020461354960055578,"비율",2
"성곡미술관","커피-음료","숙대입구역 1번","11~14 유동 비중",-0.028841249147806003,"비율",3
"체부동홍종문가옥","커피-음료","남가좌동현대아파트","17~21 유동 비중",0.05576404041440572,"비율",1
"체부동홍종문가옥","커피-음료","남가좌동현대아파트","남성 유동 비중",0.05128437527625157,"비율",2
"체부동홍종문가옥","커피-음료","남가좌동현대아파트","00~06 유동 비중",-0.06990716192056132,"비율",3
"경복고등학교","커피-음료","중구회현체육센터(정화예술대남산캠퍼스)","06~11 유동 비중",-0.02935002657960295,"비율",1
"경복고등학교","커피-음료","중구회현체육센터(정화예술대남산캠퍼스)","00~06 유동 비중",0.05223374787163307,"비율",2
"경복고등학교","커피-음료","중구회현체육센터(정화예술대남산캠퍼스)","21~24 유동 비중",0.010972196627559522,"비율",3
"중앙고등학교","커피-음료","선정릉역 4번","14~17 유동 비중",-0.0367665348621635,"비율",1
"중앙고등학교","커피-음료","선정릉역 4번","11~14 유동 비중",-0.02891078156639812,"비율",2
"중앙고등학교","커피-음료","선정릉역 4번","21~24 유동 비중",0.01715494817044748,"비율",3
"창덕궁","커피-음료","국기원","06~11 유동 비중",-0.056998469253826206,"비율",1
"창덕궁","커피-음료","국기원","17~21 유동 비중",0.08779235008506034,"비율",2
"창덕궁","커피-음료","국기원","21~24 유동 비중",0.04038816164237978,"비율",3
"서울국제고등학교","커피-음료","굽은다리역 2번","21~24 유동 비중",0.01037423395055602,"비율",1
"서울국제고등학교","커피-음료","굽은다리역 2번","총 유동인구",-533695,"명",2
"서울국제고등학교","커피-음료","굽은다리역 2번","상권 면적",-45910,"㎡",3
"성균관대학교","커피-음료","홍대땡땡거리","유사 업종 점포 밀도",2.295928395367108,"개/10,000㎡",1
"성균관대학교","커피-음료","홍대땡땡거리","해당 업종 점포",21,"개",2
"성균관대학교","커피-음료","홍대땡땡거리","프랜차이즈 점포",3,"개",3
"경신고등학교","커피-음료","내를건너서숲으로도서관","11~14 유동 비중",0.014078796069749891,"비율",1
"경신고등학교","커피-음료","내를건너서숲으로도서관","00~06 유동 비중",-0.024277406060226187,"비율",2
"경신고등학교","커피-음료","내를건너서숲으로도서관","14~17 유동 비중",0.010222295514039553,"비율",3
"혜화동주민센터","커피-음료","광나루역 1번","06~11 유동 비중",-0.008191310882764313,"비율",1
"혜화동주민센터","커피-음료","광나루역 1번","11~14 유동 비중",0.011797746541076681,"비율",2
"혜화동주민센터","커피-음료","광나루역 1번","직장·상주 구조",0.6358730256266005,"비율",3
"혜화역 1번","커피-음료","계상초등학교","06~11 유동 비중",0.041931385360275825,"비율",1
"혜화역 1번","커피-음료","계상초등학교","17~21 유동 비중",-0.042920088043063714,"비율",2
"혜화역 1번","커피-음료","계상초등학교","14~17 유동 비중",-0.04082561864174983,"비율",3
"이화달팽이길","커피-음료","보문역 5번","06~11 유동 비중",0.009623726373423847,"비율",1
"이화달팽이길","커피-음료","보문역 5번","주말 유동 비중",-0.015040091682350099,"비율",2
"이화달팽이길","커피-음료","보문역 5번","00~06 유동 비중",-0.03191625239075119,"비율",3
"동대문역 1번","커피-음료","까치산역 3번","총 유동인구",2942726,"명",1
"동대문역 1번","커피-음료","까치산역 3번","상주인구",5070,"명",2
"동대문역 1번","커피-음료","까치산역 3번","직장·상주 구조",2.076050678073524,"비율",3
"동묘앞역 2번","커피-음료","천호공원(해공체육문화센터)","06~11 유동 비중",-0.01708084718094377,"비율",1
"동묘앞역 2번","커피-음료","천호공원(해공체육문화센터)","남성 유동 비중",-0.02658172275682963,"비율",2
"동묘앞역 2번","커피-음료","천호공원(해공체육문화센터)","프랜차이즈 점포",1,"개",3
"신설동역 12번","커피-음료","종암중학교","06~11 유동 비중",0.015322202235219795,"비율",1
"신설동역 12번","커피-음료","종암중학교","상권 면적",36177,"㎡",2
"신설동역 12번","커피-음료","종암중학교","직장인구",763,"명",3
"경향신문사","커피-음료","강동성심병원","주말 유동 비중",0.0970480533776715,"비율",1
"경향신문사","커피-음료","강동성심병원","21~24 유동 비중",0.0577736306141865,"비율",2
"경향신문사","커피-음료","강동성심병원","11~14 유동 비중",-0.0856393333426124,"비율",3
"중구회현체육센터(정화예술대남산캠퍼스)","커피-음료","청와대사랑채","주말 유동 비중",0.03247342610935694,"비율",1
"중구회현체육센터(정화예술대남산캠퍼스)","커피-음료","청와대사랑채","14~17 유동 비중",0.035323887357278816,"비율",2
"중구회현체육센터(정화예술대남산캠퍼스)","커피-음료","청와대사랑채","남성 유동 비중",-0.03632161535353934,"비율",3
"남산케이블카","커피-음료","연희파출소","11~14 유동 비중",-0.06058103818909938,"비율",1
"남산케이블카","커피-음료","연희파출소","21~24 유동 비중",0.03047776372591253,"비율",2
"남산케이블카","커피-음료","연희파출소","14~17 유동 비중",-0.02857509554879631,"비율",3
"충무초등학교","커피-음료","선유도역 6번","직장인구",3912,"명",1
"충무초등학교","커피-음료","선유도역 6번","주말 유동 비중",-0.02855155922400926,"비율",2
"충무초등학교","커피-음료","선유도역 6번","직장·상주 구조",1.5794539667172094,"비율",3
"동대문역사문화공원역 5번","커피-음료","더케이호텔(양재리본타워2단지아파트)","주말 유동 비중",0.04524957318671821,"비율",1
"동대문역사문화공원역 5번","커피-음료","더케이호텔(양재리본타워2단지아파트)","남성 유동 비중",0.056885576750796585,"비율",2
"동대문역사문화공원역 5번","커피-음료","더케이호텔(양재리본타워2단지아파트)","11~14 유동 비중",-0.025593073966212326,"비율",3
"장충동주민센터","커피-음료","성미산체육관","남성 유동 비중",-0.028290039307387327,"비율",1
"장충동주민센터","커피-음료","성미산체육관","총 유동인구",-564271,"명",2
"장충동주민센터","커피-음료","성미산체육관","유사 업종 점포 밀도",0.5502147085287814,"개/10,000㎡",3
"장충단 고개","커피-음료","광진정보도서관","직장인구",4697,"명",1
"장충단 고개","커피-음료","광진정보도서관","직장·상주 구조",1.5871096432981764,"비율",2
"장충단 고개","커피-음료","광진정보도서관","주말 유동 비중",0.021944633931627655,"비율",3
"청구역 3번","커피-음료","보인중학교","남성 유동 비중",0.04082300147233364,"비율",1
"청구역 3번","커피-음료","보인중학교","프랜차이즈 점포",1,"개",2
"청구역 3번","커피-음료","보인중학교","직장인구",562,"명",3
"신당역 3번","커피-음료","숭실대입구역 1번","남성 유동 비중",0.024808460777252295,"비율",1
"신당역 3번","커피-음료","숭실대입구역 1번","17~21 유동 비중",-0.011695873875779889,"비율",2
"신당역 3번","커피-음료","숭실대입구역 1번","14~17 유동 비중",-0.011747369144586822,"비율",3
"효창공원앞역 6번","커피-음료","계상초등학교","직장·상주 구조",-1.412939574274156,"비율",1
"효창공원앞역 6번","커피-음료","계상초등학교","06~11 유동 비중",0.008258955298520637,"비율",2
"효창공원앞역 6번","커피-음료","계상초등학교","직장인구",-939,"명",3
"효창동주민센터","커피-음료","간데메공원","프랜차이즈 점포",1,"개",1
"효창동주민센터","커피-음료","간데메공원","상권 면적",22305,"㎡",2
"효창동주민센터","커피-음료","간데메공원","06~11 유동 비중",-0.0038517993544976703,"비율",3
"한강로동땡땡거리(은행나무길)","커피-음료","문래예술촌(문래창작촌)","직장인구",21011,"명",1
"한강로동땡땡거리(은행나무길)","커피-음료","문래예술촌(문래창작촌)","총 유동인구",2504947,"명",2
"한강로동땡땡거리(은행나무길)","커피-음료","문래예술촌(문래창작촌)","상권 면적",167032,"㎡",3
"효창공원앞역 5번","커피-음료","동대부고","06~11 유동 비중",0.00797922851107466,"비율",1
"효창공원앞역 5번","커피-음료","동대부고","남성 유동 비중",0.014728898390160672,"비율",2
"효창공원앞역 5번","커피-음료","동대부고","프랜차이즈 점포",1,"개",3
"효창공원앞역 2번","커피-음료","남영역 1번","06~11 유동 비중",-0.01224738935421138,"비율",1
"효창공원앞역 2번","커피-음료","남영역 1번","남성 유동 비중",0.025255874792400823,"비율",2
"효창공원앞역 2번","커피-음료","남영역 1번","17~21 유동 비중",0.015703135126002105,"비율",3
"서울역 15번","커피-음료","동대부고","총 유동인구",-824587,"명",1
"서울역 15번","커피-음료","동대부고","남성 유동 비중",-0.017139335418251855,"비율",2
"서울역 15번","커피-음료","동대부고","프랜차이즈 점포",1,"개",3
"배문고등학교","커피-음료","마천역(마천초등학교)","06~11 유동 비중",-0.007670320410522513,"비율",1
"배문고등학교","커피-음료","마천역(마천초등학교)","17~21 유동 비중",0.012716137545205536,"비율",2
"배문고등학교","커피-음료","마천역(마천초등학교)","해당 업종 점포",-5,"개",3
"남영역 1번","커피-음료","삼선동주민센터","총 유동인구",1466186,"명",1
"남영역 1번","커피-음료","삼선동주민센터","남성 유동 비중",-0.026979698354013093,"비율",2
"남영역 1번","커피-음료","삼선동주민센터","프랜차이즈 점포",2,"개",3
"숙대입구","커피-음료","삼선동주민센터","프랜차이즈 점포",-9,"개",1
"숙대입구","커피-음료","삼선동주민센터","해당 업종 점포",-26,"개",2
"숙대입구","커피-음료","삼선동주민센터","남성 유동 비중",0.045953631550302465,"비율",3
"서울역 12번","커피-음료","보인중학교","프랜차이즈 점포",-6,"개",1
"서울역 12번","커피-음료","보인중학교","직장인구",-2716,"명",2
"서울역 12번","커피-음료","보인중학교","해당 업종 점포",-6,"개",3
"숙대입구역 1번","커피-음료","보인중학교","상권 면적",-45303,"㎡",1
"숙대입구역 1번","커피-음료","보인중학교","14~17 유동 비중",-0.01504100252664578,"비율",2
"숙대입구역 1번","커피-음료","보인중학교","남성 유동 비중",-0.01481806858818302,"비율",3
"삼광초등학교","커피-음료","시립대앞사거리","직장·상주 구조",-2.8516730016621628,"비율",1
"삼광초등학교","커피-음료","시립대앞사거리","06~11 유동 비중",0.011288592919537405,"비율",2
"삼광초등학교","커피-음료","시립대앞사거리","주말 유동 비중",-0.007858753294784693,"비율",3
"후암동주민센터","커피-음료","상도역 5번","17~21 유동 비중",0.030795255377964487,"비율",1
"후암동주민센터","커피-음료","상도역 5번","해당 업종 점포",-10,"개",2
"후암동주민센터","커피-음료","상도역 5번","06~11 유동 비중",-0.012069342619995482,"비율",3
"해방촌예술마을","커피-음료","상계2동주민센터","해당 업종 점포",-9,"개",1
"해방촌예술마을","커피-음료","상계2동주민센터","유사 업종 점포 밀도",-0.6428583350679745,"개/10,000㎡",2
"해방촌예술마을","커피-음료","상계2동주민센터","21~24 유동 비중",-0.008260512914925827,"비율",3
"해방촌 남동측","커피-음료","상계초등학교","유사 업종 점포 밀도",-2.4696082436996862,"개/10,000㎡",1
"해방촌 남동측","커피-음료","상계초등학교","해당 업종 점포",-29,"개",2
"해방촌 남동측","커피-음료","상계초등학교","총 유동인구",597572,"명",3
"용산구청","커피-음료","그라운드 고척","직장인구",-5760,"명",1
"용산구청","커피-음료","그라운드 고척","프랜차이즈 점포",5,"개",2
"용산구청","커피-음료","그라운드 고척","직장·상주 구조",-2.0724623223966585,"비율",3
"서빙고역 1번","커피-음료","더케이호텔(양재리본타워2단지아파트)","직장인구",-3641,"명",1
"서빙고역 1번","커피-음료","더케이호텔(양재리본타워2단지아파트)","남성 유동 비중",0.03864258108756147,"비율",2
"서빙고역 1번","커피-음료","더케이호텔(양재리본타워2단지아파트)","직장·상주 구조",-1.644739115535347,"비율",3
"경리단길북측","커피-음료","메가박스 상봉","상권 면적",-101315,"㎡",1
"경리단길북측","커피-음료","메가박스 상봉","프랜차이즈 점포",-3,"개",2
"경리단길북측","커피-음료","메가박스 상봉","해당 업종 점포",-12,"개",3
"이태원엔틱가구거리","커피-음료","우장산롯데캐슬아파트앞","남성 유동 비중",-0.0680940266754006,"비율",1
"이태원엔틱가구거리","커피-음료","우장산롯데캐슬아파트앞","17~21 유동 비중",0.017232894413865052,"비율",2
"이태원엔틱가구거리","커피-음료","우장산롯데캐슬아파트앞","유사 업종 점포 밀도",0.4144766454762816,"개/10,000㎡",3
"한국폴리텍대학서울정수캠퍼스","커피-음료","국악고교사거리","유사 업종 점포 밀도",0.8776948002754206,"개/10,000㎡",1
"한국폴리텍대학서울정수캠퍼스","커피-음료","국악고교사거리","06~11 유동 비중",-0.012379329405532519,"비율",2
"한국폴리텍대학서울정수캠퍼스","커피-음료","국악고교사거리","남성 유동 비중",-0.027004376234513794,"비율",3
"리움미술관","커피-음료","옥수역 6번","06~11 유동 비중",0.022165062950174175,"비율",1
"리움미술관","커피-음료","옥수역 6번","11~14 유동 비중",-0.03464401833826625,"비율",2
"리움미술관","커피-음료","옥수역 6번","14~17 유동 비중",-0.038221752267203785,"비율",3
"우사단길","커피-음료","숭실대입구역 1번","직장인구",-6782,"명",1
"우사단길","커피-음료","숭실대입구역 1번","직장·상주 구조",-2.1544865225224132,"비율",2
"우사단길","커피-음료","숭실대입구역 1번","상권 면적",-86494,"㎡",3
"한강진역 3번","커피-음료","한강로동땡땡거리(은행나무길)","17~21 유동 비중",0.03984177605636649,"비율",1
"한강진역 3번","커피-음료","한강로동땡땡거리(은행나무길)","직장인구",-2541,"명",2
"한강진역 3번","커피-음료","한강로동땡땡거리(은행나무길)","06~11 유동 비중",-0.017066030893654632,"비율",3
"한남힐사이드아파트","커피-음료","대방역 3번","14~17 유동 비중",-0.03068480505732127,"비율",1
"한남힐사이드아파트","커피-음료","대방역 3번","00~06 유동 비중",0.053523711184645245,"비율",2
"한남힐사이드아파트","커피-음료","대방역 3번","11~14 유동 비중",-0.02273104815001753,"비율",3
"서울독일학교","커피-음료","방배동사이길","유사 업종 점포 밀도",0.9534545332431328,"개/10,000㎡",1
"서울독일학교","커피-음료","방배동사이길","남성 유동 비중",-0.016259182248734294,"비율",2
"서울독일학교","커피-음료","방배동사이길","프랜차이즈 점포",1,"개",3
"옥수역 6번","커피-음료","방배동사이길","17~21 유동 비중",-0.03191583307495377,"비율",1
"옥수역 6번","커피-음료","방배동사이길","직장·상주 구조",1.390330019705158,"비율",2
"옥수역 6번","커피-음료","방배동사이길","06~11 유동 비중",0.010996160213137568,"비율",3
"금동어린이공원","커피-음료","독산동정훈단지","직장·상주 구조",1.5980602406435191,"비율",1
"금동어린이공원","커피-음료","독산동정훈단지","남성 유동 비중",0.01984739583887346,"비율",2
"금동어린이공원","커피-음료","독산동정훈단지","프랜차이즈 점포",1,"개",3
"금호사거리","커피-음료","미아초등학교","06~11 유동 비중",-0.014194989911772482,"비율",1
"금호사거리","커피-음료","미아초등학교","유사 업종 점포 밀도",-0.7205986479969875,"개/10,000㎡",2
"금호사거리","커피-음료","미아초등학교","11~14 유동 비중",-0.017531960999738624,"비율",3
"금호삼성래미안아파트","커피-음료","구암초등학교","유사 업종 점포 밀도",-1.7178924040914663,"개/10,000㎡",1
"금호삼성래미안아파트","커피-음료","구암초등학교","직장·상주 구조",-0.5973154346846847,"비율",2
"금호삼성래미안아파트","커피-음료","구암초등학교","주말 유동 비중",-0.008847012638055984,"비율",3
"행당역 2번","커피-음료","장스여성병원","직장·상주 구조",1.3742338870191615,"비율",1
"행당역 2번","커피-음료","장스여성병원","11~14 유동 비중",-0.008661815936269343,"비율",2
"행당역 2번","커피-음료","장스여성병원","06~11 유동 비중",-0.004347246966403456,"비율",3
"상왕십리역 3번","커피-음료","보문역 4번","06~11 유동 비중",0.011066277462433133,"비율",1
"상왕십리역 3번","커피-음료","보문역 4번","남성 유동 비중",-0.020054543753364018,"비율",2
"상왕십리역 3번","커피-음료","보문역 4번","프랜차이즈 점포",-1,"개",3
"왕십리역 9번","커피-음료","쌍문역1번(쌍리단길)","총 유동인구",-1249551,"명",1
"왕십리역 9번","커피-음료","쌍문역1번(쌍리단길)","06~11 유동 비중",0.010880200236114551,"비율",2
"왕십리역 9번","커피-음료","쌍문역1번(쌍리단길)","직장·상주 구조",-0.6292244195588976,"비율",3
"한양대역 4번","커피-음료","시립대앞사거리","직장·상주 구조",-2.2500087592218687,"비율",1
"한양대역 4번","커피-음료","시립대앞사거리","주말 유동 비중",0.03129518579017121,"비율",2
"한양대역 4번","커피-음료","시립대앞사거리","남성 유동 비중",-0.03421433858984474,"비율",3
"마장역 2번","커피-음료","방화역 1번","상주인구",1816,"명",1
"마장역 2번","커피-음료","방화역 1번","직장인구",796,"명",2
"마장역 2번","커피-음료","방화역 1번","직장·상주 구조",-0.6182804488475977,"비율",3
"뚝섬역교차로","커피-음료","발산역 5번","남성 유동 비중",-0.04827578038677277,"비율",1
"뚝섬역교차로","커피-음료","발산역 5번","17~21 유동 비중",0.022711018120700283,"비율",2
"뚝섬역교차로","커피-음료","발산역 5번","00~06 유동 비중",-0.03641842503553139,"비율",3
"성수1가1동주민센터","커피-음료","삼성전자서울R&D(서울우면초등학교)","주말 유동 비중",-0.11945046021892908,"비율",1
"성수1가1동주민센터","커피-음료","삼성전자서울R&D(서울우면초등학교)","남성 유동 비중",0.11457780629692671,"비율",2
"성수1가1동주민센터","커피-음료","삼성전자서울R&D(서울우면초등학교)","11~14 유동 비중",0.05217221792797169,"비율",3
"성원중학교","커피-음료","석촌역 6번","상권 면적",-126586,"㎡",1
"성원중학교","커피-음료","석촌역 6번","남성 유동 비중",-0.03911606303424314,"비율",2
"성원중학교","커피-음료","석촌역 6번","해당 업종 점포",-9,"개",3
"성원어린이공원","커피-음료","성수2가3동주민센터","프랜차이즈 점포",-2,"개",1
"성원어린이공원","커피-음료","성수2가3동주민센터","총 유동인구",401936,"명",2
"성원어린이공원","커피-음료","성수2가3동주민센터","직장·상주 구조",-0.4600545093192432,"비율",3
"성수동카페거리","커피-음료","등촌3동주민센터","14~17 유동 비중",-0.08300538464941007,"비율",1
"성수동카페거리","커피-음료","등촌3동주민센터","해당 업종 점포",-29,"개",2
"성수동카페거리","커피-음료","등촌3동주민센터","21~24 유동 비중",0.03950505775429132,"비율",3
"성수2가3동주민센터","커피-음료","언주역 3번","유사 업종 점포 밀도",-0.9266112258713022,"개/10,000㎡",1
"성수2가3동주민센터","커피-음료","언주역 3번","총 유동인구",818874,"명",2
"성수2가3동주민센터","커피-음료","언주역 3번","프랜차이즈 점포",2,"개",3
"성수119안전센터","커피-음료","성원중학교","17~21 유동 비중",-0.020408402233503348,"비율",1
"성수119안전센터","커피-음료","성원중학교","00~06 유동 비중",0.03917406527283937,"비율",2
"성수119안전센터","커피-음료","성원중학교","상주인구",1596,"명",3
"성동세무서","커피-음료","중구회현체육센터(정화예술대남산캠퍼스)","상권 면적",-60520,"㎡",1
"성동세무서","커피-음료","중구회현체육센터(정화예술대남산캠퍼스)","11~14 유동 비중",0.017920919124828405,"비율",2
"성동세무서","커피-음료","중구회현체육센터(정화예술대남산캠퍼스)","21~24 유동 비중",-0.010562204921376522,"비율",3
"경수초등학교","커피-음료","문래예술촌(문래창작촌)","직장인구",18950,"명",1
"경수초등학교","커피-음료","문래예술촌(문래창작촌)","총 유동인구",2331734,"명",2
"경수초등학교","커피-음료","문래예술촌(문래창작촌)","17~21 유동 비중",0.039675922799833646,"비율",3
"성수초등학교","커피-음료","선유도역 6번","직장인구",-5802,"명",1
"성수초등학교","커피-음료","선유도역 6번","해당 업종 점포",-33,"개",2
"성수초등학교","커피-음료","선유도역 6번","상권 면적",-177618,"㎡",3
"송정체육공원","커피-음료","동묘앞역 2번","21~24 유동 비중",0.008328042976830347,"비율",1
"송정체육공원","커피-음료","동묘앞역 2번","유사 업종 점포 밀도",-0.35323928563796525,"개/10,000㎡",2
"송정체육공원","커피-음료","동묘앞역 2번","14~17 유동 비중",-0.01023146133477043,"비율",3
"건대입구역 6번","커피-음료","천호역 6번","상주인구",2358,"명",1
"건대입구역 6번","커피-음료","천호역 6번","유사 업종 점포 밀도",0.4322612576532442,"개/10,000㎡",2
"건대입구역 6번","커피-음료","천호역 6번","해당 업종 점포",5,"개",3
"건대입구역 1번","커피-음료","증산역 1번","프랜차이즈 점포",2,"개",1
"건대입구역 1번","커피-음료","증산역 1번","상권 면적",47707,"㎡",2
"건대입구역 1번","커피-음료","증산역 1번","직장·상주 구조",0.6808284811514804,"비율",3
"어린이대공원역 4번","커피-음료","삼광초등학교","직장·상주 구조",2.1628315328134295,"비율",1
"어린이대공원역 4번","커피-음료","삼광초등학교","남성 유동 비중",0.02316348572650956,"비율",2
"어린이대공원역 4번","커피-음료","삼광초등학교","06~11 유동 비중",-0.005468085990392335,"비율",3
"장안초등학교","커피-음료","한양대역 4번","남성 유동 비중",0.05677116099477436,"비율",1
"장안초등학교","커피-음료","한양대역 4번","유사 업종 점포 밀도",-0.9808386533505882,"개/10,000㎡",2
"장안초등학교","커피-음료","한양대역 4번","직장·상주 구조",1.3658290521392624,"비율",3
"신자초등학교","커피-음료","둔촌동역 3번(성내3동주민센터)","유사 업종 점포 밀도",0.6562706706552579,"개/10,000㎡",1
"신자초등학교","커피-음료","둔촌동역 3번(성내3동주민센터)","해당 업종 점포",7,"개",2
"신자초등학교","커피-음료","둔촌동역 3번(성내3동주민센터)","11~14 유동 비중",0.011174394075512656,"비율",3
"능동우편취급국","커피-음료","난우중학교","17~21 유동 비중",-0.014944835756784153,"비율",1
"능동우편취급국","커피-음료","난우중학교","상주인구",-1448,"명",2
"능동우편취급국","커피-음료","난우중학교","해당 업종 점포",-5,"개",3
"중곡1동 마을마당","커피-음료","관악구신사동주민센터","상권 면적",41312,"㎡",1
"중곡1동 마을마당","커피-음료","관악구신사동주민센터","상주인구",1421,"명",2
"중곡1동 마을마당","커피-음료","관악구신사동주민센터","총 유동인구",432884,"명",3
"자양한강도서관","커피-음료","신림역 8번","남성 유동 비중",0.027347028432084863,"비율",1
"자양한강도서관","커피-음료","신림역 8번","00~06 유동 비중",-0.028698113465101482,"비율",2
"자양한강도서관","커피-음료","신림역 8번","11~14 유동 비중",0.012220382741232369,"비율",3
"중곡어린이공원","커피-음료","세종대왕기념관교차로","06~11 유동 비중",0.011339400363279933,"비율",1
"중곡어린이공원","커피-음료","세종대왕기념관교차로","00~06 유동 비중",-0.04489491086939279,"비율",2
"중곡어린이공원","커피-음료","세종대왕기념관교차로","11~14 유동 비중",0.01456150942040707,"비율",3
"광진정말공원","커피-음료","푸른들청소년도서관","상주인구",4378,"명",1
"광진정말공원","커피-음료","푸른들청소년도서관","상권 면적",101445,"㎡",2
"광진정말공원","커피-음료","푸른들청소년도서관","해당 업종 점포",6,"개",3
"광진구청","커피-음료","보문역 5번","총 유동인구",1091674,"명",1
"광진구청","커피-음료","보문역 5번","상권 면적",50110,"㎡",2
"광진구청","커피-음료","보문역 5번","해당 업종 점포",6,"개",3
"군자역 5번","커피-음료","신곡초등학교","17~21 유동 비중",0.011216174744091784,"비율",1
"군자역 5번","커피-음료","신곡초등학교","총 유동인구",361925,"명",2
"군자역 5번","커피-음료","신곡초등학교","상주인구",1001,"명",3
"자양동우체국","커피-음료","자양한강도서관","남성 유동 비중",0.02246091444892706,"비율",1
"자양동우체국","커피-음료","자양한강도서관","프랜차이즈 점포",-1,"개",2
"자양동우체국","커피-음료","자양한강도서관","상주인구",-1086,"명",3
"중곡3동주민센터","커피-음료","오거리공원","14~17 유동 비중",0.013532806468170427,"비율",1
"중곡3동주민센터","커피-음료","오거리공원","00~06 유동 비중",-0.026923853704319933,"비율",2
"중곡3동주민센터","커피-음료","오거리공원","11~14 유동 비중",0.01043826130173861,"비율",3
"구의역 4번","커피-음료","장안1동주민센터","상권 면적",74966,"㎡",1
"구의역 4번","커피-음료","장안1동주민센터","상주인구",1920,"명",2
"구의역 4번","커피-음료","장안1동주민센터","프랜차이즈 점포",-1,"개",3
"중곡역 3번","커피-음료","천호공원(해공체육문화센터)","남성 유동 비중",0.01347787853773974,"비율",1
"중곡역 3번","커피-음료","천호공원(해공체육문화센터)","상권 면적",-25740,"㎡",2
"중곡역 3번","커피-음료","천호공원(해공체육문화센터)","총 유동인구",275482,"명",3
"군자역 4번","커피-음료","당고개역 5번","06~11 유동 비중",0.009603985548924915,"비율",1
"군자역 4번","커피-음료","당고개역 5번","총 유동인구",379889,"명",2
"군자역 4번","커피-음료","당고개역 5번","21~24 유동 비중",-0.006142030130563775,"비율",3
"성자초등학교","커피-음료","숭실대입구역 4번","프랜차이즈 점포",6,"개",1
"성자초등학교","커피-음료","숭실대입구역 4번","남성 유동 비중",0.028456810712926495,"비율",2
"성자초등학교","커피-음료","숭실대입구역 4번","06~11 유동 비중",-0.011847081753509126,"비율",3
"국립정신건강센터","커피-음료","인헌고등학교(인헌중학교)","주말 유동 비중",0.027126721264181253,"비율",1
"국립정신건강센터","커피-음료","인헌고등학교(인헌중학교)","프랜차이즈 점포",-2,"개",2
"국립정신건강센터","커피-음료","인헌고등학교(인헌중학교)","총 유동인구",464316,"명",3
"구의1동주민센터","커피-음료","서일대학교","프랜차이즈 점포",4,"개",1
"구의1동주민센터","커피-음료","서일대학교","상권 면적",32478,"㎡",2
"구의1동주민센터","커피-음료","서일대학교","17~21 유동 비중",-0.008084802489494503,"비율",3
"용마초등학교","커피-음료","창2동주민센터","17~21 유동 비중",0.009468602193892145,"비율",1
"용마초등학교","커피-음료","창2동주민센터","상주인구",953,"명",2
"용마초등학교","커피-음료","창2동주민센터","총 유동인구",-248392,"명",3
"성동초등학교","커피-음료","사당5동주민센터","주말 유동 비중",0.014279245940348961,"비율",1
"성동초등학교","커피-음료","사당5동주민센터","상권 면적",-33088,"㎡",2
"성동초등학교","커피-음료","사당5동주민센터","상주인구",-809,"명",3
"동대부여고","커피-음료","면목동우체국","총 유동인구",-539422,"명",1
"동대부여고","커피-음료","면목동우체국","06~11 유동 비중",-0.008705950635167464,"비율",2
"동대부여고","커피-음료","면목동우체국","17~21 유동 비중",0.010860262305791402,"비율",3
"구남초등학교","커피-음료","우장산롯데캐슬아파트앞","프랜차이즈 점포",-2,"개",1
"구남초등학교","커피-음료","우장산롯데캐슬아파트앞","남성 유동 비중",0.02551489940340057,"비율",2
"구남초등학교","커피-음료","우장산롯데캐슬아파트앞","14~17 유동 비중",0.015016874597031327,"비율",3
"아차산역 1번","커피-음료","해오름공원","프랜차이즈 점포",2,"개",1
"아차산역 1번","커피-음료","해오름공원","총 유동인구",447844,"명",2
"아차산역 1번","커피-음료","해오름공원","21~24 유동 비중",-0.007812251584734059,"비율",3
"푸른동산공원","커피-음료","석촌역 6번","직장·상주 구조",-0.6305760412337582,"비율",1
"푸른동산공원","커피-음료","석촌역 6번","06~11 유동 비중",0.005730389995826729,"비율",2
"푸른동산공원","커피-음료","석촌역 6번","남성 유동 비중",0.010934230982747428,"비율",3
"해오름공원","커피-음료","역촌노인복지관","상주인구",1551,"명",1
"해오름공원","커피-음료","역촌노인복지관","21~24 유동 비중",0.0076468185126514765,"비율",2
"해오름공원","커피-음료","역촌노인복지관","직장·상주 구조",-0.5262081683065958,"비율",3
"장로회신학대학교","커피-음료","혜화동주민센터","유사 업종 점포 밀도",0.9073394115788864,"개/10,000㎡",1
"장로회신학대학교","커피-음료","혜화동주민센터","06~11 유동 비중",0.012285988239131435,"비율",2
"장로회신학대학교","커피-음료","혜화동주민센터","11~14 유동 비중",-0.01811292425461719,"비율",3
"광나루역 1번","커피-음료","KB국민은행 서강지점","11~14 유동 비중",-0.020338441163814697,"비율",1
"광나루역 1번","커피-음료","KB국민은행 서강지점","유사 업종 점포 밀도",-0.7484731223238923,"개/10,000㎡",2
"광나루역 1번","커피-음료","KB국민은행 서강지점","21~24 유동 비중",0.010005840696976367,"비율",3
"광진정보도서관","커피-음료","뚝섬역교차로","직장인구",-5368,"명",1
"광진정보도서관","커피-음료","뚝섬역교차로","06~11 유동 비중",0.01199147599221681,"비율",2
"광진정보도서관","커피-음료","뚝섬역교차로","프랜차이즈 점포",2,"개",3
"한국의류시험연구원","커피-음료","대방역 3번","남성 유동 비중",-0.028477724180717312,"비율",1
"한국의류시험연구원","커피-음료","대방역 3번","11~14 유동 비중",-0.016118737611644396,"비율",2
"한국의류시험연구원","커피-음료","대방역 3번","17~21 유동 비중",0.014010951178941994,"비율",3
"제기동역 6번","커피-음료","공군호텔","총 유동인구",-1556645,"명",1
"제기동역 6번","커피-음료","공군호텔","직장인구",-1083,"명",2
"제기동역 6번","커피-음료","공군호텔","직장·상주 구조",-0.6723747014074277,"비율",3
"용두동신동아아파트","커피-음료","성심여자고등학교","총 유동인구",790304,"명",1
"용두동신동아아파트","커피-음료","성심여자고등학교","프랜차이즈 점포",-2,"개",2
"용두동신동아아파트","커피-음료","성심여자고등학교","직장인구",-1179,"명",3
"고려대역 6번","커피-음료","경희대후문","프랜차이즈 점포",2,"개",1
"고려대역 6번","커피-음료","경희대후문","17~21 유동 비중",-0.017356872489063035,"비율",2
"고려대역 6번","커피-음료","경희대후문","상주인구",1675,"명",3
"동의보감타워","커피-음료","답십리공원","21~24 유동 비중",0.026718376507394892,"비율",1
"동의보감타워","커피-음료","답십리공원","14~17 유동 비중",-0.04473548393273136,"비율",2
"동의보감타워","커피-음료","답십리공원","11~14 유동 비중",-0.034281773033124074,"비율",3
"동대문구청","커피-음료","마포구청역 4번","남성 유동 비중",-0.028005255884539504,"비율",1
"동대문구청","커피-음료","마포구청역 4번","총 유동인구",-374035,"명",2
"동대문구청","커피-음료","마포구청역 4번","21~24 유동 비중",0.006027934628351883,"비율",3
"세종대왕기념관교차로","커피-음료","월계역 3번","직장·상주 구조",-1.2739510487593253,"비율",1
"세종대왕기념관교차로","커피-음료","월계역 3번","프랜차이즈 점포",-2,"개",2
"세종대왕기념관교차로","커피-음료","월계역 3번","주말 유동 비중",-0.01638130346833555,"비율",3
"떡전교사거리","커피-음료","사당5동주민센터","남성 유동 비중",0.020122972682713625,"비율",1
"떡전교사거리","커피-음료","사당5동주민센터","06~11 유동 비중",0.007347408300826919,"비율",2
"떡전교사거리","커피-음료","사당5동주민센터","프랜차이즈 점포",1,"개",3
"간데메공원","커피-음료","우장산역 1번","상권 면적",-52367,"㎡",1
"간데메공원","커피-음료","우장산역 1번","주말 유동 비중",-0.012734734205387066,"비율",2
"간데메공원","커피-음료","우장산역 1번","해당 업종 점포",-5,"개",3
"텃골근린공원","커피-음료","자양한강도서관","직장·상주 구조",3.309123175574939,"비율",1
"텃골근린공원","커피-음료","자양한강도서관","06~11 유동 비중",0.009037107331294203,"비율",2
"텃골근린공원","커피-음료","자양한강도서관","직장인구",700,"명",3
"전곡마을마당공원","커피-음료","도봉세무서","직장·상주 구조",2.442640707107949,"비율",1
"전곡마을마당공원","커피-음료","도봉세무서","총 유동인구",-1187235,"명",2
"전곡마을마당공원","커피-음료","도봉세무서","유사 업종 점포 밀도",0.351137014759421,"개/10,000㎡",3
"경희대후문","커피-음료","남영역 1번","유사 업종 점포 밀도",-0.8211405783763601,"개/10,000㎡",1
"경희대후문","커피-음료","남영역 1번","상권 면적",65450,"㎡",2
"경희대후문","커피-음료","남영역 1번","17~21 유동 비중",0.017230726022661652,"비율",3
"회기역 1번","커피-음료","상도4동주민센터","06~11 유동 비중",-0.015322985778010223,"비율",1
"회기역 1번","커피-음료","상도4동주민센터","남성 유동 비중",0.031057722162045498,"비율",2
"회기역 1번","커피-음료","상도4동주민센터","21~24 유동 비중",0.007013684291342581,"비율",3
"전농중학교","커피-음료","둔촌2동주민센터","00~06 유동 비중",0.0784258942086086,"비율",1
"전농중학교","커피-음료","둔촌2동주민센터","11~14 유동 비중",-0.029982234602506874,"비율",2
"전농중학교","커피-음료","둔촌2동주민센터","14~17 유동 비중",-0.03073152661544004,"비율",3
"답십리사거리","커피-음료","오류2동버들시장","상권 면적",81436,"㎡",1
"답십리사거리","커피-음료","오류2동버들시장","상주인구",2050,"명",2
"답십리사거리","커피-음료","오류2동버들시장","직장·상주 구조",-0.8335410940929764,"비율",3
"삼육보건대학교","커피-음료","후암동주민센터","해당 업종 점포",21,"개",1
"삼육보건대학교","커피-음료","후암동주민센터","상권 면적",113596,"㎡",2
"삼육보건대학교","커피-음료","후암동주민센터","남성 유동 비중",-0.027530899290175603,"비율",3
"외대앞역 1번","커피-음료","숭실대입구역 4번","프랜차이즈 점포",-4,"개",1
"외대앞역 1번","커피-음료","숭실대입구역 4번","남성 유동 비중",0.05027528795059416,"비율",2
"외대앞역 1번","커피-음료","숭실대입구역 4번","총 유동인구",-876238,"명",3
"의릉","커피-음료","서울공연예술고등학교","21~24 유동 비중",0.020943038986736856,"비율",1
"의릉","커피-음료","서울공연예술고등학교","17~21 유동 비중",0.02793127500092152,"비율",2
"의릉","커피-음료","서울공연예술고등학교","00~06 유동 비중",-0.061208011694978665,"비율",3
"외대앞역 2번","커피-음료","응암3동주민센터","주말 유동 비중",-0.026187443951357914,"비율",1
"외대앞역 2번","커피-음료","응암3동주민센터","남성 유동 비중",0.02201403427645171,"비율",2
"외대앞역 2번","커피-음료","응암3동주민센터","21~24 유동 비중",0.00977542054274863,"비율",3
"장안1동주민센터","커피-음료","남성역 1번","프랜차이즈 점포",4,"개",1
"장안1동주민센터","커피-음료","남성역 1번","상권 면적",-73465,"㎡",2
"장안1동주민센터","커피-음료","남성역 1번","상주인구",-1847,"명",3
"답십리공원","커피-음료","용강동주민센터","유사 업종 점포 밀도",1.4025642853735951,"개/10,000㎡",1
"답십리공원","커피-음료","용강동주민센터","06~11 유동 비중",-0.016278336186638792,"비율",2
"답십리공원","커피-음료","용강동주민센터","11~14 유동 비중",-0.017043612415590256,"비율",3
"장안근린공원","커피-음료","정릉역 1번","상주인구",-1773,"명",1
"장안근린공원","커피-음료","정릉역 1번","상권 면적",-37027,"㎡",2
"장안근린공원","커피-음료","정릉역 1번","11~14 유동 비중",-0.008827591724299422,"비율",3
"장평중학교","커피-음료","성심여자고등학교","상주인구",-3421,"명",1
"장평중학교","커피-음료","성심여자고등학교","상권 면적",-70028,"㎡",2
"장평중학교","커피-음료","성심여자고등학교","06~11 유동 비중",0.006984699961630536,"비율",3
"장안현대홈타운1차아파트","커피-음료","당고개역 5번","06~11 유동 비중",0.012081158005445763,"비율",1
"장안현대홈타운1차아파트","커피-음료","당고개역 5번","총 유동인구",-665776,"명",2
"장안현대홈타운1차아파트","커피-음료","당고개역 5번","직장·상주 구조",-0.8514059546793735,"비율",3
"동대부고","커피-음료","국악고교사거리","남성 유동 비중",-0.023807848075259375,"비율",1
"동대부고","커피-음료","국악고교사거리","상권 면적",-37126,"㎡",2
"동대부고","커피-음료","국악고교사거리","상주인구",-1222,"명",3
"메가박스 상봉","커피-음료","문성초등학교","06~11 유동 비중",-0.007386699897354521,"비율",1
"메가박스 상봉","커피-음료","문성초등학교","주말 유동 비중",0.010593422827025079,"비율",2
"메가박스 상봉","커피-음료","문성초등학교","프랜차이즈 점포",-1,"개",3
"태릉시장 특화거리","커피-음료","신원동주민센터","직장·상주 구조",0.934527761823519,"비율",1
"태릉시장 특화거리","커피-음료","신원동주민센터","06~11 유동 비중",0.006346872651850438,"비율",2
"태릉시장 특화거리","커피-음료","신원동주민센터","프랜차이즈 점포",-1,"개",3
"중랑노인종합복지관","커피-음료","정릉우체국","프랜차이즈 점포",1,"개",1
"중랑노인종합복지관","커피-음료","정릉우체국","11~14 유동 비중",-0.009995534012050028,"비율",2
"중랑노인종합복지관","커피-음료","정릉우체국","유사 업종 점포 밀도",-0.32219655846977235,"개/10,000㎡",3
"중화역 4번","커피-음료","석계역 1번","직장·상주 구조",1.9078912247674227,"비율",1
"중화역 4번","커피-음료","석계역 1번","총 유동인구",-602792,"명",2
"중화역 4번","커피-음료","석계역 1번","06~11 유동 비중",-0.009781545440913308,"비율",3
"월드순복음교회","커피-음료","우장산역 1번","남성 유동 비중",-0.03172325896310901,"비율",1
"월드순복음교회","커피-음료","우장산역 1번","주말 유동 비중",-0.01391555431040059,"비율",2
"월드순복음교회","커피-음료","우장산역 1번","프랜차이즈 점포",-1,"개",3
"먹골역 1번","커피-음료","서경대학교","총 유동인구",-821648,"명",1
"먹골역 1번","커피-음료","서경대학교","상권 면적",44808,"㎡",2
"먹골역 1번","커피-음료","서경대학교","해당 업종 점포",4,"개",3
"중화역 1번","커피-음료","연희초등학교","총 유동인구",-403819,"명",1
"중화역 1번","커피-음료","연희초등학교","상권 면적",30645,"㎡",2
"중화역 1번","커피-음료","연희초등학교","남성 유동 비중",0.011343696211690457,"비율",3
"장안중학교","커피-음료","가산동우체국","남성 유동 비중",0.06883295858624494,"비율",1
"장안중학교","커피-음료","가산동우체국","주말 유동 비중",0.014870751726492437,"비율",2
"장안중학교","커피-음료","가산동우체국","06~11 유동 비중",0.006590002364387504,"비율",3
"오거리공원","커피-음료","암사역 2번(서울강동초등학교)","총 유동인구",905842,"명",1
"오거리공원","커피-음료","암사역 2번(서울강동초등학교)","상주인구",2704,"명",2
"오거리공원","커피-음료","암사역 2번(서울강동초등학교)","해당 업종 점포",10,"개",3
"상봉역 4번","커피-음료","구산역 4번","총 유동인구",-597297,"명",1
"상봉역 4번","커피-음료","구산역 4번","남성 유동 비중",-0.017945125452252964,"비율",2
"상봉역 4번","커피-음료","구산역 4번","상권 면적",-42143,"㎡",3
"면목2동체육관","커피-음료","신곡초등학교","상권 면적",-75733,"㎡",1
"면목2동체육관","커피-음료","신곡초등학교","총 유동인구",-573746,"명",2
"면목2동체육관","커피-음료","신곡초등학교","남성 유동 비중",-0.016600509207678416,"비율",3
"면동초등학교","커피-음료","천호공원(해공체육문화센터)","00~06 유동 비중",-0.029716638142638807,"비율",1
"면동초등학교","커피-음료","천호공원(해공체육문화센터)","상주인구",-1186,"명",2
"면동초등학교","커피-음료","천호공원(해공체육문화센터)","프랜차이즈 점포",-1,"개",3
"사가정역 1번","커피-음료","연신내역 5번","총 유동인구",-677969,"명",1
"사가정역 1번","커피-음료","연신내역 5번","17~21 유동 비중",0.015981075701335362,"비율",2
"사가정역 1번","커피-음료","연신내역 5번","21~24 유동 비중",0.009761407679011985,"비율",3
"면목역 3번","커피-음료","사가정역 4번","상주인구",2533,"명",1
"면목역 3번","커피-음료","사가정역 4번","상권 면적",43562,"㎡",2
"면목역 3번","커피-음료","사가정역 4번","프랜차이즈 점포",-1,"개",3
"사가정역 4번","커피-음료","천호공원(해공체육문화센터)","총 유동인구",-484946,"명",1
"사가정역 4번","커피-음료","천호공원(해공체육문화센터)","17~21 유동 비중",-0.014128424170282122,"비율",2
"사가정역 4번","커피-음료","천호공원(해공체육문화센터)","프랜차이즈 점포",1,"개",3
"상봉역 3번","커피-음료","정릉역 1번","21~24 유동 비중",-0.010523668310310652,"비율",1
"상봉역 3번","커피-음료","정릉역 1번","상주인구",-1843,"명",2
"상봉역 3번","커피-음료","정릉역 1번","총 유동인구",499751,"명",3
"면목역 1번","커피-음료","당고개역 5번","상주인구",-3596,"명",1
"면목역 1번","커피-음료","당고개역 5번","총 유동인구",-1073452,"명",2
"면목역 1번","커피-음료","당고개역 5번","직장·상주 구조",1.198996733117606,"비율",3
"망우역 1번","커피-음료","개봉역","직장인구",1573,"명",1
"망우역 1번","커피-음료","개봉역","상권 면적",-45664,"㎡",2
"망우역 1번","커피-음료","개봉역","14~17 유동 비중",-0.01650594295609209,"비율",3
"면목동우체국","커피-음료","면목역 1번","직장·상주 구조",-1.5524064363789396,"비율",1
"면목동우체국","커피-음료","면목역 1번","상주인구",1948,"명",2
"면목동우체국","커피-음료","면목역 1번","06~11 유동 비중",0.007181988062487987,"비율",3
"망우역 2번","커피-음료","간데메공원","직장·상주 구조",0.9392194499754813,"비율",1
"망우역 2번","커피-음료","간데메공원","주말 유동 비중",-0.015397824074573796,"비율",2
"망우역 2번","커피-음료","간데메공원","21~24 유동 비중",0.007044280743872422,"비율",3
"망우3동주민센터","커피-음료","회기역 1번","남성 유동 비중",-0.03838878025367415,"비율",1
"망우3동주민센터","커피-음료","회기역 1번","06~11 유동 비중",0.008284521632298647,"비율",2
"망우3동주민센터","커피-음료","회기역 1번","프랜차이즈 점포",-1,"개",3
"장스여성병원","커피-음료","모래내우체국","21~24 유동 비중",0.007655425866625376,"비율",1
"장스여성병원","커피-음료","모래내우체국","17~21 유동 비중",0.012435917786282141,"비율",2
"장스여성병원","커피-음료","모래내우체국","06~11 유동 비중",-0.00558261370762364,"비율",3
"서일대학교","커피-음료","암사역 2번(서울강동초등학교)","총 유동인구",2156134,"명",1
"서일대학교","커피-음료","암사역 2번(서울강동초등학교)","상주인구",3069,"명",2
"서일대학교","커피-음료","암사역 2번(서울강동초등학교)","프랜차이즈 점포",-2,"개",3
"하나은행 망우동지점","커피-음료","우장산롯데캐슬아파트앞","17~21 유동 비중",-0.023755534375915044,"비율",1
"하나은행 망우동지점","커피-음료","우장산롯데캐슬아파트앞","06~11 유동 비중",0.0115885908240492,"비율",2
"하나은행 망우동지점","커피-음료","우장산롯데캐슬아파트앞","00~06 유동 비중",0.03704816582079118,"비율",3
"러스크서울병원","커피-음료","신대방삼거리역 3번","프랜차이즈 점포",1,"개",1
"러스크서울병원","커피-음료","신대방삼거리역 3번","상권 면적",-29664,"㎡",2
"러스크서울병원","커피-음료","신대방삼거리역 3번","직장·상주 구조",0.42391111101104517,"비율",3
"성북초등학교앞","커피-음료","구암초등학교","17~21 유동 비중",0.02436574930737259,"비율",1
"성북초등학교앞","커피-음료","구암초등학교","주말 유동 비중",0.0244071755810929,"비율",2
"성북초등학교앞","커피-음료","구암초등학교","00~06 유동 비중",-0.02451308816789044,"비율",3
"홍대부중","커피-음료","청구역 3번","총 유동인구",649641,"명",1
"홍대부중","커피-음료","청구역 3번","17~21 유동 비중",0.018841494917564122,"비율",2
"홍대부중","커피-음료","청구역 3번","00~06 유동 비중",-0.03251250982758974,"비율",3
"한성대입구역 5번","커피-음료","삼선중학교","직장인구",2297,"명",1
"한성대입구역 5번","커피-음료","삼선중학교","총 유동인구",663619,"명",2
"한성대입구역 5번","커피-음료","삼선중학교","해당 업종 점포",-8,"개",3
"정릉3동주민센터","커피-음료","고덕중학교(고덕2동주민센터)","주말 유동 비중",-0.019727968048132982,"비율",1
"정릉3동주민센터","커피-음료","고덕중학교(고덕2동주민센터)","남성 유동 비중",-0.02369076242622531,"비율",2
"정릉3동주민센터","커피-음료","고덕중학교(고덕2동주민센터)","21~24 유동 비중",0.009412180912661855,"비율",3
"동구여중","커피-음료","연희파출소","06~11 유동 비중",-0.02124406688840008,"비율",1
"동구여중","커피-음료","연희파출소","14~17 유동 비중",0.03944740110349226,"비율",2
"동구여중","커피-음료","연희파출소","11~14 유동 비중",0.025510644304286567,"비율",3
"한성대입구역 3번","커피-음료","공릉동 국수거리","직장·상주 구조",1.3911017537956187,"비율",1
"한성대입구역 3번","커피-음료","공릉동 국수거리","직장인구",1577,"명",2
"한성대입구역 3번","커피-음료","공릉동 국수거리","06~11 유동 비중",0.005396010516520472,"비율",3
"삼선중학교","커피-음료","보인중학교","직장인구",-4014,"명",1
"삼선중학교","커피-음료","보인중학교","남성 유동 비중",0.04763235883295652,"비율",2
"삼선중학교","커피-음료","보인중학교","총 유동인구",-598921,"명",3
"서경대학교","커피-음료","역촌노인복지관","남성 유동 비중",-0.0202282189701804,"비율",1
"서경대학교","커피-음료","역촌노인복지관","상권 면적",-37842,"㎡",2
"서경대학교","커피-음료","역촌노인복지관","17~21 유동 비중",-0.010658698840959518,"비율",3
"정릉우체국","커피-음료","석계역 7번","프랜차이즈 점포",-3,"개",1
"정릉우체국","커피-음료","석계역 7번","총 유동인구",945325,"명",2
"정릉우체국","커피-음료","석계역 7번","상주인구",-1040,"명",3
"경동고등학교","커피-음료","구산역 4번","총 유동인구",-751990,"명",1
"경동고등학교","커피-음료","구산역 4번","프랜차이즈 점포",1,"개",2
"경동고등학교","커피-음료","구산역 4번","해당 업종 점포",-4,"개",3
"정릉역 1번","커피-음료","석계역 7번","프랜차이즈 점포",2,"개",1
"정릉역 1번","커피-음료","석계역 7번","직장·상주 구조",-0.727561715505364,"비율",2
"정릉역 1번","커피-음료","석계역 7번","주말 유동 비중",-0.008220469754523674,"비율",3
"삼선동주민센터","커피-음료","외대앞역 1번","프랜차이즈 점포",10,"개",1
"삼선동주민센터","커피-음료","외대앞역 1번","총 유동인구",-1347284,"명",2
"삼선동주민센터","커피-음료","외대앞역 1번","상주인구",-2395,"명",3
"성신여대입구역 7번","커피-음료","가산동우체국","남성 유동 비중",0.13311333613943238,"비율",1
"성신여대입구역 7번","커피-음료","가산동우체국","총 유동인구",-784598,"명",2
"성신여대입구역 7번","커피-음료","가산동우체국","06~11 유동 비중",0.004229799427532821,"비율",3
"보문역 8번","커피-음료","청구역 3번","주말 유동 비중",-0.018893184813423114,"비율",1
"보문역 8번","커피-음료","청구역 3번","총 유동인구",563803,"명",2
"보문역 8번","커피-음료","청구역 3번","17~21 유동 비중",-0.016460454930541574,"비율",3
"성신여대입구역 1번","커피-음료","중앙대학교","남성 유동 비중",0.08644665838078192,"비율",1
"성신여대입구역 1번","커피-음료","중앙대학교","프랜차이즈 점포",3,"개",2
"성신여대입구역 1번","커피-음료","중앙대학교","직장·상주 구조",-1.3746340650913815,"비율",3
"보문역 4번","커피-음료","삼선중학교","직장인구",5669,"명",1
"보문역 4번","커피-음료","삼선중학교","직장·상주 구조",2.3721890063087283,"비율",2
"보문역 4번","커피-음료","삼선중학교","06~11 유동 비중",-0.00967679200718738,"비율",3
"보문역 5번","커피-음료","효창공원앞역 2번","남성 유동 비중",-0.05401906317682448,"비율",1
"보문역 5번","커피-음료","효창공원앞역 2번","총 유동인구",-703403,"명",2
"보문역 5번","커피-음료","효창공원앞역 2번","해당 업종 점포",-5,"개",3
"미아초등학교","커피-음료","홍은종합사회복지관","남성 유동 비중",-0.019221481785145045,"비율",1
"미아초등학교","커피-음료","홍은종합사회복지관","직장·상주 구조",0.8819992168541351,"비율",2
"미아초등학교","커피-음료","홍은종합사회복지관","06~11 유동 비중",0.008128659885632772,"비율",3
"대광초등학교","커피-음료","양천향교역 2번","프랜차이즈 점포",2,"개",1
"대광초등학교","커피-음료","양천향교역 2번","남성 유동 비중",-0.020826964608803122,"비율",2
"대광초등학교","커피-음료","양천향교역 2번","주말 유동 비중",0.011880271030149492,"비율",3
"안암역 2번","커피-음료","한영중고","프랜차이즈 점포",-7,"개",1
"안암역 2번","커피-음료","한영중고","주말 유동 비중",0.042891774488890644,"비율",2
"안암역 2번","커피-음료","한영중고","유사 업종 점포 밀도",-1.1420105083673784,"개/10,000㎡",3
"안암역 3번","커피-음료","광운대역 1번","프랜차이즈 점포",-4,"개",1
"안암역 3번","커피-음료","광운대역 1번","06~11 유동 비중",0.022847555754889615,"비율",2
"안암역 3번","커피-음료","광운대역 1번","총 유동인구",-1324946,"명",3
"종암경찰서","커피-음료","방학역 2번","직장인구",-3168,"명",1
"종암경찰서","커피-음료","방학역 2번","직장·상주 구조",-2.185890707461681,"비율",2
"종암경찰서","커피-음료","방학역 2번","남성 유동 비중",0.022870290646216318,"비율",3
"숭곡초등학교","커피-음료","숙대입구","해당 업종 점포",34,"개",1
"숭곡초등학교","커피-음료","숙대입구","남성 유동 비중",-0.08478558732323543,"비율",2
"숭곡초등학교","커피-음료","숙대입구","프랜차이즈 점포",6,"개",3
"종암중학교","커피-음료","보인중학교","06~11 유동 비중",-0.020590132498400526,"비율",1
"종암중학교","커피-음료","보인중학교","남성 유동 비중",0.022331429006649473,"비율",2
"종암중학교","커피-음료","보인중학교","17~21 유동 비중",0.013632017765759924,"비율",3
"종암동주민센터","커피-음료","신정롯데캐슬아파트","유사 업종 점포 밀도",0.6704547081180512,"개/10,000㎡",1
"종암동주민센터","커피-음료","신정롯데캐슬아파트","남성 유동 비중",-0.014471552826258005,"비율",2
"종암동주민센터","커피-음료","신정롯데캐슬아파트","직장인구",753,"명",3
"상월곡역 1번","커피-음료","4.19민주묘지역 2번","06~11 유동 비중",-0.008556484874205988,"비율",1
"상월곡역 1번","커피-음료","4.19민주묘지역 2번","총 유동인구",-451880,"명",2
"상월곡역 1번","커피-음료","4.19민주묘지역 2번","유사 업종 점포 밀도",0.44935615204331847,"개/10,000㎡",3
"상월곡역 2번","커피-음료","돌곶이역 8번","유사 업종 점포 밀도",0.6582654753393449,"개/10,000㎡",1
"상월곡역 2번","커피-음료","돌곶이역 8번","총 유동인구",-510523,"명",2
"상월곡역 2번","커피-음료","돌곶이역 8번","해당 업종 점포",6,"개",3
"상월곡역 3번","커피-음료","보문역 8번","총 유동인구",-696881,"명",1
"상월곡역 3번","커피-음료","보문역 8번","유사 업종 점포 밀도",0.47027498290151404,"개/10,000㎡",2
"상월곡역 3번","커피-음료","보문역 8번","상권 면적",-20765,"㎡",3
"돌곶이역 1번","커피-음료","쌍문역1번(쌍리단길)","남성 유동 비중",0.03794411909112161,"비율",1
"돌곶이역 1번","커피-음료","쌍문역1번(쌍리단길)","06~11 유동 비중",-0.012426228512276788,"비율",2
"돌곶이역 1번","커피-음료","쌍문역1번(쌍리단길)","직장·상주 구조",0.5763616873944644,"비율",3
"돌곶이역 8번","커피-음료","연신내역 7번","17~21 유동 비중",0.026562147220455523,"비율",1
"돌곶이역 8번","커피-음료","연신내역 7번","00~06 유동 비중",-0.03872165429627539,"비율",2
"돌곶이역 8번","커피-음료","연신내역 7번","유사 업종 점포 밀도",0.5644151260514265,"개/10,000㎡",3
"돌곶이역 5번","커피-음료","서울여자간호대학교","21~24 유동 비중",0.008680128833445294,"비율",1
"돌곶이역 5번","커피-음료","서울여자간호대학교","남성 유동 비중",-0.016771777632511864,"비율",2
"돌곶이역 5번","커피-음료","서울여자간호대학교","직장·상주 구조",-0.4739968767575933,"비율",3
"석계역 7번","커피-음료","남강고등학교(남강중학교)","상주인구",4140,"명",1
"석계역 7번","커피-음료","남강고등학교(남강중학교)","상권 면적",40871,"㎡",2
"석계역 7번","커피-음료","남강고등학교(남강중학교)","프랜차이즈 점포",1,"개",3
"아카데미하우스","커피-음료","연희대우아파트앞","유사 업종 점포 밀도",0.7090061909138206,"개/10,000㎡",1
"아카데미하우스","커피-음료","연희대우아파트앞","해당 업종 점포",8,"개",2
"아카데미하우스","커피-음료","연희대우아파트앞","총 유동인구",504121,"명",3
"북한산우이역 2번","커피-음료","솔밭공원역 2번","주말 유동 비중",-0.032000778385332884,"비율",1
"북한산우이역 2번","커피-음료","솔밭공원역 2번","17~21 유동 비중",0.021293528054091765,"비율",2
"북한산우이역 2번","커피-음료","솔밭공원역 2번","06~11 유동 비중",0.009441039357430542,"비율",3
"무너미어린이공원","커피-음료","당고개역 5번","남성 유동 비중",0.025484337829337567,"비율",1
"무너미어린이공원","커피-음료","당고개역 5번","상주인구",-953,"명",2
"무너미어린이공원","커피-음료","당고개역 5번","00~06 유동 비중",0.014944499296259739,"비율",3
"화계중학교","커피-음료","충정로역 6번","06~11 유동 비중",-0.02971600375026595,"비율",1
"화계중학교","커피-음료","충정로역 6번","11~14 유동 비중",-0.027693352505646973,"비율",2
"화계중학교","커피-음료","충정로역 6번","17~21 유동 비중",0.023862251213174923,"비율",3
"솔밭공원역 2번","커피-음료","수유초등학교","총 유동인구",698296,"명",1
"솔밭공원역 2번","커피-음료","수유초등학교","06~11 유동 비중",-0.010281321282791411,"비율",2
"솔밭공원역 2번","커피-음료","수유초등학교","프랜차이즈 점포",-1,"개",3
"강북문화예술회관","커피-음료","면목동우체국","프랜차이즈 점포",-2,"개",1
"강북문화예술회관","커피-음료","면목동우체국","총 유동인구",-656360,"명",2
"강북문화예술회관","커피-음료","면목동우체국","상주인구",1424,"명",3
"가오리역 2번","커피-음료","쌍문2동우체국","06~11 유동 비중",-0.010958523279735066,"비율",1
"가오리역 2번","커피-음료","쌍문2동우체국","총 유동인구",507522,"명",2
"가오리역 2번","커피-음료","쌍문2동우체국","상권 면적",26970,"㎡",3
"삼양사거리역 2번","커피-음료","당고개역 5번","직장·상주 구조",1.180371954414741,"비율",1
"삼양사거리역 2번","커피-음료","당고개역 5번","총 유동인구",-548808,"명",2
"삼양사거리역 2번","커피-음료","당고개역 5번","06~11 유동 비중",0.00755797242159667,"비율",3
"가오리역 1번","커피-음료","당고개역 2번","총 유동인구",581510,"명",1
"가오리역 1번","커피-음료","당고개역 2번","06~11 유동 비중",0.009431397442721812,"비율",2
"가오리역 1번","커피-음료","당고개역 2번","17~21 유동 비중",-0.014075291292761166,"비율",3
"인수동 우편취급국","커피-음료","효창동주민센터","06~11 유동 비중",0.0058628654034101335,"비율",1
"인수동 우편취급국","커피-음료","효창동주민센터","프랜차이즈 점포",1,"개",2
"인수동 우편취급국","커피-음료","효창동주민센터","21~24 유동 비중",0.005111566368548759,"비율",3
"수유시장옆","커피-음료","신곡초등학교","직장·상주 구조",0.9108925654114106,"비율",1
"수유시장옆","커피-음료","신곡초등학교","06~11 유동 비중",0.008285850327587357,"비율",2
"수유시장옆","커피-음료","신곡초등학교","17~21 유동 비중",-0.008372608913489954,"비율",3
"수유초등학교","커피-음료","천호지구대(천호동자전거거리)","17~21 유동 비중",0.014792448461637131,"비율",1
"수유초등학교","커피-음료","천호지구대(천호동자전거거리)","00~06 유동 비중",-0.028641310987450375,"비율",2
"수유초등학교","커피-음료","천호지구대(천호동자전거거리)","11~14 유동 비중",0.01056034813758272,"비율",3
"우이천 계성교","커피-음료","석촌고분역 3번","남성 유동 비중",0.021848446471232463,"비율",1
"우이천 계성교","커피-음료","석촌고분역 3번","상권 면적",-38019,"㎡",2
"우이천 계성교","커피-음료","석촌고분역 3번","11~14 유동 비중",0.00932395792211771,"비율",3
"강북구청","커피-음료","둔촌2동주민센터","총 유동인구",-866944,"명",1
"강북구청","커피-음료","둔촌2동주민센터","21~24 유동 비중",-0.015374417280443406,"비율",2
"강북구청","커피-음료","둔촌2동주민센터","유사 업종 점포 밀도",-0.3986691983999875,"개/10,000㎡",3
"성신여대운정그린캠퍼스","커피-음료","역촌노인복지관","상주인구",2808,"명",1
"성신여대운정그린캠퍼스","커피-음료","역촌노인복지관","21~24 유동 비중",0.0047036642066080325,"비율",2
"성신여대운정그린캠퍼스","커피-음료","역촌노인복지관","상권 면적",21473,"㎡",3
"도봉세무서","커피-음료","상계2동주민센터","주말 유동 비중",0.024631439789037868,"비율",1
"도봉세무서","커피-음료","상계2동주민센터","총 유동인구",583229,"명",2
"도봉세무서","커피-음료","상계2동주민센터","상주인구",904,"명",3
"삼양입구사거리","커피-음료","경찰병원역 3번","직장·상주 구조",1.264884150501568,"비율",1
"삼양입구사거리","커피-음료","경찰병원역 3번","상주인구",1281,"명",2
"삼양입구사거리","커피-음료","경찰병원역 3번","유사 업종 점포 밀도",-0.2888534107576043,"개/10,000㎡",3
"강북중학교","커피-음료","천호공원(해공체육문화센터)","총 유동인구",-459377,"명",1
"강북중학교","커피-음료","천호공원(해공체육문화센터)","상주인구",1381,"명",2
"강북중학교","커피-음료","천호공원(해공체육문화센터)","상권 면적",33678,"㎡",3
"송중초등학교","커피-음료","신월4동주민센터","총 유동인구",-1143034,"명",1
"송중초등학교","커피-음료","신월4동주민센터","상권 면적",-53888,"㎡",2
"송중초등학교","커피-음료","신월4동주민센터","직장·상주 구조",0.7112409679232892,"비율",3
"서울북부고용노동지청","커피-음료","천호역 1번(천호문구완구거리)","총 유동인구",580533,"명",1
"서울북부고용노동지청","커피-음료","천호역 1번(천호문구완구거리)","직장·상주 구조",-0.9925241265180933,"비율",2
"서울북부고용노동지청","커피-음료","천호역 1번(천호문구완구거리)","주말 유동 비중",-0.01671204466859666,"비율",3
"수송초등학교","커피-음료","신창초등학교","상권 면적",88214,"㎡",1
"수송초등학교","커피-음료","신창초등학교","상주인구",1987,"명",2
"수송초등학교","커피-음료","신창초등학교","총 유동인구",583898,"명",3
"미아사거리역 3번","커피-음료","흑리단길","유사 업종 점포 밀도",1.9514885310571517,"개/10,000㎡",1
"미아사거리역 3번","커피-음료","흑리단길","17~21 유동 비중",0.018815667059855268,"비율",2
"미아사거리역 3번","커피-음료","흑리단길","11~14 유동 비중",-0.014819626954916038,"비율",3
"송중동주민센터","커피-음료","상도4동주민센터","17~21 유동 비중",-0.018975542924226513,"비율",1
"송중동주민센터","커피-음료","상도4동주민센터","06~11 유동 비중",0.009193841661491453,"비율",2
"송중동주민센터","커피-음료","상도4동주민센터","직장·상주 구조",0.7979597183614251,"비율",3
"덕성여대시반거리","커피-음료","방배동사이길","직장·상주 구조",2.9055762398848897,"비율",1
"덕성여대시반거리","커피-음료","방배동사이길","남성 유동 비중",0.05596812166874776,"비율",2
"덕성여대시반거리","커피-음료","방배동사이길","직장인구",1940,"명",3
"쌍문초등학교","커피-음료","석계역 7번","총 유동인구",400599,"명",1
"쌍문초등학교","커피-음료","석계역 7번","상주인구",-872,"명",2
"쌍문초등학교","커피-음료","석계역 7번","주말 유동 비중",-0.006876036896024507,"비율",3
"도봉우체국","커피-음료","연신내우체국","주말 유동 비중",-0.017580404817992723,"비율",1
"도봉우체국","커피-음료","연신내우체국","직장·상주 구조",0.971277351949178,"비율",2
"도봉우체국","커피-음료","연신내우체국","상권 면적",47958,"㎡",3
"방학초등학교","커피-음료","답십리공원","06~11 유동 비중",0.013915228779046412,"비율",1
"방학초등학교","커피-음료","답십리공원","21~24 유동 비중",-0.010712746639717441,"비율",2
"방학초등학교","커피-음료","답십리공원","직장·상주 구조",0.8128293456649676,"비율",3
"방학중학교","커피-음료","사가정역 4번","상권 면적",-48314,"㎡",1
"방학중학교","커피-음료","사가정역 4번","상주인구",-1748,"명",2
"방학중학교","커피-음료","사가정역 4번","06~11 유동 비중",0.007481388420580465,"비율",3
"신한은행 방학동지점","커피-음료","의릉","유사 업종 점포 밀도",0.48916189975423263,"개/10,000㎡",1
"신한은행 방학동지점","커피-음료","의릉","17~21 유동 비중",0.010325344443369078,"비율",2
"신한은행 방학동지점","커피-음료","의릉","프랜차이즈 점포",1,"개",3
"도봉산입구","커피-음료","공군호텔","상권 면적",-359074,"㎡",1
"도봉산입구","커피-음료","공군호텔","직장·상주 구조",1.3810817916364986,"비율",2
"도봉산입구","커피-음료","공군호텔","상주인구",-2229,"명",3
"쌍문2동우체국","커피-음료","천호공원(해공체육문화센터)","직장·상주 구조",-1.2612094050129423,"비율",1
"쌍문2동우체국","커피-음료","천호공원(해공체육문화센터)","남성 유동 비중",0.017731909611155172,"비율",2
"쌍문2동우체국","커피-음료","천호공원(해공체육문화센터)","상주인구",1295,"명",3
"창2동주민센터","커피-음료","삼전역 3번","00~06 유동 비중",0.030675888234189597,"비율",1
"창2동주민센터","커피-음료","삼전역 3번","17~21 유동 비중",-0.013127801099328762,"비율",2
"창2동주민센터","커피-음료","삼전역 3번","상권 면적",32484,"㎡",3
"방학1동주민센터","커피-음료","서울지방병무청","상주인구",-2159,"명",1
"방학1동주민센터","커피-음료","서울지방병무청","06~11 유동 비중",0.008657611968345552,"비율",2
"방학1동주민센터","커피-음료","서울지방병무청","21~24 유동 비중",0.005436779920161061,"비율",3
"신창초등학교","커피-음료","북가좌2동주민센터","총 유동인구",-1703100,"명",1
"신창초등학교","커피-음료","북가좌2동주민센터","상권 면적",-113330,"㎡",2
"신창초등학교","커피-음료","북가좌2동주민센터","상주인구",-3779,"명",3
"방학역 1번","커피-음료","숭실대입구역 1번","프랜차이즈 점포",-2,"개",1
"방학역 1번","커피-음료","숭실대입구역 1번","상주인구",-2206,"명",2
"방학역 1번","커피-음료","숭실대입구역 1번","21~24 유동 비중",-0.011367691385155115,"비율",3
"도봉역 2번","커피-음료","도봉산입구","상권 면적",87684,"㎡",1
"도봉역 2번","커피-음료","도봉산입구","총 유동인구",473201,"명",2
"도봉역 2번","커피-음료","도봉산입구","상주인구",1209,"명",3
"가인초등학교","커피-음료","홍은종합사회복지관","주말 유동 비중",-0.020893364426393224,"비율",1
"가인초등학교","커피-음료","홍은종합사회복지관","직장·상주 구조",0.7981579847261857,"비율",2
"가인초등학교","커피-음료","홍은종합사회복지관","프랜차이즈 점포",-1,"개",3
"창동역 2번","커피-음료","상계역","17~21 유동 비중",0.033382237914525686,"비율",1
"창동역 2번","커피-음료","상계역","00~06 유동 비중",-0.051182512431281246,"비율",2
"창동역 2번","커피-음료","상계역","06~11 유동 비중",-0.009321826723845517,"비율",3
"방학역 2번","커피-음료","창동역 2번","남성 유동 비중",-0.030885479199644017,"비율",1
"방학역 2번","커피-음료","창동역 2번","프랜차이즈 점포",-2,"개",2
"방학역 2번","커피-음료","창동역 2번","상권 면적",-53309,"㎡",3
"도봉역 3번","커피-음료","쌍문역1번(쌍리단길)","유사 업종 점포 밀도",0.5791141321024704,"개/10,000㎡",1
"도봉역 3번","커피-음료","쌍문역1번(쌍리단길)","06~11 유동 비중",0.00847353078085536,"비율",2
"도봉역 3번","커피-음료","쌍문역1번(쌍리단길)","남성 유동 비중",-0.01875797242810201,"비율",3
"수락산역 4번","커피-음료","신내1동주민센터","유사 업종 점포 밀도",0.9335116801658937,"개/10,000㎡",1
"수락산역 4번","커피-음료","신내1동주민센터","해당 업종 점포",9,"개",2
"수락산역 4번","커피-음료","신내1동주민센터","06~11 유동 비중",-0.01028559697680334,"비율",3
"노원초등학교","커피-음료","신대방삼거리역 3번","주말 유동 비중",-0.0198310068406381,"비율",1
"노원초등학교","커피-음료","신대방삼거리역 3번","17~21 유동 비중",-0.010662700180853663,"비율",2
"노원초등학교","커피-음료","신대방삼거리역 3번","상주인구",1160,"명",3
"월계역 3번","커피-음료","시립대앞사거리","00~06 유동 비중",-0.06743317814052807,"비율",1
"월계역 3번","커피-음료","시립대앞사거리","17~21 유동 비중",0.02759340313085626,"비율",2
"월계역 3번","커피-음료","시립대앞사거리","직장·상주 구조",-1.4328862959176756,"비율",3
"수락산디자인거리","커피-음료","방학역 2번","14~17 유동 비중",0.014109627590594448,"비율",1
"수락산디자인거리","커피-음료","방학역 2번","남성 유동 비중",0.015665787777341733,"비율",2
"수락산디자인거리","커피-음료","방학역 2번","유사 업종 점포 밀도",-0.4449149689433445,"개/10,000㎡",3
"석계역 1번","커피-음료","신길6동주민센터","프랜차이즈 점포",-2,"개",1
"석계역 1번","커피-음료","신길6동주민센터","직장·상주 구조",-1.087416086276498,"비율",2
"석계역 1번","커피-음료","신길6동주민센터","남성 유동 비중",-0.01825255087666655,"비율",3
"석계역 2번","커피-음료","촬영소사거리","주말 유동 비중",0.03715580737975127,"비율",1
"석계역 2번","커피-음료","촬영소사거리","남성 유동 비중",-0.021579534980782134,"비율",2
"석계역 2번","커피-음료","촬영소사거리","00~06 유동 비중",0.035330898144044415,"비율",3
"상계초등학교","커피-음료","월드순복음교회","총 유동인구",-1161407,"명",1
"상계초등학교","커피-음료","월드순복음교회","직장·상주 구조",1.460623533848115,"비율",2
"상계초등학교","커피-음료","월드순복음교회","직장인구",576,"명",3
"계상초등학교","커피-음료","망우본동주민센터","06~11 유동 비중",0.015917422531565723,"비율",1
"계상초등학교","커피-음료","망우본동주민센터","17~21 유동 비중",-0.025642951079614534,"비율",2
"계상초등학교","커피-음료","망우본동주민센터","상권 면적",33246,"㎡",3
"상계2동주민센터","커피-음료","구로4동주민센터","프랜차이즈 점포",3,"개",1
"상계2동주민센터","커피-음료","구로4동주민센터","주말 유동 비중",-0.010327849698233416,"비율",2
"상계2동주민센터","커피-음료","구로4동주민센터","06~11 유동 비중",-0.004890112937154328,"비율",3
"상계5동주민센터","커피-음료","까치산역 4번","상주인구",4281,"명",1
"상계5동주민센터","커피-음료","까치산역 4번","프랜차이즈 점포",-2,"개",2
"상계5동주민센터","커피-음료","까치산역 4번","상권 면적",58500,"㎡",3
"공릉동 국수거리","커피-음료","신방화역 2번","프랜차이즈 점포",3,"개",1
"공릉동 국수거리","커피-음료","신방화역 2번","총 유동인구",541458,"명",2
"공릉동 국수거리","커피-음료","신방화역 2번","상주인구",1349,"명",3
"대진고등학교","커피-음료","성원어린이공원","프랜차이즈 점포",-4,"개",1
"대진고등학교","커피-음료","성원어린이공원","주말 유동 비중",-0.02893686321521688,"비율",2
"대진고등학교","커피-음료","성원어린이공원","06~11 유동 비중",-0.0119553518430211,"비율",3
"공릉역 2번","커피-음료","자양한강도서관","유사 업종 점포 밀도",-1.6934544889035505,"개/10,000㎡",1
"공릉역 2번","커피-음료","자양한강도서관","해당 업종 점포",-15,"개",2
"공릉역 2번","커피-음료","자양한강도서관","프랜차이즈 점포",2,"개",3
"태릉입구역 4번","커피-음료","이수역 9번","주말 유동 비중",-0.021743214105860165,"비율",1
"태릉입구역 4번","커피-음료","이수역 9번","06~11 유동 비중",-0.011762928266822736,"비율",2
"태릉입구역 4번","커피-음료","이수역 9번","프랜차이즈 점포",-1,"개",3
"당고개역 2번","커피-음료","천호역 1번(천호문구완구거리)","17~21 유동 비중",-0.02074511119736419,"비율",1
"당고개역 2번","커피-음료","천호역 1번(천호문구완구거리)","주말 유동 비중",-0.01133397346748577,"비율",2
"당고개역 2번","커피-음료","천호역 1번(천호문구완구거리)","직장·상주 구조",-0.6342383401824936,"비율",3
"경춘선숲길 우측","커피-음료","신대방역 2번","프랜차이즈 점포",-7,"개",1
"경춘선숲길 우측","커피-음료","신대방역 2번","유사 업종 점포 밀도",-0.7095474603866228,"개/10,000㎡",2
"경춘선숲길 우측","커피-음료","신대방역 2번","상권 면적",55084,"㎡",3
"영신여고","커피-음료","길음역 8번","06~11 유동 비중",-0.01235883937222873,"비율",1
"영신여고","커피-음료","길음역 8번","17~21 유동 비중",0.01842225900670988,"비율",2
"영신여고","커피-음료","길음역 8번","유사 업종 점포 밀도",-0.650017996448734,"개/10,000㎡",3
"화랑대철도공원","커피-음료","신풍역 3번","유사 업종 점포 밀도",-1.6476989762768726,"개/10,000㎡",1
"화랑대철도공원","커피-음료","신풍역 3번","21~24 유동 비중",0.02389592260353396,"비율",2
"화랑대철도공원","커피-음료","신풍역 3번","14~17 유동 비중",-0.03393399276082104,"비율",3
"내를건너서숲으로도서관","커피-음료","연희어린이공원","상권 면적",63613,"㎡",1
"내를건너서숲으로도서관","커피-음료","연희어린이공원","주말 유동 비중",0.016789733930347273,"비율",2
"내를건너서숲으로도서관","커피-음료","연희어린이공원","11~14 유동 비중",-0.015078170525612153,"비율",3
"증산역 3번","커피-음료","시립서북병원","총 유동인구",993884,"명",1
"증산역 3번","커피-음료","시립서북병원","상주인구",2797,"명",2
"증산역 3번","커피-음료","시립서북병원","상권 면적",41856,"㎡",3
"시립서북병원","커피-음료","신정역 5번","해당 업종 점포",-7,"개",1
"시립서북병원","커피-음료","신정역 5번","남성 유동 비중",0.015541923734708585,"비율",2
"시립서북병원","커피-음료","신정역 5번","프랜차이즈 점포",-1,"개",3
"새절역 3번","커피-음료","신대방삼거리역 3번","06~11 유동 비중",-0.010617872565979958,"비율",1
"새절역 3번","커피-음료","신대방삼거리역 3번","상주인구",921,"명",2
"새절역 3번","커피-음료","신대방삼거리역 3번","상권 면적",-24181,"㎡",3
"선정중학교","커피-음료","우이천 계성교","총 유동인구",-783400,"명",1
"선정중학교","커피-음료","우이천 계성교","06~11 유동 비중",-0.008348731660642095,"비율",2
"선정중학교","커피-음료","우이천 계성교","상권 면적",25677,"㎡",3
"역촌노인복지관","커피-음료","화곡역 4번","상주인구",10848,"명",1
"역촌노인복지관","커피-음료","화곡역 4번","총 유동인구",2894437,"명",2
"역촌노인복지관","커피-음료","화곡역 4번","상권 면적",217383,"㎡",3
"구산보건지소","커피-음료","시립서북병원","남성 유동 비중",0.031962908304440985,"비율",1
"구산보건지소","커피-음료","시립서북병원","21~24 유동 비중",0.011243978168402946,"비율",2
"구산보건지소","커피-음료","시립서북병원","총 유동인구",426566,"명",3
"구산역 4번","커피-음료","간데메공원","상주인구",-2068,"명",1
"구산역 4번","커피-음료","간데메공원","남성 유동 비중",0.014700535156378591,"비율",2
"구산역 4번","커피-음료","간데메공원","상권 면적",-26548,"㎡",3
"갈현건영아파트","커피-음료","NH농협은행 상도동지점","상권 면적",-86758,"㎡",1
"갈현건영아파트","커피-음료","NH농협은행 상도동지점","17~21 유동 비중",0.019621004201287123,"비율",2
"갈현건영아파트","커피-음료","NH농협은행 상도동지점","00~06 유동 비중",-0.040745670377001275,"비율",3
"응암3동주민센터","커피-음료","장스여성병원","17~21 유동 비중",-0.021024800675492117,"비율",1
"응암3동주민센터","커피-음료","장스여성병원","21~24 유동 비중",-0.011674956741320575,"비율",2
"응암3동주민센터","커피-음료","장스여성병원","00~06 유동 비중",0.038784942742052575,"비율",3
"연신내역 5번","커피-음료","신월문화체육센터","프랜차이즈 점포",2,"개",1
"연신내역 5번","커피-음료","신월문화체육센터","06~11 유동 비중",0.00877081013683842,"비율",2
"연신내역 5번","커피-음료","신월문화체육센터","직장·상주 구조",0.6708829038211661,"비율",3
"은평요양병원","커피-음료","구남초등학교","프랜차이즈 점포",-2,"개",1
"은평요양병원","커피-음료","구남초등학교","06~11 유동 비중",-0.006957174591589982,"비율",2
"은평요양병원","커피-음료","구남초등학교","유사 업종 점포 밀도",-0.4329261818071599,"개/10,000㎡",3
"응암역 3번","커피-음료","남성역 1번","상주인구",-2402,"명",1
"응암역 3번","커피-음료","남성역 1번","프랜차이즈 점포",2,"개",2
"응암역 3번","커피-음료","남성역 1번","남성 유동 비중",0.013356492165790435,"비율",3
"응암정보도서관","커피-음료","굽은다리역 1번(십자성마을)","상권 면적",-43772,"㎡",1
"응암정보도서관","커피-음료","굽은다리역 1번(십자성마을)","총 유동인구",440292,"명",2
"응암정보도서관","커피-음료","굽은다리역 1번(십자성마을)","21~24 유동 비중",0.007637113379647176,"비율",3
"신진과학기술고등학교","커피-음료","상도4동주민센터","유사 업종 점포 밀도",-1.1190156499953416,"개/10,000㎡",1
"신진과학기술고등학교","커피-음료","상도4동주민센터","06~11 유동 비중",0.00890731939500461,"비율",2
"신진과학기술고등학교","커피-음료","상도4동주민센터","주말 유동 비중",-0.011888852150531204,"비율",3
"연신내역 4번","커피-음료","상계2동주민센터","남성 유동 비중",0.02554369586599131,"비율",1
"연신내역 4번","커피-음료","상계2동주민센터","주말 유동 비중",0.01994397935284692,"비율",2
"연신내역 4번","커피-음료","상계2동주민센터","상주인구",-1552,"명",3
"구산역 1번","커피-음료","송중초등학교","상주인구",-3183,"명",1
"구산역 1번","커피-음료","송중초등학교","총 유동인구",657606,"명",2
"구산역 1번","커피-음료","송중초등학교","남성 유동 비중",0.023490922804068337,"비율",3
"백련산해모로아파트","커피-음료","성신여대운정그린캠퍼스","총 유동인구",839281,"명",1
"백련산해모로아파트","커피-음료","성신여대운정그린캠퍼스","상권 면적",63223,"㎡",2
"백련산해모로아파트","커피-음료","성신여대운정그린캠퍼스","상주인구",1441,"명",3
"은평세무서","커피-음료","상왕십리역 3번","남성 유동 비중",0.026537667357980355,"비율",1
"은평세무서","커피-음료","상왕십리역 3번","총 유동인구",492112,"명",2
"은평세무서","커피-음료","상왕십리역 3번","상주인구",-1134,"명",3
"불광역 7번","커피-음료","역촌노인복지관","총 유동인구",-1740769,"명",1
"불광역 7번","커피-음료","역촌노인복지관","상주인구",2949,"명",2
"불광역 7번","커피-음료","역촌노인복지관","유사 업종 점포 밀도",-0.87633048237741,"개/10,000㎡",3
"연신초등학교","커피-음료","방화역 2번","06~11 유동 비중",-0.016023090590649047,"비율",1
"연신초등학교","커피-음료","방화역 2번","남성 유동 비중",0.029386005585511688,"비율",2
"연신초등학교","커피-음료","방화역 2번","17~21 유동 비중",0.011235564146975824,"비율",3
"연신내우체국","커피-음료","예일여고","남성 유동 비중",-0.03503373530843662,"비율",1
"연신내우체국","커피-음료","예일여고","상주인구",1776,"명",2
"연신내우체국","커피-음료","예일여고","06~11 유동 비중",0.00752370369855368,"비율",3
"은평구청","커피-음료","신길6동주민센터","주말 유동 비중",0.019970840004529977,"비율",1
"은평구청","커피-음료","신길6동주민센터","남성 유동 비중",0.017535490886064375,"비율",2
"은평구청","커피-음료","신길6동주민센터","06~11 유동 비중",0.006310502124528744,"비율",3
"불광역 8번","커피-음료","남가좌동현대아파트","직장·상주 구조",-1.8755839582217497,"비율",1
"불광역 8번","커피-음료","남가좌동현대아파트","21~24 유동 비중",-0.011095374908815209,"비율",2
"불광역 8번","커피-음료","남가좌동현대아파트","17~21 유동 비중",0.01717795945804998,"비율",3
"우리은행응암동지점","커피-음료","행당역 2번","17~21 유동 비중",-0.027878769706269457,"비율",1
"우리은행응암동지점","커피-음료","행당역 2번","남성 유동 비중",0.026422454075747226,"비율",2
"우리은행응암동지점","커피-음료","행당역 2번","총 유동인구",518863,"명",3
"하나고등학교","커피-음료","은곡마을(은곡마을공원)","프랜차이즈 점포",3,"개",1
"하나고등학교","커피-음료","은곡마을(은곡마을공원)","06~11 유동 비중",0.010502548057718636,"비율",2
"하나고등학교","커피-음료","은곡마을(은곡마을공원)","주말 유동 비중",-0.014915780294884884,"비율",3
"북가좌2동주민센터","커피-음료","서경대학교","21~24 유동 비중",0.0065370378128288,"비율",1
"북가좌2동주민센터","커피-음료","서경대학교","프랜차이즈 점포",1,"개",2
"북가좌2동주민센터","커피-음료","서경대학교","상주인구",822,"명",3
"증산역 1번","커피-음료","서경대학교","상주인구",3256,"명",1
"증산역 1번","커피-음료","서경대학교","06~11 유동 비중",0.015594970092382004,"비율",2
"증산역 1번","커피-음료","서경대학교","상권 면적",78082,"㎡",3
"연희어린이공원","커피-음료","부암동주민센터","남성 유동 비중",-0.12767407088733917,"비율",1
"연희어린이공원","커피-음료","부암동주민센터","주말 유동 비중",0.026628801867143725,"비율",2
"연희어린이공원","커피-음료","부암동주민센터","06~11 유동 비중",0.013142399195309934,"비율",3
"남가좌파출소","커피-음료","석촌역 6번","총 유동인구",-885385,"명",1
"남가좌파출소","커피-음료","석촌역 6번","상주인구",1888,"명",2
"남가좌파출소","커피-음료","석촌역 6번","주말 유동 비중",-0.01253287140861431,"비율",3
"명지대학교교회","커피-음료","우장산역 4번","남성 유동 비중",-0.036173499825758015,"비율",1
"명지대학교교회","커피-음료","우장산역 4번","프랜차이즈 점포",2,"개",2
"명지대학교교회","커피-음료","우장산역 4번","상주인구",2031,"명",3
"명지대학교","커피-음료","삼선동주민센터","프랜차이즈 점포",-8,"개",1
"명지대학교","커피-음료","삼선동주민센터","총 유동인구",1276783,"명",2
"명지대학교","커피-음료","삼선동주민센터","남성 유동 비중",-0.028428305286456013,"비율",3
"서연중학교","커피-음료","남영역 1번","해당 업종 점포",-14,"개",1
"서연중학교","커피-음료","남영역 1번","총 유동인구",970817,"명",2
"서연중학교","커피-음료","남영역 1번","상주인구",2585,"명",3
"연희대우아파트앞","커피-음료","삼선동주민센터","총 유동인구",2195558,"명",1
"연희대우아파트앞","커피-음료","삼선동주민센터","주말 유동 비중",-0.02623230583953584,"비율",2
"연희대우아파트앞","커피-음료","삼선동주민센터","상권 면적",37858,"㎡",3
"홍연시장","커피-음료","공항고등학교","유사 업종 점포 밀도",-0.5833601772501407,"개/10,000㎡",1
"홍연시장","커피-음료","공항고등학교","총 유동인구",-443490,"명",2
"홍연시장","커피-음료","공항고등학교","프랜차이즈 점포",-1,"개",3
"연희초등학교","커피-음료","배문고등학교","주말 유동 비중",0.015071090976926826,"비율",1
"연희초등학교","커피-음료","배문고등학교","총 유동인구",503563,"명",2
"연희초등학교","커피-음료","배문고등학교","상주인구",1235,"명",3
"연희파출소","커피-음료","한남힐사이드아파트","17~21 유동 비중",0.01816019729226276,"비율",1
"연희파출소","커피-음료","한남힐사이드아파트","00~06 유동 비중",-0.03269857587152297,"비율",2
"연희파출소","커피-음료","한남힐사이드아파트","06~11 유동 비중",0.0067035262673563745,"비율",3
"서대문소방서","커피-음료","독립문역 1번","프랜차이즈 점포",2,"개",1
"서대문소방서","커피-음료","독립문역 1번","11~14 유동 비중",-0.011077383320059503,"비율",2
"서대문소방서","커피-음료","독립문역 1번","상권 면적",-31877,"㎡",3
"서대문구보건소별관","커피-음료","양화초등학교","상주인구",2213,"명",1
"서대문구보건소별관","커피-음료","양화초등학교","프랜차이즈 점포",1,"개",2
"서대문구보건소별관","커피-음료","양화초등학교","총 유동인구",230702,"명",3
"홍제역 4번","커피-음료","떡전교사거리","유사 업종 점포 밀도",-0.7770475132230731,"개/10,000㎡",1
"홍제역 4번","커피-음료","떡전교사거리","11~14 유동 비중",0.008424729681042575,"비율",2
"홍제역 4번","커피-음료","떡전교사거리","상주인구",888,"명",3
"홍제역 3번","커피-음료","국립국악고등학교","상주인구",1230,"명",1
"홍제역 3번","커피-음료","국립국악고등학교","프랜차이즈 점포",-1,"개",2
"홍제역 3번","커피-음료","국립국악고등학교","11~14 유동 비중",-0.008995531382700914,"비율",3
"연희세브란스병원","커피-음료","가양역 10번","주말 유동 비중",0.09392478607045379,"비율",1
"연희세브란스병원","커피-음료","가양역 10번","11~14 유동 비중",-0.05728299717153729,"비율",2
"연희세브란스병원","커피-음료","가양역 10번","21~24 유동 비중",0.0317150882835741,"비율",3
"홍은종합사회복지관","커피-음료","용강동주민센터","프랜차이즈 점포",2,"개",1
"홍은종합사회복지관","커피-음료","용강동주민센터","00~06 유동 비중",0.037285522709248675,"비율",2
"홍은종합사회복지관","커피-음료","용강동주민센터","유사 업종 점포 밀도",0.6149107189077616,"개/10,000㎡",3
"홍제역 2번","커피-음료","홍제3동주민센터","직장·상주 구조",1.041359476627247,"비율",1
"홍제역 2번","커피-음료","홍제3동주민센터","남성 유동 비중",0.021901551116759566,"비율",2
"홍제역 2번","커피-음료","홍제3동주민센터","상주인구",-1776,"명",3
"서울여자간호대학교","커피-음료","응암3동주민센터","21~24 유동 비중",0.011071297985710216,"비율",1
"서울여자간호대학교","커피-음료","응암3동주민센터","17~21 유동 비중",0.012736277713479155,"비율",2
"서울여자간호대학교","커피-음료","응암3동주민센터","유사 업종 점포 밀도",-0.43863227271098115,"개/10,000㎡",3
"홍제3동주민센터","커피-음료","석계역 7번","총 유동인구",1080582,"명",1
"홍제3동주민센터","커피-음료","석계역 7번","프랜차이즈 점포",1,"개",2
"홍제3동주민센터","커피-음료","석계역 7번","상주인구",1020,"명",3
"아현역 2번","커피-음료","충정로역 6번","직장·상주 구조",-0.9586337347873517,"비율",1
"아현역 2번","커피-음료","충정로역 6번","14~17 유동 비중",-0.014781994013042504,"비율",2
"아현역 2번","커피-음료","충정로역 6번","17~21 유동 비중",-0.011976018387780674,"비율",3
"충정로현대아파트","커피-음료","미근동","주말 유동 비중",-0.04531288753371529,"비율",1
"충정로현대아파트","커피-음료","미근동","남성 유동 비중",0.05610455677022391,"비율",2
"충정로현대아파트","커피-음료","미근동","프랜차이즈 점포",4,"개",3
"충정로역 3번","커피-음료","청담역 12번","주말 유동 비중",0.043893856300181416,"비율",1
"충정로역 3번","커피-음료","청담역 12번","17~21 유동 비중",0.0413993068870015,"비율",2
"충정로역 3번","커피-음료","청담역 12번","00~06 유동 비중",-0.051308487865426966,"비율",3
"미근동","커피-음료","경향신문사","직장·상주 구조",4.38788155415586,"비율",1
"미근동","커피-음료","경향신문사","남성 유동 비중",-0.06753893074331574,"비율",2
"미근동","커피-음료","경향신문사","11~14 유동 비중",0.040037615490254724,"비율",3
"동교초등학교","커피-음료","광진정말공원","유사 업종 점포 밀도",-1.1013238286786013,"개/10,000㎡",1
"동교초등학교","커피-음료","광진정말공원","해당 업종 점포",-11,"개",2
"동교초등학교","커피-음료","광진정말공원","총 유동인구",524036,"명",3
"마포구청역 7번","커피-음료","한성백제역 3번","상주인구",3293,"명",1
"마포구청역 7번","커피-음료","한성백제역 3번","06~11 유동 비중",-0.011915996676766238,"비율",2
"마포구청역 7번","커피-음료","한성백제역 3번","상권 면적",59142,"㎡",3
"망리단길","커피-음료","푸른들청소년도서관","해당 업종 점포",-102,"개",1
"망리단길","커피-음료","푸른들청소년도서관","프랜차이즈 점포",-9,"개",2
"망리단길","커피-음료","푸른들청소년도서관","총 유동인구",-3016185,"명",3
"양화대교북단","커피-음료","서서울호수공원","프랜차이즈 점포",2,"개",1
"양화대교북단","커피-음료","서서울호수공원","00~06 유동 비중",-0.02240879608618257,"비율",2
"양화대교북단","커피-음료","서서울호수공원","21~24 유동 비중",0.005159238373564412,"비율",3
"KB국민은행 망원동지점","커피-음료","성균관대학교","총 유동인구",737022,"명",1
"KB국민은행 망원동지점","커피-음료","성균관대학교","남성 유동 비중",-0.013134343345858335,"비율",2
"KB국민은행 망원동지점","커피-음료","성균관대학교","06~11 유동 비중",0.0057447456442912825,"비율",3
"마포구청역 4번","커피-음료","간데메공원","00~06 유동 비중",0.02775147427415886,"비율",1
"마포구청역 4번","커피-음료","간데메공원","17~21 유동 비중",-0.011193459044773396,"비율",2
"마포구청역 4번","커피-음료","간데메공원","프랜차이즈 점포",1,"개",3
"새터산","커피-음료","대림역 2번","남성 유동 비중",0.03980661336582281,"비율",1
"새터산","커피-음료","대림역 2번","직장·상주 구조",0.557652248093679,"비율",2
"새터산","커피-음료","대림역 2번","21~24 유동 비중",0.0027748093660280027,"비율",3
"합정역 8번","커피-음료","성균관대학교","해당 업종 점포",-22,"개",1
"합정역 8번","커피-음료","성균관대학교","상주인구",-3592,"명",2
"합정역 8번","커피-음료","성균관대학교","상권 면적",-96148,"㎡",3
"성서초등학교","커피-음료","상월곡역 1번","남성 유동 비중",-0.02718688361490229,"비율",1
"성서초등학교","커피-음료","상월곡역 1번","상주인구",-1824,"명",2
"성서초등학교","커피-음료","상월곡역 1번","06~11 유동 비중",-0.006274785001798039,"비율",3
"성미산체육관","커피-음료","성곡미술관","21~24 유동 비중",-0.01750307012622772,"비율",1
"성미산체육관","커피-음료","성곡미술관","주말 유동 비중",-0.028187257703337965,"비율",2
"성미산체육관","커피-음료","성곡미술관","11~14 유동 비중",0.026058519391443435,"비율",3
"가좌역 2번","커피-음료","방배노인종합복지관(이수중학교)","남성 유동 비중",-0.029398824024317927,"비율",1
"가좌역 2번","커피-음료","방배노인종합복지관(이수중학교)","총 유동인구",-510661,"명",2
"가좌역 2번","커피-음료","방배노인종합복지관(이수중학교)","17~21 유동 비중",-0.014808768269119199,"비율",3
"홍대부속여중고앞","커피-음료","효창공원앞역 2번","유사 업종 점포 밀도",-0.610801860352459,"개/10,000㎡",1
"홍대부속여중고앞","커피-음료","효창공원앞역 2번","총 유동인구",535067,"명",2
"홍대부속여중고앞","커피-음료","효창공원앞역 2번","남성 유동 비중",-0.01585534899412222,"비율",3
"경성고등학교","커피-음료","석촌역 3번","상권 면적",-94948,"㎡",1
"경성고등학교","커피-음료","석촌역 3번","총 유동인구",-1022030,"명",2
"경성고등학교","커피-음료","석촌역 3번","해당 업종 점포",-12,"개",3
"성산중학교","커피-음료","서강대역 1번","총 유동인구",1484218,"명",1
"성산중학교","커피-음료","서강대역 1번","유사 업종 점포 밀도",-1.5791834275391374,"개/10,000㎡",2
"성산중학교","커피-음료","서강대역 1번","상권 면적",47424,"㎡",3
"마포FM","커피-음료","이수역 9번","유사 업종 점포 밀도",0.7690419867809464,"개/10,000㎡",1
"마포FM","커피-음료","이수역 9번","06~11 유동 비중",-0.008274801097947315,"비율",2
"마포FM","커피-음료","이수역 9번","17~21 유동 비중",0.014266412056064465,"비율",3
"상수역 4번","커피-음료","문성초등학교","주말 유동 비중",0.013315797584129985,"비율",1
"상수역 4번","커피-음료","문성초등학교","06~11 유동 비중",-0.007202262071836357,"비율",2
"상수역 4번","커피-음료","문성초등학교","남성 유동 비중",0.016228498354757648,"비율",3
"연트럴파크(연남동주민센터)","커피-음료","KB국민은행 망원동지점","유사 업종 점포 밀도",-4.31998125573047,"개/10,000㎡",1
"연트럴파크(연남동주민센터)","커피-음료","KB국민은행 망원동지점","해당 업종 점포",-47,"개",2
"연트럴파크(연남동주민센터)","커피-음료","KB국민은행 망원동지점","직장·상주 구조",0.774678181090958,"비율",3
"홍대입구역 3번","커피-음료","국기원","유사 업종 점포 밀도",-2.704908932287216,"개/10,000㎡",1
"홍대입구역 3번","커피-음료","국기원","주말 유동 비중",-0.04293152999226113,"비율",2
"홍대입구역 3번","커피-음료","국기원","해당 업종 점포",-16,"개",3
"경의선책거리","커피-음료","성수동카페거리","해당 업종 점포",-36,"개",1
"경의선책거리","커피-음료","성수동카페거리","주말 유동 비중",-0.06552242704554656,"비율",2
"경의선책거리","커피-음료","성수동카페거리","21~24 유동 비중",-0.03821306336779913,"비율",3
"광흥창역 6번","커피-음료","서울숲역 1번","유사 업종 점포 밀도",2.4834054915658346,"개/10,000㎡",1
"광흥창역 6번","커피-음료","서울숲역 1번","주말 유동 비중",-0.05484477172250321,"비율",2
"광흥창역 6번","커피-음료","서울숲역 1번","남성 유동 비중",-0.03682939186265538,"비율",3
"광흥창역 1번","커피-음료","KB국민은행 서강지점","직장·상주 구조",1.5150184249544818,"비율",1
"광흥창역 1번","커피-음료","KB국민은행 서강지점","남성 유동 비중",-0.03182163816804007,"비율",2
"광흥창역 1번","커피-음료","KB국민은행 서강지점","14~17 유동 비중",-0.012220047196375441,"비율",3
"홍대땡땡거리","커피-음료","수락산디자인거리","유사 업종 점포 밀도",-2.6895776981971533,"개/10,000㎡",1
"홍대땡땡거리","커피-음료","수락산디자인거리","해당 업종 점포",-16,"개",2
"홍대땡땡거리","커피-음료","수락산디자인거리","프랜차이즈 점포",-2,"개",3
"신수동주민센터","커피-음료","보문역 8번","06~11 유동 비중",-0.006683730265558269,"비율",1
"신수동주민센터","커피-음료","보문역 8번","17~21 유동 비중",0.011660799013966272,"비율",2
"신수동주민센터","커피-음료","보문역 8번","프랜차이즈 점포",1,"개",3
"대흥동주민센터","커피-음료","내방역 1번","남성 유동 비중",0.0395574274198946,"비율",1
"대흥동주민센터","커피-음료","내방역 1번","06~11 유동 비중",-0.009846177434964548,"비율",2
"대흥동주민센터","커피-음료","내방역 1번","14~17 유동 비중",0.012313891328580295,"비율",3
"대흥역 3번","커피-음료","광진정보도서관","직장인구",5470,"명",1
"대흥역 3번","커피-음료","광진정보도서관","17~21 유동 비중",-0.050623067556478635,"비율",2
"대흥역 3번","커피-음료","광진정보도서관","00~06 유동 비중",0.08490457762127265,"비율",3
"용강동주민센터","커피-음료","삼각산119안전센터","06~11 유동 비중",0.010582332485080864,"비율",1
"용강동주민센터","커피-음료","삼각산119안전센터","유사 업종 점포 밀도",-0.5967887493715422,"개/10,000㎡",2
"용강동주민센터","커피-음료","삼각산119안전센터","총 유동인구",-429207,"명",3
"대흥역 2번","커피-음료","외대앞역 1번","프랜차이즈 점포",9,"개",1
"대흥역 2번","커피-음료","외대앞역 1번","총 유동인구",-1162400,"명",2
"대흥역 2번","커피-음료","외대앞역 1번","남성 유동 비중",-0.018092168717294188,"비율",3
"마포역 4번","커피-음료","서래초등학교","00~06 유동 비중",-0.041584590265713095,"비율",1
"마포역 4번","커피-음료","서래초등학교","17~21 유동 비중",0.014583686052793504,"비율",2
"마포역 4번","커피-음료","서래초등학교","직장·상주 구조",-0.7620939199273131,"비율",3
"양원초등학교","커피-음료","삼광초등학교","남성 유동 비중",0.05008129128075539,"비율",1
"양원초등학교","커피-음료","삼광초등학교","17~21 유동 비중",-0.012896253061589757,"비율",2
"양원초등학교","커피-음료","삼광초등학교","00~06 유동 비중",0.018341543026578977,"비율",3
"이대역 5번","커피-음료","방배노인종합복지관(이수중학교)","남성 유동 비중",0.0226092814969312,"비율",1
"이대역 5번","커피-음료","방배노인종합복지관(이수중학교)","상주인구",1756,"명",2
"이대역 5번","커피-음료","방배노인종합복지관(이수중학교)","00~06 유동 비중",0.03261403038340965,"비율",3
"공덕동주민센터","커피-음료","성자초등학교","주말 유동 비중",-0.02787148103186554,"비율",1
"공덕동주민센터","커피-음료","성자초등학교","프랜차이즈 점포",2,"개",2
"공덕동주민센터","커피-음료","성자초등학교","유사 업종 점포 밀도",0.3694848296604183,"개/10,000㎡",3
"한겨레신문사","커피-음료","방배노인종합복지관(이수중학교)","남성 유동 비중",-0.019939707358619385,"비율",1
"한겨레신문사","커피-음료","방배노인종합복지관(이수중학교)","직장·상주 구조",-0.8873073529263271,"비율",2
"한겨레신문사","커피-음료","방배노인종합복지관(이수중학교)","총 유동인구",-485117,"명",3
"충정로역 6번","커피-음료","광운대학교 남단","남성 유동 비중",0.09369594105950729,"비율",1
"충정로역 6번","커피-음료","광운대학교 남단","프랜차이즈 점포",2,"개",2
"충정로역 6번","커피-음료","광운대학교 남단","11~14 유동 비중",0.013247161103045552,"비율",3
"신월3동주민센터","커피-음료","시흥4동주민센터(서울신흥초등학교)","남성 유동 비중",-0.0282925737981653,"비율",1
"신월3동주민센터","커피-음료","시흥4동주민센터(서울신흥초등학교)","상권 면적",-64013,"㎡",2
"신월3동주민센터","커피-음료","시흥4동주민센터(서울신흥초등학교)","주말 유동 비중",0.015031690313905,"비율",3
"신월중학교","커피-음료","충정로역 6번","남성 유동 비중",-0.03147301470459518,"비율",1
"신월중학교","커피-음료","충정로역 6번","주말 유동 비중",-0.023480729808430356,"비율",2
"신월중학교","커피-음료","충정로역 6번","06~11 유동 비중",-0.008192676862090159,"비율",3
"메디힐병원","커피-음료","성동초등학교","상권 면적",-111736,"㎡",1
"메디힐병원","커피-음료","성동초등학교","상주인구",-2855,"명",2
"메디힐병원","커피-음료","성동초등학교","해당 업종 점포",-5,"개",3
"서서울호수공원","커피-음료","서울시립대","총 유동인구",1679815,"명",1
"서서울호수공원","커피-음료","서울시립대","프랜차이즈 점포",-2,"개",2
"서서울호수공원","커피-음료","서울시립대","주말 유동 비중",-0.018705156653792854,"비율",3
"신월문화체육센터","커피-음료","모래내우체국","남성 유동 비중",-0.017157038984685846,"비율",1
"신월문화체육센터","커피-음료","모래내우체국","상권 면적",-36401,"㎡",2
"신월문화체육센터","커피-음료","모래내우체국","해당 업종 점포",-5,"개",3
"신월1파출소","커피-음료","사가정역 4번","직장·상주 구조",-0.7075076853634332,"비율",1
"신월1파출소","커피-음료","사가정역 4번","총 유동인구",404820,"명",2
"신월1파출소","커피-음료","사가정역 4번","프랜차이즈 점포",1,"개",3
"신월1동우편취급국","커피-음료","마천역(마천초등학교)","상주인구",1590,"명",1
"신월1동우편취급국","커피-음료","마천역(마천초등학교)","21~24 유동 비중",-0.0075677036439753265,"비율",2
"신월1동우편취급국","커피-음료","마천역(마천초등학교)","남성 유동 비중",-0.013025116495593125,"비율",3
"신월4동주민센터","커피-음료","신월2동주민센터","상주인구",2252,"명",1
"신월4동주민센터","커피-음료","신월2동주민센터","상권 면적",48773,"㎡",2
"신월4동주민센터","커피-음료","신월2동주민센터","06~11 유동 비중",0.006813314695124889,"비율",3
"신한은행 신월동지점","커피-음료","면목동우체국","21~24 유동 비중",-0.012760536818636925,"비율",1
"신한은행 신월동지점","커피-음료","면목동우체국","상주인구",-1709,"명",2
"신한은행 신월동지점","커피-음료","면목동우체국","상권 면적",-44662,"㎡",3
"신월2동주민센터","커피-음료","신정역 5번","총 유동인구",1086893,"명",1
"신월2동주민센터","커피-음료","신정역 5번","상권 면적",-31426,"㎡",2
"신월2동주민센터","커피-음료","신정역 5번","프랜차이즈 점포",-1,"개",3
"신정역 5번","커피-음료","신한은행 신월동지점","총 유동인구",-823376,"명",1
"신정역 5번","커피-음료","신한은행 신월동지점","21~24 유동 비중",0.013200972079185497,"비율",2
"신정역 5번","커피-음료","신한은행 신월동지점","06~11 유동 비중",-0.00914867830589497,"비율",3
"목동로데오거리","커피-음료","장스여성병원","남성 유동 비중",-0.018194068261982055,"비율",1
"목동로데오거리","커피-음료","장스여성병원","06~11 유동 비중",0.007984311768437558,"비율",2
"목동로데오거리","커피-음료","장스여성병원","프랜차이즈 점포",1,"개",3
"신서초등학교","커피-음료","광진정보도서관","직장인구",5426,"명",1
"신서초등학교","커피-음료","광진정보도서관","유사 업종 점포 밀도",-1.8558042090812603,"개/10,000㎡",2
"신서초등학교","커피-음료","광진정보도서관","직장·상주 구조",1.2475778947270513,"비율",3
"양목초등학교","커피-음료","문정동성당","유사 업종 점포 밀도",-0.8328138110285657,"개/10,000㎡",1
"양목초등학교","커피-음료","문정동성당","남성 유동 비중",-0.025850675088421704,"비율",2
"양목초등학교","커피-음료","문정동성당","17~21 유동 비중",0.01983774908886353,"비율",3
"등촌역 4번","커피-음료","응암3동주민센터","주말 유동 비중",-0.02053264106769903,"비율",1
"등촌역 4번","커피-음료","응암3동주민센터","06~11 유동 비중",0.010021953977708054,"비율",2
"등촌역 4번","커피-음료","응암3동주민센터","프랜차이즈 점포",1,"개",3
"강서고등학교","커피-음료","강동구립 천호도서관","직장·상주 구조",-0.8589609982786417,"비율",1
"강서고등학교","커피-음료","강동구립 천호도서관","상권 면적",27258,"㎡",2
"강서고등학교","커피-음료","강동구립 천호도서관","남성 유동 비중",0.009767443126189157,"비율",3
"목동보건지소","커피-음료","남성역 1번","프랜차이즈 점포",2,"개",1
"목동보건지소","커피-음료","남성역 1번","총 유동인구",585171,"명",2
"목동보건지소","커피-음료","남성역 1번","상권 면적",34471,"㎡",3
"목동역 5번","커피-음료","불광역 8번","06~11 유동 비중",0.0215194761086768,"비율",1
"목동역 5번","커피-음료","불광역 8번","17~21 유동 비중",-0.033979467715733847,"비율",2
"목동역 5번","커피-음료","불광역 8번","14~17 유동 비중",-0.021377623163556292,"비율",3
"달마을공원","커피-음료","상봉역 3번","총 유동인구",883856,"명",1
"달마을공원","커피-음료","상봉역 3번","주말 유동 비중",0.019034569382172795,"비율",2
"달마을공원","커피-음료","상봉역 3번","06~11 유동 비중",-0.00999417876739847,"비율",3
"신정2동주민센터","커피-음료","대흥역 2번","직장인구",-5566,"명",1
"신정2동주민센터","커피-음료","대흥역 2번","총 유동인구",2121251,"명",2
"신정2동주민센터","커피-음료","대흥역 2번","직장·상주 구조",-1.6411310970177437,"비율",3
"양화초등학교","커피-음료","해오름공원","06~11 유동 비중",-0.012951852410045678,"비율",1
"양화초등학교","커피-음료","해오름공원","17~21 유동 비중",0.013491000680148496,"비율",2
"양화초등학교","커피-음료","해오름공원","14~17 유동 비중",0.011357923063814765,"비율",3
"신정롯데캐슬아파트","커피-음료","삼선중학교","직장인구",1841,"명",1
"신정롯데캐슬아파트","커피-음료","삼선중학교","06~11 유동 비중",0.013945769719042739,"비율",2
"신정롯데캐슬아파트","커피-음료","삼선중학교","프랜차이즈 점포",-2,"개",3
"신목동역","커피-음료","서울축산농협 독산역지점(독산파출소)","06~11 유동 비중",-0.01648567980669774,"비율",1
"신목동역","커피-음료","서울축산농협 독산역지점(독산파출소)","상주인구",1934,"명",2
"신목동역","커피-음료","서울축산농협 독산역지점(독산파출소)","직장·상주 구조",-0.785649057283222,"비율",3
"공항시장역 1번","커피-음료","도봉역 2번","상권 면적",267127,"㎡",1
"공항시장역 1번","커피-음료","도봉역 2번","직장·상주 구조",0.8269604907589683,"비율",2
"공항시장역 1번","커피-음료","도봉역 2번","유사 업종 점포 밀도",-0.47107718310828806,"개/10,000㎡",3
"방화역 3번","커피-음료","둔촌2동주민센터","00~06 유동 비중",0.046235782153204036,"비율",1
"방화역 3번","커피-음료","둔촌2동주민센터","11~14 유동 비중",-0.01729979552456798,"비율",2
"방화역 3번","커피-음료","둔촌2동주민센터","17~21 유동 비중",-0.015528084105840584,"비율",3
"송정역 3번","커피-음료","관악구신사동주민센터","프랜차이즈 점포",-2,"개",1
"송정역 3번","커피-음료","관악구신사동주민센터","남성 유동 비중",-0.01847019990567894,"비율",2
"송정역 3번","커피-음료","관악구신사동주민센터","상권 면적",-38138,"㎡",3
"방화역 2번","커피-음료","신길6동주민센터","17~21 유동 비중",0.025106171124211846,"비율",1
"방화역 2번","커피-음료","신길6동주민센터","00~06 유동 비중",-0.04977773276043329,"비율",2
"방화역 2번","커피-음료","신길6동주민센터","남성 유동 비중",-0.018283041506911846,"비율",3
"신방화역 2번","커피-음료","대청초등학교","해당 업종 점포",11,"개",1
"신방화역 2번","커피-음료","대청초등학교","상권 면적",56094,"㎡",2
"신방화역 2번","커피-음료","대청초등학교","총 유동인구",-442517,"명",3
"신방화역 8번","커피-음료","가산초등학교(세일중학교)","남성 유동 비중",0.03386680042898871,"비율",1
"신방화역 8번","커피-음료","가산초등학교(세일중학교)","상권 면적",36916,"㎡",2
"신방화역 8번","커피-음료","가산초등학교(세일중학교)","21~24 유동 비중",-0.0062202798966803086,"비율",3
"공항고등학교","커피-음료","NH농협은행 상도동지점","남성 유동 비중",-0.02300097963374753,"비율",1
"공항고등학교","커피-음료","NH농협은행 상도동지점","총 유동인구",353641,"명",2
"공항고등학교","커피-음료","NH농협은행 상도동지점","직장·상주 구조",-0.513217888948267,"비율",3
"강서구다솔마을","커피-음료","한국폴리텍대학서울정수캠퍼스","프랜차이즈 점포",2,"개",1
"강서구다솔마을","커피-음료","한국폴리텍대학서울정수캠퍼스","17~21 유동 비중",0.012378155175092193,"비율",2
"강서구다솔마을","커피-음료","한국폴리텍대학서울정수캠퍼스","00~06 유동 비중",-0.026757630808022626,"비율",3
"푸른들청소년도서관","커피-음료","남성역 1번","프랜차이즈 점포",5,"개",1
"푸른들청소년도서관","커피-음료","남성역 1번","총 유동인구",767107,"명",2
"푸른들청소년도서관","커피-음료","남성역 1번","직장인구",-556,"명",3
"화곡역 5번","커피-음료","장안1동주민센터","상권 면적",75609,"㎡",1
"화곡역 5번","커피-음료","장안1동주민센터","총 유동인구",744963,"명",2
"화곡역 5번","커피-음료","장안1동주민센터","직장인구",1267,"명",3
"우장산역 1번","커피-음료","예일여고","남성 유동 비중",-0.02552465482332117,"비율",1
"우장산역 1번","커피-음료","예일여고","06~11 유동 비중",0.008525408815948321,"비율",2
"우장산역 1번","커피-음료","예일여고","21~24 유동 비중",0.009347192186020259,"비율",3
"화원중학교","커피-음료","신대방삼거리역 3번","상주인구",-2394,"명",1
"화원중학교","커피-음료","신대방삼거리역 3번","상권 면적",-54365,"㎡",2
"화원중학교","커피-음료","신대방삼거리역 3번","00~06 유동 비중",0.0253344134403502,"비율",3
"양천향교역 2번","커피-음료","쌍문역1번(쌍리단길)","상권 면적",-45496,"㎡",1
"양천향교역 2번","커피-음료","쌍문역1번(쌍리단길)","21~24 유동 비중",0.007398439701012435,"비율",2
"양천향교역 2번","커피-음료","쌍문역1번(쌍리단길)","11~14 유동 비중",-0.011674544022102717,"비율",3
"화곡역 2번","커피-음료","상봉역 3번","06~11 유동 비중",-0.009025328381882691,"비율",1
"화곡역 2번","커피-음료","상봉역 3번","주말 유동 비중",0.013744142257618941,"비율",2
"화곡역 2번","커피-음료","상봉역 3번","00~06 유동 비중",0.020761672232191997,"비율",3
"까치산역 4번","커피-음료","시립서북병원","상주인구",-4635,"명",1
"까치산역 4번","커피-음료","시립서북병원","상권 면적",-80242,"㎡",2
"까치산역 4번","커피-음료","시립서북병원","총 유동인구",-801370,"명",3
"발산역 5번","커피-음료","종암경찰서","직장인구",3313,"명",1
"발산역 5번","커피-음료","종암경찰서","11~14 유동 비중",-0.026215285831088175,"비율",2
"발산역 5번","커피-음료","종암경찰서","직장·상주 구조",1.4998706427323771,"비율",3
"까치산역 3번","커피-음료","화곡2동주민센터","총 유동인구",-3283198,"명",1
"까치산역 3번","커피-음료","화곡2동주민센터","남성 유동 비중",-0.029831763982274495,"비율",2
"까치산역 3번","커피-음료","화곡2동주민센터","상주인구",-1511,"명",3
"양천향교역 5번","커피-음료","선유도역 6번","프랜차이즈 점포",7,"개",1
"양천향교역 5번","커피-음료","선유도역 6번","주말 유동 비중",-0.05310809092205515,"비율",2
"양천향교역 5번","커피-음료","선유도역 6번","직장인구",2392,"명",3
"등촌3동주민센터","커피-음료","종암경찰서","상권 면적",-67439,"㎡",1
"등촌3동주민센터","커피-음료","종암경찰서","06~11 유동 비중",-0.010621475594136592,"비율",2
"등촌3동주민센터","커피-음료","종암경찰서","해당 업종 점포",-8,"개",3
"까치산역 1번","커피-음료","화곡역 4번","총 유동인구",2505957,"명",1
"까치산역 1번","커피-음료","화곡역 4번","상주인구",6441,"명",2
"까치산역 1번","커피-음료","화곡역 4번","상권 면적",142601,"㎡",3
"우장산롯데캐슬아파트앞","커피-음료","둔촌2동주민센터","06~11 유동 비중",-0.009857753764648147,"비율",1
"우장산롯데캐슬아파트앞","커피-음료","둔촌2동주민센터","주말 유동 비중",-0.013147855814459597,"비율",2
"우장산롯데캐슬아파트앞","커피-음료","둔촌2동주민센터","유사 업종 점포 밀도",-0.3910742921964705,"개/10,000㎡",3
"곰달래도서관","커피-음료","노량진역 6번","총 유동인구",-1975148,"명",1
"곰달래도서관","커피-음료","노량진역 6번","남성 유동 비중",0.017515842750664368,"비율",2
"곰달래도서관","커피-음료","노량진역 6번","14~17 유동 비중",-0.012830398542791568,"비율",3
"가양역 10번","커피-음료","강서구청가양동별관","유사 업종 점포 밀도",1.1839056442883678,"개/10,000㎡",1
"가양역 10번","커피-음료","강서구청가양동별관","직장·상주 구조",1.5476479532412073,"비율",2
"가양역 10번","커피-음료","강서구청가양동별관","남성 유동 비중",0.031655864252868315,"비율",3
"화곡2동주민센터","커피-음료","먹골역 1번","상주인구",-2852,"명",1
"화곡2동주민센터","커피-음료","먹골역 1번","프랜차이즈 점포",1,"개",2
"화곡2동주민센터","커피-음료","먹골역 1번","상권 면적",-30239,"㎡",3
"신곡초등학교","커피-음료","면목역 1번","직장·상주 구조",-1.3646867131222402,"비율",1
"신곡초등학교","커피-음료","면목역 1번","총 유동인구",546551,"명",2
"신곡초등학교","커피-음료","면목역 1번","21~24 유동 비중",-0.004010422536784991,"비율",3
"등촌1동주민센터","커피-음료","염곡동 구룡사(포이동성당)","남성 유동 비중",0.04661090023124492,"비율",1
"등촌1동주민센터","커피-음료","염곡동 구룡사(포이동성당)","주말 유동 비중",-0.023358138875831103,"비율",2
"등촌1동주민센터","커피-음료","염곡동 구룡사(포이동성당)","해당 업종 점포",-10,"개",3
"강서구청가양동별관","커피-음료","KT금천빌딩(금천구시설관리공단)","00~06 유동 비중",0.0926364386240758,"비율",1
"강서구청가양동별관","커피-음료","KT금천빌딩(금천구시설관리공단)","17~21 유동 비중",-0.03462209862486518,"비율",2
"강서구청가양동별관","커피-음료","KT금천빌딩(금천구시설관리공단)","유사 업종 점포 밀도",-1.2198909179546684,"개/10,000㎡",3
"화곡4동주민센터","커피-음료","신정역 5번","총 유동인구",473446,"명",1
"화곡4동주민센터","커피-음료","신정역 5번","11~14 유동 비중",-0.012768897810413862,"비율",2
"화곡4동주민센터","커피-음료","신정역 5번","주말 유동 비중",0.008001995768853354,"비율",3
"수궁동주민센터","커피-음료","남강고등학교(남강중학교)","총 유동인구",1272393,"명",1
"수궁동주민센터","커피-음료","남강고등학교(남강중학교)","상주인구",3872,"명",2
"수궁동주민센터","커피-음료","남강고등학교(남강중학교)","주말 유동 비중",-0.015156607886031348,"비율",3
"천왕역 3번(오류2동주민센터, 서울오류남초등학교)","커피-음료","신풍역 3번","유사 업종 점포 밀도",0.9015984658750951,"개/10,000㎡",1
"천왕역 3번(오류2동주민센터, 서울오류남초등학교)","커피-음료","신풍역 3번","주말 유동 비중",0.02015026079099097,"비율",2
"천왕역 3번(오류2동주민센터, 서울오류남초등학교)","커피-음료","신풍역 3번","직장·상주 구조",0.9681794602409708,"비율",3
"오류동역 3번","커피-음료","상봉역 3번","상주인구",1969,"명",1
"오류동역 3번","커피-음료","상봉역 3번","06~11 유동 비중",-0.008692846180594321,"비율",2
"오류동역 3번","커피-음료","상봉역 3번","21~24 유동 비중",0.005309363842681464,"비율",3
"오류2동버들시장","커피-음료","신월1동우편취급국","남성 유동 비중",0.027178369009521697,"비율",1
"오류2동버들시장","커피-음료","신월1동우편취급국","상권 면적",56562,"㎡",2
"오류2동버들시장","커피-음료","신월1동우편취급국","상주인구",1772,"명",3
"세곡초등학교","커피-음료","화곡2동주민센터","남성 유동 비중",-0.028393737927250973,"비율",1
"세곡초등학교","커피-음료","화곡2동주민센터","상주인구",1915,"명",2
"세곡초등학교","커피-음료","화곡2동주민센터","직장·상주 구조",-0.6059179021542453,"비율",3
"개봉1동주민센터","커피-음료","한성백제역 3번","상주인구",2917,"명",1
"개봉1동주민센터","커피-음료","한성백제역 3번","남성 유동 비중",-0.020822674426762167,"비율",2
"개봉1동주민센터","커피-음료","한성백제역 3번","직장인구",1045,"명",3
"개봉3동주민센터","커피-음료","독산동정훈단지","주말 유동 비중",-0.018682303088078167,"비율",1
"개봉3동주민센터","커피-음료","독산동정훈단지","직장·상주 구조",0.971913089440644,"비율",2
"개봉3동주민센터","커피-음료","독산동정훈단지","남성 유동 비중",0.020292164655704104,"비율",3
"덕의초등학교","커피-음료","강북구청","총 유동인구",731497,"명",1
"덕의초등학교","커피-음료","강북구청","06~11 유동 비중",-0.0096515400219927,"비율",2
"덕의초등학교","커피-음료","강북구청","주말 유동 비중",-0.012652360339625801,"비율",3
"고척동성당","커피-음료","벌말어린이공원","프랜차이즈 점포",-3,"개",1
"고척동성당","커피-음료","벌말어린이공원","남성 유동 비중",0.029254861931873266,"비율",2
"고척동성당","커피-음료","벌말어린이공원","06~11 유동 비중",-0.008289047237279357,"비율",3
"개봉초등학교","커피-음료","강북구청","직장인구",-1500,"명",1
"개봉초등학교","커피-음료","강북구청","유사 업종 점포 밀도",0.693948688341332,"개/10,000㎡",2
"개봉초등학교","커피-음료","강북구청","직장·상주 구조",-1.0796732626951258,"비율",3
"개봉역","커피-음료","창동역 2번","유사 업종 점포 밀도",0.5777060935478942,"개/10,000㎡",1
"개봉역","커피-음료","창동역 2번","직장·상주 구조",-0.8651737255536469,"비율",2
"개봉역","커피-음료","창동역 2번","직장인구",-938,"명",3
"그라운드 고척","커피-음료","상계역","유사 업종 점포 밀도",-1.6006329392940577,"개/10,000㎡",1
"그라운드 고척","커피-음료","상계역","프랜차이즈 점포",-4,"개",2
"그라운드 고척","커피-음료","상계역","17~21 유동 비중",0.03147102169678956,"비율",3
"구로초등학교","커피-음료","메디힐병원","상주인구",1707,"명",1
"구로초등학교","커피-음료","메디힐병원","총 유동인구",-516963,"명",2
"구로초등학교","커피-음료","메디힐병원","17~21 유동 비중",0.011360713709351433,"비율",3
"구로보건소","커피-음료","신방화역 2번","상권 면적",-70096,"㎡",1
"구로보건소","커피-음료","신방화역 2번","프랜차이즈 점포",2,"개",2
"구로보건소","커피-음료","신방화역 2번","남성 유동 비중",-0.0181729791974935,"비율",3
"구로4동주민센터","커피-음료","석계역 7번","프랜차이즈 점포",-2,"개",1
"구로4동주민센터","커피-음료","석계역 7번","총 유동인구",411306,"명",2
"구로4동주민센터","커피-음료","석계역 7번","남성 유동 비중",-0.01333316484076158,"비율",3
"남구로역 2번","커피-음료","노량진역 6번","총 유동인구",-1828174,"명",1
"남구로역 2번","커피-음료","노량진역 6번","06~11 유동 비중",-0.014059203202722997,"비율",2
"남구로역 2번","커피-음료","노량진역 6번","직장·상주 구조",1.2119422658027466,"비율",3
"한국SGI본부","커피-음료","방학역 2번","00~06 유동 비중",0.03098681799032124,"비율",1
"한국SGI본부","커피-음료","방학역 2번","17~21 유동 비중",-0.013402896792013924,"비율",2
"한국SGI본부","커피-음료","방학역 2번","총 유동인구",-435545,"명",3
"대림역 2번","커피-음료","신원동주민센터","상권 면적",-61349,"㎡",1
"대림역 2번","커피-음료","신원동주민센터","유사 업종 점포 밀도",0.5517606664067999,"개/10,000㎡",2
"대림역 2번","커피-음료","신원동주민센터","직장·상주 구조",-0.7493093166034308,"비율",3
"가리봉파출소","커피-음료","문래중학교","남성 유동 비중",-0.07410417647243789,"비율",1
"가리봉파출소","커피-음료","문래중학교","총 유동인구",-912772,"명",2
"가리봉파출소","커피-음료","문래중학교","주말 유동 비중",0.013520479400641439,"비율",3
"G타워","커피-음료","서울역 12번","남성 유동 비중",-0.06167558081637936,"비율",1
"G타워","커피-음료","서울역 12번","주말 유동 비중",0.02136204602553493,"비율",2
"G타워","커피-음료","서울역 12번","직장인구",1135,"명",3
"가산동주민센터","커피-음료","광운대역 1번","프랜차이즈 점포",5,"개",1
"가산동주민센터","커피-음료","광운대역 1번","주말 유동 비중",0.02205033840598422,"비율",2
"가산동주민센터","커피-음료","광운대역 1번","21~24 유동 비중",0.012216811958311383,"비율",3
"금천철쭉어린이공원(금하마을)","커피-음료","서울북부고용노동지청","유사 업종 점포 밀도",-0.38677754623435634,"개/10,000㎡",1
"금천철쭉어린이공원(금하마을)","커피-음료","서울북부고용노동지청","주말 유동 비중",0.00862460936411591,"비율",2
"금천철쭉어린이공원(금하마을)","커피-음료","서울북부고용노동지청","21~24 유동 비중",-0.004562345263672635,"비율",3
"두산초등학교","커피-음료","고덕중학교(고덕2동주민센터)","남성 유동 비중",-0.025342081622634016,"비율",1
"두산초등학교","커피-음료","고덕중학교(고덕2동주민센터)","06~11 유동 비중",0.008358353602358454,"비율",2
"두산초등학교","커피-음료","고덕중학교(고덕2동주민센터)","프랜차이즈 점포",1,"개",3
"가산동우체국","커피-음료","신방화역 8번","남성 유동 비중",-0.057943223865599025,"비율",1
"가산동우체국","커피-음료","신방화역 8번","직장·상주 구조",0.9077883937529112,"비율",2
"가산동우체국","커피-음료","신방화역 8번","상주인구",-1199,"명",3
"서울축산농협 독산역지점(독산파출소)","커피-음료","동묘앞역 2번","직장·상주 구조",-1.06215580802521,"비율",1
"서울축산농협 독산역지점(독산파출소)","커피-음료","동묘앞역 2번","총 유동인구",591338,"명",2
"서울축산농협 독산역지점(독산파출소)","커피-음료","동묘앞역 2번","주말 유동 비중",-0.007259350381667085,"비율",3
"금천구청역 1번 출입구","커피-음료","뚝섬역교차로","상권 면적",-81410,"㎡",1
"금천구청역 1번 출입구","커피-음료","뚝섬역교차로","유사 업종 점포 밀도",0.7651305702495415,"개/10,000㎡",2
"금천구청역 1번 출입구","커피-음료","뚝섬역교차로","21~24 유동 비중",-0.009727990141568901,"비율",3
"가산초등학교(세일중학교)","커피-음료","성동초등학교","남성 유동 비중",-0.0581580090122466,"비율",1
"가산초등학교(세일중학교)","커피-음료","성동초등학교","상권 면적",-58581,"㎡",2
"가산초등학교(세일중학교)","커피-음료","성동초등학교","주말 유동 비중",-0.014766412715020938,"비율",3
"말미고개","커피-음료","자양한강도서관","상권 면적",-72518,"㎡",1
"말미고개","커피-음료","자양한강도서관","총 유동인구",406168,"명",2
"말미고개","커피-음료","자양한강도서관","프랜차이즈 점포",-1,"개",3
"독산119안전센터","커피-음료","남천초등학교","총 유동인구",389957,"명",1
"독산119안전센터","커피-음료","남천초등학교","06~11 유동 비중",-0.006116092265226886,"비율",2
"독산119안전센터","커피-음료","남천초등학교","프랜차이즈 점포",1,"개",3
"금천해태공원","커피-음료","신월4동주민센터","상주인구",1332,"명",1
"금천해태공원","커피-음료","신월4동주민센터","총 유동인구",-362927,"명",2
"금천해태공원","커피-음료","신월4동주민센터","프랜차이즈 점포",1,"개",3
"시흥초등학교(시흥1동우체국)","커피-음료","금천해태공원","총 유동인구",539613,"명",1
"시흥초등학교(시흥1동우체국)","커피-음료","금천해태공원","남성 유동 비중",-0.015176667262053634,"비율",2
"시흥초등학교(시흥1동우체국)","커피-음료","금천해태공원","06~11 유동 비중",0.005722994986795932,"비율",3
"독산동성당","커피-음료","중곡3동주민센터","총 유동인구",700413,"명",1
"독산동성당","커피-음료","중곡3동주민센터","상권 면적",-40353,"㎡",2
"독산동성당","커피-음료","중곡3동주민센터","남성 유동 비중",-0.015851678097007105,"비율",3
"독산동정훈단지","커피-음료","모래내우체국","남성 유동 비중",-0.032447734128981054,"비율",1
"독산동정훈단지","커피-음료","모래내우체국","프랜차이즈 점포",-2,"개",2
"독산동정훈단지","커피-음료","모래내우체국","직장·상주 구조",0.8467760118035379,"비율",3
"금산초등학교(금천고등학교)","커피-음료","성남고등학교","남성 유동 비중",-0.0243141261512817,"비율",1
"금산초등학교(금천고등학교)","커피-음료","성남고등학교","주말 유동 비중",0.017308791265514878,"비율",2
"금산초등학교(금천고등학교)","커피-음료","성남고등학교","17~21 유동 비중",0.015161876030742968,"비율",3
"시흥4동주민센터(서울신흥초등학교)","커피-음료","당고개역 5번","프랜차이즈 점포",-2,"개",1
"시흥4동주민센터(서울신흥초등학교)","커피-음료","당고개역 5번","직장·상주 구조",-0.883543516736176,"비율",2
"시흥4동주민센터(서울신흥초등학교)","커피-음료","당고개역 5번","21~24 유동 비중",0.007884964575129216,"비율",3
"한울중학교","커피-음료","남천초등학교","06~11 유동 비중",-0.007561668708434582,"비율",1
"한울중학교","커피-음료","남천초등학교","총 유동인구",446920,"명",2
"한울중학교","커피-음료","남천초등학교","상주인구",-1439,"명",3
"시흥동 은행나무사거리","커피-음료","북가좌2동주민센터","06~11 유동 비중",0.006021987047371086,"비율",1
"시흥동 은행나무사거리","커피-음료","북가좌2동주민센터","상주인구",-1029,"명",2
"시흥동 은행나무사거리","커피-음료","북가좌2동주민센터","21~24 유동 비중",-0.005097639351330729,"비율",3
"동일여자고등학교","커피-음료","송파나루역 3번","프랜차이즈 점포",-1,"개",1
"동일여자고등학교","커피-음료","송파나루역 3번","남성 유동 비중",-0.011406359509044284,"비율",2
"동일여자고등학교","커피-음료","송파나루역 3번","상권 면적",-26858,"㎡",3
"문래중학교","커피-음료","경신고등학교","남성 유동 비중",-0.031130161393919997,"비율",1
"문래중학교","커피-음료","경신고등학교","06~11 유동 비중",0.007741803631699545,"비율",2
"문래중학교","커피-음료","경신고등학교","상주인구",-1114,"명",3
"양평역 2번","커피-음료","방화역 1번","남성 유동 비중",-0.03270503853749407,"비율",1
"양평역 2번","커피-음료","방화역 1번","주말 유동 비중",0.024698888447805045,"비율",2
"양평역 2번","커피-음료","방화역 1번","유사 업종 점포 밀도",-0.6162652800763523,"개/10,000㎡",3
"문래예술촌(문래창작촌)","커피-음료","서강대역 1번","직장인구",-22408,"명",1
"문래예술촌(문래창작촌)","커피-음료","서강대역 1번","해당 업종 점포",-33,"개",2
"문래예술촌(문래창작촌)","커피-음료","서강대역 1번","직장·상주 구조",-3.7377834098174008,"비율",3
"선유도역 1번","커피-음료","대청초등학교","프랜차이즈 점포",-7,"개",1
"선유도역 1번","커피-음료","대청초등학교","해당 업종 점포",-21,"개",2
"선유도역 1번","커피-음료","대청초등학교","직장인구",-2720,"명",3
"영등포구청역 2번","커피-음료","문현중학교(장지역 1번)","유사 업종 점포 밀도",-2.353581404206375,"개/10,000㎡",1
"영등포구청역 2번","커피-음료","문현중학교(장지역 1번)","주말 유동 비중",0.02613119261837482,"비율",2
"영등포구청역 2번","커피-음료","문현중학교(장지역 1번)","21~24 유동 비중",0.010189443421875069,"비율",3
"문래동사거리","커피-음료","석계역 2번","직장·상주 구조",-3.7934181922050527,"비율",1
"문래동사거리","커피-음료","석계역 2번","직장인구",-2728,"명",2
"문래동사거리","커피-음료","석계역 2번","상권 면적",-22859,"㎡",3
"영등포구청역 6번","커피-음료","돌곶이역 5번","유사 업종 점포 밀도",-0.8640381657093732,"개/10,000㎡",1
"영등포구청역 6번","커피-음료","돌곶이역 5번","남성 유동 비중",-0.01609623635090557,"비율",2
"영등포구청역 6번","커피-음료","돌곶이역 5번","총 유동인구",-263123,"명",3
"당산반도유보라팰리스아파트","커피-음료","혜화동주민센터","06~11 유동 비중",0.0087698075522907315,"비율",1
"당산반도유보라팰리스아파트","커피-음료","혜화동주민센터","유사 업종 점포 밀도",-0.4891880596699094,"개/10,000㎡",2
"당산반도유보라팰리스아파트","커피-음료","혜화동주민센터","해당 업종 점포",3,"개",3
"도신초등학교","커피-음료","대림역 2번","직장·상주 구조",-0.7015160499932724,"비율",1
"도신초등학교","커피-음료","대림역 2번","상주인구",-749,"명",2
"도신초등학교","커피-음료","대림역 2번","주말 유동 비중",0.0060552683476179925,"비율",3
"구로디지털단지역 4번","커피-음료","공군호텔","프랜차이즈 점포",-2,"개",1
"구로디지털단지역 4번","커피-음료","공군호텔","주말 유동 비중",-0.014186841855758303,"비율",2
"구로디지털단지역 4번","커피-음료","공군호텔","06~11 유동 비중",0.005763858398296573,"비율",3
"영등포시장역 1번","커피-음료","가양역 10번","주말 유동 비중",0.04161456072969347,"비율",1
"영등포시장역 1번","커피-음료","가양역 10번","11~14 유동 비중",-0.020025405469793395,"비율",2
"영등포시장역 1번","커피-음료","가양역 10번","17~21 유동 비중",0.019163878469353857,"비율",3
"대림성모병원","커피-음료","답십리공원","17~21 유동 비중",0.019587764674620534,"비율",1
"대림성모병원","커피-음료","답십리공원","직장·상주 구조",0.8204051056334078,"비율",2
"대림성모병원","커피-음료","답십리공원","06~11 유동 비중",-0.006210066238688,"비율",3
"신풍역 3번","커피-음료","삼각산119안전센터","06~11 유동 비중",-0.015383630944020343,"비율",1
"신풍역 3번","커피-음료","삼각산119안전센터","남성 유동 비중",0.01708330727808266,"비율",2
"신풍역 3번","커피-음료","삼각산119안전센터","14~17 유동 비중",0.014153284771010355,"비율",3
"영동초등학교","커피-음료","방배아이파크아파트","06~11 유동 비중",-0.01222691553722996,"비율",1
"영동초등학교","커피-음료","방배아이파크아파트","직장인구",1290,"명",2
"영동초등학교","커피-음료","방배아이파크아파트","남성 유동 비중",-0.014855877686488828,"비율",3
"신풍역 1번","커피-음료","4.19민주묘지역 2번","남성 유동 비중",-0.026856881595433757,"비율",1
"신풍역 1번","커피-음료","4.19민주묘지역 2번","주말 유동 비중",-0.020425222915088137,"비율",2
"신풍역 1번","커피-음료","4.19민주묘지역 2번","유사 업종 점포 밀도",0.6876293013398262,"개/10,000㎡",3
"영신초등학교","커피-음료","천호지구대(천호동자전거거리)","직장·상주 구조",-0.8809407203569375,"비율",1
"영신초등학교","커피-음료","천호지구대(천호동자전거거리)","총 유동인구",-432962,"명",2
"영신초등학교","커피-음료","천호지구대(천호동자전거거리)","프랜차이즈 점포",-1,"개",3
"신길6동주민센터","커피-음료","둔촌2동주민센터","21~24 유동 비중",-0.0175727558840975,"비율",1
"신길6동주민센터","커피-음료","둔촌2동주민센터","프랜차이즈 점포",-2,"개",2
"신길6동주민센터","커피-음료","둔촌2동주민센터","14~17 유동 비중",0.015479776252084784,"비율",3
"보라매역 6번","커피-음료","보문역 4번","프랜차이즈 점포",-3,"개",1
"보라매역 6번","커피-음료","보문역 4번","06~11 유동 비중",-0.013626322200563923,"비율",2
"보라매역 6번","커피-음료","보문역 4번","주말 유동 비중",0.019028269966961164,"비율",3
"서울지방병무청","커피-음료","석계역 7번","직장·상주 구조",-1.3836265726633608,"비율",1
"서울지방병무청","커피-음료","석계역 7번","총 유동인구",586531,"명",2
"서울지방병무청","커피-음료","석계역 7번","06~11 유동 비중",-0.007642757751783441,"비율",3
"공군호텔","커피-음료","노량진역 6번","총 유동인구",646187,"명",1
"공군호텔","커피-음료","노량진역 6번","상권 면적",54022,"㎡",2
"공군호텔","커피-음료","노량진역 6번","17~21 유동 비중",0.012772968020289904,"비율",3
"신대방역 4번","커피-음료","메디힐병원","직장인구",-1336,"명",1
"신대방역 4번","커피-음료","메디힐병원","주말 유동 비중",-0.015409007114778828,"비율",2
"신대방역 4번","커피-음료","메디힐병원","직장·상주 구조",-0.8985855963140379,"비율",3
"성남고등학교","커피-음료","자양한강도서관","06~11 유동 비중",-0.009708982724365933,"비율",1
"성남고등학교","커피-음료","자양한강도서관","17~21 유동 비중",0.014989454608065833,"비율",2
"성남고등학교","커피-음료","자양한강도서관","남성 유동 비중",0.018555413937237808,"비율",3
"보라매역 2번","커피-음료","문정초등학교","직장인구",4372,"명",1
"보라매역 2번","커피-음료","문정초등학교","직장·상주 구조",1.546981900697591,"비율",2
"보라매역 2번","커피-음료","문정초등학교","총 유동인구",-702623,"명",3
"신대방삼거리역 3번","커피-음료","성동초등학교","06~11 유동 비중",0.013448090452782613,"비율",1
"신대방삼거리역 3번","커피-음료","성동초등학교","주말 유동 비중",-0.016259837605119565,"비율",2
"신대방삼거리역 3번","커피-음료","성동초등학교","17~21 유동 비중",-0.011140771142291978,"비율",3
"대방역 3번","커피-음료","광나루역 1번","17~21 유동 비중",-0.03218102071611653,"비율",1
"대방역 3번","커피-음료","광나루역 1번","00~06 유동 비중",0.03706187707306924,"비율",2
"대방역 3번","커피-음료","광나루역 1번","주말 유동 비중",0.014777812517913935,"비율",3
"신대방삼거리역 1번","커피-음료","강동구립성내도서관","프랜차이즈 점포",-1,"개",1
"신대방삼거리역 1번","커피-음료","강동구립성내도서관","상권 면적",21476,"㎡",2
"신대방삼거리역 1번","커피-음료","강동구립성내도서관","직장·상주 구조",0.34685508103386553,"비율",3
"장승배기역 4번","커피-음료","신당역 3번","총 유동인구",975393,"명",1
"장승배기역 4번","커피-음료","신당역 3번","프랜차이즈 점포",2,"개",2
"장승배기역 4번","커피-음료","신당역 3번","주말 유동 비중",0.011924413663062516,"비율",3
"NH농협은행 상도동지점","커피-음료","당고개역 5번","직장·상주 구조",-1.5143015988657131,"비율",1
"NH농협은행 상도동지점","커피-음료","당고개역 5번","21~24 유동 비중",0.007295192292742642,"비율",2
"NH농협은행 상도동지점","커피-음료","당고개역 5번","상권 면적",30070,"㎡",3
"노량진역 6번","커피-음료","신대방역 4번","총 유동인구",-959954,"명",1
"노량진역 6번","커피-음료","신대방역 4번","프랜차이즈 점포",-2,"개",2
"노량진역 6번","커피-음료","신대방역 4번","상권 면적",-55708,"㎡",3
"상도초등학교","커피-음료","국립정신건강센터","남성 유동 비중",0.015134744781869214,"비율",1
"상도초등학교","커피-음료","국립정신건강센터","17~21 유동 비중",-0.011786641339258191,"비율",2
"상도초등학교","커피-음료","국립정신건강센터","프랜차이즈 점포",-1,"개",3
"상도4동주민센터","커피-음료","방배노인종합복지관(이수중학교)","남성 유동 비중",-0.022076693393848157,"비율",1
"상도4동주민센터","커피-음료","방배노인종합복지관(이수중학교)","총 유동인구",-287000,"명",2
"상도4동주민센터","커피-음료","방배노인종합복지관(이수중학교)","상주인구",922,"명",3
"상도역 2번","커피-음료","가오리역 2번","유사 업종 점포 밀도",-0.9043595553728577,"개/10,000㎡",1
"상도역 2번","커피-음료","가오리역 2번","06~11 유동 비중",0.010895352988297219,"비율",2
"상도역 2번","커피-음료","가오리역 2번","21~24 유동 비중",-0.010365992010260089,"비율",3
"상도역 5번","커피-음료","사당역 4번","프랜차이즈 점포",-3,"개",1
"상도역 5번","커피-음료","사당역 4번","해당 업종 점포",-12,"개",2
"상도역 5번","커피-음료","사당역 4번","유사 업종 점포 밀도",-0.5346854916054506,"개/10,000㎡",3
"숭실대입구역 1번","커피-음료","방학1동주민센터","17~21 유동 비중",-0.01959222686644091,"비율",1
"숭실대입구역 1번","커피-음료","방학1동주민센터","00~06 유동 비중",0.03867286967349462,"비율",2
"숭실대입구역 1번","커피-음료","방학1동주민센터","남성 유동 비중",-0.021398631137093116,"비율",3
"사당5동주민센터","커피-음료","KB국민은행 서강지점","유사 업종 점포 밀도",0.9203234194740755,"개/10,000㎡",1
"사당5동주민센터","커피-음료","KB국민은행 서강지점","직장·상주 구조",0.8393600309389431,"비율",2
"사당5동주민센터","커피-음료","KB국민은행 서강지점","상주인구",-1099,"명",3
"남성역 1번","커피-음료","암사역 2번(서울강동초등학교)","총 유동인구",1125680,"명",1
"남성역 1번","커피-음료","암사역 2번(서울강동초등학교)","프랜차이즈 점포",-3,"개",2
"남성역 1번","커피-음료","암사역 2번(서울강동초등학교)","직장·상주 구조",-0.8342539650977585,"비율",3
"양지어린이공원","커피-음료","인헌고등학교(인헌중학교)","06~11 유동 비중",0.006845115040169519,"비율",1
"양지어린이공원","커피-음료","인헌고등학교(인헌중학교)","프랜차이즈 점포",1,"개",2
"양지어린이공원","커피-음료","인헌고등학교(인헌중학교)","해당 업종 점포",-4,"개",3
"사당역 10번","커피-음료","남성역 1번","프랜차이즈 점포",4,"개",1
"사당역 10번","커피-음료","남성역 1번","해당 업종 점포",-8,"개",2
"사당역 10번","커피-음료","남성역 1번","유사 업종 점포 밀도",-0.43576904761388535,"개/10,000㎡",3
"이수역 9번","커피-음료","상수역 4번","유사 업종 점포 밀도",-1.0349636187643745,"개/10,000㎡",1
"이수역 9번","커피-음료","상수역 4번","주말 유동 비중",0.020389696362960064,"비율",2
"이수역 9번","커피-음료","상수역 4번","남성 유동 비중",0.020792445779932334,"비율",3
"신대방역 2번","커피-음료","신내1동주민센터","프랜차이즈 점포",8,"개",1
"신대방역 2번","커피-음료","신내1동주민센터","21~24 유동 비중",-0.01368000336804745,"비율",2
"신대방역 2번","커피-음료","신내1동주민센터","남성 유동 비중",-0.02274337845440222,"비율",3
"미성초등학교","커피-음료","보라매역 2번","총 유동인구",664985,"명",1
"미성초등학교","커피-음료","보라매역 2번","상주인구",1663,"명",2
"미성초등학교","커피-음료","보라매역 2번","프랜차이즈 점포",-1,"개",3
"호림박물관(성보고등학교)","커피-음료","문래중학교","06~11 유동 비중",-0.021430509965905037,"비율",1
"호림박물관(성보고등학교)","커피-음료","문래중학교","주말 유동 비중",-0.012971940197607557,"비율",2
"호림박물관(성보고등학교)","커피-음료","문래중학교","14~17 유동 비중",0.011821194003168486,"비율",3
"관악구신사동주민센터","커피-음료","강동구립성내도서관","남성 유동 비중",-0.03168813035087481,"비율",1
"관악구신사동주민센터","커피-음료","강동구립성내도서관","직장·상주 구조",-1.4004283752626314,"비율",2
"관악구신사동주민센터","커피-음료","강동구립성내도서관","상주인구",2169,"명",3
"난우초등학교","커피-음료","답십리초등학교","유사 업종 점포 밀도",1.093241713623961,"개/10,000㎡",1
"난우초등학교","커피-음료","답십리초등학교","프랜차이즈 점포",-2,"개",2
"난우초등학교","커피-음료","답십리초등학교","해당 업종 점포",6,"개",3
"난우중학교","커피-음료","강동구립 천호도서관","상주인구",1505,"명",1
"난우중학교","커피-음료","강동구립 천호도서관","총 유동인구",398483,"명",2
"난우중학교","커피-음료","강동구립 천호도서관","프랜차이즈 점포",-1,"개",3
"남부초등학교","커피-음료","신림역 8번","유사 업종 점포 밀도",-0.8809746287636695,"개/10,000㎡",1
"남부초등학교","커피-음료","신림역 8번","총 유동인구",750443,"명",2
"남부초등학교","커피-음료","신림역 8번","프랜차이즈 점포",2,"개",3
"신림역 5번(신림동주민센터, 신림동별빛거리)","커피-음료","구립대학경로당(관악산샘말공원)","남성 유동 비중",0.053181878081991374,"비율",1
"신림역 5번(신림동주민센터, 신림동별빛거리)","커피-음료","구립대학경로당(관악산샘말공원)","주말 유동 비중",-0.015575046292597539,"비율",2
"신림역 5번(신림동주민센터, 신림동별빛거리)","커피-음료","구립대학경로당(관악산샘말공원)","상권 면적",39523,"㎡",3
"신원동주민센터","커피-음료","시립대앞사거리","직장·상주 구조",-1.6057182527029363,"비율",1
"신원동주민센터","커피-음료","시립대앞사거리","주말 유동 비중",-0.026782446142348704,"비율",2
"신원동주민센터","커피-음료","시립대앞사거리","06~11 유동 비중",0.01109021096837759,"비율",3
"신성초등학교","커피-음료","마천역(마천초등학교)","남성 유동 비중",-0.06879964848018871,"비율",1
"신성초등학교","커피-음료","마천역(마천초등학교)","상주인구",2421,"명",2
"신성초등학교","커피-음료","마천역(마천초등학교)","상권 면적",62846,"㎡",3
"은천초등학교(은천교앞)","커피-음료","사가정역 4번","06~11 유동 비중",-0.008712863047975777,"비율",1
"은천초등학교(은천교앞)","커피-음료","사가정역 4번","남성 유동 비중",-0.01885061465150112,"비율",2
"은천초등학교(은천교앞)","커피-음료","사가정역 4번","프랜차이즈 점포",-1,"개",3
"봉천역 4번(봉천110안전센터)","커피-음료","모래내우체국","남성 유동 비중",-0.030531845513348865,"비율",1
"봉천역 4번(봉천110안전센터)","커피-음료","모래내우체국","06~11 유동 비중",0.009588949562272964,"비율",2
"봉천역 4번(봉천110안전센터)","커피-음료","모래내우체국","17~21 유동 비중",-0.012456606956784355,"비율",3
"영락고등학교","커피-음료","관악해태어린이공원","남성 유동 비중",0.08693502183989799,"비율",1
"영락고등학교","커피-음료","관악해태어린이공원","상권 면적",-60238,"㎡",2
"영락고등학교","커피-음료","관악해태어린이공원","상주인구",-1810,"명",3
"관악해태어린이공원","커피-음료","동묘앞역 2번","남성 유동 비중",-0.09686403341894556,"비율",1
"관악해태어린이공원","커피-음료","동묘앞역 2번","주말 유동 비중",-0.017447521030735158,"비율",2
"관악해태어린이공원","커피-음료","동묘앞역 2번","유사 업종 점포 밀도",-0.644641985667121,"개/10,000㎡",3
"청룡동주민센터","커피-음료","금동어린이공원","직장·상주 구조",-2.404332665480886,"비율",1
"청룡동주민센터","커피-음료","금동어린이공원","유사 업종 점포 밀도",-0.9085555676252821,"개/10,000㎡",2
"청룡동주민센터","커피-음료","금동어린이공원","상주인구",1479,"명",3
"봉천역 1번(관악초등학교)","커피-음료","자양한강도서관","상권 면적",53859,"㎡",1
"봉천역 1번(관악초등학교)","커피-음료","자양한강도서관","남성 유동 비중",0.020676242781524468,"비율",2
"봉천역 1번(관악초등학교)","커피-음료","자양한강도서관","유사 업종 점포 밀도",-0.37358150741841156,"개/10,000㎡",3
"구암초등학교","커피-음료","관악우성아파트","직장인구",-898,"명",1
"구암초등학교","커피-음료","관악우성아파트","해당 업종 점포",-3,"개",2
"구암초등학교","커피-음료","관악우성아파트","주말 유동 비중",-0.0058278242410911285,"비율",3
"관악구 중앙길","커피-음료","강동역 4번(강풀만화거리)","총 유동인구",-843182,"명",1
"관악구 중앙길","커피-음료","강동역 4번(강풀만화거리)","직장·상주 구조",0.7769383924471729,"비율",2
"관악구 중앙길","커피-음료","강동역 4번(강풀만화거리)","상주인구",-1333,"명",3
"관악소방서(문영여고)","커피-음료","양목초등학교","17~21 유동 비중",0.039487210592067584,"비율",1
"관악소방서(문영여고)","커피-음료","양목초등학교","00~06 유동 비중",-0.08111312232130657,"비율",2
"관악소방서(문영여고)","커피-음료","양목초등학교","직장·상주 구조",-1.8675975456195593,"비율",3
"샤로수길","커피-음료","신대방역 2번","총 유동인구",-2308905,"명",1
"샤로수길","커피-음료","신대방역 2번","상권 면적",-160262,"㎡",2
"샤로수길","커피-음료","신대방역 2번","해당 업종 점포",-23,"개",3
"관악우성아파트","커피-음료","송파나루역 3번","유사 업종 점포 밀도",-1.192481851051003,"개/10,000㎡",1
"관악우성아파트","커피-음료","송파나루역 3번","직장·상주 구조",-0.9143948046539974,"비율",2
"관악우성아파트","커피-음료","송파나루역 3번","주말 유동 비중",-0.00922604892765666,"비율",3
"낙성대역 1번(관악구민 종합체육센터)","커피-음료","자양한강도서관","상주인구",-2170,"명",1
"낙성대역 1번(관악구민 종합체육센터)","커피-음료","자양한강도서관","21~24 유동 비중",-0.009286353920383295,"비율",2
"낙성대역 1번(관악구민 종합체육센터)","커피-음료","자양한강도서관","프랜차이즈 점포",1,"개",3
"인헌고등학교(인헌중학교)","커피-음료","굽은다리역 2번","주말 유동 비중",-0.018031549975166927,"비율",1
"인헌고등학교(인헌중학교)","커피-음료","굽은다리역 2번","남성 유동 비중",-0.01550725104803058,"비율",2
"인헌고등학교(인헌중학교)","커피-음료","굽은다리역 2번","유사 업종 점포 밀도",-0.41219293229412246,"개/10,000㎡",3
"사당역 4번","커피-음료","삼전역 4번","프랜차이즈 점포",2,"개",1
"사당역 4번","커피-음료","삼전역 4번","직장인구",823,"명",2
"사당역 4번","커피-음료","삼전역 4번","17~21 유동 비중",-0.009492238168510636,"비율",3
"방배아이파크아파트","커피-음료","종암아이파크2차","직장인구",1710,"명",1
"방배아이파크아파트","커피-음료","종암아이파크2차","총 유동인구",629600,"명",2
"방배아이파크아파트","커피-음료","종암아이파크2차","21~24 유동 비중",0.009130655885135092,"비율",3
"이수역 5번","커피-음료","뚝섬역교차로","00~06 유동 비중",0.05364089513972592,"비율",1
"이수역 5번","커피-음료","뚝섬역교차로","11~14 유동 비중",-0.02171598371277636,"비율",2
"이수역 5번","커피-음료","뚝섬역교차로","21~24 유동 비중",0.011563293665439955,"비율",3
"방배초등학교","커피-음료","한성대입구역 5번","직장인구",1466,"명",1
"방배초등학교","커피-음료","한성대입구역 5번","직장·상주 구조",0.7787394374566219,"비율",2
"방배초등학교","커피-음료","한성대입구역 5번","해당 업종 점포",5,"개",3
"구반포역","커피-음료","삼성전자서울R&D(서울우면초등학교)","직장인구",-5505,"명",1
"구반포역","커피-음료","삼성전자서울R&D(서울우면초등학교)","주말 유동 비중",-0.07263162397482642,"비율",2
"구반포역","커피-음료","삼성전자서울R&D(서울우면초등학교)","직장·상주 구조",-3.665723113630248,"비율",3
"방배동사이길","커피-음료","강동성심병원","06~11 유동 비중",0.02310887549371679,"비율",1
"방배동사이길","커피-음료","강동성심병원","17~21 유동 비중",-0.026473847322518423,"비율",2
"방배동사이길","커피-음료","강동성심병원","프랜차이즈 점포",2,"개",3
"방현초등학교(방배119안전센터)","커피-음료","강서구다솔마을","직장인구",-3837,"명",1
"방현초등학교(방배119안전센터)","커피-음료","강서구다솔마을","직장·상주 구조",-2.408840990542796,"비율",2
"방현초등학교(방배119안전센터)","커피-음료","강서구다솔마을","남성 유동 비중",0.041523592060392356,"비율",3
"서래초등학교","커피-음료","보문역 8번","06~11 유동 비중",-0.009975029448546308,"비율",1
"서래초등학교","커피-음료","보문역 8번","유사 업종 점포 밀도",0.6451919452015571,"개/10,000㎡",2
"서래초등학교","커피-음료","보문역 8번","해당 업종 점포",4,"개",3
"내방역 4번","커피-음료","방배아이파크아파트","직장인구",-2312,"명",1
"내방역 4번","커피-음료","방배아이파크아파트","총 유동인구",516465,"명",2
"내방역 4번","커피-음료","방배아이파크아파트","00~06 유동 비중",0.027843359197567696,"비율",3
"서울프랑스학교","커피-음료","성내중학교","프랜차이즈 점포",2,"개",1
"서울프랑스학교","커피-음료","성내중학교","직장·상주 구조",-0.6009256063083059,"비율",2
"서울프랑스학교","커피-음료","성내중학교","21~24 유동 비중",0.005095280366926136,"비율",3
"내방역 1번","커피-음료","한겨레신문사","21~24 유동 비중",0.009383483840180742,"비율",1
"내방역 1번","커피-음료","한겨레신문사","남성 유동 비중",-0.0178925789924545,"비율",2
"내방역 1번","커피-음료","한겨레신문사","17~21 유동 비중",0.013528721998844834,"비율",3
"서초중학교","커피-음료","굽은다리역 2번","남성 유동 비중",-0.0328250520572928,"비율",1
"서초중학교","커피-음료","굽은다리역 2번","총 유동인구",689120,"명",2
"서초중학교","커피-음료","굽은다리역 2번","17~21 유동 비중",0.016704377098067505,"비율",3
"신중초등학교","커피-음료","종암중학교","주말 유동 비중",0.024877444338673615,"비율",1
"신중초등학교","커피-음료","종암중학교","직장·상주 구조",1.2311902830291155,"비율",2
"신중초등학교","커피-음료","종암중학교","06~11 유동 비중",0.009622640903533652,"비율",3
"남부터미널역 1번","커피-음료","방배아이파크아파트","상권 면적",-93911,"㎡",1
"남부터미널역 1번","커피-음료","방배아이파크아파트","직장인구",-1249,"명",2
"남부터미널역 1번","커피-음료","방배아이파크아파트","06~11 유동 비중",-0.008715035757530493,"비율",3
"서초동성당","커피-음료","서울역 12번","프랜차이즈 점포",3,"개",1
"서초동성당","커피-음료","서울역 12번","06~11 유동 비중",-0.01623264976118277,"비율",2
"서초동성당","커피-음료","서울역 12번","유사 업종 점포 밀도",0.60421743177152,"개/10,000㎡",3
"삼성전자서울R&D(서울우면초등학교)","커피-음료","강서구청가양동별관","주말 유동 비중",0.12487190406154969,"비율",1
"삼성전자서울R&D(서울우면초등학교)","커피-음료","강서구청가양동별관","남성 유동 비중",-0.13266710582122426,"비율",2
"삼성전자서울R&D(서울우면초등학교)","커피-음료","강서구청가양동별관","21~24 유동 비중",0.030756985259557487,"비율",3
"우면주공아파트","커피-음료","한영중고","남성 유동 비중",-0.03860442288521215,"비율",1
"우면주공아파트","커피-음료","한영중고","17~21 유동 비중",0.012238214946403536,"비율",2
"우면주공아파트","커피-음료","한영중고","주말 유동 비중",0.010761741544588477,"비율",3
"더케이호텔(양재리본타워2단지아파트)","커피-음료","광나루역 1번","남성 유동 비중",-0.09352039496934272,"비율",1
"더케이호텔(양재리본타워2단지아파트)","커피-음료","광나루역 1번","유사 업종 점포 밀도",0.7570099868130986,"개/10,000㎡",2
"더케이호텔(양재리본타워2단지아파트)","커피-음료","광나루역 1번","주말 유동 비중",0.012869370387191992,"비율",3
"바우뫼공원","커피-음료","도곡2동주민센터(대치중학교)","06~11 유동 비중",-0.015763800367792374,"비율",1
"바우뫼공원","커피-음료","도곡2동주민센터(대치중학교)","유사 업종 점포 밀도",-1.0373541316957047,"개/10,000㎡",2
"바우뫼공원","커피-음료","도곡2동주민센터(대치중학교)","21~24 유동 비중",0.012715735483760204,"비율",3
"양재역 8번(양재동우체국)","커피-음료","서강대역 1번","직장인구",-5567,"명",1
"양재역 8번(양재동우체국)","커피-음료","서강대역 1번","주말 유동 비중",0.02893605805945071,"비율",2
"양재역 8번(양재동우체국)","커피-음료","서강대역 1번","상주인구",-3036,"명",3
"법제교육센터(버들어린이공원)","커피-음료","보인중학교","직장인구",1019,"명",1
"법제교육센터(버들어린이공원)","커피-음료","보인중학교","21~24 유동 비중",-0.009235642241457676,"비율",2
"법제교육센터(버들어린이공원)","커피-음료","보인중학교","17~21 유동 비중",-0.012507285883450486,"비율",3
"한남IC","커피-음료","대치동아우편취급국","직장·상주 구조",-1.132956588374764,"비율",1
"한남IC","커피-음료","대치동아우편취급국","06~11 유동 비중",0.008769431133237915,"비율",2
"한남IC","커피-음료","대치동아우편취급국","14~17 유동 비중",-0.014541868175947548,"비율",3
"신사은행나무공원","커피-음료","도곡2동주민센터(대치중학교)","11~14 유동 비중",0.03548512780103588,"비율",1
"신사은행나무공원","커피-음료","도곡2동주민센터(대치중학교)","직장·상주 구조",1.920804579092776,"비율",2
"신사은행나무공원","커피-음료","도곡2동주민센터(대치중학교)","직장인구",1353,"명",3
"학동근린공원","커피-음료","역삼역 4번","남성 유동 비중",0.04578375393727868,"비율",1
"학동근린공원","커피-음료","역삼역 4번","주말 유동 비중",-0.012652984927010474,"비율",2
"학동근린공원","커피-음료","역삼역 4번","11~14 유동 비중",0.009187553172355561,"비율",3
"국기원","커피-음료","옥수역 6번","06~11 유동 비중",0.05855997879759192,"비율",1
"국기원","커피-음료","옥수역 6번","17~21 유동 비중",-0.056677187494745596,"비율",2
"국기원","커피-음료","옥수역 6번","21~24 유동 비중",-0.016277290965244842,"비율",3
"논현초등학교","커피-음료","보문역 5번","해당 업종 점포",-15,"개",1
"논현초등학교","커피-음료","보문역 5번","상주인구",-2508,"명",2
"논현초등학교","커피-음료","보문역 5번","상권 면적",-43489,"㎡",3
"언북중학교","커피-음료","선유도역 6번","프랜차이즈 점포",7,"개",1
"언북중학교","커피-음료","선유도역 6번","직장인구",3192,"명",2
"언북중학교","커피-음료","선유도역 6번","06~11 유동 비중",0.021801949145703298,"비율",3
"역삼역 4번","커피-음료","중구회현체육센터(정화예술대남산캠퍼스)","주말 유동 비중",0.06400928423042695,"비율",1
"역삼역 4번","커피-음료","중구회현체육센터(정화예술대남산캠퍼스)","17~21 유동 비중",-0.019072598644470085,"비율",2
"역삼역 4번","커피-음료","중구회현체육센터(정화예술대남산캠퍼스)","00~06 유동 비중",0.04127669176700827,"비율",3
"언주역 3번","커피-음료","보인중학교","주말 유동 비중",0.02270552790155475,"비율",1
"언주역 3번","커피-음료","보인중학교","직장인구",1143,"명",2
"언주역 3번","커피-음료","보인중학교","총 유동인구",-454380,"명",3
"언주역 6번","커피-음료","충무초등학교","프랜차이즈 점포",4,"개",1
"언주역 6번","커피-음료","충무초등학교","06~11 유동 비중",0.009257609417887724,"비율",2
"언주역 6번","커피-음료","충무초등학교","상권 면적",44950,"㎡",3
"논현2동주민센터","커피-음료","장충단 고개","주말 유동 비중",0.03197505170909434,"비율",1
"논현2동주민센터","커피-음료","장충단 고개","총 유동인구",-882011,"명",2
"논현2동주민센터","커피-음료","장충단 고개","11~14 유동 비중",-0.02365652304186902,"비율",3
"역삼역 8번","커피-음료","중구회현체육센터(정화예술대남산캠퍼스)","남성 유동 비중",-0.03416351136414042,"비율",1
"역삼역 8번","커피-음료","중구회현체육센터(정화예술대남산캠퍼스)","프랜차이즈 점포",-2,"개",2
"역삼역 8번","커피-음료","중구회현체육센터(정화예술대남산캠퍼스)","주말 유동 비중",0.019990707539398384,"비율",3
"강남구청역 2번","커피-음료","역삼역 4번","21~24 유동 비중",-0.015293240291265817,"비율",1
"강남구청역 2번","커피-음료","역삼역 4번","주말 유동 비중",-0.022703629379641377,"비율",2
"강남구청역 2번","커피-음료","역삼역 4번","11~14 유동 비중",0.021748939123171135,"비율",3
"베르사이유1아파트","커피-음료","역삼역 4번","17~21 유동 비중",0.04402384712911295,"비율",1
"베르사이유1아파트","커피-음료","역삼역 4번","06~11 유동 비중",-0.022699649281338274,"비율",2
"베르사이유1아파트","커피-음료","역삼역 4번","00~06 유동 비중",-0.0754360771647547,"비율",3
"선정릉역 4번","커피-음료","숙대입구역 1번","남성 유동 비중",0.03191445782385821,"비율",1
"선정릉역 4번","커피-음료","숙대입구역 1번","17~21 유동 비중",0.025020046211343905,"비율",2
"선정릉역 4번","커피-음료","숙대입구역 1번","00~06 유동 비중",-0.02769783663161285,"비율",3
"언북초등학교","커피-음료","청구역 3번","21~24 유동 비중",0.010479444185116302,"비율",1
"언북초등학교","커피-음료","청구역 3번","11~14 유동 비중",-0.015283742483619939,"비율",2
"언북초등학교","커피-음료","청구역 3번","14~17 유동 비중",-0.0141996257900492,"비율",3
"도곡2동주민센터(대치중학교)","커피-음료","KT금천빌딩(금천구시설관리공단)","11~14 유동 비중",-0.02450565184397316,"비율",1
"도곡2동주민센터(대치중학교)","커피-음료","KT금천빌딩(금천구시설관리공단)","직장인구",-1505,"명",2
"도곡2동주민센터(대치중학교)","커피-음료","KT금천빌딩(금천구시설관리공단)","주말 유동 비중",0.01649352224623085,"비율",3
"개포지구대옆","커피-음료","국립국악고등학교","남성 유동 비중",-0.03494995247409949,"비율",1
"개포지구대옆","커피-음료","국립국악고등학교","17~21 유동 비중",0.010547449580553564,"비율",2
"개포지구대옆","커피-음료","국립국악고등학교","상권 면적",-29786,"㎡",3
"국립국악고등학교","커피-음료","성동초등학교","06~11 유동 비중",0.011579407397700525,"비율",1
"국립국악고등학교","커피-음료","성동초등학교","남성 유동 비중",0.021780062263176247,"비율",2
"국립국악고등학교","커피-음료","성동초등학교","프랜차이즈 점포",1,"개",3
"청담근린공원","커피-음료","중구회현체육센터(정화예술대남산캠퍼스)","11~14 유동 비중",0.03596184892387699,"비율",1
"청담근린공원","커피-음료","중구회현체육센터(정화예술대남산캠퍼스)","21~24 유동 비중",-0.020833990971869276,"비율",2
"청담근린공원","커피-음료","중구회현체육센터(정화예술대남산캠퍼스)","14~17 유동 비중",0.03486406437883385,"비율",3
"대치동아우편취급국","커피-음료","도곡2동주민센터(대치중학교)","직장·상주 구조",1.5698757349085417,"비율",1
"대치동아우편취급국","커피-음료","도곡2동주민센터(대치중학교)","11~14 유동 비중",0.023616134418288498,"비율",2
"대치동아우편취급국","커피-음료","도곡2동주민센터(대치중학교)","17~21 유동 비중",-0.020865403525444304,"비율",3
"청담역 12번","커피-음료","강서구청가양동별관","14~17 유동 비중",0.039886650417020664,"비율",1
"청담역 12번","커피-음료","강서구청가양동별관","06~11 유동 비중",-0.01765089440686099,"비율",2
"청담역 12번","커피-음료","강서구청가양동별관","00~06 유동 비중",-0.0613045515364844,"비율",3
"삼성중앙역 5번","커피-음료","도곡2동주민센터(대치중학교)","14~17 유동 비중",-0.07131054751459562,"비율",1
"삼성중앙역 5번","커피-음료","도곡2동주민센터(대치중학교)","21~24 유동 비중",0.037315520920040327,"비율",2
"삼성중앙역 5번","커피-음료","도곡2동주민센터(대치중학교)","00~06 유동 비중",0.08523354953281007,"비율",3
"개포고등학교","커피-음료","광나루역 1번","직장인구",-2207,"명",1
"개포고등학교","커피-음료","광나루역 1번","주말 유동 비중",0.03271820784146845,"비율",2
"개포고등학교","커피-음료","광나루역 1번","유사 업종 점포 밀도",0.7524769552341006,"개/10,000㎡",3
"대청초등학교","커피-음료","사당역 4번","상주인구",2700,"명",1
"대청초등학교","커피-음료","사당역 4번","해당 업종 점포",-10,"개",2
"대청초등학교","커피-음료","사당역 4번","주말 유동 비중",0.020957516001389564,"비율",3
"대왕초등학교(세곡동사거리서남측)","커피-음료","신월중학교","상주인구",2738,"명",1
"대왕초등학교(세곡동사거리서남측)","커피-음료","신월중학교","17~21 유동 비중",-0.0200759895201221,"비율",2
"대왕초등학교(세곡동사거리서남측)","커피-음료","신월중학교","14~17 유동 비중",-0.020873424692399722,"비율",3
"삼전역 1번","커피-음료","장안1동주민센터","프랜차이즈 점포",-3,"개",1
"삼전역 1번","커피-음료","장안1동주민센터","총 유동인구",823428,"명",2
"삼전역 1번","커피-음료","장안1동주민센터","상권 면적",40300,"㎡",3
"삼전역 3번","커피-음료","화곡역 4번","상주인구",10184,"명",1
"삼전역 3번","커피-음료","화곡역 4번","총 유동인구",2867210,"명",2
"삼전역 3번","커피-음료","화곡역 4번","상권 면적",179099,"㎡",3
"석촌고분역 1번","커피-음료","남성역 1번","남성 유동 비중",0.022845766835856762,"비율",1
"석촌고분역 1번","커피-음료","남성역 1번","총 유동인구",585953,"명",2
"석촌고분역 1번","커피-음료","남성역 1번","06~11 유동 비중",0.006493807244487615,"비율",3
"석촌고분역 4번","커피-음료","강서고등학교","상주인구",-1900,"명",1
"석촌고분역 4번","커피-음료","강서고등학교","총 유동인구",578594,"명",2
"석촌고분역 4번","커피-음료","강서고등학교","상권 면적",-39800,"㎡",3
"석촌고분역 3번","커피-음료","NH농협은행 상도동지점","상주인구",-2170,"명",1
"석촌고분역 3번","커피-음료","NH농협은행 상도동지점","상권 면적",-35927,"㎡",2
"석촌고분역 3번","커피-음료","NH농협은행 상도동지점","직장·상주 구조",0.5849899518451487,"비율",3
"석촌역 7번","커피-음료","삼전역 1번","프랜차이즈 점포",2,"개",1
"석촌역 7번","커피-음료","삼전역 1번","상권 면적",45383,"㎡",2
"석촌역 7번","커피-음료","삼전역 1번","총 유동인구",354291,"명",3
"석촌역 6번","커피-음료","메가박스 상봉","남성 유동 비중",0.032888343618931615,"비율",1
"석촌역 6번","커피-음료","메가박스 상봉","상주인구",-1505,"명",2
"석촌역 6번","커피-음료","메가박스 상봉","주말 유동 비중",0.011300424756603977,"비율",3
"송파나루역 1번(송리단길)","커피-음료","신내1동주민센터","해당 업종 점포",-51,"개",1
"송파나루역 1번(송리단길)","커피-음료","신내1동주민센터","프랜차이즈 점포",6,"개",2
"송파나루역 1번(송리단길)","커피-음료","신내1동주민센터","유사 업종 점포 밀도",-2.2277507405566643,"개/10,000㎡",3
"석촌역 3번","커피-음료","상도역 5번","프랜차이즈 점포",3,"개",1
"석촌역 3번","커피-음료","상도역 5번","남성 유동 비중",0.030075071618361482,"비율",2
"석촌역 3번","커피-음료","상도역 5번","주말 유동 비중",0.010265101529843557,"비율",3
"송파역 2번","커피-음료","성미산체육관","직장인구",-1849,"명",1
"송파역 2번","커피-음료","성미산체육관","남성 유동 비중",0.025920461793769167,"비율",2
"송파역 2번","커피-음료","성미산체육관","17~21 유동 비중",0.01940163676537862,"비율",3
"송파나루역 3번","커피-음료","촬영소사거리","주말 유동 비중",0.054014830417322024,"비율",1
"송파나루역 3번","커피-음료","촬영소사거리","06~11 유동 비중",-0.013860165971074145,"비율",2
"송파나루역 3번","커피-음료","촬영소사거리","17~21 유동 비중",0.013369004812249063,"비율",3
"한성백제역 3번","커피-음료","역촌노인복지관","직장인구",-1630,"명",1
"한성백제역 3번","커피-음료","역촌노인복지관","직장·상주 구조",-1.2095407250833654,"비율",2
"한성백제역 3번","커피-음료","역촌노인복지관","남성 유동 비중",-0.019060021798861015,"비율",3
"방이동고분군(방산고등학교)","커피-음료","고척동성당","유사 업종 점포 밀도",-2.3241767699179388,"개/10,000㎡",1
"방이동고분군(방산고등학교)","커피-음료","고척동성당","프랜차이즈 점포",3,"개",2
"방이동고분군(방산고등학교)","커피-음료","고척동성당","직장·상주 구조",-0.839020827863548,"비율",3
"문정역 1번","커피-음료","성수2가3동주민센터","직장인구",-4068,"명",1
"문정역 1번","커피-음료","성수2가3동주민센터","직장·상주 구조",-1.4800103743060822,"비율",2
"문정역 1번","커피-음료","성수2가3동주민센터","06~11 유동 비중",-0.008932794280648026,"비율",3
"경찰병원역 4번(건너말공원)","커피-음료","신사은행나무공원","주말 유동 비중",-0.01816479855325892,"비율",1
"경찰병원역 4번(건너말공원)","커피-음료","신사은행나무공원","14~17 유동 비중",0.014321535940268332,"비율",2
"경찰병원역 4번(건너말공원)","커피-음료","신사은행나무공원","유사 업종 점포 밀도",0.40863698772212276,"개/10,000㎡",3
"경찰병원역 3번","커피-음료","성동초등학교","00~06 유동 비중",-0.026874269635466963,"비율",1
"경찰병원역 3번","커피-음료","성동초등학교","17~21 유동 비중",0.010977223246207257,"비율",2
"경찰병원역 3번","커피-음료","성동초등학교","11~14 유동 비중",0.010468729433633778,"비율",3
"문정역 2번","커피-음료","동대부고","직장인구",-4387,"명",1
"문정역 2번","커피-음료","동대부고","남성 유동 비중",0.029871021815782828,"비율",2
"문정역 2번","커피-음료","동대부고","직장·상주 구조",-1.2146189297799896,"비율",3
"문정초등학교","커피-음료","공군호텔","직장인구",-4371,"명",1
"문정초등학교","커피-음료","공군호텔","직장·상주 구조",-1.3503330601742096,"비율",2
"문정초등학교","커피-음료","공군호텔","상권 면적",58021,"㎡",3
"문현중학교(장지역 1번)","커피-음료","광운대역 1번","남성 유동 비중",0.06836096047921253,"비율",1
"문현중학교(장지역 1번)","커피-음료","광운대역 1번","프랜차이즈 점포",5,"개",2
"문현중학교(장지역 1번)","커피-음료","광운대역 1번","유사 업종 점포 밀도",0.55296330285007,"개/10,000㎡",3
"방이역 2번","커피-음료","삼선중학교","유사 업종 점포 밀도",-1.3008137666822606,"개/10,000㎡",1
"방이역 2번","커피-음료","삼선중학교","직장인구",1629,"명",2
"방이역 2번","커피-음료","삼선중학교","주말 유동 비중",-0.021870954361435047,"비율",3
"장지동주민센터(한림연예예술고교)","커피-음료","문정초등학교","직장인구",3904,"명",1
"장지동주민센터(한림연예예술고교)","커피-음료","문정초등학교","유사 업종 점포 밀도",-0.5994060334470831,"개/10,000㎡",2
"장지동주민센터(한림연예예술고교)","커피-음료","문정초등학교","상주인구",1624,"명",3
"방이역 1번","커피-음료","종암경찰서","직장인구",-1497,"명",1
"방이역 1번","커피-음료","종암경찰서","프랜차이즈 점포",2,"개",2
"방이역 1번","커피-음료","종암경찰서","00~06 유동 비중",0.03896884631553657,"비율",3
"문정동성당","커피-음료","서울과학기술대","유사 업종 점포 밀도",2.217381569919981,"개/10,000㎡",1
"문정동성당","커피-음료","서울과학기술대","프랜차이즈 점포",3,"개",2
"문정동성당","커피-음료","서울과학기술대","주말 유동 비중",-0.020053608899082753,"비율",3
"오동나무공원(송파레미니스1단지)","커피-음료","문정초등학교","직장인구",3299,"명",1
"오동나무공원(송파레미니스1단지)","커피-음료","문정초등학교","직장·상주 구조",0.7994866395624207,"비율",2
"오동나무공원(송파레미니스1단지)","커피-음료","문정초등학교","프랜차이즈 점포",1,"개",3
"오금공원(오주중학교)","커피-음료","한겨레신문사","17~21 유동 비중",0.01868087362704654,"비율",1
"오금공원(오주중학교)","커피-음료","한겨레신문사","00~06 유동 비중",-0.0380384407553957,"비율",2
"오금공원(오주중학교)","커피-음료","한겨레신문사","11~14 유동 비중",0.013451109542103615,"비율",3
"벌말어린이공원","커피-음료","한겨레신문사","남성 유동 비중",-0.03600730454811474,"비율",1
"벌말어린이공원","커피-음료","한겨레신문사","유사 업종 점포 밀도",-0.5912094953543211,"개/10,000㎡",2
"벌말어린이공원","커피-음료","한겨레신문사","17~21 유동 비중",0.013423287387497679,"비율",3
"거여초등학교","커피-음료","경찰병원역 3번","06~11 유동 비중",-0.02309711861945335,"비율",1
"거여초등학교","커피-음료","경찰병원역 3번","17~21 유동 비중",0.017107235681989075,"비율",2
"거여초등학교","커피-음료","경찰병원역 3번","주말 유동 비중",-0.012856098421572315,"비율",3
"거여역 1번(거여공원)","커피-음료","관악구신사동주민센터","17~21 유동 비중",-0.019783998791186058,"비율",1
"거여역 1번(거여공원)","커피-음료","관악구신사동주민센터","상권 면적",54457,"㎡",2
"거여역 1번(거여공원)","커피-음료","관악구신사동주민센터","00~06 유동 비중",0.04000957325717369,"비율",3
"남천초등학교","커피-음료","자양한강도서관","06~11 유동 비중",0.011675719408500262,"비율",1
"남천초등학교","커피-음료","자양한강도서관","17~21 유동 비중",-0.013998117781947816,"비율",2
"남천초등학교","커피-음료","자양한강도서관","00~06 유동 비중",0.019161293669255508,"비율",3
"마천역(마천초등학교)","커피-음료","신월3동주민센터","남성 유동 비중",0.03497258632953604,"비율",1
"마천역(마천초등학교)","커피-음료","신월3동주민센터","상주인구",-1898,"명",2
"마천역(마천초등학교)","커피-음료","신월3동주민센터","총 유동인구",-522069,"명",3
"마천1치안센터","커피-음료","대림역 2번","주말 유동 비중",-0.014843346364952159,"비율",1
"마천1치안센터","커피-음료","대림역 2번","06~11 유동 비중",0.007476257847198381,"비율",2
"마천1치안센터","커피-음료","대림역 2번","17~21 유동 비중",-0.01189006861470615,"비율",3
"천호역 1번(천호문구완구거리)","커피-음료","천호지구대(천호동자전거거리)","상주인구",1735,"명",1
"천호역 1번(천호문구완구거리)","커피-음료","천호지구대(천호동자전거거리)","상권 면적",41159,"㎡",2
"천호역 1번(천호문구완구거리)","커피-음료","천호지구대(천호동자전거거리)","프랜차이즈 점포",1,"개",3
"천호지구대(천호동자전거거리)","커피-음료","사가정역 4번","21~24 유동 비중",0.01001578342944956,"비율",1
"천호지구대(천호동자전거거리)","커피-음료","사가정역 4번","11~14 유동 비중",-0.014366576020807736,"비율",2
"천호지구대(천호동자전거거리)","커피-음료","사가정역 4번","14~17 유동 비중",-0.011316757507905492,"비율",3
"강동구청(강동구청역 2번)","커피-음료","KB국민은행 서강지점","유사 업종 점포 밀도",-1.950147134561244,"개/10,000㎡",1
"강동구청(강동구청역 2번)","커피-음료","KB국민은행 서강지점","06~11 유동 비중",0.013398523588638883,"비율",2
"강동구청(강동구청역 2번)","커피-음료","KB국민은행 서강지점","주말 유동 비중",0.015087695587951921,"비율",3
"천호역 6번","커피-음료","암사역 1번","상주인구",1275,"명",1
"천호역 6번","커피-음료","암사역 1번","프랜차이즈 점포",-1,"개",2
"천호역 6번","커피-음료","암사역 1번","직장·상주 구조",0.42461107235116646,"비율",3
"암사역 3번(천호동자전거거리)","커피-음료","구의1동주민센터","총 유동인구",562411,"명",1
"암사역 3번(천호동자전거거리)","커피-음료","구의1동주민센터","프랜차이즈 점포",-1,"개",2
"암사역 3번(천호동자전거거리)","커피-음료","구의1동주민센터","주말 유동 비중",-0.009879973120974328,"비율",3
"성내천어린이공원(하니사랑길)","커피-음료","간데메공원","직장인구",-1668,"명",1
"성내천어린이공원(하니사랑길)","커피-음료","간데메공원","주말 유동 비중",0.016839647107969424,"비율",2
"성내천어린이공원(하니사랑길)","커피-음료","간데메공원","직장·상주 구조",-0.8571155734239735,"비율",3
"천호태영아파트","커피-음료","모래내우체국","06~11 유동 비중",0.007397864556639433,"비율",1
"천호태영아파트","커피-음료","모래내우체국","주말 유동 비중",-0.012994704558570602,"비율",2
"천호태영아파트","커피-음료","모래내우체국","상권 면적",37559,"㎡",3
"성내중학교","커피-음료","문정동성당","유사 업종 점포 밀도",0.7035209728756537,"개/10,000㎡",1
"성내중학교","커피-음료","문정동성당","총 유동인구",-398096,"명",2
"성내중학교","커피-음료","문정동성당","프랜차이즈 점포",-1,"개",3
"강동역 4번(강풀만화거리)","커피-음료","사당역 10번","총 유동인구",-964694,"명",1
"강동역 4번(강풀만화거리)","커피-음료","사당역 10번","상권 면적",-79342,"㎡",2
"강동역 4번(강풀만화거리)","커피-음료","사당역 10번","상주인구",-1966,"명",3
"암사역 2번(서울강동초등학교)","커피-음료","구립대학경로당(관악산샘말공원)","남성 유동 비중",0.10469213283656958,"비율",1
"암사역 2번(서울강동초등학교)","커피-음료","구립대학경로당(관악산샘말공원)","프랜차이즈 점포",7,"개",2
"암사역 2번(서울강동초등학교)","커피-음료","구립대학경로당(관악산샘말공원)","총 유동인구",690789,"명",3
"암사역 1번","커피-음료","푸른들청소년도서관","총 유동인구",-816589,"명",1
"암사역 1번","커피-음료","푸른들청소년도서관","직장·상주 구조",0.6925499293012081,"비율",2
"암사역 1번","커피-음료","푸른들청소년도서관","직장인구",755,"명",3
"둔촌동역 3번(성내3동주민센터)","커피-음료","석촌역 6번","유사 업종 점포 밀도",-0.8895207428348941,"개/10,000㎡",1
"둔촌동역 3번(성내3동주민센터)","커피-음료","석촌역 6번","상주인구",1989,"명",2
"둔촌동역 3번(성내3동주민센터)","커피-음료","석촌역 6번","해당 업종 점포",-8,"개",3
"강동구립 천호도서관","커피-음료","면목역 1번","남성 유동 비중",-0.02729935642376874,"비율",1
"강동구립 천호도서관","커피-음료","면목역 1번","직장·상주 구조",-1.0409216168079318,"비율",2
"강동구립 천호도서관","커피-음료","면목역 1번","총 유동인구",336839,"명",3
"암사동성당(효정하나플러스아파트)","커피-음료","남천초등학교","프랜차이즈 점포",2,"개",1
"암사동성당(효정하나플러스아파트)","커피-음료","남천초등학교","총 유동인구",-587503,"명",2
"암사동성당(효정하나플러스아파트)","커피-음료","남천초등학교","21~24 유동 비중",-0.010135213141982624,"비율",3
"강동구립성내도서관","커피-음료","신정역 5번","상주인구",-1503,"명",1
"강동구립성내도서관","커피-음료","신정역 5번","상권 면적",-36133,"㎡",2
"강동구립성내도서관","커피-음료","신정역 5번","주말 유동 비중",-0.010121701662177185,"비율",3
"천호1동주민센터","커피-음료","동묘앞역 2번","총 유동인구",-1320429,"명",1
"천호1동주민센터","커피-음료","동묘앞역 2번","남성 유동 비중",0.026182035951411997,"비율",2
"천호1동주민센터","커피-음료","동묘앞역 2번","06~11 유동 비중",0.008689353249166254,"비율",3
"천동초등학교","커피-음료","송중동주민센터","총 유동인구",471749,"명",1
"천동초등학교","커피-음료","송중동주민센터","유사 업종 점포 밀도",-0.37423017996605135,"개/10,000㎡",2
"천동초등학교","커피-음료","송중동주민센터","21~24 유동 비중",0.0060490918018647755,"비율",3
"굽은다리역 1번(십자성마을)","커피-음료","남성역 1번","프랜차이즈 점포",2,"개",1
"굽은다리역 1번(십자성마을)","커피-음료","남성역 1번","상권 면적",59142,"㎡",2
"굽은다리역 1번(십자성마을)","커피-음료","남성역 1번","총 유동인구",653895,"명",3
"둔촌동역 1번(한산중학교)","커피-음료","경성고등학교","해당 업종 점포",26,"개",1
"둔촌동역 1번(한산중학교)","커피-음료","경성고등학교","상권 면적",141658,"㎡",2
"둔촌동역 1번(한산중학교)","커피-음료","경성고등학교","상주인구",1607,"명",3
"명일역 1번","커피-음료","NH농협은행 상도동지점","직장·상주 구조",0.5778131469873307,"비율",1
"명일역 1번","커피-음료","NH농협은행 상도동지점","남성 유동 비중",0.012247809161161805,"비율",2
"명일역 1번","커피-음료","NH농협은행 상도동지점","06~11 유동 비중",0.004480729845447146,"비율",3
"둔촌2동주민센터","커피-음료","성신여대입구역 4번","남성 유동 비중",-0.03776563622821166,"비율",1
"둔촌2동주민센터","커피-음료","성신여대입구역 4번","17~21 유동 비중",0.02135598584465298,"비율",2
"둔촌2동주민센터","커피-음료","성신여대입구역 4번","총 유동인구",625121,"명",3
"길동주민센터(강동도서관)","커피-음료","수락산역 4번","프랜차이즈 점포",7,"개",1
"길동주민센터(강동도서관)","커피-음료","수락산역 4번","상주인구",-5914,"명",2
"길동주민센터(강동도서관)","커피-음료","수락산역 4번","총 유동인구",-1674257,"명",3
"굽은다리역 4번","커피-음료","시립서북병원","총 유동인구",-1780283,"명",1
"굽은다리역 4번","커피-음료","시립서북병원","직장인구",-1079,"명",2
"굽은다리역 4번","커피-음료","시립서북병원","상주인구",-1334,"명",3
"묘곡초등학교(고덕아이파크아파트)","커피-음료","메가박스 상봉","21~24 유동 비중",0.0075925524304954195,"비율",1
"묘곡초등학교(고덕아이파크아파트)","커피-음료","메가박스 상봉","06~11 유동 비중",-0.006667913090836836,"비율",2
"묘곡초등학교(고덕아이파크아파트)","커피-음료","메가박스 상봉","직장·상주 구조",-0.5548397133423109,"비율",3
"한영중고","커피-음료","광나루역 1번","유사 업종 점포 밀도",1.0509907952171278,"개/10,000㎡",1
"한영중고","커피-음료","광나루역 1번","직장·상주 구조",1.4538046909094495,"비율",2
"한영중고","커피-음료","광나루역 1번","06~11 유동 비중",-0.012212777607943426,"비율",3
"고덕중학교(고덕2동주민센터)","커피-음료","강남세브란스병원미래의학연구센터","21~24 유동 비중",-0.016110266089313624,"비율",1
"고덕중학교(고덕2동주민센터)","커피-음료","강남세브란스병원미래의학연구센터","남성 유동 비중",-0.02686903509296018,"비율",2
"고덕중학교(고덕2동주민센터)","커피-음료","강남세브란스병원미래의학연구센터","17~21 유동 비중",-0.01816414946362356,"비율",3
"고덕동성당","커피-음료","보문역 8번","직장·상주 구조",1.0388868224096859,"비율",1
"고덕동성당","커피-음료","보문역 8번","직장인구",1056,"명",2
"고덕동성당","커피-음료","보문역 8번","11~14 유동 비중",0.010081477119926949,"비율",3
"상일여고(상일초등학교)","커피-음료","동대부고","해당 업종 점포",-13,"개",1
"상일여고(상일초등학교)","커피-음료","동대부고","유사 업종 점포 밀도",-0.8383331811082351,"개/10,000㎡",2
"상일여고(상일초등학교)","커피-음료","동대부고","주말 유동 비중",0.016525089752963018,"비율",3
"서울국제고등학교","편의점","연가초등학교","직장·상주 구조",-1.756212129346939,"비율",1
"서울국제고등학교","편의점","연가초등학교","남성 유동 비중",0.02180526769939467,"비율",2
"서울국제고등학교","편의점","연가초등학교","상주인구",1947,"명",3
"신설동역 12번","편의점","방배역 3번","주말 유동 비중",-0.018872858137877535,"비율",1
"신설동역 12번","편의점","방배역 3번","남성 유동 비중",-0.0205941576919636,"비율",2
"신설동역 12번","편의점","방배역 3번","직장·상주 구조",-0.7662858213242378,"비율",3
"경향신문사","편의점","충정로현대아파트","직장·상주 구조",-5.27477553581778,"비율",1
"경향신문사","편의점","충정로현대아파트","21~24 유동 비중",0.04208182855304533,"비율",2
"경향신문사","편의점","충정로현대아파트","11~14 유동 비중",-0.06239388539469237,"비율",3
"남산케이블카","편의점","경향신문사","직장·상주 구조",5.0488889671226,"비율",1
"남산케이블카","편의점","경향신문사","주말 유동 비중",-0.07596277272647664,"비율",2
"남산케이블카","편의점","경향신문사","06~11 유동 비중",0.02575493539976162,"비율",3
"충무초등학교","편의점","제기동역 1번","남성 유동 비중",-0.04263863697422099,"비율",1
"충무초등학교","편의점","제기동역 1번","주말 유동 비중",0.030197514307400752,"비율",2
"충무초등학교","편의점","제기동역 1번","21~24 유동 비중",0.014519577325172936,"비율",3
"청구역 1번","편의점","중앙대학교","남성 유동 비중",-0.03439444430501637,"비율",1
"청구역 1번","편의점","중앙대학교","유사 업종 점포 밀도",-0.21226357018536934,"개/10,000㎡",2
"청구역 1번","편의점","중앙대학교","프랜차이즈 점포",1,"개",3
"청구역 3번","편의점","성자초등학교","직장·상주 구조",-1.3385163770824997,"비율",1
"청구역 3번","편의점","성자초등학교","직장인구",-1127,"명",2
"청구역 3번","편의점","성자초등학교","11~14 유동 비중",-0.010668112174912037,"비율",3
"성심여자고등학교","편의점","명지대학교교회","남성 유동 비중",-0.02430409242079906,"비율",1
"성심여자고등학교","편의점","명지대학교교회","상주인구",1386,"명",2
"성심여자고등학교","편의점","명지대학교교회","프랜차이즈 점포",-1,"개",3
"효창공원앞역 6번","편의점","계상초등학교","직장·상주 구조",-1.412939574274156,"비율",1
"효창공원앞역 6번","편의점","계상초등학교","06~11 유동 비중",0.008258955298520637,"비율",2
"효창공원앞역 6번","편의점","계상초등학교","직장인구",-939,"명",3
"효창공원앞역 2번","편의점","남영역 1번","06~11 유동 비중",-0.01224738935421138,"비율",1
"효창공원앞역 2번","편의점","남영역 1번","남성 유동 비중",0.025255874792400823,"비율",2
"효창공원앞역 2번","편의점","남영역 1번","17~21 유동 비중",0.015703135126002105,"비율",3
"배문고등학교","편의점","용마초등학교","06~11 유동 비중",-0.00911155196601618,"비율",1
"배문고등학교","편의점","용마초등학교","상권 면적",-50582,"㎡",2
"배문고등학교","편의점","용마초등학교","남성 유동 비중",-0.01588631576628763,"비율",3
"서울역 12번","편의점","G타워","남성 유동 비중",0.06167558081637936,"비율",1
"서울역 12번","편의점","G타워","프랜차이즈 점포",-3,"개",2
"서울역 12번","편의점","G타워","주말 유동 비중",-0.02136204602553493,"비율",3
"숙대입구역 1번","편의점","충무초등학교","21~24 유동 비중",-0.014341778948686726,"비율",1
"숙대입구역 1번","편의점","충무초등학교","주말 유동 비중",-0.023450994854670504,"비율",2
"숙대입구역 1번","편의점","충무초등학교","17~21 유동 비중",-0.02009725026497447,"비율",3
"후암동주민센터","편의점","송정역 3번","06~11 유동 비중",-0.013495963065875,"비율",1
"후암동주민센터","편의점","송정역 3번","남성 유동 비중",0.029405873367777224,"비율",2
"후암동주민센터","편의점","송정역 3번","21~24 유동 비중",0.0106303463406279,"비율",3
"해방촌예술마을","편의점","정릉역 1번","남성 유동 비중",-0.019790024409785556,"비율",1
"해방촌예술마을","편의점","정릉역 1번","직장·상주 구조",0.6110641710177873,"비율",2
"해방촌예술마을","편의점","정릉역 1번","21~24 유동 비중",-0.004920446257381611,"비율",3
"해방촌 남동측","편의점","서울시립대","프랜차이즈 점포",2,"개",1
"해방촌 남동측","편의점","서울시립대","남성 유동 비중",0.024314091153767647,"비율",2
"해방촌 남동측","편의점","서울시립대","주말 유동 비중",-0.01822895417345305,"비율",3
"경리단길북측","편의점","영신초등학교","상권 면적",-108093,"㎡",1
"경리단길북측","편의점","영신초등학교","총 유동인구",583368,"명",2
"경리단길북측","편의점","영신초등학교","유사 업종 점포 밀도",0.16283674741200851,"개/10,000㎡",3
"경리단길남측","편의점","영신초등학교","상권 면적",-64198,"㎡",1
"경리단길남측","편의점","영신초등학교","해당 업종 점포",-2,"개",2
"경리단길남측","편의점","영신초등학교","프랜차이즈 점포",1,"개",3
"한국폴리텍대학서울정수캠퍼스","편의점","봉은사역 4번","직장인구",1647,"명",1
"한국폴리텍대학서울정수캠퍼스","편의점","봉은사역 4번","00~06 유동 비중",-0.022124270611781793,"비율",2
"한국폴리텍대학서울정수캠퍼스","편의점","봉은사역 4번","직장·상주 구조",0.6307354885601546,"비율",3
"한강진역 3번","편의점","성미산체육관","직장인구",-3914,"명",1
"한강진역 3번","편의점","성미산체육관","직장·상주 구조",-1.5745231911716262,"비율",2
"한강진역 3번","편의점","성미산체육관","06~11 유동 비중",0.010567936659542643,"비율",3
"옥수역 6번","편의점","신서초등학교","17~21 유동 비중",-0.03026731904239227,"비율",1
"옥수역 6번","편의점","신서초등학교","21~24 유동 비중",0.019044828734361294,"비율",2
"옥수역 6번","편의점","신서초등학교","유사 업종 점포 밀도",0.4566069835667923,"개/10,000㎡",3
"상왕십리역 3번","편의점","상월곡역 3번","직장·상주 구조",0.9213308012583852,"비율",1
"상왕십리역 3번","편의점","상월곡역 3번","직장인구",1154,"명",2
"상왕십리역 3번","편의점","상월곡역 3번","06~11 유동 비중",0.006523722790424347,"비율",3
"뚝섬역교차로","편의점","신서초등학교","유사 업종 점포 밀도",0.9817707380542013,"개/10,000㎡",1
"뚝섬역교차로","편의점","신서초등학교","21~24 유동 비중",0.01643037052841896,"비율",2
"뚝섬역교차로","편의점","신서초등학교","06~11 유동 비중",-0.00919709567237717,"비율",3
"사근동살곶이상점가","편의점","연가초등학교","총 유동인구",735795,"명",1
"사근동살곶이상점가","편의점","연가초등학교","남성 유동 비중",-0.02335059390562605,"비율",2
"사근동살곶이상점가","편의점","연가초등학교","주말 유동 비중",0.012085569819392517,"비율",3
"성원중학교","편의점","신방화역 2번","총 유동인구",1267002,"명",1
"성원중학교","편의점","신방화역 2번","남성 유동 비중",-0.03417239699898578,"비율",2
"성원중학교","편의점","신방화역 2번","상권 면적",-66470,"㎡",3
"경수초등학교","편의점","신설동역 9번","프랜차이즈 점포",-5,"개",1
"경수초등학교","편의점","신설동역 9번","해당 업종 점포",-6,"개",2
"경수초등학교","편의점","신설동역 9번","상권 면적",-118881,"㎡",3
"자양4동주민센터","편의점","쌍문초등학교","주말 유동 비중",0.02287589538155893,"비율",1
"자양4동주민센터","편의점","쌍문초등학교","직장·상주 구조",1.1352202976886803,"비율",2
"자양4동주민센터","편의점","쌍문초등학교","남성 유동 비중",-0.023313774389617847,"비율",3
"건대입구역 1번","편의점","증산역 1번","상권 면적",47707,"㎡",1
"건대입구역 1번","편의점","증산역 1번","직장·상주 구조",0.6808284811514804,"비율",2
"건대입구역 1번","편의점","증산역 1번","프랜차이즈 점포",1,"개",3
"화양사거리","편의점","면목역 2번","상권 면적",100056,"㎡",1
"화양사거리","편의점","면목역 2번","해당 업종 점포",3,"개",2
"화양사거리","편의점","면목역 2번","상주인구",2903,"명",3
"어린이대공원역 4번","편의점","회기역 1번","남성 유동 비중",-0.04433327667192383,"비율",1
"어린이대공원역 4번","편의점","회기역 1번","06~11 유동 비중",0.014418889728672307,"비율",2
"어린이대공원역 4번","편의점","회기역 1번","17~21 유동 비중",-0.016021542944341133,"비율",3
"신자초등학교","편의점","오류2동버들시장","상권 면적",56711,"㎡",1
"신자초등학교","편의점","오류2동버들시장","프랜차이즈 점포",-1,"개",2
"신자초등학교","편의점","오류2동버들시장","해당 업종 점포",1,"개",3
"능동우편취급국","편의점","장곡초등학교","상주인구",-2679,"명",1
"능동우편취급국","편의점","장곡초등학교","06~11 유동 비중",-0.008657211980903967,"비율",2
"능동우편취급국","편의점","장곡초등학교","상권 면적",-52344,"㎡",3
"중곡1동 마을마당","편의점","오류2동버들시장","06~11 유동 비중",-0.007245204034802943,"비율",1
"중곡1동 마을마당","편의점","오류2동버들시장","17~21 유동 비중",0.012414050626662315,"비율",2
"중곡1동 마을마당","편의점","오류2동버들시장","상주인구",-1148,"명",3
"자양한강도서관","편의점","낙성대역 1번(관악구민 종합체육센터)","해당 업종 점포",-2,"개",1
"자양한강도서관","편의점","낙성대역 1번(관악구민 종합체육센터)","상주인구",2170,"명",2
"자양한강도서관","편의점","낙성대역 1번(관악구민 종합체육센터)","21~24 유동 비중",0.009286353920383295,"비율",3
"광진정말공원","편의점","동교초등학교","총 유동인구",-524036,"명",1
"광진정말공원","편의점","동교초등학교","남성 유동 비중",-0.015690206408844498,"비율",2
"광진정말공원","편의점","동교초등학교","06~11 유동 비중",-0.005762962646293723,"비율",3
"광진구청","편의점","신중초등학교","21~24 유동 비중",-0.007400593121169058,"비율",1
"광진구청","편의점","신중초등학교","남성 유동 비중",0.014647923446816202,"비율",2
"광진구청","편의점","신중초등학교","프랜차이즈 점포",-1,"개",3
"군자역 5번","편의점","우이천 계성교","남성 유동 비중",-0.015002757722063276,"비율",1
"군자역 5번","편의점","우이천 계성교","21~24 유동 비중",-0.00655672056192752,"비율",2
"군자역 5번","편의점","우이천 계성교","총 유동인구",-268324,"명",3
"자양동우체국","편의점","자양한강도서관","프랜차이즈 점포",2,"개",1
"자양동우체국","편의점","자양한강도서관","남성 유동 비중",0.02246091444892706,"비율",2
"자양동우체국","편의점","자양한강도서관","상주인구",-1086,"명",3
"중곡3동주민센터","편의점","면목역 1번","직장·상주 구조",-1.2388413731187553,"비율",1
"중곡3동주민센터","편의점","면목역 1번","총 유동인구",-654842,"명",2
"중곡3동주민센터","편의점","면목역 1번","17~21 유동 비중",-0.012585480892226997,"비율",3
"구의역 4번","편의점","경동고등학교","총 유동인구",-807988,"명",1
"구의역 4번","편의점","경동고등학교","상주인구",-2240,"명",2
"구의역 4번","편의점","경동고등학교","직장인구",-1326,"명",3
"군자역 4번","편의점","백련산해모로아파트","남성 유동 비중",-0.01276284187153226,"비율",1
"군자역 4번","편의점","백련산해모로아파트","주말 유동 비중",0.0095211552141643,"비율",2
"군자역 4번","편의점","백련산해모로아파트","06~11 유동 비중",0.004563667605122584,"비율",3
"성자초등학교","편의점","우장산역 1번","총 유동인구",641255,"명",1
"성자초등학교","편의점","우장산역 1번","남성 유동 비중",-0.016778038768391457,"비율",2
"성자초등학교","편의점","우장산역 1번","00~06 유동 비중",0.025608261927301035,"비율",3
"국립정신건강센터","편의점","굽은다리역 2번","총 유동인구",572359,"명",1
"국립정신건강센터","편의점","굽은다리역 2번","남성 유동 비중",-0.016275962434870173,"비율",2
"국립정신건강센터","편의점","굽은다리역 2번","주말 유동 비중",0.009095171289014325,"비율",3
"구의1동주민센터","편의점","수송초등학교","상권 면적",77308,"㎡",1
"구의1동주민센터","편의점","수송초등학교","총 유동인구",594065,"명",2
"구의1동주민센터","편의점","수송초등학교","직장·상주 구조",-0.8620848718845053,"비율",3
"용마초등학교","편의점","시립서북병원","상권 면적",41629,"㎡",1
"용마초등학교","편의점","시립서북병원","프랜차이즈 점포",1,"개",2
"용마초등학교","편의점","시립서북병원","해당 업종 점포",1,"개",3
"대원고등학교","편의점","쌍문역1번(쌍리단길)","06~11 유동 비중",-0.013421260993241785,"비율",1
"대원고등학교","편의점","쌍문역1번(쌍리단길)","주말 유동 비중",0.019788161883204647,"비율",2
"대원고등학교","편의점","쌍문역1번(쌍리단길)","남성 유동 비중",0.025833192607283895,"비율",3
"성동초등학교","편의점","성자초등학교","21~24 유동 비중",0.005317934212131045,"비율",1
"성동초등학교","편의점","성자초등학교","11~14 유동 비중",-0.00607379739577836,"비율",2
"성동초등학교","편의점","성자초등학교","06~11 유동 비중",-0.0032818338891546783,"비율",3
"광진초등학교","편의점","우장산역 1번","21~24 유동 비중",-0.004944885538022276,"비율",1
"광진초등학교","편의점","우장산역 1번","유사 업종 점포 밀도",0.113290165904125,"개/10,000㎡",2
"광진초등학교","편의점","우장산역 1번","상권 면적",-25312,"㎡",3
"아차산역 1번","편의점","서대문구보건소별관","06~11 유동 비중",0.012907899457871963,"비율",1
"아차산역 1번","편의점","서대문구보건소별관","프랜차이즈 점포",2,"개",2
"아차산역 1번","편의점","서대문구보건소별관","17~21 유동 비중",-0.012645127255204114,"비율",3
"해오름공원","편의점","신사1동주민센터","상권 면적",74147,"㎡",1
"해오름공원","편의점","신사1동주민센터","상주인구",2075,"명",2
"해오름공원","편의점","신사1동주민센터","21~24 유동 비중",0.007327337639004727,"비율",3
"신설동역 9번","편의점","선유도역 6번","주말 유동 비중",-0.05134832231327763,"비율",1
"신설동역 9번","편의점","선유도역 6번","직장인구",2968,"명",2
"신설동역 9번","편의점","선유도역 6번","06~11 유동 비중",0.01691135017639908,"비율",3
"용두희망어린이공원","편의점","가리봉파출소","남성 유동 비중",0.044748273290546314,"비율",1
"용두희망어린이공원","편의점","가리봉파출소","직장·상주 구조",-1.6814130615073841,"비율",2
"용두희망어린이공원","편의점","가리봉파출소","상주인구",1572,"명",3
"제기동역 6번","편의점","공군호텔","총 유동인구",-1556645,"명",1
"제기동역 6번","편의점","공군호텔","프랜차이즈 점포",2,"개",2
"제기동역 6번","편의점","공군호텔","직장인구",-1083,"명",3
"제기동역 1번","편의점","신중초등학교","주말 유동 비중",-0.015558822088033497,"비율",1
"제기동역 1번","편의점","신중초등학교","프랜차이즈 점포",-1,"개",2
"제기동역 1번","편의점","신중초등학교","상주인구",1281,"명",3
"고려대역 4번","편의점","연천초등학교","00~06 유동 비중",-0.052224207957328905,"비율",1
"고려대역 4번","편의점","연천초등학교","직장·상주 구조",-1.3044118639023257,"비율",2
"고려대역 4번","편의점","연천초등학교","17~21 유동 비중",0.019209958915495068,"비율",3
"간데메공원","편의점","광진초등학교","총 유동인구",-517651,"명",1
"간데메공원","편의점","광진초등학교","프랜차이즈 점포",-1,"개",2
"간데메공원","편의점","광진초등학교","주말 유동 비중",-0.00914173710075128,"비율",3
"텃골근린공원","편의점","장곡초등학교","직장·상주 구조",2.099523765834733,"비율",1
"텃골근린공원","편의점","장곡초등학교","06~11 유동 비중",0.0084522376766685,"비율",2
"텃골근린공원","편의점","장곡초등학교","주말 유동 비중",-0.011787411757458455,"비율",3
"답십리초등학교","편의점","쌍문2동우체국","유사 업종 점포 밀도",-0.22648309945341766,"개/10,000㎡",1
"답십리초등학교","편의점","쌍문2동우체국","프랜차이즈 점포",1,"개",2
"답십리초등학교","편의점","쌍문2동우체국","해당 업종 점포",-1,"개",3
"삼육보건대학교","편의점","신정역 5번","남성 유동 비중",-0.03689621423985012,"비율",1
"삼육보건대학교","편의점","신정역 5번","프랜차이즈 점포",-2,"개",2
"삼육보건대학교","편의점","신정역 5번","총 유동인구",846135,"명",3
"장안1동주민센터","편의점","까치산역 3번","총 유동인구",2493791,"명",1
"장안1동주민센터","편의점","까치산역 3번","해당 업종 점포",-5,"개",2
"장안1동주민센터","편의점","까치산역 3번","프랜차이즈 점포",-3,"개",3
"장평중학교","편의점","논현초등학교","프랜차이즈 점포",-2,"개",1
"장평중학교","편의점","논현초등학교","총 유동인구",724455,"명",2
"장평중학교","편의점","논현초등학교","21~24 유동 비중",-0.00864081281293079,"비율",3
"동대부고","편의점","서울역 15번","총 유동인구",824587,"명",1
"동대부고","편의점","서울역 15번","남성 유동 비중",0.017139335418251855,"비율",2
"동대부고","편의점","서울역 15번","프랜차이즈 점포",1,"개",3
"중랑역 1번","편의점","사가정역 4번","직장·상주 구조",1.720740751310692,"비율",1
"중랑역 1번","편의점","사가정역 4번","17~21 유동 비중",-0.00907121604184466,"비율",2
"중랑역 1번","편의점","사가정역 4번","유사 업종 점포 밀도",0.13488405172987816,"개/10,000㎡",3
"메가박스 상봉","편의점","금천세무서","상권 면적",-40395,"㎡",1
"메가박스 상봉","편의점","금천세무서","상주인구",-1443,"명",2
"메가박스 상봉","편의점","금천세무서","프랜차이즈 점포",1,"개",3
"면목5동주민센터","편의점","국립정신건강센터","주말 유동 비중",-0.030287619721206305,"비율",1
"면목5동주민센터","편의점","국립정신건강센터","프랜차이즈 점포",-1,"개",2
"면목5동주민센터","편의점","국립정신건강센터","17~21 유동 비중",-0.009106229271193755,"비율",3
"월드순복음교회","편의점","우장산역 1번","남성 유동 비중",-0.03172325896310901,"비율",1
"월드순복음교회","편의점","우장산역 1번","주말 유동 비중",-0.01391555431040059,"비율",2
"월드순복음교회","편의점","우장산역 1번","유사 업종 점포 밀도",0.0839954688109531,"개/10,000㎡",3
"중화역 1번","편의점","연희초등학교","프랜차이즈 점포",1,"개",1
"중화역 1번","편의점","연희초등학교","총 유동인구",-403819,"명",2
"중화역 1번","편의점","연희초등학교","상권 면적",30645,"㎡",3
"장안중학교","편의점","중랑노인종합복지관","유사 업종 점포 밀도",-0.22741458719964613,"개/10,000㎡",1
"장안중학교","편의점","중랑노인종합복지관","직장·상주 구조",-0.8198822552318381,"비율",2
"장안중학교","편의점","중랑노인종합복지관","상권 면적",37746,"㎡",3
"중곡초등학교","편의점","가산동우체국","남성 유동 비중",0.058529731381240124,"비율",1
"중곡초등학교","편의점","가산동우체국","06~11 유동 비중",0.006910096362526541,"비율",2
"중곡초등학교","편의점","가산동우체국","프랜차이즈 점포",1,"개",3
"오거리공원","편의점","석계역 7번","총 유동인구",-856648,"명",1
"오거리공원","편의점","석계역 7번","상주인구",-2613,"명",2
"오거리공원","편의점","석계역 7번","17~21 유동 비중",0.01148318111590313,"비율",3
"상봉역 7번","편의점","굽은다리역 1번(십자성마을)","상주인구",2947,"명",1
"상봉역 7번","편의점","굽은다리역 1번(십자성마을)","상권 면적",38926,"㎡",2
"상봉역 7번","편의점","굽은다리역 1번(십자성마을)","남성 유동 비중",-0.011709173666596018,"비율",3
"사가정역 4번","편의점","쌍문초등학교","남성 유동 비중",-0.015768743566827614,"비율",1
"사가정역 4번","편의점","쌍문초등학교","프랜차이즈 점포",1,"개",2
"사가정역 4번","편의점","쌍문초등학교","상권 면적",34342,"㎡",3
"면목역 1번","편의점","우이천 계성교","직장·상주 구조",1.8209211460473718,"비율",1
"면목역 1번","편의점","우이천 계성교","총 유동인구",-1176800,"명",2
"면목역 1번","편의점","우이천 계성교","상주인구",-1760,"명",3
"망우역 2번","편의점","수유초등학교","프랜차이즈 점포",2,"개",1
"망우역 2번","편의점","수유초등학교","주말 유동 비중",-0.017167051293717095,"비율",2
"망우역 2번","편의점","수유초등학교","17~21 유동 비중",-0.014433883950793425,"비율",3
"서일대학교","편의점","오거리공원","총 유동인구",1250292,"명",1
"서일대학교","편의점","오거리공원","17~21 유동 비중",0.014727198566987426,"비율",2
"서일대학교","편의점","오거리공원","21~24 유동 비중",0.00837456987123622,"비율",3
"러스크서울병원","편의점","홍제3동주민센터","11~14 유동 비중",-0.013625151659337309,"비율",1
"러스크서울병원","편의점","홍제3동주민센터","21~24 유동 비중",0.0072891950848802955,"비율",2
"러스크서울병원","편의점","홍제3동주민센터","14~17 유동 비중",-0.012336247050884,"비율",3
"망우본동주민센터","편의점","계상초등학교","06~11 유동 비중",-0.015917422531565723,"비율",1
"망우본동주민센터","편의점","계상초등학교","17~21 유동 비중",0.025642951079614534,"비율",2
"망우본동주민센터","편의점","계상초등학교","상권 면적",-33246,"㎡",3
"홍대부중","편의점","송정역 2번","남성 유동 비중",0.01715856945553379,"비율",1
"홍대부중","편의점","송정역 2번","11~14 유동 비중",-0.01190012677010606,"비율",2
"홍대부중","편의점","송정역 2번","직장인구",-983,"명",3
"한성대입구역 5번","편의점","상월곡역 3번","직장인구",-2362,"명",1
"한성대입구역 5번","편의점","상월곡역 3번","프랜차이즈 점포",2,"개",2
"한성대입구역 5번","편의점","상월곡역 3번","남성 유동 비중",0.022456500490599274,"비율",3
"삼선중학교","편의점","신정롯데캐슬아파트","06~11 유동 비중",-0.013945769719042739,"비율",1
"삼선중학교","편의점","신정롯데캐슬아파트","직장인구",-1841,"명",2
"삼선중학교","편의점","신정롯데캐슬아파트","주말 유동 비중",0.012327732667679614,"비율",3
"정릉우체국","편의점","방학중학교","직장·상주 구조",-1.16690573797056,"비율",1
"정릉우체국","편의점","방학중학교","남성 유동 비중",0.021239000260412977,"비율",2
"정릉우체국","편의점","방학중학교","21~24 유동 비중",0.008410140355594925,"비율",3
"경동고등학교","편의점","석촌고분역 1번","프랜차이즈 점포",-2,"개",1
"경동고등학교","편의점","석촌고분역 1번","06~11 유동 비중",-0.009517167995882952,"비율",2
"경동고등학교","편의점","석촌고분역 1번","상주인구",1980,"명",3
"정릉역 1번","편의점","석계역 7번","직장·상주 구조",-0.727561715505364,"비율",1
"정릉역 1번","편의점","석계역 7번","프랜차이즈 점포",1,"개",2
"정릉역 1번","편의점","석계역 7번","주말 유동 비중",-0.008220469754523674,"비율",3
"성신여대입구역 1번","편의점","홍대부속여중고앞","남성 유동 비중",0.07338461633164622,"비율",1
"성신여대입구역 1번","편의점","홍대부속여중고앞","직장·상주 구조",1.1818127722534362,"비율",2
"성신여대입구역 1번","편의점","홍대부속여중고앞","주말 유동 비중",0.00948204653016077,"비율",3
"안암역 2번","편의점","충정로현대아파트","06~11 유동 비중",0.019160770762836538,"비율",1
"안암역 2번","편의점","충정로현대아파트","주말 유동 비중",-0.03682497068613344,"비율",2
"안암역 2번","편의점","충정로현대아파트","프랜차이즈 점포",-3,"개",3
"종암중학교","편의점","상일여고(상일초등학교)","프랜차이즈 점포",-2,"개",1
"종암중학교","편의점","상일여고(상일초등학교)","06~11 유동 비중",-0.01046694921155747,"비율",2
"종암중학교","편의점","상일여고(상일초등학교)","주말 유동 비중",-0.018252834149795005,"비율",3
"장곡초등학교","편의점","장안현대홈타운1차아파트","직장·상주 구조",0.6675798455136519,"비율",1
"장곡초등학교","편의점","장안현대홈타운1차아파트","06~11 유동 비중",-0.0055296105989235955,"비율",2
"장곡초등학교","편의점","장안현대홈타운1차아파트","총 유동인구",402366,"명",3
"상월곡역 3번","편의점","청구역 3번","주말 유동 비중",-0.019957346640689322,"비율",1
"상월곡역 3번","편의점","청구역 3번","17~21 유동 비중",-0.011644289620281356,"비율",2
"상월곡역 3번","편의점","청구역 3번","프랜차이즈 점포",-1,"개",3
"국립재활원","편의점","연천초등학교","21~24 유동 비중",-0.006919703879467581,"비율",1
"국립재활원","편의점","연천초등학교","프랜차이즈 점포",-1,"개",2
"국립재활원","편의점","연천초등학교","17~21 유동 비중",-0.009191771670465115,"비율",3
"무너미어린이공원","편의점","구산역 2번","06~11 유동 비중",-0.009553437952472932,"비율",1
"무너미어린이공원","편의점","구산역 2번","프랜차이즈 점포",-1,"개",2
"무너미어린이공원","편의점","구산역 2번","해당 업종 점포",-1,"개",3
"4.19민주묘지역 2번","편의점","이수역 9번","남성 유동 비중",0.04371461976105134,"비율",1
"4.19민주묘지역 2번","편의점","이수역 9번","주말 유동 비중",-0.01618081193816756,"비율",2
"4.19민주묘지역 2번","편의점","이수역 9번","06~11 유동 비중",0.008049878879632627,"비율",3
"강북문화예술회관","편의점","강서고등학교","상주인구",2321,"명",1
"강북문화예술회관","편의점","강서고등학교","남성 유동 비중",0.022721858845681564,"비율",2
"강북문화예술회관","편의점","강서고등학교","총 유동인구",-446726,"명",3
"수유1동주민센터","편의점","신곡초등학교","프랜차이즈 점포",2,"개",1
"수유1동주민센터","편의점","신곡초등학교","상주인구",2527,"명",2
"수유1동주민센터","편의점","신곡초등학교","06~11 유동 비중",0.006072753971403749,"비율",3
"수유동우체국","편의점","삼양사거리역 1번","직장·상주 구조",-1.7948821269318724,"비율",1
"수유동우체국","편의점","삼양사거리역 1번","17~21 유동 비중",-0.02176352211369209,"비율",2
"수유동우체국","편의점","삼양사거리역 1번","06~11 유동 비중",0.008878373052938232,"비율",3
"수유초등학교","편의점","해방촌 남동측","총 유동인구",455183,"명",1
"수유초등학교","편의점","해방촌 남동측","프랜차이즈 점포",1,"개",2
"수유초등학교","편의점","해방촌 남동측","해당 업종 점포",-1,"개",3
"삼양사거리역 1번","편의점","천호초등학교","남성 유동 비중",0.029388603505075495,"비율",1
"삼양사거리역 1번","편의점","천호초등학교","총 유동인구",668382,"명",2
"삼양사거리역 1번","편의점","천호초등학교","직장·상주 구조",0.8006517375809592,"비율",3
"미아역 5번","편의점","굽은다리역 1번(십자성마을)","직장·상주 구조",2.0917385763131096,"비율",1
"미아역 5번","편의점","굽은다리역 1번(십자성마을)","상주인구",2400,"명",2
"미아역 5번","편의점","굽은다리역 1번(십자성마을)","상권 면적",38026,"㎡",3
"강북구청","편의점","신길6동주민센터","총 유동인구",-670651,"명",1
"강북구청","편의점","신길6동주민센터","06~11 유동 비중",0.005896460447280677,"비율",2
"강북구청","편의점","신길6동주민센터","프랜차이즈 점포",-1,"개",3
"성신여대운정그린캠퍼스","편의점","구산역 2번","해당 업종 점포",-4,"개",1
"성신여대운정그린캠퍼스","편의점","구산역 2번","유사 업종 점포 밀도",-0.20660528424313596,"개/10,000㎡",2
"성신여대운정그린캠퍼스","편의점","구산역 2번","총 유동인구",-501038,"명",3
"도봉세무서","편의점","러스크서울병원","직장·상주 구조",0.8690547757634777,"비율",1
"도봉세무서","편의점","러스크서울병원","프랜차이즈 점포",-1,"개",2
"도봉세무서","편의점","러스크서울병원","주말 유동 비중",0.008568104332532578,"비율",3
"강북중학교","편의점","연천초등학교","17~21 유동 비중",-0.014019285776340873,"비율",1
"강북중학교","편의점","연천초등학교","총 유동인구",-525474,"명",2
"강북중학교","편의점","연천초등학교","00~06 유동 비중",0.02661307439265087,"비율",3
"수송초등학교","편의점","상봉역 4번","직장·상주 구조",1.447170839980684,"비율",1
"수송초등학교","편의점","상봉역 4번","프랜차이즈 점포",2,"개",2
"수송초등학교","편의점","상봉역 4번","상주인구",-1661,"명",3
"덕성여대시반거리","편의점","가산동주민센터","남성 유동 비중",0.15880186618122788,"비율",1
"덕성여대시반거리","편의점","가산동주민센터","직장·상주 구조",-1.1091691720007315,"비율",2
"덕성여대시반거리","편의점","가산동주민센터","상주인구",1579,"명",3
"쌍문초등학교","편의점","상봉역 3번","06~11 유동 비중",-0.007871387405437247,"비율",1
"쌍문초등학교","편의점","상봉역 3번","직장·상주 구조",0.6357076819543384,"비율",2
"쌍문초등학교","편의점","상봉역 3번","21~24 유동 비중",0.005992476754951209,"비율",3
"방학초등학교","편의점","가인초등학교","프랜차이즈 점포",-2,"개",1
"방학초등학교","편의점","가인초등학교","21~24 유동 비중",-0.011408401553195724,"비율",2
"방학초등학교","편의점","가인초등학교","주말 유동 비중",0.019329665774778404,"비율",3
"방학중학교","편의점","사가정역 4번","상권 면적",-48314,"㎡",1
"방학중학교","편의점","사가정역 4번","06~11 유동 비중",0.007481388420580465,"비율",2
"방학중학교","편의점","사가정역 4번","상주인구",-1748,"명",3
"쌍문2동우체국","편의점","구산역 2번","직장·상주 구조",-0.8250753421383683,"비율",1
"쌍문2동우체국","편의점","구산역 2번","총 유동인구",-378667,"명",2
"쌍문2동우체국","편의점","구산역 2번","주말 유동 비중",0.009270236453421454,"비율",3
"창2동주민센터","편의점","시립서북병원","프랜차이즈 점포",3,"개",1
"창2동주민센터","편의점","시립서북병원","해당 업종 점포",-2,"개",2
"창2동주민센터","편의점","시립서북병원","유사 업종 점포 밀도",-0.17910553858225586,"개/10,000㎡",3
"도봉구 정병원","편의점","계상초등학교","06~11 유동 비중",-0.019865460069283136,"비율",1
"도봉구 정병원","편의점","계상초등학교","17~21 유동 비중",0.01064948940084015,"비율",2
"도봉구 정병원","편의점","계상초등학교","프랜차이즈 점포",1,"개",3
"방학1동주민센터","편의점","신대방역 4번","06~11 유동 비중",0.014986050673523515,"비율",1
"방학1동주민센터","편의점","신대방역 4번","프랜차이즈 점포",2,"개",2
"방학1동주민센터","편의점","신대방역 4번","총 유동인구",-646496,"명",3
"신창초등학교","편의점","수송초등학교","상권 면적",-88214,"㎡",1
"신창초등학교","편의점","수송초등학교","상주인구",-1987,"명",2
"신창초등학교","편의점","수송초등학교","총 유동인구",-583898,"명",3
"방학역 1번","편의점","숭실대입구역 1번","21~24 유동 비중",-0.011367691385155115,"비율",1
"방학역 1번","편의점","숭실대입구역 1번","상주인구",-2206,"명",2
"방학역 1번","편의점","숭실대입구역 1번","06~11 유동 비중",0.006179237805943649,"비율",3
"도봉역 2번","편의점","신월3동주민센터","상권 면적",-276635,"㎡",1
"도봉역 2번","편의점","신월3동주민센터","남성 유동 비중",0.026243447072549053,"비율",2
"도봉역 2번","편의점","신월3동주민센터","유사 업종 점포 밀도",0.2178316694472426,"개/10,000㎡",3
"가인초등학교","편의점","그라운드 고척","남성 유동 비중",0.03077170002207663,"비율",1
"가인초등학교","편의점","그라운드 고척","해당 업종 점포",-2,"개",2
"가인초등학교","편의점","그라운드 고척","유사 업종 점포 밀도",-0.22235262360760977,"개/10,000㎡",3
"창동역 2번","편의점","홍대땡땡거리","17~21 유동 비중",-0.015526530803199684,"비율",1
"창동역 2번","편의점","홍대땡땡거리","주말 유동 비중",-0.012230343661740084,"비율",2
"창동역 2번","편의점","홍대땡땡거리","프랜차이즈 점포",-1,"개",3
"방학역 2번","편의점","경의선책거리","06~11 유동 비중",-0.027718588204903527,"비율",1
"방학역 2번","편의점","경의선책거리","17~21 유동 비중",0.03946436993612493,"비율",2
"방학역 2번","편의점","경의선책거리","14~17 유동 비중",0.034018457635687865,"비율",3
"수락산역 4번","편의점","방학1동주민센터","상권 면적",-44454,"㎡",1
"수락산역 4번","편의점","방학1동주민센터","남성 유동 비중",0.015434612573517803,"비율",2
"수락산역 4번","편의점","방학1동주민센터","17~21 유동 비중",-0.010041368728613997,"비율",3
"노원초등학교","편의점","대림성모병원","06~11 유동 비중",0.01404987556635165,"비율",1
"노원초등학교","편의점","대림성모병원","11~14 유동 비중",0.019776367663988437,"비율",2
"노원초등학교","편의점","대림성모병원","00~06 유동 비중",-0.03935356813819549,"비율",3
"수락산디자인거리","편의점","방학역 2번","14~17 유동 비중",0.014109627590594448,"비율",1
"수락산디자인거리","편의점","방학역 2번","남성 유동 비중",0.015665787777341733,"비율",2
"수락산디자인거리","편의점","방학역 2번","06~11 유동 비중",-0.005599923406624768,"비율",3
"광운대역 1번","편의점","가산동주민센터","유사 업종 점포 밀도",0.7104834068842479,"개/10,000㎡",1
"광운대역 1번","편의점","가산동주민센터","주말 유동 비중",-0.02205033840598422,"비율",2
"광운대역 1번","편의점","가산동주민센터","21~24 유동 비중",-0.012216811958311383,"비율",3
"석계역 1번","편의점","신길6동주민센터","직장·상주 구조",-1.087416086276498,"비율",1
"석계역 1번","편의점","신길6동주민센터","14~17 유동 비중",-0.014273975135327785,"비율",2
"석계역 1번","편의점","신길6동주민센터","남성 유동 비중",-0.01825255087666655,"비율",3
"석계역 2번","편의점","그라운드 고척","17~21 유동 비중",-0.014853654337415395,"비율",1
"석계역 2번","편의점","그라운드 고척","21~24 유동 비중",-0.008934273255998465,"비율",2
"석계역 2번","편의점","그라운드 고척","00~06 유동 비중",0.027394455267656215,"비율",3
"계상초등학교","편의점","러스크서울병원","17~21 유동 비중",-0.028709861594694297,"비율",1
"계상초등학교","편의점","러스크서울병원","프랜차이즈 점포",-2,"개",2
"계상초등학교","편의점","러스크서울병원","14~17 유동 비중",-0.020359454988183923,"비율",3
"공릉동 국수거리","편의점","신방화역 2번","총 유동인구",541458,"명",1
"공릉동 국수거리","편의점","신방화역 2번","상주인구",1349,"명",2
"공릉동 국수거리","편의점","신방화역 2번","00~06 유동 비중",0.019887726179301596,"비율",3
"경춘선숲길 우측","편의점","금천세무서","해당 업종 점포",-4,"개",1
"경춘선숲길 우측","편의점","금천세무서","유사 업종 점포 밀도",-0.3042296316696025,"개/10,000㎡",2
"경춘선숲길 우측","편의점","금천세무서","총 유동인구",-631844,"명",3
"새절역 3번","편의점","보문역 4번","06~11 유동 비중",0.006091347312862455,"비율",1
"새절역 3번","편의점","보문역 4번","11~14 유동 비중",0.010642642025448512,"비율",2
"새절역 3번","편의점","보문역 4번","남성 유동 비중",-0.014513457310469047,"비율",3
"신사1동주민센터","편의점","시흥동 은행나무사거리","상권 면적",-32183,"㎡",1
"신사1동주민센터","편의점","시흥동 은행나무사거리","직장·상주 구조",-0.5649838073840252,"비율",2
"신사1동주민센터","편의점","시흥동 은행나무사거리","해당 업종 점포",1,"개",3
"선정중학교","편의점","신림우방아파트","남성 유동 비중",0.0210163767492062,"비율",1
"선정중학교","편의점","신림우방아파트","주말 유동 비중",0.010928387564073605,"비율",2
"선정중학교","편의점","신림우방아파트","상주인구",-757,"명",3
"예일여고","편의점","광진초등학교","남성 유동 비중",0.0331150968633816,"비율",1
"예일여고","편의점","광진초등학교","직장·상주 구조",0.6619629346098597,"비율",2
"예일여고","편의점","광진초등학교","프랜차이즈 점포",-1,"개",3
"구산역 2번","편의점","장곡초등학교","남성 유동 비중",0.03558917744921558,"비율",1
"구산역 2번","편의점","장곡초등학교","06~11 유동 비중",0.004003583795628457,"비율",2
"구산역 2번","편의점","장곡초등학교","주말 유동 비중",-0.0069703905226137786,"비율",3
"은평요양병원","편의점","고덕동성당","프랜차이즈 점포",1,"개",1
"은평요양병원","편의점","고덕동성당","17~21 유동 비중",0.009056970619346322,"비율",2
"은평요양병원","편의점","고덕동성당","21~24 유동 비중",-0.005525715146537741,"비율",3
"응암역 3번","편의점","까치산역 4번","17~21 유동 비중",-0.011321478556716835,"비율",1
"응암역 3번","편의점","까치산역 4번","총 유동인구",478251,"명",2
"응암역 3번","편의점","까치산역 4번","프랜차이즈 점포",-1,"개",3
"응암정보도서관","편의점","까치산역 3번","총 유동인구",3957478,"명",1
"응암정보도서관","편의점","까치산역 3번","프랜차이즈 점포",3,"개",2
"응암정보도서관","편의점","까치산역 3번","상주인구",3448,"명",3
"연신내역 4번","편의점","석계역 7번","남성 유동 비중",0.018959334013380347,"비율",1
"연신내역 4번","편의점","석계역 7번","프랜차이즈 점포",-1,"개",2
"연신내역 4번","편의점","석계역 7번","상주인구",-1256,"명",3
"구산역 1번","편의점","수송초등학교","남성 유동 비중",0.036709874730199765,"비율",1
"구산역 1번","편의점","수송초등학교","총 유동인구",758399,"명",2
"구산역 1번","편의점","수송초등학교","21~24 유동 비중",0.006111518294736884,"비율",3
"세명컴퓨터고등학교","편의점","신곡초등학교","상주인구",2539,"명",1
"세명컴퓨터고등학교","편의점","신곡초등학교","총 유동인구",365898,"명",2
"세명컴퓨터고등학교","편의점","신곡초등학교","해당 업종 점포",1,"개",3
"은평세무서","편의점","신대방삼거리역 3번","남성 유동 비중",0.021232858738733096,"비율",1
"은평세무서","편의점","신대방삼거리역 3번","프랜차이즈 점포",1,"개",2
"은평세무서","편의점","신대방삼거리역 3번","해당 업종 점포",-1,"개",3
"연신내역 3번","편의점","백련산해모로아파트","프랜차이즈 점포",-1,"개",1
"연신내역 3번","편의점","백련산해모로아파트","11~14 유동 비중",-0.008818463698132259,"비율",2
"연신내역 3번","편의점","백련산해모로아파트","14~17 유동 비중",-0.00716786682242572,"비율",3
"불광역 7번","편의점","상봉역 7번","총 유동인구",-1384919,"명",1
"불광역 7번","편의점","상봉역 7번","06~11 유동 비중",0.010466724699504937,"비율",2
"불광역 7번","편의점","상봉역 7번","남성 유동 비중",0.024317462239384358,"비율",3
"연천초등학교","편의점","굽은다리역 2번","직장·상주 구조",1.080327741740823,"비율",1
"연천초등학교","편의점","굽은다리역 2번","총 유동인구",526775,"명",2
"연천초등학교","편의점","굽은다리역 2번","06~11 유동 비중",0.005504647327058798,"비율",3
"역촌역 3번","편의점","까치산역 4번","총 유동인구",1563197,"명",1
"역촌역 3번","편의점","까치산역 4번","상주인구",4282,"명",2
"역촌역 3번","편의점","까치산역 4번","상권 면적",84634,"㎡",3
"북가좌2동주민센터","편의점","굽은다리역 1번(십자성마을)","총 유동인구",700174,"명",1
"북가좌2동주민센터","편의점","굽은다리역 1번(십자성마을)","상주인구",1256,"명",2
"북가좌2동주민센터","편의점","굽은다리역 1번(십자성마을)","상권 면적",-30558,"㎡",3
"증산역 1번","편의점","석계역 7번","21~24 유동 비중",-0.016670144221351824,"비율",1
"증산역 1번","편의점","석계역 7번","06~11 유동 비중",0.010518376877508534,"비율",2
"증산역 1번","편의점","석계역 7번","프랜차이즈 점포",-1,"개",3
"남가좌파출소","편의점","석계역 7번","06~11 유동 비중",-0.009349987474952803,"비율",1
"남가좌파출소","편의점","석계역 7번","17~21 유동 비중",0.008201331220720809,"비율",2
"남가좌파출소","편의점","석계역 7번","해당 업종 점포",-1,"개",3
"명지대학교교회","편의점","논현초등학교","해당 업종 점포",-2,"개",1
"명지대학교교회","편의점","논현초등학교","총 유동인구",641046,"명",2
"명지대학교교회","편의점","논현초등학교","남성 유동 비중",0.019247703941239314,"비율",3
"명지대학교","편의점","응암정보도서관","프랜차이즈 점포",-2,"개",1
"명지대학교","편의점","응암정보도서관","주말 유동 비중",0.01897381270032511,"비율",2
"명지대학교","편의점","응암정보도서관","총 유동인구",-481041,"명",3
"서연중학교","편의점","상왕십리역 3번","남성 유동 비중",0.040177806671016336,"비율",1
"서연중학교","편의점","상왕십리역 3번","상권 면적",-90771,"㎡",2
"서연중학교","편의점","상왕십리역 3번","17~21 유동 비중",0.014702220197904126,"비율",3
"연희초등학교","편의점","신월3동주민센터","남성 유동 비중",0.036609485048107904,"비율",1
"연희초등학교","편의점","신월3동주민센터","06~11 유동 비중",-0.007533548062288231,"비율",2
"연희초등학교","편의점","신월3동주민센터","21~24 유동 비중",0.0060036802727335414,"비율",3
"서대문우체국","편의점","무너미어린이공원","상주인구",2312,"명",1
"서대문우체국","편의점","무너미어린이공원","프랜차이즈 점포",1,"개",2
"서대문우체국","편의점","무너미어린이공원","00~06 유동 비중",0.02142122356815196,"비율",3
"서대문구보건소별관","편의점","우이천 계성교","직장·상주 구조",-0.83662589957191,"비율",1
"서대문구보건소별관","편의점","우이천 계성교","총 유동인구",-535641,"명",2
"서대문구보건소별관","편의점","우이천 계성교","상주인구",1482,"명",3
"홍제3동주민센터","편의점","홍제역 2번","직장·상주 구조",-1.041359476627247,"비율",1
"홍제3동주민센터","편의점","홍제역 2번","남성 유동 비중",-0.021901551116759566,"비율",2
"홍제3동주민센터","편의점","홍제역 2번","상주인구",1776,"명",3
"미근동","편의점","경향신문사","직장·상주 구조",4.38788155415586,"비율",1
"미근동","편의점","경향신문사","남성 유동 비중",-0.06753893074331574,"비율",2
"미근동","편의점","경향신문사","11~14 유동 비중",0.040037615490254724,"비율",3
"동교초등학교","편의점","상봉역 3번","06~11 유동 비중",-0.007202919249466172,"비율",1
"동교초등학교","편의점","상봉역 3번","21~24 유동 비중",0.0068233902141150715,"비율",2
"동교초등학교","편의점","상봉역 3번","프랜차이즈 점포",1,"개",3
"망리단길","편의점","응암역 3번","총 유동인구",-2481345,"명",1
"망리단길","편의점","응암역 3번","프랜차이즈 점포",-3,"개",2
"망리단길","편의점","응암역 3번","해당 업종 점포",-3,"개",3
"새터산","편의점","서서울호수공원","남성 유동 비중",0.02689551739408147,"비율",1
"새터산","편의점","서서울호수공원","06~11 유동 비중",0.007099097502100776,"비율",2
"새터산","편의점","서서울호수공원","17~21 유동 비중",-0.01229402167609242,"비율",3
"합정역 8번","편의점","방학1동주민센터","남성 유동 비중",0.028704770225810528,"비율",1
"합정역 8번","편의점","방학1동주민센터","프랜차이즈 점포",2,"개",2
"합정역 8번","편의점","방학1동주민센터","17~21 유동 비중",-0.0148454599512029,"비율",3
"성서초등학교","편의점","우장산역 1번","해당 업종 점포",-3,"개",1
"성서초등학교","편의점","우장산역 1번","유사 업종 점포 밀도",-0.1571492299901644,"개/10,000㎡",2
"성서초등학교","편의점","우장산역 1번","상권 면적",-32451,"㎡",3
"성미산체육관","편의점","제기동역 1번","17~21 유동 비중",-0.02109643584652654,"비율",1
"성미산체육관","편의점","제기동역 1번","직장·상주 구조",-0.8923041745109783,"비율",2
"성미산체육관","편의점","제기동역 1번","00~06 유동 비중",0.02980570385648837,"비율",3
"망원역 1번","편의점","발산역 5번","상주인구",-2792,"명",1
"망원역 1번","편의점","발산역 5번","프랜차이즈 점포",-2,"개",2
"망원역 1번","편의점","발산역 5번","총 유동인구",-824388,"명",3
"홍대부속여중고앞","편의점","보문역 4번","17~21 유동 비중",0.032028482825903454,"비율",1
"홍대부속여중고앞","편의점","보문역 4번","00~06 유동 비중",-0.05910429043473503,"비율",2
"홍대부속여중고앞","편의점","보문역 4번","14~17 유동 비중",0.016318226575403355,"비율",3
"경성고등학교","편의점","둔촌동역 1번(한산중학교)","상권 면적",-141658,"㎡",1
"경성고등학교","편의점","둔촌동역 1번(한산중학교)","해당 업종 점포",-2,"개",2
"경성고등학교","편의점","둔촌동역 1번(한산중학교)","상주인구",-1607,"명",3
"상수역 4번","편의점","신대방삼거리역 3번","남성 유동 비중",-0.015160219063257152,"비율",1
"상수역 4번","편의점","신대방삼거리역 3번","상주인구",1402,"명",2
"상수역 4번","편의점","신대방삼거리역 3번","21~24 유동 비중",-0.005133003568950023,"비율",3
"광흥창역 1번","편의점","쌍문역1번(쌍리단길)","유사 업종 점포 밀도",-2.0198946114446485,"개/10,000㎡",1
"광흥창역 1번","편의점","쌍문역1번(쌍리단길)","해당 업종 점포",-3,"개",2
"광흥창역 1번","편의점","쌍문역1번(쌍리단길)","14~17 유동 비중",-0.012092623956602586,"비율",3
"홍대땡땡거리","편의점","노원초등학교","남성 유동 비중",0.025232784961768118,"비율",1
"홍대땡땡거리","편의점","노원초등학교","주말 유동 비중",0.01379259838369451,"비율",2
"홍대땡땡거리","편의점","노원초등학교","프랜차이즈 점포",1,"개",3
"대흥역 2번","편의점","공릉동 국수거리","총 유동인구",-1190295,"명",1
"대흥역 2번","편의점","공릉동 국수거리","상권 면적",48604,"㎡",2
"대흥역 2번","편의점","공릉동 국수거리","주말 유동 비중",0.013937953609022391,"비율",3
"공덕동주민센터","편의점","고덕동성당","17~21 유동 비중",0.013292129577284872,"비율",1
"공덕동주민센터","편의점","고덕동성당","상주인구",-1284,"명",2
"공덕동주민센터","편의점","고덕동성당","총 유동인구",-378652,"명",3
"신월중학교","편의점","가리봉파출소","남성 유동 비중",0.06390665050181998,"비율",1
"신월중학교","편의점","가리봉파출소","06~11 유동 비중",-0.014658241594343924,"비율",2
"신월중학교","편의점","가리봉파출소","총 유동인구",816939,"명",3
"서서울호수공원","편의점","양화대교북단","00~06 유동 비중",0.02240879608618257,"비율",1
"서서울호수공원","편의점","양화대교북단","21~24 유동 비중",-0.005159238373564412,"비율",2
"서서울호수공원","편의점","양화대교북단","17~21 유동 비중",-0.00778847595537327,"비율",3
"신월1동주민센터","편의점","신월3동주민센터","남성 유동 비중",0.03112556845157377,"비율",1
"신월1동주민센터","편의점","신월3동주민센터","프랜차이즈 점포",1,"개",2
"신월1동주민센터","편의점","신월3동주민센터","주말 유동 비중",-0.007660135797140255,"비율",3
"신월1동우편취급국","편의점","송정역 3번","해당 업종 점포",-2,"개",1
"신월1동우편취급국","편의점","송정역 3번","상주인구",1616,"명",2
"신월1동우편취급국","편의점","송정역 3번","00~06 유동 비중",0.026136955085256097,"비율",3
"신월4동주민센터","편의점","시흥동 은행나무사거리","21~24 유동 비중",0.009307508697586425,"비율",1
"신월4동주민센터","편의점","시흥동 은행나무사거리","17~21 유동 비중",0.01121391519447798,"비율",2
"신월4동주민센터","편의점","시흥동 은행나무사거리","프랜차이즈 점포",1,"개",3
"신정역 5번","편의점","면목역 2번","직장·상주 구조",-1.1414408759279873,"비율",1
"신정역 5번","편의점","면목역 2번","총 유동인구",604313,"명",2
"신정역 5번","편의점","면목역 2번","상권 면적",49115,"㎡",3
"신서초등학교","편의점","그라운드 고척","유사 업종 점포 밀도",-0.7044124803196011,"개/10,000㎡",1
"신서초등학교","편의점","그라운드 고척","주말 유동 비중",0.0315628800935403,"비율",2
"신서초등학교","편의점","그라운드 고척","06~11 유동 비중",-0.010591719708862607,"비율",3
"강서고등학교","편의점","우이천 계성교","남성 유동 비중",-0.032315344953895764,"비율",1
"강서고등학교","편의점","우이천 계성교","총 유동인구",-963219,"명",2
"강서고등학교","편의점","우이천 계성교","해당 업종 점포",-1,"개",3
"목동보건지소","편의점","중곡3동주민센터","직장·상주 구조",-0.8829877817803187,"비율",1
"목동보건지소","편의점","중곡3동주민센터","상주인구",-1788,"명",2
"목동보건지소","편의점","중곡3동주민센터","총 유동인구",551611,"명",3
"양화초등학교","편의점","서대문구보건소별관","프랜차이즈 점포",2,"개",1
"양화초등학교","편의점","서대문구보건소별관","상주인구",-2213,"명",2
"양화초등학교","편의점","서대문구보건소별관","14~17 유동 비중",0.007041158507407122,"비율",3
"송정역 2번","편의점","오산고등학교","직장·상주 구조",0.9434864937360752,"비율",1
"송정역 2번","편의점","오산고등학교","직장인구",1207,"명",2
"송정역 2번","편의점","오산고등학교","남성 유동 비중",0.010309981195864903,"비율",3
"방화역 1번","편의점","금천세무서","직장·상주 구조",-1.306427636008853,"비율",1
"방화역 1번","편의점","금천세무서","직장인구",-1296,"명",2
"방화역 1번","편의점","금천세무서","남성 유동 비중",0.01725013954447091,"비율",3
"우장산역 4번","편의점","남영역 1번","06~11 유동 비중",-0.01619543111415689,"비율",1
"우장산역 4번","편의점","남영역 1번","상주인구",-2520,"명",2
"우장산역 4번","편의점","남영역 1번","남성 유동 비중",0.0258200723750438,"비율",3
"푸른들청소년도서관","편의점","응암역 3번","해당 업종 점포",3,"개",1
"푸른들청소년도서관","편의점","응암역 3번","프랜차이즈 점포",2,"개",2
"푸른들청소년도서관","편의점","응암역 3번","상주인구",2463,"명",3
"화곡역 5번","편의점","남강고등학교(남강중학교)","상권 면적",-28620,"㎡",1
"화곡역 5번","편의점","남강고등학교(남강중학교)","주말 유동 비중",0.007546060303464219,"비율",2
"화곡역 5번","편의점","남강고등학교(남강중학교)","11~14 유동 비중",-0.007049768832914055,"비율",3
"양천향교역 2번","편의점","고대앞사거리","직장·상주 구조",-1.1244620594991508,"비율",1
"양천향교역 2번","편의점","고대앞사거리","총 유동인구",699964,"명",2
"양천향교역 2번","편의점","고대앞사거리","17~21 유동 비중",0.010357267356886718,"비율",3
"까치산역 4번","편의점","시립서북병원","상주인구",-4635,"명",1
"까치산역 4번","편의점","시립서북병원","해당 업종 점포",-4,"개",2
"까치산역 4번","편의점","시립서북병원","상권 면적",-80242,"㎡",3
"발산역 5번","편의점","등촌3동주민센터","직장인구",3707,"명",1
"발산역 5번","편의점","등촌3동주민센터","00~06 유동 비중",0.058313346739885336,"비율",2
"발산역 5번","편의점","등촌3동주민센터","17~21 유동 비중",-0.024401176005955455,"비율",3
"까치산역 3번","편의점","상봉역 4번","총 유동인구",-3238243,"명",1
"까치산역 3번","편의점","상봉역 4번","해당 업종 점포",-4,"개",2
"까치산역 3번","편의점","상봉역 4번","상주인구",-4193,"명",3
"양천향교역 5번","편의점","숙대입구역 1번","남성 유동 비중",0.030048087736661566,"비율",1
"양천향교역 5번","편의점","숙대입구역 1번","직장인구",-1586,"명",2
"양천향교역 5번","편의점","숙대입구역 1번","직장·상주 구조",-1.1418771264779313,"비율",3
"화곡초등학교","편의점","중곡초등학교","남성 유동 비중",0.016411411894659333,"비율",1
"화곡초등학교","편의점","중곡초등학교","유사 업종 점포 밀도",-0.14534324493841538,"개/10,000㎡",2
"화곡초등학교","편의점","중곡초등학교","상권 면적",20687,"㎡",3
"화곡역 4번","편의점","까치산역 4번","상주인구",-5949,"명",1
"화곡역 4번","편의점","까치산역 4번","총 유동인구",-1542499,"명",2
"화곡역 4번","편의점","까치산역 4번","상권 면적",-96563,"㎡",3
"등촌3동주민센터","편의점","개봉역","직장인구",-2741,"명",1
"등촌3동주민센터","편의점","개봉역","해당 업종 점포",-3,"개",2
"등촌3동주민센터","편의점","개봉역","17~21 유동 비중",0.0215995765915645,"비율",3
"까치산역 1번","편의점","역촌역 3번","상주인구",-3790,"명",1
"까치산역 1번","편의점","역촌역 3번","프랜차이즈 점포",2,"개",2
"까치산역 1번","편의점","역촌역 3번","총 유동인구",-599739,"명",3
"곰달래도서관","편의점","공릉동 국수거리","총 유동인구",-2008492,"명",1
"곰달래도서관","편의점","공릉동 국수거리","남성 유동 비중",-0.018282355011603302,"비율",2
"곰달래도서관","편의점","공릉동 국수거리","상권 면적",-44669,"㎡",3
"가양역 10번","편의점","경향신문사","주말 유동 비중",-0.09255045489708222,"비율",1
"가양역 10번","편의점","경향신문사","21~24 유동 비중",-0.05357446286330904,"비율",2
"가양역 10번","편의점","경향신문사","직장·상주 구조",5.52655634781674,"비율",3
"화곡2동주민센터","편의점","남강고등학교(남강중학교)","남성 유동 비중",0.01673777228793999,"비율",1
"화곡2동주민센터","편의점","남강고등학교(남강중학교)","프랜차이즈 점포",-1,"개",2
"화곡2동주민센터","편의점","남강고등학교(남강중학교)","17~21 유동 비중",0.007807978650950176,"비율",3
"신곡초등학교","편의점","역촌역 3번","프랜차이즈 점포",2,"개",1
"신곡초등학교","편의점","역촌역 3번","상권 면적",45463,"㎡",2
"신곡초등학교","편의점","역촌역 3번","남성 유동 비중",-0.015576538639776871,"비율",3
"등촌1동주민센터","편의점","둔촌동역 1번(한산중학교)","직장인구",-2882,"명",1
"등촌1동주민센터","편의점","둔촌동역 1번(한산중학교)","총 유동인구",1371461,"명",2
"등촌1동주민센터","편의점","둔촌동역 1번(한산중학교)","프랜차이즈 점포",-2,"개",3
"뜸부기어린이공원","편의점","숭실대입구역 1번","총 유동인구",590393,"명",1
"뜸부기어린이공원","편의점","숭실대입구역 1번","21~24 유동 비중",-0.006731076509906314,"비율",2
"뜸부기어린이공원","편의점","숭실대입구역 1번","17~21 유동 비중",0.010062622904400131,"비율",3
"화곡4동주민센터","편의점","구산보건지소","남성 유동 비중",-0.041008201890046614,"비율",1
"화곡4동주민센터","편의점","구산보건지소","주말 유동 비중",0.01232494018648489,"비율",2
"화곡4동주민센터","편의점","구산보건지소","21~24 유동 비중",-0.005456766082805459,"비율",3
"오류2동버들시장","편의점","신월1동우편취급국","남성 유동 비중",0.027178369009521697,"비율",1
"오류2동버들시장","편의점","신월1동우편취급국","상권 면적",56562,"㎡",2
"오류2동버들시장","편의점","신월1동우편취급국","상주인구",1772,"명",3
"개봉역","편의점","방학역 2번","남성 유동 비중",0.02791366539831558,"비율",1
"개봉역","편의점","방학역 2번","해당 업종 점포",2,"개",2
"개봉역","편의점","방학역 2번","17~21 유동 비중",-0.014486266922426771,"비율",3
"구로보건소","편의점","신방화역 2번","상권 면적",-70096,"㎡",1
"구로보건소","편의점","신방화역 2번","남성 유동 비중",-0.0181729791974935,"비율",2
"구로보건소","편의점","신방화역 2번","프랜차이즈 점포",-1,"개",3
"구로4동주민센터","편의점","건대입구역 6번","총 유동인구",843307,"명",1
"구로4동주민센터","편의점","건대입구역 6번","해당 업종 점포",2,"개",2
"구로4동주민센터","편의점","건대입구역 6번","06~11 유동 비중",0.007001683920615259,"비율",3
"대림역 2번","편의점","신원동주민센터","해당 업종 점포",-4,"개",1
"대림역 2번","편의점","신원동주민센터","상권 면적",-61349,"㎡",2
"대림역 2번","편의점","신원동주민센터","직장·상주 구조",-0.7493093166034308,"비율",3
"가리봉파출소","편의점","청구역 1번","남성 유동 비중",-0.0824882920791119,"비율",1
"가리봉파출소","편의점","청구역 1번","직장·상주 구조",-1.0214260265878217,"비율",2
"가리봉파출소","편의점","청구역 1번","주말 유동 비중",0.013935711080168889,"비율",3
"G타워","편의점","선정릉역 4번","남성 유동 비중",-0.08271864897208253,"비율",1
"G타워","편의점","선정릉역 4번","유사 업종 점포 밀도",-0.44834199591004925,"개/10,000㎡",2
"G타워","편의점","선정릉역 4번","직장인구",-1831,"명",3
"독산역 1번 출입구","편의점","서울축산농협 독산역지점(독산파출소)","해당 업종 점포",-2,"개",1
"독산역 1번 출입구","편의점","서울축산농협 독산역지점(독산파출소)","유사 업종 점포 밀도",-0.21724113535780198,"개/10,000㎡",2
"독산역 1번 출입구","편의점","서울축산농협 독산역지점(독산파출소)","남성 유동 비중",0.008659174598938058,"비율",3
"독산119안전센터","편의점","시흥초등학교(시흥1동우체국)","해당 업종 점포",-2,"개",1
"독산119안전센터","편의점","시흥초등학교(시흥1동우체국)","유사 업종 점포 밀도",-0.15398070314104306,"개/10,000㎡",2
"독산119안전센터","편의점","시흥초등학교(시흥1동우체국)","주말 유동 비중",-0.005550564261576019,"비율",3
"금천해태공원","편의점","해오름공원","남성 유동 비중",-0.019437640412895696,"비율",1
"금천해태공원","편의점","해오름공원","직장·상주 구조",0.37986671676786354,"비율",2
"금천해태공원","편의점","해오름공원","11~14 유동 비중",-0.005258117891345171,"비율",3
"시흥초등학교(시흥1동우체국)","편의점","한울중학교","상주인구",1929,"명",1
"시흥초등학교(시흥1동우체국)","편의점","한울중학교","상권 면적",39781,"㎡",2
"시흥초등학교(시흥1동우체국)","편의점","한울중학교","06~11 유동 비중",0.0032843842417765723,"비율",3
"백산초등학교","편의점","이수역 9번","유사 업종 점포 밀도",0.25133915833662007,"개/10,000㎡",1
"백산초등학교","편의점","이수역 9번","남성 유동 비중",-0.022539499111636996,"비율",2
"백산초등학교","편의점","이수역 9번","주말 유동 비중",-0.011699683383295023,"비율",3
"양평역 2번","편의점","방화역 1번","유사 업종 점포 밀도",-0.4596020612352103,"개/10,000㎡",1
"양평역 2번","편의점","방화역 1번","해당 업종 점포",-3,"개",2
"양평역 2번","편의점","방화역 1번","남성 유동 비중",-0.03270503853749407,"비율",3
"선유도역 6번","편의점","성곡미술관","직장인구",-3082,"명",1
"선유도역 6번","편의점","성곡미술관","남성 유동 비중",-0.04778072121430771,"비율",2
"선유도역 6번","편의점","성곡미술관","주말 유동 비중",0.03592230563491439,"비율",3
"선유도역 1번","편의점","장평중학교","해당 업종 점포",-5,"개",1
"선유도역 1번","편의점","장평중학교","상권 면적",-137046,"㎡",2
"선유도역 1번","편의점","장평중학교","직장인구",-3257,"명",3
"대림역 5번","편의점","상수역 4번","남성 유동 비중",-0.0181121389365711,"비율",1
"대림역 5번","편의점","상수역 4번","총 유동인구",-544698,"명",2
"대림역 5번","편의점","상수역 4번","17~21 유동 비중",-0.011335238211650056,"비율",3
"도신초등학교","편의점","서서울호수공원","06~11 유동 비중",0.00750498966963406,"비율",1
"도신초등학교","편의점","서서울호수공원","직장·상주 구조",-0.792080466370372,"비율",2
"도신초등학교","편의점","서서울호수공원","남성 유동 비중",-0.006037879565493565,"비율",3
"구로디지털단지역 4번","편의점","석촌역 7번","상주인구",4797,"명",1
"구로디지털단지역 4번","편의점","석촌역 7번","남성 유동 비중",-0.03373697722098162,"비율",2
"구로디지털단지역 4번","편의점","석촌역 7번","총 유동인구",503715,"명",3
"영등포시장역 1번","편의점","가양역 10번","유사 업종 점포 밀도",0.7511385929321027,"개/10,000㎡",1
"영등포시장역 1번","편의점","가양역 10번","주말 유동 비중",0.04161456072969347,"비율",2
"영등포시장역 1번","편의점","가양역 10번","11~14 유동 비중",-0.020025405469793395,"비율",3
"영등포푸르지오아파트","편의점","신길3동주민센터","17~21 유동 비중",0.028576714484870147,"비율",1
"영등포푸르지오아파트","편의점","신길3동주민센터","00~06 유동 비중",-0.039884979269170145,"비율",2
"영등포푸르지오아파트","편의점","신길3동주민센터","06~11 유동 비중",-0.008501890056958367,"비율",3
"대림1동주민센터","편의점","신월문화체육센터","21~24 유동 비중",0.012007222297285763,"비율",1
"대림1동주민센터","편의점","신월문화체육센터","06~11 유동 비중",-0.007169147071491688,"비율",2
"대림1동주민센터","편의점","신월문화체육센터","프랜차이즈 점포",1,"개",3
"영동초등학교","편의점","방배역 3번","해당 업종 점포",-2,"개",1
"영동초등학교","편의점","방배역 3번","주말 유동 비중",-0.01775983581447671,"비율",2
"영동초등학교","편의점","방배역 3번","남성 유동 비중",0.017177644149343696,"비율",3
"장훈고등학교","편의점","신림현대아파트","유사 업종 점포 밀도",-0.36092863838296485,"개/10,000㎡",1
"장훈고등학교","편의점","신림현대아파트","06~11 유동 비중",0.012142816678056667,"비율",2
"장훈고등학교","편의점","신림현대아파트","주말 유동 비중",0.016018771015633093,"비율",3
"영신초등학교","편의점","묘곡초등학교(고덕아이파크아파트)","총 유동인구",-891486,"명",1
"영신초등학교","편의점","묘곡초등학교(고덕아이파크아파트)","남성 유동 비중",0.018810235978059142,"비율",2
"영신초등학교","편의점","묘곡초등학교(고덕아이파크아파트)","상권 면적",27080,"㎡",3
"공군호텔","편의점","대청초등학교","프랜차이즈 점포",3,"개",1
"공군호텔","편의점","대청초등학교","총 유동인구",711784,"명",2
"공군호텔","편의점","대청초등학교","상권 면적",54014,"㎡",3
"신대방삼거리역 3번","편의점","러스크서울병원","프랜차이즈 점포",-1,"개",1
"신대방삼거리역 3번","편의점","러스크서울병원","상권 면적",29664,"㎡",2
"신대방삼거리역 3번","편의점","러스크서울병원","유사 업종 점포 밀도",-0.11344464721633007,"개/10,000㎡",3
"신대방삼거리역 1번","편의점","군자역 5번","총 유동인구",-1338743,"명",1
"신대방삼거리역 1번","편의점","군자역 5번","상주인구",-2751,"명",2
"신대방삼거리역 1번","편의점","군자역 5번","17~21 유동 비중",-0.009754790053196433,"비율",3
"노량진역 6번","편의점","성원중학교","총 유동인구",-758888,"명",1
"노량진역 6번","편의점","성원중학교","17~21 유동 비중",-0.01395738577666969,"비율",2
"노량진역 6번","편의점","성원중학교","상주인구",1057,"명",3
"상도역 1번","편의점","신길6동주민센터","00~06 유동 비중",0.05504344185602594,"비율",1
"상도역 1번","편의점","신길6동주민센터","17~21 유동 비중",-0.023915749658884766,"비율",2
"상도역 1번","편의점","신길6동주민센터","14~17 유동 비중",-0.022819856288300897,"비율",3
"상도역 5번","편의점","까치산역 3번","총 유동인구",3696858,"명",1
"상도역 5번","편의점","까치산역 3번","프랜차이즈 점포",2,"개",2
"상도역 5번","편의점","까치산역 3번","상권 면적",-37963,"㎡",3
"숭실대입구역 1번","편의점","성수119안전센터","상권 면적",74552,"㎡",1
"숭실대입구역 1번","편의점","성수119안전센터","남성 유동 비중",0.021113781651047825,"비율",2
"숭실대입구역 1번","편의점","성수119안전센터","06~11 유동 비중",0.007356835219548691,"비율",3
"숭실대입구역 4번","편의점","금천세무서","유사 업종 점포 밀도",-0.27713869846548067,"개/10,000㎡",1
"숭실대입구역 4번","편의점","금천세무서","17~21 유동 비중",0.01347129933435759,"비율",2
"숭실대입구역 4번","편의점","금천세무서","프랜차이즈 점포",-1,"개",3
"남성역 1번","편의점","화곡2동주민센터","남성 유동 비중",-0.014343577746695424,"비율",1
"남성역 1번","편의점","화곡2동주민센터","프랜차이즈 점포",-1,"개",2
"남성역 1번","편의점","화곡2동주민센터","총 유동인구",-419907,"명",3
"사당역 10번","편의점","까치산역 3번","총 유동인구",3072228,"명",1
"사당역 10번","편의점","까치산역 3번","상주인구",1757,"명",2
"사당역 10번","편의점","까치산역 3번","17~21 유동 비중",-0.008389071384747093,"비율",3
"이수역 9번","편의점","우장산역 1번","유사 업종 점포 밀도",-0.2515646023066291,"개/10,000㎡",1
"이수역 9번","편의점","우장산역 1번","06~11 유동 비중",0.007634278264577632,"비율",2
"이수역 9번","편의점","우장산역 1번","총 유동인구",485968,"명",3
"신대방역 2번","편의점","구로4동주민센터","21~24 유동 비중",-0.010988485392492142,"비율",1
"신대방역 2번","편의점","구로4동주민센터","17~21 유동 비중",-0.014745717479948545,"비율",2
"신대방역 2번","편의점","구로4동주민센터","직장·상주 구조",-0.7485994963716003,"비율",3
"미성초등학교","편의점","마포구청역 7번","남성 유동 비중",-0.021330111766198145,"비율",1
"미성초등학교","편의점","마포구청역 7번","총 유동인구",486814,"명",2
"미성초등학교","편의점","마포구청역 7번","프랜차이즈 점포",-1,"개",3
"관악구신사동주민센터","편의점","삼전역 4번","프랜차이즈 점포",-7,"개",1
"관악구신사동주민센터","편의점","삼전역 4번","해당 업종 점포",-7,"개",2
"관악구신사동주민센터","편의점","삼전역 4번","유사 업종 점포 밀도",-0.4668799360190812,"개/10,000㎡",3
"신림우방아파트","편의점","강서고등학교","06~11 유동 비중",-0.009289314684217648,"비율",1
"신림우방아파트","편의점","강서고등학교","프랜차이즈 점포",-1,"개",2
"신림우방아파트","편의점","강서고등학교","유사 업종 점포 밀도",-0.14469925985017623,"개/10,000㎡",3
"남강고등학교(남강중학교)","편의점","한울중학교","총 유동인구",-1266564,"명",1
"남강고등학교(남강중학교)","편의점","한울중학교","상주인구",-2135,"명",2
"남강고등학교(남강중학교)","편의점","한울중학교","프랜차이즈 점포",1,"개",3
"국제신학대학원대학교(남서울중학교)","편의점","가산동우체국","남성 유동 비중",0.043534701850461155,"비율",1
"국제신학대학원대학교(남서울중학교)","편의점","가산동우체국","06~11 유동 비중",0.009118532016140213,"비율",2
"국제신학대학원대학교(남서울중학교)","편의점","가산동우체국","21~24 유동 비중",-0.006830775121567378,"비율",3
"신원동주민센터","편의점","가산동우체국","남성 유동 비중",0.05244394514955264,"비율",1
"신원동주민센터","편의점","가산동우체국","직장·상주 구조",0.9149680592017102,"비율",2
"신원동주민센터","편의점","가산동우체국","주말 유동 비중",-0.010781712729196924,"비율",3
"당곡중학교","편의점","화원중학교","06~11 유동 비중",-0.02142919446505029,"비율",1
"당곡중학교","편의점","화원중학교","주말 유동 비중",0.025434717606279855,"비율",2
"당곡중학교","편의점","화원중학교","17~21 유동 비중",0.013729821513319251,"비율",3
"신림역 8번","편의점","시흥초등학교(시흥1동우체국)","남성 유동 비중",-0.030602308156259084,"비율",1
"신림역 8번","편의점","시흥초등학교(시흥1동우체국)","06~11 유동 비중",-0.010558652219265136,"비율",2
"신림역 8번","편의점","시흥초등학교(시흥1동우체국)","총 유동인구",-519750,"명",3
"신림현대아파트","편의점","신길6동주민센터","남성 유동 비중",-0.037137741362821,"비율",1
"신림현대아파트","편의점","신길6동주민센터","11~14 유동 비중",0.013649851062894472,"비율",2
"신림현대아파트","편의점","신길6동주민센터","17~21 유동 비중",0.011864779789941382,"비율",3
"구립대학경로당(관악산샘말공원)","편의점","까치산역 3번","남성 유동 비중",-0.10016117589020562,"비율",1
"구립대학경로당(관악산샘말공원)","편의점","까치산역 3번","해당 업종 점포",-6,"개",2
"구립대학경로당(관악산샘말공원)","편의점","까치산역 3번","총 유동인구",1046822,"명",3
"영락고등학교","편의점","석촌고분역 4번","남성 유동 비중",-0.02735352143520381,"비율",1
"영락고등학교","편의점","석촌고분역 4번","상주인구",2283,"명",2
"영락고등학교","편의점","석촌고분역 4번","주말 유동 비중",-0.017545696615799744,"비율",3
"관악해태어린이공원","편의점","금천구립가산도서관","남성 유동 비중",-0.05684742032163603,"비율",1
"관악해태어린이공원","편의점","금천구립가산도서관","해당 업종 점포",-4,"개",2
"관악해태어린이공원","편의점","금천구립가산도서관","프랜차이즈 점포",-3,"개",3
"봉천역 1번(관악초등학교)","편의점","화곡초등학교","21~24 유동 비중",-0.009341048090392962,"비율",1
"봉천역 1번(관악초등학교)","편의점","화곡초등학교","14~17 유동 비중",0.014404593651836203,"비율",2
"봉천역 1번(관악초등학교)","편의점","화곡초등학교","11~14 유동 비중",0.011464381822760841,"비율",3
"관악구 중앙길","편의점","면목역 2번","총 유동인구",-1279626,"명",1
"관악구 중앙길","편의점","면목역 2번","상주인구",-2253,"명",2
"관악구 중앙길","편의점","면목역 2번","17~21 유동 비중",-0.015532658319225623,"비율",3
"샤로수길","편의점","송파나루역 1번(송리단길)","상권 면적",-123894,"㎡",1
"샤로수길","편의점","송파나루역 1번(송리단길)","총 유동인구",-1208281,"명",2
"샤로수길","편의점","송파나루역 1번(송리단길)","남성 유동 비중",-0.02948611521813549,"비율",3
"서울대입구역 8번","편의점","상봉역 7번","프랜차이즈 점포",1,"개",1
"서울대입구역 8번","편의점","상봉역 7번","상주인구",-1011,"명",2
"서울대입구역 8번","편의점","상봉역 7번","17~21 유동 비중",0.007358102888661067,"비율",3
"낙성대역 1번(관악구민 종합체육센터)","편의점","강서고등학교","17~21 유동 비중",-0.02351163753595728,"비율",1
"낙성대역 1번(관악구민 종합체육센터)","편의점","강서고등학교","21~24 유동 비중",-0.012238800457568172,"비율",2
"낙성대역 1번(관악구민 종합체육센터)","편의점","강서고등학교","06~11 유동 비중",0.008287908255824511,"비율",3
"사당역 4번","편의점","상도역 5번","프랜차이즈 점포",3,"개",1
"사당역 4번","편의점","상도역 5번","해당 업종 점포",2,"개",2
"사당역 4번","편의점","상도역 5번","총 유동인구",-361396,"명",3
"방배아이파크아파트","편의점","광진초등학교","직장인구",-1929,"명",1
"방배아이파크아파트","편의점","광진초등학교","직장·상주 구조",-1.0740229772793333,"비율",2
"방배아이파크아파트","편의점","광진초등학교","17~21 유동 비중",0.011294261550133716,"비율",3
"이수역 5번","편의점","충정로현대아파트","주말 유동 비중",-0.07093499662327069,"비율",1
"이수역 5번","편의점","충정로현대아파트","06~11 유동 비중",0.024732140919452417,"비율",2
"이수역 5번","편의점","충정로현대아파트","17~21 유동 비중",-0.04169818655071453,"비율",3
"방배역 3번","편의점","우장산역 1번","남성 유동 비중",-0.023839929160010043,"비율",1
"방배역 3번","편의점","우장산역 1번","06~11 유동 비중",-0.00845511738800328,"비율",2
"방배역 3번","편의점","우장산역 1번","17~21 유동 비중",0.014335913900801467,"비율",3
"양재역 8번(양재동우체국)","편의점","숙대입구","남성 유동 비중",-0.11238721473161722,"비율",1
"양재역 8번(양재동우체국)","편의점","숙대입구","직장인구",-5930,"명",2
"양재역 8번(양재동우체국)","편의점","숙대입구","직장·상주 구조",-1.7822480781174503,"비율",3
"염곡동 구룡사(포이동성당)","편의점","등촌1동주민센터","남성 유동 비중",-0.04661090023124492,"비율",1
"염곡동 구룡사(포이동성당)","편의점","등촌1동주민센터","주말 유동 비중",0.023358138875831103,"비율",2
"염곡동 구룡사(포이동성당)","편의점","등촌1동주민센터","프랜차이즈 점포",2,"개",3
"선정릉역 4번","편의점","신중초등학교","프랜차이즈 점포",-2,"개",1
"선정릉역 4번","편의점","신중초등학교","해당 업종 점포",-2,"개",2
"선정릉역 4번","편의점","신중초등학교","직장인구",-1414,"명",3
"논현로18길","편의점","영등포시장역 1번","유사 업종 점포 밀도",-1.1232127307601916,"개/10,000㎡",1
"논현로18길","편의점","영등포시장역 1번","21~24 유동 비중",-0.028980116944246515,"비율",2
"논현로18길","편의점","영등포시장역 1번","06~11 유동 비중",0.018853795790259448,"비율",3
"개포고등학교","편의점","문정역 1번","남성 유동 비중",0.054272672343710915,"비율",1
"개포고등학교","편의점","문정역 1번","직장인구",1962,"명",2
"개포고등학교","편의점","문정역 1번","유사 업종 점포 밀도",-0.16432803761049702,"개/10,000㎡",3
"봉은사역 4번","편의점","상일여고(상일초등학교)","직장인구",-1646,"명",1
"봉은사역 4번","편의점","상일여고(상일초등학교)","직장·상주 구조",-1.1692617858099226,"비율",2
"봉은사역 4번","편의점","상일여고(상일초등학교)","주말 유동 비중",-0.01493991203529016,"비율",3
"대청초등학교","편의점","장안1동주민센터","해당 업종 점포",5,"개",1
"대청초등학교","편의점","장안1동주민센터","프랜차이즈 점포",3,"개",2
"대청초등학교","편의점","장안1동주민센터","상주인구",3689,"명",3
"삼전역 4번","편의점","상도역 5번","직장인구",-1463,"명",1
"삼전역 4번","편의점","상도역 5번","총 유동인구",-611215,"명",2
"삼전역 4번","편의점","상도역 5번","직장·상주 구조",-0.7751565035565671,"비율",3
"삼전역 1번","편의점","장안1동주민센터","프랜차이즈 점포",6,"개",1
"삼전역 1번","편의점","장안1동주민센터","해당 업종 점포",5,"개",2
"삼전역 1번","편의점","장안1동주민센터","총 유동인구",823428,"명",3
"삼전역 3번","편의점","시립서북병원","총 유동인구",523341,"명",1
"삼전역 3번","편의점","시립서북병원","남성 유동 비중",-0.01667651247587154,"비율",2
"삼전역 3번","편의점","시립서북병원","프랜차이즈 점포",1,"개",3
"석촌고분역 1번","편의점","신방화역 2번","남성 유동 비중",0.027029586785585258,"비율",1
"석촌고분역 1번","편의점","신방화역 2번","상주인구",-2390,"명",2
"석촌고분역 1번","편의점","신방화역 2번","06~11 유동 비중",0.006378720401293725,"비율",3
"석촌고분역 4번","편의점","우이천 계성교","남성 유동 비중",-0.03889790814836119,"비율",1
"석촌고분역 4번","편의점","우이천 계성교","프랜차이즈 점포",2,"개",2
"석촌고분역 4번","편의점","우이천 계성교","상주인구",-2609,"명",3
"석촌고분역 3번","편의점","양화대교북단","프랜차이즈 점포",2,"개",1
"석촌고분역 3번","편의점","양화대교북단","상주인구",-1985,"명",2
"석촌고분역 3번","편의점","양화대교북단","17~21 유동 비중",0.004673177763699687,"비율",3
"석촌역 7번","편의점","석촌고분역 1번","남성 유동 비중",-0.015670202116448373,"비율",1
"석촌역 7번","편의점","석촌고분역 1번","프랜차이즈 점포",1,"개",2
"석촌역 7번","편의점","석촌고분역 1번","해당 업종 점포",-1,"개",3
"석촌역 6번","편의점","신정역 1번","06~11 유동 비중",0.008163894809259525,"비율",1
"석촌역 6번","편의점","신정역 1번","11~14 유동 비중",-0.012166014509657333,"비율",2
"석촌역 6번","편의점","신정역 1번","남성 유동 비중",0.011852681788433461,"비율",3
"송파나루역 1번(송리단길)","편의점","수락산역 4번","직장인구",-2857,"명",1
"송파나루역 1번(송리단길)","편의점","수락산역 4번","06~11 유동 비중",0.016557443863931154,"비율",2
"송파나루역 1번(송리단길)","편의점","수락산역 4번","상주인구",-3054,"명",3
"석촌역 3번","편의점","상도역 5번","남성 유동 비중",0.030075071618361482,"비율",1
"석촌역 3번","편의점","상도역 5번","프랜차이즈 점포",2,"개",2
"석촌역 3번","편의점","상도역 5번","주말 유동 비중",0.010265101529843557,"비율",3
"송파역 2번","편의점","개포고등학교","주말 유동 비중",-0.02027191777464099,"비율",1
"송파역 2번","편의점","개포고등학교","유사 업종 점포 밀도",0.24756563384308344,"개/10,000㎡",2
"송파역 2번","편의점","개포고등학교","남성 유동 비중",0.020634257797548072,"비율",3
"한성백제역 3번","편의점","푸른들청소년도서관","총 유동인구",457667,"명",1
"한성백제역 3번","편의점","푸른들청소년도서관","해당 업종 점포",1,"개",2
"한성백제역 3번","편의점","푸른들청소년도서관","직장인구",-662,"명",3
"경찰병원역 4번(건너말공원)","편의점","광운대역 1번","남성 유동 비중",0.05067055991829972,"비율",1
"경찰병원역 4번(건너말공원)","편의점","광운대역 1번","유사 업종 점포 밀도",-0.35264055920463455,"개/10,000㎡",2
"경찰병원역 4번(건너말공원)","편의점","광운대역 1번","프랜차이즈 점포",1,"개",3
"문정역 2번","편의점","문정초등학교","프랜차이즈 점포",1,"개",1
"문정역 2번","편의점","문정초등학교","주말 유동 비중",0.010658948218907172,"비율",2
"문정역 2번","편의점","문정초등학교","해당 업종 점포",1,"개",3
"문정초등학교","편의점","오동나무공원(송파레미니스1단지)","직장인구",-3299,"명",1
"문정초등학교","편의점","오동나무공원(송파레미니스1단지)","직장·상주 구조",-0.7994866395624207,"비율",2
"문정초등학교","편의점","오동나무공원(송파레미니스1단지)","프랜차이즈 점포",1,"개",3
"문현중학교(장지역 1번)","편의점","영등포시장역 1번","주말 유동 비중",-0.057629872716773695,"비율",1
"문현중학교(장지역 1번)","편의점","영등포시장역 1번","14~17 유동 비중",0.04266527681337812,"비율",2
"문현중학교(장지역 1번)","편의점","영등포시장역 1번","11~14 유동 비중",0.03985466484725378,"비율",3
"장지동주민센터(한림연예예술고교)","편의점","광진초등학교","직장·상주 구조",-0.6714230494426721,"비율",1
"장지동주민센터(한림연예예술고교)","편의점","광진초등학교","프랜차이즈 점포",-1,"개",2
"장지동주민센터(한림연예예술고교)","편의점","광진초등학교","직장인구",-843,"명",3
"방이역 1번","편의점","옥수역 6번","직장인구",-4520,"명",1
"방이역 1번","편의점","옥수역 6번","해당 업종 점포",-5,"개",2
"방이역 1번","편의점","옥수역 6번","21~24 유동 비중",-0.009641313562106762,"비율",3
"거여역 1번(거여공원)","편의점","신방화역 2번","21~24 유동 비중",-0.009077514263716169,"비율",1
"거여역 1번(거여공원)","편의점","신방화역 2번","총 유동인구",538262,"명",2
"거여역 1번(거여공원)","편의점","신방화역 2번","상권 면적",34505,"㎡",3
"남천초등학교","편의점","독산119안전센터","06~11 유동 비중",0.006116092265226886,"비율",1
"남천초등학교","편의점","독산119안전센터","프랜차이즈 점포",-1,"개",2
"남천초등학교","편의점","독산119안전센터","총 유동인구",-389957,"명",3
"마천역(마천초등학교)","편의점","상도역 5번","해당 업종 점포",-3,"개",1
"마천역(마천초등학교)","편의점","상도역 5번","유사 업종 점포 밀도",-0.19660563375530232,"개/10,000㎡",2
"마천역(마천초등학교)","편의점","상도역 5번","상주인구",1353,"명",3
"마천1치안센터","편의점","영등포푸르지오아파트","총 유동인구",813271,"명",1
"마천1치안센터","편의점","영등포푸르지오아파트","직장·상주 구조",0.7424625976640407,"비율",2
"마천1치안센터","편의점","영등포푸르지오아파트","프랜차이즈 점포",1,"개",3
"암사역 3번(천호동자전거거리)","편의점","구의1동주민센터","총 유동인구",562411,"명",1
"암사역 3번(천호동자전거거리)","편의점","구의1동주민센터","주말 유동 비중",-0.009879973120974328,"비율",2
"암사역 3번(천호동자전거거리)","편의점","구의1동주민센터","해당 업종 점포",-1,"개",3
"성내천어린이공원(하니사랑길)","편의점","오동나무공원(송파레미니스1단지)","남성 유동 비중",0.02206363082209234,"비율",1
"성내천어린이공원(하니사랑길)","편의점","오동나무공원(송파레미니스1단지)","주말 유동 비중",0.013881565204699131,"비율",2
"성내천어린이공원(하니사랑길)","편의점","오동나무공원(송파레미니스1단지)","해당 업종 점포",-1,"개",3
"천호태영아파트","편의점","신길6동주민센터","유사 업종 점포 밀도",-0.43105446871090636,"개/10,000㎡",1
"천호태영아파트","편의점","신길6동주민센터","주말 유동 비중",-0.020318321159901953,"비율",2
"천호태영아파트","편의점","신길6동주민센터","06~11 유동 비중",0.008175817052060302,"비율",3
"강동역 4번(강풀만화거리)","편의점","까치산역 3번","총 유동인구",2107534,"명",1
"강동역 4번(강풀만화거리)","편의점","까치산역 3번","해당 업종 점포",3,"개",2
"강동역 4번(강풀만화거리)","편의점","까치산역 3번","상권 면적",-80411,"㎡",3
"암사역 2번(서울강동초등학교)","편의점","까치산역 3번","총 유동인구",1737611,"명",1
"암사역 2번(서울강동초등학교)","편의점","까치산역 3번","프랜차이즈 점포",2,"개",2
"암사역 2번(서울강동초등학교)","편의점","까치산역 3번","해당 업종 점포",1,"개",3
"암사역 1번","편의점","상봉역 4번","상주인구",-2933,"명",1
"암사역 1번","편의점","상봉역 4번","프랜차이즈 점포",2,"개",2
"암사역 1번","편의점","상봉역 4번","총 유동인구",-424434,"명",3
"강동구립 천호도서관","편의점","신림우방아파트","06~11 유동 비중",0.011096693898742571,"비율",1
"강동구립 천호도서관","편의점","신림우방아파트","남성 유동 비중",-0.01871857478641037,"비율",2
"강동구립 천호도서관","편의점","신림우방아파트","상권 면적",-43959,"㎡",3
"암사동성당(효정하나플러스아파트)","편의점","신정역 1번","06~11 유동 비중",0.014837795710526902,"비율",1
"암사동성당(효정하나플러스아파트)","편의점","신정역 1번","21~24 유동 비중",-0.013794321352948252,"비율",2
"암사동성당(효정하나플러스아파트)","편의점","신정역 1번","총 유동인구",-709185,"명",3
"강동구립성내도서관","편의점","신대방삼거리역 1번","프랜차이즈 점포",-1,"개",1
"강동구립성내도서관","편의점","신대방삼거리역 1번","해당 업종 점포",-1,"개",2
"강동구립성내도서관","편의점","신대방삼거리역 1번","상권 면적",-21476,"㎡",3
"천호1동주민센터","편의점","능동우편취급국","총 유동인구",-1293565,"명",1
"천호1동주민센터","편의점","능동우편취급국","상권 면적",46538,"㎡",2
"천호1동주민센터","편의점","능동우편취급국","상주인구",1267,"명",3
"천호초등학교","편의점","신길3동주민센터","06~11 유동 비중",-0.012688759490344398,"비율",1
"천호초등학교","편의점","신길3동주민센터","17~21 유동 비중",0.018063179936906898,"비율",2
"천호초등학교","편의점","신길3동주민센터","직장·상주 구조",0.8381914385150573,"비율",3
"굽은다리역 1번(십자성마을)","편의점","화곡2동주민센터","상주인구",1557,"명",1
"굽은다리역 1번(십자성마을)","편의점","화곡2동주민센터","06~11 유동 비중",-0.004231514471594144,"비율",2
"굽은다리역 1번(십자성마을)","편의점","화곡2동주민센터","상권 면적",25424,"㎡",3
"둔촌동역 1번(한산중학교)","편의점","상봉역 4번","프랜차이즈 점포",2,"개",1
"둔촌동역 1번(한산중학교)","편의점","상봉역 4번","총 유동인구",-673573,"명",2
"둔촌동역 1번(한산중학교)","편의점","상봉역 4번","06~11 유동 비중",-0.006508035252903249,"비율",3
"굽은다리역 2번","편의점","우이천 계성교","총 유동인구",-711988,"명",1
"굽은다리역 2번","편의점","우이천 계성교","상권 면적",55120,"㎡",2
"굽은다리역 2번","편의점","우이천 계성교","프랜차이즈 점포",1,"개",3
"길동주민센터(강동도서관)","편의점","석촌고분역 1번","총 유동인구",-1614446,"명",1
"길동주민센터(강동도서관)","편의점","석촌고분역 1번","프랜차이즈 점포",-2,"개",2
"길동주민센터(강동도서관)","편의점","석촌고분역 1번","상주인구",-2707,"명",3
"굽은다리역 4번","편의점","시립서북병원","총 유동인구",-1780283,"명",1
"굽은다리역 4번","편의점","시립서북병원","프랜차이즈 점포",2,"개",2
"굽은다리역 4번","편의점","시립서북병원","직장인구",-1079,"명",3
"묘곡초등학교(고덕아이파크아파트)","편의점","성수119안전센터","상권 면적",78114,"㎡",1
"묘곡초등학교(고덕아이파크아파트)","편의점","성수119안전센터","총 유동인구",711665,"명",2
"묘곡초등학교(고덕아이파크아파트)","편의점","성수119안전센터","00~06 유동 비중",-0.02546045857500026,"비율",3
"한영중고","편의점","제기동역 1번","21~24 유동 비중",0.010821785563859168,"비율",1
"한영중고","편의점","제기동역 1번","06~11 유동 비중",-0.009459855332755951,"비율",2
"한영중고","편의점","제기동역 1번","11~14 유동 비중",-0.012086692486271589,"비율",3
"고덕동성당","편의점","쌍문역1번(쌍리단길)","주말 유동 비중",-0.015496632998543702,"비율",1
"고덕동성당","편의점","쌍문역1번(쌍리단길)","유사 업종 점포 밀도",0.19700880207179783,"개/10,000㎡",2
"고덕동성당","편의점","쌍문역1번(쌍리단길)","17~21 유동 비중",-0.011701270336285235,"비율",3
"상일여고(상일초등학교)","편의점","선정릉역 4번","21~24 유동 비중",-0.012540005654575706,"비율",1
"상일여고(상일초등학교)","편의점","선정릉역 4번","17~21 유동 비중",-0.016139373206658314,"비율",2
"상일여고(상일초등학교)","편의점","선정릉역 4번","14~17 유동 비중",0.01586332811978021,"비율",3
"독립문역 1번","한식음식점","아현역 1번","유사 업종 점포 밀도",1.5309801783679757,"개/10,000㎡",1
"독립문역 1번","한식음식점","아현역 1번","17~21 유동 비중",-0.014833708561187126,"비율",2
"독립문역 1번","한식음식점","아현역 1번","총 유동인구",-478639,"명",3
"세검정초등학교","한식음식점","세검정","남성 유동 비중",-0.029310854546973686,"비율",1
"세검정초등학교","한식음식점","세검정","직장인구",-1142,"명",2
"세검정초등학교","한식음식점","세검정","상권 면적",53353,"㎡",3
"대신고등학교","한식음식점","창동중학교","직장·상주 구조",1.580181205441169,"비율",1
"대신고등학교","한식음식점","창동중학교","17~21 유동 비중",-0.02373647535127968,"비율",2
"대신고등학교","한식음식점","창동중학교","00~06 유동 비중",0.04315814647846716,"비율",3
"세검정","한식음식점","자하문터널","상권 면적",-66617,"㎡",1
"세검정","한식음식점","자하문터널","21~24 유동 비중",-0.010932420398184511,"비율",2
"세검정","한식음식점","자하문터널","17~21 유동 비중",-0.013641706922079777,"비율",3
"사직공원(한국사회과학도서관)","한식음식점","양화대교북단","21~24 유동 비중",-0.008384418913739505,"비율",1
"사직공원(한국사회과학도서관)","한식음식점","양화대교북단","총 유동인구",-375434,"명",2
"사직공원(한국사회과학도서관)","한식음식점","양화대교북단","남성 유동 비중",0.010415250220443262,"비율",3
"배화여자대학교(박노수미술관)","한식음식점","남영역 1번","남성 유동 비중",0.048114209993595225,"비율",1
"배화여자대학교(박노수미술관)","한식음식점","남영역 1번","06~11 유동 비중",0.009419360476472738,"비율",2
"배화여자대학교(박노수미술관)","한식음식점","남영역 1번","해당 업종 점포",13,"개",3
"자하문터널","한식음식점","북한산우이역 2번","주말 유동 비중",0.029423434073830024,"비율",1
"자하문터널","한식음식점","북한산우이역 2번","남성 유동 비중",0.023147147559197723,"비율",2
"자하문터널","한식음식점","북한산우이역 2번","06~11 유동 비중",0.008381846401299464,"비율",3
"평창동서측","한식음식점","내방역 4번","상권 면적",-266299,"㎡",1
"평창동서측","한식음식점","내방역 4번","남성 유동 비중",0.04505057616997965,"비율",2
"평창동서측","한식음식점","내방역 4번","주말 유동 비중",-0.015802354655386097,"비율",3
"성곡미술관","한식음식점","연희파출소","직장인구",-2033,"명",1
"성곡미술관","한식음식점","연희파출소","상권 면적",-43278,"㎡",2
"성곡미술관","한식음식점","연희파출소","상주인구",-1180,"명",3
"경복고등학교","한식음식점","중구회현체육센터(정화예술대남산캠퍼스)","06~11 유동 비중",-0.02935002657960295,"비율",1
"경복고등학교","한식음식점","중구회현체육센터(정화예술대남산캠퍼스)","00~06 유동 비중",0.05223374787163307,"비율",2
"경복고등학교","한식음식점","중구회현체육센터(정화예술대남산캠퍼스)","21~24 유동 비중",0.010972196627559522,"비율",3
"평창동동측","한식음식점","한강진역 3번","상권 면적",-373626,"㎡",1
"평창동동측","한식음식점","한강진역 3번","14~17 유동 비중",-0.06063420717074974,"비율",2
"평창동동측","한식음식점","한강진역 3번","남성 유동 비중",0.06241685206314235,"비율",3
"중앙고등학교","한식음식점","성곡미술관","17~21 유동 비중",0.029263488972466223,"비율",1
"중앙고등학교","한식음식점","성곡미술관","직장인구",1635,"명",2
"중앙고등학교","한식음식점","성곡미술관","06~11 유동 비중",-0.011020724469997023,"비율",3
"창덕궁","한식음식점","대치동아우편취급국","14~17 유동 비중",-0.06236813665825425,"비율",1
"창덕궁","한식음식점","대치동아우편취급국","21~24 유동 비중",0.02811651151016807,"비율",2
"창덕궁","한식음식점","대치동아우편취급국","11~14 유동 비중",-0.04382143662368687,"비율",3
"서울국제고등학교","한식음식점","성서초등학교","06~11 유동 비중",-0.014241669580775301,"비율",1
"서울국제고등학교","한식음식점","성서초등학교","17~21 유동 비중",0.02049614458065921,"비율",2
"서울국제고등학교","한식음식점","성서초등학교","총 유동인구",-555976,"명",3
"성균관대학교","한식음식점","방학초등학교","총 유동인구",-1001183,"명",1
"성균관대학교","한식음식점","방학초등학교","남성 유동 비중",0.027143393015339967,"비율",2
"성균관대학교","한식음식점","방학초등학교","17~21 유동 비중",0.016737821747657755,"비율",3
"경신고등학교","한식음식점","난향초등학교","남성 유동 비중",0.019723343523704806,"비율",1
"경신고등학교","한식음식점","난향초등학교","06~11 유동 비중",-0.006084806206437143,"비율",2
"경신고등학교","한식음식점","난향초등학교","상주인구",1150,"명",3
"혜화동주민센터","한식음식점","광나루역 1번","프랜차이즈 점포",2,"개",1
"혜화동주민센터","한식음식점","광나루역 1번","06~11 유동 비중",-0.008191310882764313,"비율",2
"혜화동주민센터","한식음식점","광나루역 1번","11~14 유동 비중",0.011797746541076681,"비율",3
"충신시장옆","한식음식점","문래역 3번","남성 유동 비중",-0.04838910293419546,"비율",1
"충신시장옆","한식음식점","문래역 3번","21~24 유동 비중",-0.014077379223388559,"비율",2
"충신시장옆","한식음식점","문래역 3번","주말 유동 비중",-0.017640085536302003,"비율",3
"혜화역 1번","한식음식점","누원고등학교","06~11 유동 비중",0.045300358465828194,"비율",1
"혜화역 1번","한식음식점","누원고등학교","17~21 유동 비중",-0.049616581781428554,"비율",2
"혜화역 1번","한식음식점","누원고등학교","14~17 유동 비중",-0.0483645112967134,"비율",3
"이화달팽이길","한식음식점","보라매역 2번","총 유동인구",-757807,"명",1
"이화달팽이길","한식음식점","보라매역 2번","상주인구",2259,"명",2
"이화달팽이길","한식음식점","보라매역 2번","21~24 유동 비중",0.012671448928560189,"비율",3
"동대문역 1번","한식음식점","미아역 5번","남성 유동 비중",-0.04314822306288607,"비율",1
"동대문역 1번","한식음식점","미아역 5번","총 유동인구",-473173,"명",2
"동대문역 1번","한식음식점","미아역 5번","21~24 유동 비중",0.008514179617445938,"비율",3
"동대문역 3번","한식음식점","창동중학교","유사 업종 점포 밀도",-8.405546964108838,"개/10,000㎡",1
"동대문역 3번","한식음식점","창동중학교","06~11 유동 비중",0.01202593302093441,"비율",2
"동대문역 3번","한식음식점","창동중학교","직장·상주 구조",0.8535921376585915,"비율",3
"수족관거리","한식음식점","영등포시장역 3번","직장·상주 구조",-3.3748492830447945,"비율",1
"수족관거리","한식음식점","영등포시장역 3번","17~21 유동 비중",0.03318890384756733,"비율",2
"수족관거리","한식음식점","영등포시장역 3번","주말 유동 비중",0.02879498944566178,"비율",3
"창신역 4번","한식음식점","서울북부고용노동지청","주말 유동 비중",0.02303380749295192,"비율",1
"창신역 4번","한식음식점","서울북부고용노동지청","총 유동인구",-309673,"명",2
"창신역 4번","한식음식점","서울북부고용노동지청","직장·상주 구조",0.518362487123694,"비율",3
"창신1동주민센터","한식음식점","영등포시장역 3번","유사 업종 점포 밀도",2.0759499398172077,"개/10,000㎡",1
"창신1동주민센터","한식음식점","영등포시장역 3번","직장·상주 구조",-1.1140744601107642,"비율",2
"창신1동주민센터","한식음식점","영등포시장역 3번","17~21 유동 비중",0.017930603710529847,"비율",3
"동묘앞역 2번","한식음식점","독산역 1번 출입구","총 유동인구",-699867,"명",1
"동묘앞역 2번","한식음식점","독산역 1번 출입구","직장·상주 구조",0.6821004514027766,"비율",2
"동묘앞역 2번","한식음식점","독산역 1번 출입구","상주인구",686,"명",3
"동묘앞역 3번","한식음식점","황학동벼룩시장","11~14 유동 비중",-0.04039989526913307,"비율",1
"동묘앞역 3번","한식음식점","황학동벼룩시장","14~17 유동 비중",-0.03919179145392637,"비율",2
"동묘앞역 3번","한식음식점","황학동벼룩시장","00~06 유동 비중",0.05312749932674632,"비율",3
"신설동역 12번","한식음식점","종암중학교","06~11 유동 비중",0.015322202235219795,"비율",1
"신설동역 12번","한식음식점","종암중학교","유사 업종 점포 밀도",-1.289808775494886,"개/10,000㎡",2
"신설동역 12번","한식음식점","종암중학교","직장인구",763,"명",3
"경향신문사","한식음식점","강동성심병원","주말 유동 비중",0.0970480533776715,"비율",1
"경향신문사","한식음식점","강동성심병원","21~24 유동 비중",0.0577736306141865,"비율",2
"경향신문사","한식음식점","강동성심병원","11~14 유동 비중",-0.0856393333426124,"비율",3
"회현역 1번","한식음식점","강서구청가양동별관","17~21 유동 비중",0.04813863723891107,"비율",1
"회현역 1번","한식음식점","강서구청가양동별관","00~06 유동 비중",-0.08555336979736089,"비율",2
"회현역 1번","한식음식점","강서구청가양동별관","14~17 유동 비중",0.032908847075424436,"비율",3
"중구회현체육센터(정화예술대남산캠퍼스)","한식음식점","충신시장옆","11~14 유동 비중",-0.025600905021362336,"비율",1
"중구회현체육센터(정화예술대남산캠퍼스)","한식음식점","충신시장옆","00~06 유동 비중",0.05297857361075051,"비율",2
"중구회현체육센터(정화예술대남산캠퍼스)","한식음식점","충신시장옆","21~24 유동 비중",0.013995293398129383,"비율",3
"남산골공원옆","한식음식점","중구회현체육센터(정화예술대남산캠퍼스)","주말 유동 비중",0.040208972056383296,"비율",1
"남산골공원옆","한식음식점","중구회현체육센터(정화예술대남산캠퍼스)","17~21 유동 비중",-0.035294056338281365,"비율",2
"남산골공원옆","한식음식점","중구회현체육센터(정화예술대남산캠퍼스)","00~06 유동 비중",0.047965213342329185,"비율",3
"충무초등학교","한식음식점","숙대입구역 1번","주말 유동 비중",0.023450994854670504,"비율",1
"충무초등학교","한식음식점","숙대입구역 1번","21~24 유동 비중",0.014341778948686726,"비율",2
"충무초등학교","한식음식점","숙대입구역 1번","06~11 유동 비중",-0.010849904331329097,"비율",3
"관성묘","한식음식점","경복고등학교","06~11 유동 비중",0.02862782659805288,"비율",1
"관성묘","한식음식점","경복고등학교","주말 유동 비중",0.020639158654776973,"비율",2
"관성묘","한식음식점","경복고등학교","00~06 유동 비중",-0.0389897585947106,"비율",3
"동대문역사문화공원역 5번","한식음식점","충신시장옆","유사 업종 점포 밀도",-5.608432550582531,"개/10,000㎡",1
"동대문역사문화공원역 5번","한식음식점","충신시장옆","주말 유동 비중",0.03594770422417751,"비율",2
"동대문역사문화공원역 5번","한식음식점","충신시장옆","해당 업종 점포",-26,"개",3
"장충동주민센터","한식음식점","신설동역 9번","직장인구",2070,"명",1
"장충동주민센터","한식음식점","신설동역 9번","직장·상주 구조",1.2235206245880619,"비율",2
"장충동주민센터","한식음식점","신설동역 9번","21~24 유동 비중",-0.008584549094410629,"비율",3
"장충단 고개","한식음식점","광진정보도서관","직장인구",4697,"명",1
"장충단 고개","한식음식점","광진정보도서관","직장·상주 구조",1.5871096432981764,"비율",2
"장충단 고개","한식음식점","광진정보도서관","주말 유동 비중",0.021944633931627655,"비율",3
"한양공고앞 교차로","한식음식점","천호역 1번(천호문구완구거리)","주말 유동 비중",0.027321594167578067,"비율",1
"한양공고앞 교차로","한식음식점","천호역 1번(천호문구완구거리)","남성 유동 비중",-0.023955737802892896,"비율",2
"한양공고앞 교차로","한식음식점","천호역 1번(천호문구완구거리)","직장·상주 구조",0.6950055185974269,"비율",3
"장충초등학교","한식음식점","개포고등학교","직장인구",2417,"명",1
"장충초등학교","한식음식점","개포고등학교","직장·상주 구조",1.481167976801605,"비율",2
"장충초등학교","한식음식점","개포고등학교","06~11 유동 비중",0.011403499569211523,"비율",3
"청구역 1번","한식음식점","삼양입구사거리","유사 업종 점포 밀도",2.555462113254792,"개/10,000㎡",1
"청구역 1번","한식음식점","삼양입구사거리","주말 유동 비중",0.01361137339001739,"비율",2
"청구역 1번","한식음식점","삼양입구사거리","해당 업종 점포",11,"개",3
"청구역 3번","한식음식점","개포고등학교","주말 유동 비중",-0.031582706809831884,"비율",1
"청구역 3번","한식음식점","개포고등학교","06~11 유동 비중",0.013893578889013075,"비율",2
"청구역 3번","한식음식점","개포고등학교","직장인구",1344,"명",3
"황학동벼룩시장","한식음식점","창동중학교","주말 유동 비중",-0.028079069147507574,"비율",1
"황학동벼룩시장","한식음식점","창동중학교","유사 업종 점포 밀도",-1.8451178993963222,"개/10,000㎡",2
"황학동벼룩시장","한식음식점","창동중학교","21~24 유동 비중",0.007792807046787351,"비율",3
"신당역 3번","한식음식점","계상초등학교","프랜차이즈 점포",3,"개",1
"신당역 3번","한식음식점","계상초등학교","총 유동인구",-762169,"명",2
"신당역 3번","한식음식점","계상초등학교","해당 업종 점포",-10,"개",3
"성심여자고등학교","한식음식점","논현초등학교","총 유동인구",867305,"명",1
"성심여자고등학교","한식음식점","논현초등학교","상주인구",2539,"명",2
"성심여자고등학교","한식음식점","논현초등학교","프랜차이즈 점포",2,"개",3
"새남터성지","한식음식점","오산고등학교","06~11 유동 비중",0.009083074584836648,"비율",1
"새남터성지","한식음식점","오산고등학교","상권 면적",39590,"㎡",2
"새남터성지","한식음식점","오산고등학교","해당 업종 점포",9,"개",3
"효창공원앞역 6번","한식음식점","가인초등학교","상주인구",-1807,"명",1
"효창공원앞역 6번","한식음식점","가인초등학교","상권 면적",-41522,"㎡",2
"효창공원앞역 6번","한식음식점","가인초등학교","06~11 유동 비중",0.005900275531017851,"비율",3
"효창동주민센터","한식음식점","마장역 3번","상권 면적",69304,"㎡",1
"효창동주민센터","한식음식점","마장역 3번","총 유동인구",-442623,"명",2
"효창동주민센터","한식음식점","마장역 3번","상주인구",-1187,"명",3
"한강로동땡땡거리(은행나무길)","한식음식점","경수초등학교","유사 업종 점포 밀도",-4.23836263643587,"개/10,000㎡",1
"한강로동땡땡거리(은행나무길)","한식음식점","경수초등학교","해당 업종 점포",-42,"개",2
"한강로동땡땡거리(은행나무길)","한식음식점","경수초등학교","상권 면적",127944,"㎡",3
"효창공원앞역 5번","한식음식점","공군호텔","상권 면적",72621,"㎡",1
"효창공원앞역 5번","한식음식점","공군호텔","상주인구",2085,"명",2
"효창공원앞역 5번","한식음식점","공군호텔","주말 유동 비중",0.01743055488726175,"비율",3
"서울역 15번","한식음식점","동대문구청","남성 유동 비중",-0.043292972305312316,"비율",1
"서울역 15번","한식음식점","동대문구청","17~21 유동 비중",0.011563655899979014,"비율",2
"서울역 15번","한식음식점","동대문구청","프랜차이즈 점포",1,"개",3
"배문고등학교","한식음식점","후암동주민센터","상권 면적",88105,"㎡",1
"배문고등학교","한식음식점","후암동주민센터","상주인구",2049,"명",2
"배문고등학교","한식음식점","후암동주민센터","해당 업종 점포",15,"개",3
"남영역 1번","한식음식점","메디힐병원","총 유동인구",-1010153,"명",1
"남영역 1번","한식음식점","메디힐병원","남성 유동 비중",0.02567922545473278,"비율",2
"남영역 1번","한식음식점","메디힐병원","상권 면적",41924,"㎡",3
"숙대입구","한식음식점","장안근린공원","프랜차이즈 점포",-10,"개",1
"숙대입구","한식음식점","장안근린공원","남성 유동 비중",0.0910832174393636,"비율",2
"숙대입구","한식음식점","장안근린공원","11~14 유동 비중",-0.025355426033454087,"비율",3
"한강미주맨션아파트","한식음식점","불광역 8번","직장인구",-1735,"명",1
"한강미주맨션아파트","한식음식점","불광역 8번","직장·상주 구조",-1.3723466631044552,"비율",2
"한강미주맨션아파트","한식음식점","불광역 8번","17~21 유동 비중",0.01800353169377697,"비율",3
"열정도","한식음식점","아현역 1번","유사 업종 점포 밀도",-5.963587760150645,"개/10,000㎡",1
"열정도","한식음식점","아현역 1번","직장·상주 구조",-2.1388954588199116,"비율",2
"열정도","한식음식점","아현역 1번","주말 유동 비중",-0.02853930557764084,"비율",3
"삼각지역 3번","한식음식점","KB국민은행 종암동지점","남성 유동 비중",-0.06240158048799871,"비율",1
"삼각지역 3번","한식음식점","KB국민은행 종암동지점","06~11 유동 비중",0.014812875754223909,"비율",2
"삼각지역 3번","한식음식점","KB국민은행 종암동지점","직장인구",778,"명",3
"서울역 12번","한식음식점","상일여고(상일초등학교)","직장인구",-3854,"명",1
"서울역 12번","한식음식점","상일여고(상일초등학교)","프랜차이즈 점포",-3,"개",2
"서울역 12번","한식음식점","상일여고(상일초등학교)","직장·상주 구조",-1.4322180530229973,"비율",3
"숙대입구역 1번","한식음식점","선유도역 6번","직장인구",3978,"명",1
"숙대입구역 1번","한식음식점","선유도역 6번","주말 유동 비중",-0.052002554078679764,"비율",2
"숙대입구역 1번","한식음식점","선유도역 6번","06~11 유동 비중",0.020963510597609814,"비율",3
"삼광초등학교","한식음식점","돌곶이역 3번","유사 업종 점포 밀도",0.8673119596015555,"개/10,000㎡",1
"삼광초등학교","한식음식점","돌곶이역 3번","남성 유동 비중",-0.012517260465828517,"비율",2
"삼광초등학교","한식음식점","돌곶이역 3번","직장·상주 구조",0.45142411786125436,"비율",3
"후암동주민센터","한식음식점","삼전역 4번","17~21 유동 비중",0.02560568516406561,"비율",1
"후암동주민센터","한식음식점","삼전역 4번","직장인구",1264,"명",2
"후암동주민센터","한식음식점","삼전역 4번","06~11 유동 비중",-0.008755025742236189,"비율",3
"해방촌예술마을","한식음식점","대림1동주민센터","총 유동인구",-1368630,"명",1
"해방촌예술마을","한식음식점","대림1동주민센터","프랜차이즈 점포",1,"개",2
"해방촌예술마을","한식음식점","대림1동주민센터","상주인구",-858,"명",3
"해방촌 남동측","한식음식점","수유역 2번","06~11 유동 비중",-0.007628392060133243,"비율",1
"해방촌 남동측","한식음식점","수유역 2번","21~24 유동 비중",0.007404833076088885,"비율",2
"해방촌 남동측","한식음식점","수유역 2번","프랜차이즈 점포",1,"개",3
"용산구청","한식음식점","촬영소사거리","직장인구",-5650,"명",1
"용산구청","한식음식점","촬영소사거리","남성 유동 비중",-0.046691269524458456,"비율",2
"용산구청","한식음식점","촬영소사거리","직장·상주 구조",-2.3562898909228753,"비율",3
"경리단길북측","한식음식점","공군호텔","프랜차이즈 점포",2,"개",1
"경리단길북측","한식음식점","공군호텔","직장·상주 구조",1.0406869812719561,"비율",2
"경리단길북측","한식음식점","공군호텔","직장인구",1022,"명",3
"경리단길남측","한식음식점","공군호텔","상주인구",2161,"명",1
"경리단길남측","한식음식점","공군호텔","직장인구",841,"명",2
"경리단길남측","한식음식점","공군호텔","남성 유동 비중",0.011171108208530123,"비율",3
"이태원엔틱가구거리","한식음식점","금천어울림복지센터","남성 유동 비중",-0.056111752444618024,"비율",1
"이태원엔틱가구거리","한식음식점","금천어울림복지센터","주말 유동 비중",-0.023932420926286113,"비율",2
"이태원엔틱가구거리","한식음식점","금천어울림복지센터","17~21 유동 비중",0.016754835430048298,"비율",3
"오산고등학교","한식음식점","송정역 2번","직장인구",-1207,"명",1
"오산고등학교","한식음식점","송정역 2번","직장·상주 구조",-0.9434864937360752,"비율",2
"오산고등학교","한식음식점","송정역 2번","해당 업종 점포",-7,"개",3
"한국폴리텍대학서울정수캠퍼스","한식음식점","강서구다솔마을","17~21 유동 비중",-0.012378155175092193,"비율",1
"한국폴리텍대학서울정수캠퍼스","한식음식점","강서구다솔마을","00~06 유동 비중",0.026757630808022626,"비율",2
"한국폴리텍대학서울정수캠퍼스","한식음식점","강서구다솔마을","06~11 유동 비중",-0.005680220186687013,"비율",3
"리움미술관","한식음식점","신구중학교","주말 유동 비중",-0.05961732770113076,"비율",1
"리움미술관","한식음식점","신구중학교","06~11 유동 비중",0.027834407973995223,"비율",2
"리움미술관","한식음식점","신구중학교","17~21 유동 비중",-0.037056602711080744,"비율",3
"오산중학교","한식음식점","동대문역 3번","유사 업종 점포 밀도",4.269470936226534,"개/10,000㎡",1
"오산중학교","한식음식점","동대문역 3번","남성 유동 비중",-0.032054638639179456,"비율",2
"오산중학교","한식음식점","동대문역 3번","21~24 유동 비중",0.01213614821694313,"비율",3
"한강진역 3번","한식음식점","성미산체육관","직장인구",-3914,"명",1
"한강진역 3번","한식음식점","성미산체육관","직장·상주 구조",-1.5745231911716262,"비율",2
"한강진역 3번","한식음식점","성미산체육관","06~11 유동 비중",0.010567936659542643,"비율",3
"서울독일학교","한식음식점","방배동사이길","남성 유동 비중",-0.016259182248734294,"비율",1
"서울독일학교","한식음식점","방배동사이길","유사 업종 점포 밀도",-0.7986978243409983,"개/10,000㎡",2
"서울독일학교","한식음식점","방배동사이길","프랜차이즈 점포",1,"개",3
"옥수역 6번","한식음식점","신서초등학교","21~24 유동 비중",0.019044828734361294,"비율",1
"옥수역 6번","한식음식점","신서초등학교","17~21 유동 비중",-0.03026731904239227,"비율",2
"옥수역 6번","한식음식점","신서초등학교","14~17 유동 비중",-0.025957154078434352,"비율",3
"신금호역 4번","한식음식점","KB국민은행 중화동지점","남성 유동 비중",0.027720221627155484,"비율",1
"신금호역 4번","한식음식점","KB국민은행 중화동지점","총 유동인구",-460179,"명",2
"신금호역 4번","한식음식점","KB국민은행 중화동지점","프랜차이즈 점포",1,"개",3
"금동어린이공원","한식음식점","면목역 3번","총 유동인구",730368,"명",1
"금동어린이공원","한식음식점","면목역 3번","유사 업종 점포 밀도",1.4592456240435276,"개/10,000㎡",2
"금동어린이공원","한식음식점","면목역 3번","직장·상주 구조",0.9437855498948475,"비율",3
"금북초등학교","한식음식점","신대방역 1번","06~11 유동 비중",0.01294515886663447,"비율",1
"금북초등학교","한식음식점","신대방역 1번","총 유동인구",453423,"명",2
"금북초등학교","한식음식점","신대방역 1번","21~24 유동 비중",0.007893019181677036,"비율",3
"금호사거리","한식음식점","하나은행 망우동지점","06~11 유동 비중",-0.007200418016165638,"비율",1
"금호사거리","한식음식점","하나은행 망우동지점","총 유동인구",426030,"명",2
"금호사거리","한식음식점","하나은행 망우동지점","21~24 유동 비중",0.0067412511311417955,"비율",3
"성동구립금호도서관","한식음식점","암사역 4번(삼성광나루아파트)","직장·상주 구조",-4.849675772339667,"비율",1
"성동구립금호도서관","한식음식점","암사역 4번(삼성광나루아파트)","남성 유동 비중",0.03333506989750501,"비율",2
"성동구립금호도서관","한식음식점","암사역 4번(삼성광나루아파트)","06~11 유동 비중",-0.012757592966309655,"비율",3
"금호삼성래미안아파트","한식음식점","용강동주민센터","직장·상주 구조",-1.3952789768809488,"비율",1
"금호삼성래미안아파트","한식음식점","용강동주민센터","06~11 유동 비중",-0.010874162716165786,"비율",2
"금호삼성래미안아파트","한식음식점","용강동주민센터","주말 유동 비중",-0.013170107535957265,"비율",3
"행당역 2번","한식음식점","응암3동주민센터","21~24 유동 비중",0.01271124802426249,"비율",1
"행당역 2번","한식음식점","응암3동주민센터","17~21 유동 비중",0.017127695773854645,"비율",2
"행당역 2번","한식음식점","응암3동주민센터","주말 유동 비중",-0.011209045660540706,"비율",3
"응봉산","한식음식점","대원고등학교","17~21 유동 비중",0.013716068247706992,"비율",1
"응봉산","한식음식점","대원고등학교","직장·상주 구조",-0.7392605219049315,"비율",2
"응봉산","한식음식점","대원고등학교","주말 유동 비중",-0.011059725237686946,"비율",3
"왕십리파출소","한식음식점","삼각산119안전센터","직장·상주 구조",1.4795708188430847,"비율",1
"왕십리파출소","한식음식점","삼각산119안전센터","06~11 유동 비중",-0.00987797902765053,"비율",2
"왕십리파출소","한식음식점","삼각산119안전센터","17~21 유동 비중",0.01309862758660385,"비율",3
"상왕십리역 3번","한식음식점","장충초등학교","주말 유동 비중",-0.033530831848762876,"비율",1
"상왕십리역 3번","한식음식점","장충초등학교","17~21 유동 비중",-0.015428077119142264,"비율",2
"상왕십리역 3번","한식음식점","장충초등학교","21~24 유동 비중",-0.0077434029195390525,"비율",3
"청계천박물관","한식음식점","서빙고동주민센터","주말 유동 비중",0.024469998835988827,"비율",1
"청계천박물관","한식음식점","서빙고동주민센터","06~11 유동 비중",-0.009736585867495595,"비율",2
"청계천박물관","한식음식점","서빙고동주민센터","11~14 유동 비중",-0.012865469388778292,"비율",3
"성동구보건소","한식음식점","용두초등학교","직장·상주 구조",0.9298483340036077,"비율",1
"성동구보건소","한식음식점","용두초등학교","남성 유동 비중",0.01651328961475851,"비율",2
"성동구보건소","한식음식점","용두초등학교","상주인구",-1065,"명",3
"왕십리역 9번","한식음식점","돌곶이역 5번","총 유동인구",-1457010,"명",1
"왕십리역 9번","한식음식점","돌곶이역 5번","직장·상주 구조",-0.7197538429738275,"비율",2
"왕십리역 9번","한식음식점","돌곶이역 5번","프랜차이즈 점포",1,"개",3
"한양대역 4번","한식음식점","두산초등학교","직장·상주 구조",1.1003506581128004,"비율",1
"한양대역 4번","한식음식점","두산초등학교","주말 유동 비중",0.016026004651439774,"비율",2
"한양대역 4번","한식음식점","두산초등학교","06~11 유동 비중",-0.00806897820547342,"비율",3
"뚝섬역교차로","한식음식점","한남IC","06~11 유동 비중",-0.020828443192321716,"비율",1
"뚝섬역교차로","한식음식점","한남IC","17~21 유동 비중",0.010166326180983176,"비율",2
"뚝섬역교차로","한식음식점","한남IC","프랜차이즈 점포",1,"개",3
"서울숲역 1번","한식음식점","홍익지구대","14~17 유동 비중",-0.04516637372824456,"비율",1
"서울숲역 1번","한식음식점","홍익지구대","21~24 유동 비중",0.02198731031444509,"비율",2
"서울숲역 1번","한식음식점","홍익지구대","남성 유동 비중",-0.04300899740641828,"비율",3
"성수1가1동주민센터","한식음식점","충신시장옆","21~24 유동 비중",0.01102286475928585,"비율",1
"성수1가1동주민센터","한식음식점","충신시장옆","06~11 유동 비중",-0.005575357830446798,"비율",2
"성수1가1동주민센터","한식음식점","충신시장옆","11~14 유동 비중",-0.009810592070313734,"비율",3
"성원중학교","한식음식점","공군호텔","해당 업종 점포",-24,"개",1
"성원중학교","한식음식점","공군호텔","상권 면적",-64390,"㎡",2
"성원중학교","한식음식점","공군호텔","상주인구",-1950,"명",3
"성원어린이공원","한식음식점","KB국민은행 종암동지점","남성 유동 비중",-0.03762955923146727,"비율",1
"성원어린이공원","한식음식점","KB국민은행 종암동지점","주말 유동 비중",0.027141884086829382,"비율",2
"성원어린이공원","한식음식점","KB국민은행 종암동지점","직장인구",1728,"명",3
"답십리역 6번","한식음식점","천동초등학교","남성 유동 비중",-0.02392568487392338,"비율",1
"답십리역 6번","한식음식점","천동초등학교","06~11 유동 비중",-0.007806110485322704,"비율",2
"답십리역 6번","한식음식점","천동초등학교","21~24 유동 비중",0.005823189965341646,"비율",3
"성수동카페거리","한식음식점","한강로동땡땡거리(은행나무길)","프랜차이즈 점포",-6,"개",1
"성수동카페거리","한식음식점","한강로동땡땡거리(은행나무길)","14~17 유동 비중",-0.06063388741582251,"비율",2
"성수동카페거리","한식음식점","한강로동땡땡거리(은행나무길)","21~24 유동 비중",0.031241701008778225,"비율",3
"성수2가3동주민센터","한식음식점","선정릉역 4번","06~11 유동 비중",0.010424850115401202,"비율",1
"성수2가3동주민센터","한식음식점","선정릉역 4번","상권 면적",56772,"㎡",2
"성수2가3동주민센터","한식음식점","선정릉역 4번","상주인구",1908,"명",3
"서울교통공사","한식음식점","청계천박물관","06~11 유동 비중",0.018530373496102953,"비율",1
"서울교통공사","한식음식점","청계천박물관","남성 유동 비중",-0.027084372482250374,"비율",2
"서울교통공사","한식음식점","청계천박물관","21~24 유동 비중",-0.012114460684607378,"비율",3
"성수119안전센터","한식음식점","남구로역 3번","총 유동인구",818917,"명",1
"성수119안전센터","한식음식점","남구로역 3번","남성 유동 비중",0.023278226787376566,"비율",2
"성수119안전센터","한식음식점","남구로역 3번","해당 업종 점포",-11,"개",3
"성동세무서","한식음식점","남산케이블카","11~14 유동 비중",0.06021122506239096,"비율",1
"성동세무서","한식음식점","남산케이블카","21~24 유동 비중",-0.029455218751883505,"비율",2
"성동세무서","한식음식점","남산케이블카","남성 유동 비중",-0.04153826917859649,"비율",3
"성수초등학교","한식음식점","선유도역 6번","직장인구",-5802,"명",1
"성수초등학교","한식음식점","선유도역 6번","상권 면적",-177618,"㎡",2
"성수초등학교","한식음식점","선유도역 6번","프랜차이즈 점포",-5,"개",3
"송정체육공원","한식음식점","석관고등학교","총 유동인구",-865789,"명",1
"송정체육공원","한식음식점","석관고등학교","06~11 유동 비중",-0.010407443346585332,"비율",2
"송정체육공원","한식음식점","석관고등학교","남성 유동 비중",-0.021804576205632586,"비율",3
"자양4동주민센터","한식음식점","방학중학교","총 유동인구",-930360,"명",1
"자양4동주민센터","한식음식점","방학중학교","06~11 유동 비중",-0.00965280800291407,"비율",2
"자양4동주민센터","한식음식점","방학중학교","주말 유동 비중",0.016973070320830563,"비율",3
"건대입구역 6번","한식음식점","구로4동주민센터","총 유동인구",-843307,"명",1
"건대입구역 6번","한식음식점","구로4동주민센터","상주인구",-1544,"명",2
"건대입구역 6번","한식음식점","구로4동주민센터","06~11 유동 비중",-0.007001683920615259,"비율",3
"건대입구역 1번","한식음식점","면목역 3번","프랜차이즈 점포",-3,"개",1
"건대입구역 1번","한식음식점","면목역 3번","06~11 유동 비중",0.011904584730979745,"비율",2
"건대입구역 1번","한식음식점","면목역 3번","21~24 유동 비중",-0.009918045088627092,"비율",3
"화양사거리","한식음식점","용마초등학교","유사 업종 점포 밀도",-2.4426778319301063,"개/10,000㎡",1
"화양사거리","한식음식점","용마초등학교","프랜차이즈 점포",-3,"개",2
"화양사거리","한식음식점","용마초등학교","해당 업종 점포",-22,"개",3
"뚝섬유원지역 1번","한식음식점","성동구립금호도서관","직장·상주 구조",4.611013734888606,"비율",1
"뚝섬유원지역 1번","한식음식점","성동구립금호도서관","06~11 유동 비중",0.008634369015465382,"비율",2
"뚝섬유원지역 1번","한식음식점","성동구립금호도서관","유사 업종 점포 밀도",-1.1745008750458092,"개/10,000㎡",3
"어린이대공원역 4번","한식음식점","신진과학기술고등학교","06~11 유동 비중",-0.009811415444342525,"비율",1
"어린이대공원역 4번","한식음식점","신진과학기술고등학교","직장·상주 구조",1.0970138228546116,"비율",2
"어린이대공원역 4번","한식음식점","신진과학기술고등학교","00~06 유동 비중",0.034294524751460664,"비율",3
"신자초등학교","한식음식점","연신내역 2번","06~11 유동 비중",0.007414478348840237,"비율",1
"신자초등학교","한식음식점","연신내역 2번","프랜차이즈 점포",1,"개",2
"신자초등학교","한식음식점","연신내역 2번","남성 유동 비중",0.00777474546934237,"비율",3
"능동우편취급국","한식음식점","공항시장역 1번","21~24 유동 비중",-0.01095965144480976,"비율",1
"능동우편취급국","한식음식점","공항시장역 1번","11~14 유동 비중",0.011634827004370477,"비율",2
"능동우편취급국","한식음식점","공항시장역 1번","14~17 유동 비중",0.011792623757231793,"비율",3
"어린이대공원역 3번","한식음식점","삼양입구사거리","프랜차이즈 점포",-3,"개",1
"어린이대공원역 3번","한식음식점","삼양입구사거리","유사 업종 점포 밀도",-1.5614425420350697,"개/10,000㎡",2
"어린이대공원역 3번","한식음식점","삼양입구사거리","직장·상주 구조",1.0373513776970835,"비율",3
"중곡1동 마을마당","한식음식점","창2동주민센터","상주인구",2039,"명",1
"중곡1동 마을마당","한식음식점","창2동주민센터","직장·상주 구조",-0.7626469340466215,"비율",2
"중곡1동 마을마당","한식음식점","창2동주민센터","남성 유동 비중",-0.0124835026737799,"비율",3
"자양한강도서관","한식음식점","아차산역 1번","남성 유동 비중",-0.05025922454275239,"비율",1
"자양한강도서관","한식음식점","아차산역 1번","총 유동인구",-529744,"명",2
"자양한강도서관","한식음식점","아차산역 1번","21~24 유동 비중",0.004414918120648564,"비율",3
"광진정말공원","한식음식점","답십리사거리","총 유동인구",-569915,"명",1
"광진정말공원","한식음식점","답십리사거리","상주인구",-1806,"명",2
"광진정말공원","한식음식점","답십리사거리","06~11 유동 비중",-0.008434746730453274,"비율",3
"광진구청","한식음식점","종암중학교","06~11 유동 비중",0.014273514745311744,"비율",1
"광진구청","한식음식점","종암중학교","주말 유동 비중",0.01622019093972188,"비율",2
"광진구청","한식음식점","종암중학교","남성 유동 비중",0.017587402363528237,"비율",3
"군자역 5번","한식음식점","동대부여고","총 유동인구",1024683,"명",1
"군자역 5번","한식음식점","동대부여고","상권 면적",-32969,"㎡",2
"군자역 5번","한식음식점","동대부여고","남성 유동 비중",-0.01226280850372602,"비율",3
"자양동우체국","한식음식점","굽은다리역 1번(십자성마을)","프랜차이즈 점포",3,"개",1
"자양동우체국","한식음식점","굽은다리역 1번(십자성마을)","총 유동인구",496166,"명",2
"자양동우체국","한식음식점","굽은다리역 1번(십자성마을)","상주인구",1551,"명",3
"중곡3동주민센터","한식음식점","면목역 2번","상주인구",3086,"명",1
"중곡3동주민센터","한식음식점","면목역 2번","17~21 유동 비중",-0.01917544341575761,"비율",2
"중곡3동주민센터","한식음식점","면목역 2번","상권 면적",50149,"㎡",3
"구의역 4번","한식음식점","삼전역 1번","총 유동인구",-1041657,"명",1
"구의역 4번","한식음식점","삼전역 1번","프랜차이즈 점포",3,"개",2
"구의역 4번","한식음식점","삼전역 1번","해당 업종 점포",17,"개",3
"중곡역 3번","한식음식점","암사역 3번(천호동자전거거리)","총 유동인구",498031,"명",1
"중곡역 3번","한식음식점","암사역 3번(천호동자전거거리)","상주인구",1219,"명",2
"중곡역 3번","한식음식점","암사역 3번(천호동자전거거리)","직장·상주 구조",0.5814277148282434,"비율",3
"군자역 4번","한식음식점","백련산해모로아파트","남성 유동 비중",-0.01276284187153226,"비율",1
"군자역 4번","한식음식점","백련산해모로아파트","주말 유동 비중",0.0095211552141643,"비율",2
"군자역 4번","한식음식점","백련산해모로아파트","06~11 유동 비중",0.004563667605122584,"비율",3
"성자초등학교","한식음식점","장충초등학교","주말 유동 비중",-0.025202468115576582,"비율",1
"성자초등학교","한식음식점","장충초등학교","21~24 유동 비중",-0.015620002928754345,"비율",2
"성자초등학교","한식음식점","장충초등학교","11~14 유동 비중",0.016869247317913838,"비율",3
"국립정신건강센터","한식음식점","우이천 계성교","상권 면적",47215,"㎡",1
"국립정신건강센터","한식음식점","우이천 계성교","주말 유동 비중",0.014335619962545898,"비율",2
"국립정신건강센터","한식음식점","우이천 계성교","남성 유동 비중",-0.01676931674776616,"비율",3
"구의1동주민센터","한식음식점","상봉역 4번","상권 면적",59625,"㎡",1
"구의1동주민센터","한식음식점","상봉역 4번","유사 업종 점포 밀도",-1.4359835661101967,"개/10,000㎡",2
"구의1동주민센터","한식음식점","상봉역 4번","주말 유동 비중",0.014385761486247428,"비율",3
"용마초등학교","한식음식점","동대부여고","해당 업종 점포",-9,"개",1
"용마초등학교","한식음식점","동대부여고","상권 면적",-33627,"㎡",2
"용마초등학교","한식음식점","동대부여고","남성 유동 비중",-0.013289005456489977,"비율",3
"성동초등학교","한식음식점","새절역 3번","17~21 유동 비중",0.018914677797322588,"비율",1
"성동초등학교","한식음식점","새절역 3번","주말 유동 비중",0.013940241013421395,"비율",2
"성동초등학교","한식음식점","새절역 3번","상권 면적",37190,"㎡",3
"동대부여고","한식음식점","굽은다리역 1번(십자성마을)","17~21 유동 비중",0.021927301077064115,"비율",1
"동대부여고","한식음식점","굽은다리역 1번(십자성마을)","00~06 유동 비중",-0.03510916504418288,"비율",2
"동대부여고","한식음식점","굽은다리역 1번(십자성마을)","06~11 유동 비중",-0.00727564334656261,"비율",3
"광진초등학교","한식음식점","간데메공원","총 유동인구",517651,"명",1
"광진초등학교","한식음식점","간데메공원","해당 업종 점포",11,"개",2
"광진초등학교","한식음식점","간데메공원","주말 유동 비중",0.00914173710075128,"비율",3
"구남초등학교","한식음식점","구암초등학교","직장·상주 구조",1.3630527975458584,"비율",1
"구남초등학교","한식음식점","구암초등학교","주말 유동 비중",-0.013061868942582211,"비율",2
"구남초등학교","한식음식점","구암초등학교","14~17 유동 비중",0.014261631359426125,"비율",3
"아차산역 1번","한식음식점","답십리사거리","남성 유동 비중",0.027327375570878165,"비율",1
"아차산역 1번","한식음식점","답십리사거리","상주인구",-2250,"명",2
"아차산역 1번","한식음식점","답십리사거리","직장·상주 구조",1.0838960731369793,"비율",3
"푸른동산공원","한식음식점","정릉우체국","상권 면적",56986,"㎡",1
"푸른동산공원","한식음식점","정릉우체국","직장·상주 구조",-0.9419309244358889,"비율",2
"푸른동산공원","한식음식점","정릉우체국","남성 유동 비중",0.014782234839774977,"비율",3
"해오름공원","한식음식점","낙성대역 1번(관악구민 종합체육센터)","남성 유동 비중",0.027517206422807527,"비율",1
"해오름공원","한식음식점","낙성대역 1번(관악구민 종합체육센터)","21~24 유동 비중",0.01268368738446879,"비율",2
"해오름공원","한식음식점","낙성대역 1번(관악구민 종합체육센터)","17~21 유동 비중",0.008534312647890147,"비율",3
"동의초등학교","한식음식점","화곡보람2차아파트","주말 유동 비중",-0.020661307738522927,"비율",1
"동의초등학교","한식음식점","화곡보람2차아파트","17~21 유동 비중",-0.019683905043193964,"비율",2
"동의초등학교","한식음식점","화곡보람2차아파트","00~06 유동 비중",0.031697250968993396,"비율",3
"장로회신학대학교","한식음식점","혜화동주민센터","06~11 유동 비중",0.012285988239131435,"비율",1
"장로회신학대학교","한식음식점","혜화동주민센터","11~14 유동 비중",-0.01811292425461719,"비율",2
"장로회신학대학교","한식음식점","혜화동주민센터","직장·상주 구조",0.6487787131455471,"비율",3
"광나루역 1번","한식음식점","개포고등학교","직장인구",2207,"명",1
"광나루역 1번","한식음식점","개포고등학교","주말 유동 비중",-0.03271820784146845,"비율",2
"광나루역 1번","한식음식점","개포고등학교","직장·상주 구조",0.7468113194336743,"비율",3
"광진정보도서관","한식음식점","신서초등학교","직장인구",-5426,"명",1
"광진정보도서관","한식음식점","신서초등학교","유사 업종 점포 밀도",4.192843420623329,"개/10,000㎡",2
"광진정보도서관","한식음식점","신서초등학교","직장·상주 구조",-1.2475778947270513,"비율",3
"신설동역 9번","한식음식점","선정릉역 4번","14~17 유동 비중",-0.022405882041641678,"비율",1
"신설동역 9번","한식음식점","선정릉역 4번","00~06 유동 비중",0.04145110110737987,"비율",2
"신설동역 9번","한식음식점","선정릉역 4번","11~14 유동 비중",-0.01804344664378435,"비율",3
"한국의류시험연구원","한식음식점","문현중학교(장지역 1번)","직장·상주 구조",-1.2565675725693248,"비율",1
"한국의류시험연구원","한식음식점","문현중학교(장지역 1번)","주말 유동 비중",0.018073203889782785,"비율",2
"한국의류시험연구원","한식음식점","문현중학교(장지역 1번)","프랜차이즈 점포",2,"개",3
"용두사거리","한식음식점","서울금융고등학교","직장·상주 구조",-1.6353968965971823,"비율",1
"용두사거리","한식음식점","서울금융고등학교","남성 유동 비중",0.016293135655573165,"비율",2
"용두사거리","한식음식점","서울금융고등학교","00~06 유동 비중",-0.02106258343785572,"비율",3
"용두초등학교","한식음식점","한국상담대학원대학교","17~21 유동 비중",-0.020025210125292958,"비율",1
"용두초등학교","한식음식점","한국상담대학원대학교","총 유동인구",-572198,"명",2
"용두초등학교","한식음식점","한국상담대학원대학교","유사 업종 점포 밀도",-1.2225498933392662,"개/10,000㎡",3
"종암초등학교","한식음식점","한국상담대학원대학교","직장·상주 구조",1.4456056283209398,"비율",1
"종암초등학교","한식음식점","한국상담대학원대학교","주말 유동 비중",-0.017272635808724124,"비율",2
"종암초등학교","한식음식점","한국상담대학원대학교","21~24 유동 비중",-0.007480373887750955,"비율",3
"제기동역 6번","한식음식점","대청초등학교","프랜차이즈 점포",12,"개",1
"제기동역 6번","한식음식점","대청초등학교","해당 업종 점포",26,"개",2
"제기동역 6번","한식음식점","대청초등학교","상권 면적",76983,"㎡",3
"용두동신동아아파트","한식음식점","숙대입구역 1번","남성 유동 비중",0.033792452703075626,"비율",1
"용두동신동아아파트","한식음식점","숙대입구역 1번","프랜차이즈 점포",2,"개",2
"용두동신동아아파트","한식음식점","숙대입구역 1번","상주인구",-1596,"명",3
"고대앞사거리","한식음식점","천호역 1번(천호문구완구거리)","21~24 유동 비중",0.0112202931921518,"비율",1
"고대앞사거리","한식음식점","천호역 1번(천호문구완구거리)","11~14 유동 비중",-0.01764351093815486,"비율",2
"고대앞사거리","한식음식점","천호역 1번(천호문구완구거리)","주말 유동 비중",0.01669871772290199,"비율",3
"고려대역 6번","한식음식점","돌곶이역 8번","유사 업종 점포 밀도",-1.8386526428693504,"개/10,000㎡",1
"고려대역 6번","한식음식점","돌곶이역 8번","상주인구",1901,"명",2
"고려대역 6번","한식음식점","돌곶이역 8번","17~21 유동 비중",0.01398095408633837,"비율",3
"동의보감타워","한식음식점","불광역 8번","남성 유동 비중",-0.04572258593667716,"비율",1
"동의보감타워","한식음식점","불광역 8번","21~24 유동 비중",0.020493352541493606,"비율",2
"동의보감타워","한식음식점","불광역 8번","17~21 유동 비중",0.03282809366356346,"비율",3
"고려대역 4번","한식음식점","중곡어린이공원","21~24 유동 비중",0.013568449801625193,"비율",1
"고려대역 4번","한식음식점","중곡어린이공원","총 유동인구",-455031,"명",2
"고려대역 4번","한식음식점","중곡어린이공원","남성 유동 비중",0.009717886260838082,"비율",3
"홍파초등학교","한식음식점","신월중학교","직장·상주 구조",-1.0387316204363932,"비율",1
"홍파초등학교","한식음식점","신월중학교","06~11 유동 비중",0.008446342517280936,"비율",2
"홍파초등학교","한식음식점","신월중학교","14~17 유동 비중",-0.015951275422112637,"비율",3
"동대문구청","한식음식점","효창공원앞역 5번","총 유동인구",-788812,"명",1
"동대문구청","한식음식점","효창공원앞역 5번","주말 유동 비중",-0.017887923149929708,"비율",2
"동대문구청","한식음식점","효창공원앞역 5번","프랜차이즈 점포",2,"개",3
"세종대왕기념관교차로","한식음식점","월계역 3번","직장·상주 구조",-1.2739510487593253,"비율",1
"세종대왕기념관교차로","한식음식점","월계역 3번","주말 유동 비중",-0.01638130346833555,"비율",2
"세종대왕기념관교차로","한식음식점","월계역 3번","00~06 유동 비중",0.03318515499458907,"비율",3
"동대문중앙새마을금고본점","한식음식점","논현로18길","남성 유동 비중",0.04951019227178377,"비율",1
"동대문중앙새마을금고본점","한식음식점","논현로18길","21~24 유동 비중",0.02435835434065589,"비율",2
"동대문중앙새마을금고본점","한식음식점","논현로18길","주말 유동 비중",-0.03725827649082028,"비율",3
"홍릉시장","한식음식점","대림성모병원","프랜차이즈 점포",5,"개",1
"홍릉시장","한식음식점","대림성모병원","남성 유동 비중",-0.017689744754425918,"비율",2
"홍릉시장","한식음식점","대림성모병원","해당 업종 점포",8,"개",3
"동대문경찰서","한식음식점","화랑대역 7번","17~21 유동 비중",0.027248575295171662,"비율",1
"동대문경찰서","한식음식점","화랑대역 7번","00~06 유동 비중",-0.053843571060950085,"비율",2
"동대문경찰서","한식음식점","화랑대역 7번","14~17 유동 비중",0.021059785179837587,"비율",3
"전농119안전센터","한식음식점","답십리역 6번","유사 업종 점포 밀도",-1.14165059383038,"개/10,000㎡",1
"전농119안전센터","한식음식점","답십리역 6번","총 유동인구",345482,"명",2
"전농119안전센터","한식음식점","답십리역 6번","직장·상주 구조",0.5224893224305531,"비율",3
"전농1동주민센터(전농시장)","한식음식점","동대문경찰서","직장·상주 구조",2.215395922422296,"비율",1
"전농1동주민센터(전농시장)","한식음식점","동대문경찰서","00~06 유동 비중",0.02945301703341885,"비율",2
"전농1동주민센터(전농시장)","한식음식점","동대문경찰서","11~14 유동 비중",-0.012565725009006795,"비율",3
"떡전교사거리","한식음식점","쌍문역1번(쌍리단길)","남성 유동 비중",0.039965639870998715,"비율",1
"떡전교사거리","한식음식점","쌍문역1번(쌍리단길)","유사 업종 점포 밀도",1.1216004926627487,"개/10,000㎡",2
"떡전교사거리","한식음식점","쌍문역1번(쌍리단길)","주말 유동 비중",-0.012082284073419103,"비율",3
"간데메공원","한식음식점","남가좌파출소","직장·상주 구조",-0.7444687804428938,"비율",1
"간데메공원","한식음식점","남가좌파출소","총 유동인구",333940,"명",2
"간데메공원","한식음식점","남가좌파출소","프랜차이즈 점포",-1,"개",3
"텃골근린공원","한식음식점","예술인마을","직장·상주 구조",2.4592355071680414,"비율",1
"텃골근린공원","한식음식점","예술인마을","06~11 유동 비중",0.0075559077522878715,"비율",2
"텃골근린공원","한식음식점","예술인마을","남성 유동 비중",-0.01692060393854372,"비율",3
"서울시립대","한식음식점","송정체육공원","총 유동인구",-1057938,"명",1
"서울시립대","한식음식점","송정체육공원","남성 유동 비중",0.009755055010457758,"비율",2
"서울시립대","한식음식점","송정체육공원","00~06 유동 비중",-0.016763772771515917,"비율",3
"전곡마을마당공원","한식음식점","중랑노인종합복지관","총 유동인구",-1460612,"명",1
"전곡마을마당공원","한식음식점","중랑노인종합복지관","직장·상주 구조",2.4256746601218246,"비율",2
"전곡마을마당공원","한식음식점","중랑노인종합복지관","해당 업종 점포",14,"개",3
"답십리초등학교","한식음식점","답십리사거리","06~11 유동 비중",-0.006124932726111393,"비율",1
"답십리초등학교","한식음식점","답십리사거리","직장·상주 구조",0.7145024669666098,"비율",2
"답십리초등학교","한식음식점","답십리사거리","유사 업종 점포 밀도",0.8112745647950375,"개/10,000㎡",3
"경희대후문","한식음식점","청구역 3번","직장·상주 구조",1.9083010277910208,"비율",1
"경희대후문","한식음식점","청구역 3번","직장인구",1427,"명",2
"경희대후문","한식음식점","청구역 3번","총 유동인구",-770290,"명",3
"회기역 1번","한식음식점","망우3동주민센터","남성 유동 비중",0.03838878025367415,"비율",1
"회기역 1번","한식음식점","망우3동주민센터","06~11 유동 비중",-0.008284521632298647,"비율",2
"회기역 1번","한식음식점","망우3동주민센터","프랜차이즈 점포",-1,"개",3
"전농중학교","한식음식점","방화역 3번","21~24 유동 비중",0.013153838594716069,"비율",1
"전농중학교","한식음식점","방화역 3번","남성 유동 비중",0.024173221180750715,"비율",2
"전농중학교","한식음식점","방화역 3번","14~17 유동 비중",-0.018831135700268203,"비율",3
"자동차부품상가","한식음식점","학동초등학교","주말 유동 비중",-0.059262901987706645,"비율",1
"자동차부품상가","한식음식점","학동초등학교","21~24 유동 비중",-0.014970390596310112,"비율",2
"자동차부품상가","한식음식점","학동초등학교","11~14 유동 비중",0.023125689192867782,"비율",3
"삼육보건대학교","한식음식점","신월3동주민센터","프랜차이즈 점포",-2,"개",1
"삼육보건대학교","한식음식점","신월3동주민센터","상주인구",-1719,"명",2
"삼육보건대학교","한식음식점","신월3동주민센터","17~21 유동 비중",0.014095864268711872,"비율",3
"외대앞역 1번","한식음식점","숭실대입구역 4번","남성 유동 비중",0.05027528795059416,"비율",1
"외대앞역 1번","한식음식점","숭실대입구역 4번","해당 업종 점포",-29,"개",2
"외대앞역 1번","한식음식점","숭실대입구역 4번","프랜차이즈 점포",-3,"개",3
"의릉","한식음식점","신한은행 방학동지점","프랜차이즈 점포",-2,"개",1
"의릉","한식음식점","신한은행 방학동지점","17~21 유동 비중",-0.010325344443369078,"비율",2
"의릉","한식음식점","신한은행 방학동지점","주말 유동 비중",-0.007994531678723937,"비율",3
"회기역 2번","한식음식점","송천동주민센터","유사 업종 점포 밀도",-4.273392530392248,"개/10,000㎡",1
"회기역 2번","한식음식점","송천동주민센터","06~11 유동 비중",-0.01820262129166264,"비율",2
"회기역 2번","한식음식점","송천동주민센터","직장·상주 구조",-1.2667356689502696,"비율",3
"군자초등학교","한식음식점","신림역 1번","프랜차이즈 점포",2,"개",1
"군자초등학교","한식음식점","신림역 1번","06~11 유동 비중",0.007824666983316214,"비율",2
"군자초등학교","한식음식점","신림역 1번","17~21 유동 비중",0.012935270338249275,"비율",3
"촬영소사거리","한식음식점","도봉구민회관","주말 유동 비중",-0.02865000034924864,"비율",1
"촬영소사거리","한식음식점","도봉구민회관","00~06 유동 비중",-0.042010265818840264,"비율",2
"촬영소사거리","한식음식점","도봉구민회관","17~21 유동 비중",0.017100990297371332,"비율",3
"장안1동주민센터","한식음식점","삼전역 1번","해당 업종 점포",-37,"개",1
"장안1동주민센터","한식음식점","삼전역 1번","총 유동인구",-823428,"명",2
"장안1동주민센터","한식음식점","삼전역 1번","상권 면적",-40300,"㎡",3
"답십리공원","한식음식점","방화역 3번","06~11 유동 비중",-0.009628002993426837,"비율",1
"답십리공원","한식음식점","방화역 3번","남성 유동 비중",0.01950632376947864,"비율",2
"답십리공원","한식음식점","방화역 3번","유사 업종 점포 밀도",1.1121725646151714,"개/10,000㎡",3
"장안근린공원","한식음식점","수락산역 4번","프랜차이즈 점포",-3,"개",1
"장안근린공원","한식음식점","수락산역 4번","직장인구",1129,"명",2
"장안근린공원","한식음식점","수락산역 4번","해당 업종 점포",-14,"개",3
"장평중학교","한식음식점","논현초등학교","총 유동인구",724455,"명",1
"장평중학교","한식음식점","논현초등학교","21~24 유동 비중",-0.00864081281293079,"비율",2
"장평중학교","한식음식점","논현초등학교","해당 업종 점포",-11,"개",3
"장안현대홈타운1차아파트","한식음식점","석관중앙교회","17~21 유동 비중",-0.017106225735763148,"비율",1
"장안현대홈타운1차아파트","한식음식점","석관중앙교회","00~06 유동 비중",0.03135135259191596,"비율",2
"장안현대홈타운1차아파트","한식음식점","석관중앙교회","총 유동인구",449519,"명",3
"동대부고","한식음식점","효창공원앞역 5번","06~11 유동 비중",-0.00797922851107466,"비율",1
"동대부고","한식음식점","효창공원앞역 5번","남성 유동 비중",-0.014728898390160672,"비율",2
"동대부고","한식음식점","효창공원앞역 5번","프랜차이즈 점포",1,"개",3
"중랑역 1번","한식음식점","방학중학교","직장·상주 구조",1.0354352986736242,"비율",1
"중랑역 1번","한식음식점","방학중학교","해당 업종 점포",12,"개",2
"중랑역 1번","한식음식점","방학중학교","06~11 유동 비중",-0.00799026285960358,"비율",3
"중랑역 4번","한식음식점","난곡초등학교(난곡동벽화마을)","17~21 유동 비중",-0.03401708169025608,"비율",1
"중랑역 4번","한식음식점","난곡초등학교(난곡동벽화마을)","00~06 유동 비중",0.0575639840893202,"비율",2
"중랑역 4번","한식음식점","난곡초등학교(난곡동벽화마을)","14~17 유동 비중",-0.02013408512690959,"비율",3
"신묵초등학교","한식음식점","화곡2동주민센터","총 유동인구",564740,"명",1
"신묵초등학교","한식음식점","화곡2동주민센터","해당 업종 점포",-10,"개",2
"신묵초등학교","한식음식점","화곡2동주민센터","상주인구",824,"명",3
"메가박스 상봉","한식음식점","문성초등학교","프랜차이즈 점포",5,"개",1
"메가박스 상봉","한식음식점","문성초등학교","해당 업종 점포",-27,"개",2
"메가박스 상봉","한식음식점","문성초등학교","유사 업종 점포 밀도",-1.8496223089268855,"개/10,000㎡",3
"태릉시장 특화거리","한식음식점","신원동주민센터","프랜차이즈 점포",4,"개",1
"태릉시장 특화거리","한식음식점","신원동주민센터","유사 업종 점포 밀도",-2.6424087474684805,"개/10,000㎡",2
"태릉시장 특화거리","한식음식점","신원동주민센터","직장·상주 구조",0.934527761823519,"비율",3
"먹골역 5번","한식음식점","KB국민은행 망원동지점","주말 유동 비중",0.01919666184556107,"비율",1
"먹골역 5번","한식음식점","KB국민은행 망원동지점","유사 업종 점포 밀도",1.3021510511176055,"개/10,000㎡",2
"먹골역 5번","한식음식점","KB국민은행 망원동지점","남성 유동 비중",-0.01944760100334203,"비율",3
"면목5동주민센터","한식음식점","양지어린이공원","총 유동인구",561465,"명",1
"면목5동주민센터","한식음식점","양지어린이공원","프랜차이즈 점포",1,"개",2
"면목5동주민센터","한식음식점","양지어린이공원","11~14 유동 비중",0.008182174627105729,"비율",3
"중랑노인종합복지관","한식음식점","도봉구보건소","해당 업종 점포",-14,"개",1
"중랑노인종합복지관","한식음식점","도봉구보건소","총 유동인구",484928,"명",2
"중랑노인종합복지관","한식음식점","도봉구보건소","유사 업종 점포 밀도",-0.9773236758537336,"개/10,000㎡",3
"중화역 4번","한식음식점","창신역 4번","유사 업종 점포 밀도",-2.8384570513724414,"개/10,000㎡",1
"중화역 4번","한식음식점","창신역 4번","해당 업종 점포",-16,"개",2
"중화역 4번","한식음식점","창신역 4번","17~21 유동 비중",-0.01465057513977247,"비율",3
"KB국민은행 중화동지점","한식음식점","중곡어린이공원","직장·상주 구조",2.1435395516339986,"비율",1
"KB국민은행 중화동지점","한식음식점","중곡어린이공원","17~21 유동 비중",-0.02762691852222046,"비율",2
"KB국민은행 중화동지점","한식음식점","중곡어린이공원","00~06 유동 비중",0.05350730192682812,"비율",3
"월드순복음교회","한식음식점","중곡초등학교","주말 유동 비중",0.010535986854804558,"비율",1
"월드순복음교회","한식음식점","중곡초등학교","총 유동인구",-322124,"명",2
"월드순복음교회","한식음식점","중곡초등학교","직장·상주 구조",-0.49228934039198435,"비율",3
"먹골역 1번","한식음식점","굽은다리역 1번(십자성마을)","상주인구",1295,"명",1
"먹골역 1번","한식음식점","굽은다리역 1번(십자성마을)","프랜차이즈 점포",1,"개",2
"먹골역 1번","한식음식점","굽은다리역 1번(십자성마을)","직장·상주 구조",-0.5617091202194704,"비율",3
"먹골파출소","한식음식점","천동초등학교","06~11 유동 비중",-0.014318195076923695,"비율",1
"먹골파출소","한식음식점","천동초등학교","남성 유동 비중",-0.020508458905528715,"비율",2
"먹골파출소","한식음식점","천동초등학교","17~21 유동 비중",0.011761486983387776,"비율",3
"중화역 1번","한식음식점","구산보건지소","남성 유동 비중",-0.050041949152259846,"비율",1
"중화역 1번","한식음식점","구산보건지소","상주인구",1690,"명",2
"중화역 1번","한식음식점","구산보건지소","주말 유동 비중",0.012914390944359921,"비율",3
"장안중학교","한식음식점","효창동주민센터","총 유동인구",580015,"명",1
"장안중학교","한식음식점","효창동주민센터","06~11 유동 비중",0.007671631952924779,"비율",2
"장안중학교","한식음식점","효창동주민센터","남성 유동 비중",-0.01455211887839769,"비율",3
"장안제일시장","한식음식점","상봉역 4번","총 유동인구",1151795,"명",1
"장안제일시장","한식음식점","상봉역 4번","상권 면적",69701,"㎡",2
"장안제일시장","한식음식점","상봉역 4번","해당 업종 점포",18,"개",3
"중곡초등학교","한식음식점","연신내역 2번","주말 유동 비중",-0.01311964242702579,"비율",1
"중곡초등학교","한식음식점","연신내역 2번","남성 유동 비중",-0.015189320870309275,"비율",2
"중곡초등학교","한식음식점","연신내역 2번","유사 업종 점포 밀도",-0.605981062195077,"개/10,000㎡",3
"오거리공원","한식음식점","천호역 6번","남성 유동 비중",-0.023959799525080205,"비율",1
"오거리공원","한식음식점","천호역 6번","프랜차이즈 점포",1,"개",2
"오거리공원","한식음식점","천호역 6번","상주인구",884,"명",3
"상봉역 4번","한식음식점","구산역 4번","총 유동인구",-597297,"명",1
"상봉역 4번","한식음식점","구산역 4번","남성 유동 비중",-0.017945125452252964,"비율",2
"상봉역 4번","한식음식점","구산역 4번","상권 면적",-42143,"㎡",3
"면목2동체육관","한식음식점","면목역 2번","총 유동인구",980520,"명",1
"면목2동체육관","한식음식점","면목역 2번","상주인구",1728,"명",2
"면목2동체육관","한식음식점","면목역 2번","17~21 유동 비중",-0.011486091403284271,"비율",3
"상봉역 7번","한식음식점","삼성산자연공원(서울금천초등학교)","총 유동인구",-631026,"명",1
"상봉역 7번","한식음식점","삼성산자연공원(서울금천초등학교)","06~11 유동 비중",-0.005227242943978888,"비율",2
"상봉역 7번","한식음식점","삼성산자연공원(서울금천초등학교)","주말 유동 비중",-0.007841226137535962,"비율",3
"면동초등학교","한식음식점","장곡초등학교","상주인구",-2019,"명",1
"면동초등학교","한식음식점","장곡초등학교","21~24 유동 비중",0.01000119342056191,"비율",2
"면동초등학교","한식음식점","장곡초등학교","00~06 유동 비중",-0.02717985854110122,"비율",3
"사가정역 1번","한식음식점","남천초등학교","유사 업종 점포 밀도",-3.3674504173932243,"개/10,000㎡",1
"사가정역 1번","한식음식점","남천초등학교","해당 업종 점포",-20,"개",2
"사가정역 1번","한식음식점","남천초등학교","프랜차이즈 점포",-2,"개",3
"면목역 3번","한식음식점","행당역 2번","프랜차이즈 점포",2,"개",1
"면목역 3번","한식음식점","행당역 2번","유사 업종 점포 밀도",-1.3010906863310323,"개/10,000㎡",2
"면목역 3번","한식음식점","행당역 2번","총 유동인구",-543755,"명",3
"사가정역 4번","한식음식점","북한산보국문역 2번","상권 면적",52767,"㎡",1
"사가정역 4번","한식음식점","북한산보국문역 2번","직장·상주 구조",-0.8495937599092089,"비율",2
"사가정역 4번","한식음식점","북한산보국문역 2번","프랜차이즈 점포",-1,"개",3
"상봉역 3번","한식음식점","푸른들청소년도서관","유사 업종 점포 밀도",-3.447647929536387,"개/10,000㎡",1
"상봉역 3번","한식음식점","푸른들청소년도서관","상주인구",3451,"명",2
"상봉역 3번","한식음식점","푸른들청소년도서관","상권 면적",81572,"㎡",3
"면목역 1번","한식음식점","난우중학교","직장·상주 구조",1.4720442180104882,"비율",1
"면목역 1번","한식음식점","난우중학교","상주인구",-2438,"명",2
"면목역 1번","한식음식점","난우중학교","총 유동인구",-735322,"명",3
"면목역 2번","한식음식점","동대부여고","상권 면적",-96221,"㎡",1
"면목역 2번","한식음식점","동대부여고","상주인구",-3237,"명",2
"면목역 2번","한식음식점","동대부여고","총 유동인구",-891508,"명",3
"망우역 1번","한식음식점","한일병원","상권 면적",-111956,"㎡",1
"망우역 1번","한식음식점","한일병원","06~11 유동 비중",0.007498907327793153,"비율",2
"망우역 1번","한식음식점","한일병원","직장·상주 구조",-0.7615243528603832,"비율",3
"면목동우체국","한식음식점","양지어린이공원","06~11 유동 비중",0.00590938322705184,"비율",1
"면목동우체국","한식음식점","양지어린이공원","해당 업종 점포",-7,"개",2
"면목동우체국","한식음식점","양지어린이공원","유사 업종 점포 밀도",-0.6378299922403057,"개/10,000㎡",3
"망우역 2번","한식음식점","연희대우아파트앞","남성 유동 비중",-0.03344712406583106,"비율",1
"망우역 2번","한식음식점","연희대우아파트앞","총 유동인구",-472175,"명",2
"망우역 2번","한식음식점","연희대우아파트앞","06~11 유동 비중",-0.006926391316752656,"비율",3
"망우3동주민센터","한식음식점","신금호역 4번","06~11 유동 비중",-0.013719039324602694,"비율",1
"망우3동주민센터","한식음식점","신금호역 4번","21~24 유동 비중",0.011031547014419468,"비율",2
"망우3동주민센터","한식음식점","신금호역 4번","17~21 유동 비중",0.015984195777759225,"비율",3
"용마문화복지센터","한식음식점","돌곶이역 5번","프랜차이즈 점포",4,"개",1
"용마문화복지센터","한식음식점","돌곶이역 5번","주말 유동 비중",0.014558307752066735,"비율",2
"용마문화복지센터","한식음식점","돌곶이역 5번","해당 업종 점포",7,"개",3
"혜원여고","한식음식점","종암초등학교","남성 유동 비중",0.03111503447505931,"비율",1
"혜원여고","한식음식점","종암초등학교","직장·상주 구조",1.4193868531088798,"비율",2
"혜원여고","한식음식점","종암초등학교","상주인구",-614,"명",3
"신내역 1번","한식음식점","온수역 1번","주말 유동 비중",-0.030054455328730523,"비율",1
"신내역 1번","한식음식점","온수역 1번","00~06 유동 비중",-0.040207090895613445,"비율",2
"신내역 1번","한식음식점","온수역 1번","06~11 유동 비중",0.009131253144701673,"비율",3
"신내1동주민센터","한식음식점","수락산디자인거리","프랜차이즈 점포",4,"개",1
"신내1동주민센터","한식음식점","수락산디자인거리","11~14 유동 비중",0.01995191859038989,"비율",2
"신내1동주민센터","한식음식점","수락산디자인거리","06~11 유동 비중",0.010253902069673582,"비율",3
"장스여성병원","한식음식점","행당역 2번","직장·상주 구조",-1.3742338870191615,"비율",1
"장스여성병원","한식음식점","행당역 2번","유사 업종 점포 밀도",-1.2798293564227547,"개/10,000㎡",2
"장스여성병원","한식음식점","행당역 2번","해당 업종 점포",-9,"개",3
"서일대학교","한식음식점","공항시장역 1번","06~11 유동 비중",0.005218797446364415,"비율",1
"서일대학교","한식음식점","공항시장역 1번","상권 면적",23115,"㎡",2
"서일대학교","한식음식점","공항시장역 1번","21~24 유동 비중",-0.0046142772052804315,"비율",3
"하나은행 망우동지점","한식음식점","방학초등학교","유사 업종 점포 밀도",-2.2405512880267335,"개/10,000㎡",1
"하나은행 망우동지점","한식음식점","방학초등학교","남성 유동 비중",-0.02116292684490856,"비율",2
"하나은행 망우동지점","한식음식점","방학초등학교","14~17 유동 비중",-0.010045223422083666,"비율",3
"러스크서울병원","한식음식점","망우본동주민센터","21~24 유동 비중",-0.011472807624929873,"비율",1
"러스크서울병원","한식음식점","망우본동주민센터","11~14 유동 비중",0.012404518441410883,"비율",2
"러스크서울병원","한식음식점","망우본동주민센터","06~11 유동 비중",0.00598779371205993,"비율",3
"망우본동주민센터","한식음식점","돌곶이역 8번","주말 유동 비중",-0.01874286264944175,"비율",1
"망우본동주민센터","한식음식점","돌곶이역 8번","21~24 유동 비중",0.009567569007730467,"비율",2
"망우본동주민센터","한식음식점","돌곶이역 8번","총 유동인구",487850,"명",3
"국민대학교앞","한식음식점","대방역 4번","17~21 유동 비중",0.021434001031275574,"비율",1
"국민대학교앞","한식음식점","대방역 4번","21~24 유동 비중",-0.008583401300480131,"비율",2
"국민대학교앞","한식음식점","대방역 4번","주말 유동 비중",-0.010371986368306607,"비율",3
"홍대부중","한식음식점","내방역 5번","프랜차이즈 점포",-3,"개",1
"홍대부중","한식음식점","내방역 5번","주말 유동 비중",-0.013142029864425309,"비율",2
"홍대부중","한식음식점","내방역 5번","총 유동인구",429132,"명",3
"한성대입구역 5번","한식음식점","새절역 3번","직장인구",-3544,"명",1
"한성대입구역 5번","한식음식점","새절역 3번","직장·상주 구조",-1.9923477916887338,"비율",2
"한성대입구역 5번","한식음식점","새절역 3번","남성 유동 비중",0.02780766498422227,"비율",3
"정릉3동주민센터","한식음식점","장승배기역 5번","남성 유동 비중",-0.03536260598288177,"비율",1
"정릉3동주민센터","한식음식점","장승배기역 5번","06~11 유동 비중",-0.014383821865525531,"비율",2
"정릉3동주민센터","한식음식점","장승배기역 5번","00~06 유동 비중",0.03259503821124998,"비율",3
"북한산보국문역 1번","한식음식점","송파책박물관","남성 유동 비중",0.03697078212571481,"비율",1
"북한산보국문역 1번","한식음식점","송파책박물관","06~11 유동 비중",-0.010983494783893294,"비율",2
"북한산보국문역 1번","한식음식점","송파책박물관","프랜차이즈 점포",-1,"개",3
"한성대입구역 3번","한식음식점","상월곡역 2번","상권 면적",-58332,"㎡",1
"한성대입구역 3번","한식음식점","상월곡역 2번","06~11 유동 비중",0.00818437476686576,"비율",2
"한성대입구역 3번","한식음식점","상월곡역 2번","총 유동인구",-380770,"명",3
"정릉역 2번","한식음식점","돌곶이역 3번","직장·상주 구조",-0.5030261413311665,"비율",1
"정릉역 2번","한식음식점","돌곶이역 3번","21~24 유동 비중",-0.004287387091298667,"비율",2
"정릉역 2번","한식음식점","돌곶이역 3번","총 유동인구",193999,"명",3
"삼선중학교","한식음식점","방이역 2번","직장인구",-1629,"명",1
"삼선중학교","한식음식점","방이역 2번","주말 유동 비중",0.021870954361435047,"비율",2
"삼선중학교","한식음식점","방이역 2번","총 유동인구",-324925,"명",3
"서경대학교","한식음식점","북가좌2동주민센터","21~24 유동 비중",-0.0065370378128288,"비율",1
"서경대학교","한식음식점","북가좌2동주민센터","프랜차이즈 점포",-1,"개",2
"서경대학교","한식음식점","북가좌2동주민센터","상주인구",-822,"명",3
"정릉우체국","한식음식점","암사역 3번(천호동자전거거리)","해당 업종 점포",17,"개",1
"정릉우체국","한식음식점","암사역 3번(천호동자전거거리)","유사 업종 점포 밀도",1.471162662087997,"개/10,000㎡",2
"정릉우체국","한식음식점","암사역 3번(천호동자전거거리)","프랜차이즈 점포",-1,"개",3
"성신여대입구역 4번","한식음식점","수유동우체국","직장·상주 구조",-1.1095650489566902,"비율",1
"성신여대입구역 4번","한식음식점","수유동우체국","21~24 유동 비중",0.010543012999324544,"비율",2
"성신여대입구역 4번","한식음식점","수유동우체국","06~11 유동 비중",-0.007442480406972679,"비율",3
"경동고등학교","한식음식점","둔촌동역 1번(한산중학교)","총 유동인구",518880,"명",1
"경동고등학교","한식음식점","둔촌동역 1번(한산중학교)","남성 유동 비중",0.016832049283789008,"비율",2
"경동고등학교","한식음식점","둔촌동역 1번(한산중학교)","17~21 유동 비중",-0.013446673280485516,"비율",3
"정릉역 1번","한식음식점","석계역 7번","해당 업종 점포",40,"개",1
"정릉역 1번","한식음식점","석계역 7번","유사 업종 점포 밀도",2.8444005691336103,"개/10,000㎡",2
"정릉역 1번","한식음식점","석계역 7번","프랜차이즈 점포",3,"개",3
"삼선동주민센터","한식음식점","숙대입구","프랜차이즈 점포",9,"개",1
"삼선동주민센터","한식음식점","숙대입구","남성 유동 비중",-0.045953631550302465,"비율",2
"삼선동주민센터","한식음식점","숙대입구","총 유동인구",-841958,"명",3
"성신여대입구역 7번","한식음식점","정릉우체국","남성 유동 비중",0.053905153169680586,"비율",1
"성신여대입구역 7번","한식음식점","정릉우체국","상주인구",1832,"명",2
"성신여대입구역 7번","한식음식점","정릉우체국","총 유동인구",-550612,"명",3
"보문역 8번","한식음식점","구암초등학교","06~11 유동 비중",-0.0074808730066594775,"비율",1
"보문역 8번","한식음식점","구암초등학교","직장·상주 구조",0.7178953898102014,"비율",2
"보문역 8번","한식음식점","구암초등학교","상주인구",-1198,"명",3
"성신여대입구역 1번","한식음식점","효창공원앞역 2번","남성 유동 비중",0.057529267337524004,"비율",1
"성신여대입구역 1번","한식음식점","효창공원앞역 2번","직장·상주 구조",1.0244115263129663,"비율",2
"성신여대입구역 1번","한식음식점","효창공원앞역 2번","06~11 유동 비중",0.008680075386414854,"비율",3
"보문역 4번","한식음식점","상왕십리역 3번","06~11 유동 비중",-0.011066277462433133,"비율",1
"보문역 4번","한식음식점","상왕십리역 3번","프랜차이즈 점포",-2,"개",2
"보문역 4번","한식음식점","상왕십리역 3번","남성 유동 비중",0.020054543753364018,"비율",3
"보문역 5번","한식음식점","성심여자고등학교","총 유동인구",-753524,"명",1
"보문역 5번","한식음식점","성심여자고등학교","11~14 유동 비중",0.006355393830674377,"비율",2
"보문역 5번","한식음식점","성심여자고등학교","직장인구",-385,"명",3
"길음역 7번","한식음식점","홍대입구역 3번","06~11 유동 비중",-0.05921010331849563,"비율",1
"길음역 7번","한식음식점","홍대입구역 3번","14~17 유동 비중",0.044408705381447366,"비율",2
"길음역 7번","한식음식점","홍대입구역 3번","직장·상주 구조",-2.3213670593995417,"비율",3
"길음역 8번","한식음식점","수유동우체국","직장·상주 구조",1.1364031256655167,"비율",1
"길음역 8번","한식음식점","수유동우체국","21~24 유동 비중",0.009155843278317755,"비율",2
"길음역 8번","한식음식점","수유동우체국","주말 유동 비중",-0.01339632368885113,"비율",3
"안암역 2번","한식음식점","대림성모병원","주말 유동 비중",0.07949684135936352,"비율",1
"안암역 2번","한식음식점","대림성모병원","21~24 유동 비중",0.0173439741831512,"비율",2
"안암역 2번","한식음식점","대림성모병원","프랜차이즈 점포",3,"개",3
"안암역 3번","한식음식점","광운대역 1번","프랜차이즈 점포",-8,"개",1
"안암역 3번","한식음식점","광운대역 1번","06~11 유동 비중",0.022847555754889615,"비율",2
"안암역 3번","한식음식점","광운대역 1번","총 유동인구",-1324946,"명",3
"종암경찰서","한식음식점","방이역 1번","직장인구",1497,"명",1
"종암경찰서","한식음식점","방이역 1번","유사 업종 점포 밀도",-1.3666481039215048,"개/10,000㎡",2
"종암경찰서","한식음식점","방이역 1번","00~06 유동 비중",-0.03896884631553657,"비율",3
"종암아이파크2차","한식음식점","방배아이파크아파트","직장인구",-1710,"명",1
"종암아이파크2차","한식음식점","방배아이파크아파트","총 유동인구",-629600,"명",2
"종암아이파크2차","한식음식점","방배아이파크아파트","21~24 유동 비중",-0.009130655885135092,"비율",3
"숭곡초등학교","한식음식점","숙대입구","프랜차이즈 점포",9,"개",1
"숭곡초등학교","한식음식점","숙대입구","남성 유동 비중",-0.08478558732323543,"비율",2
"숭곡초등학교","한식음식점","숙대입구","주말 유동 비중",-0.02091550652776264,"비율",3
"종암중학교","한식음식점","청계천박물관","남성 유동 비중",0.02829342786170458,"비율",1
"종암중학교","한식음식점","청계천박물관","유사 업종 점포 밀도",-1.6633081243748047,"개/10,000㎡",2
"종암중학교","한식음식점","청계천박물관","해당 업종 점포",-15,"개",3
"KT월곡지사","한식음식점","상왕십리역 3번","06~11 유동 비중",0.012978104586025996,"비율",1
"KT월곡지사","한식음식점","상왕십리역 3번","총 유동인구",-766709,"명",2
"KT월곡지사","한식음식점","상왕십리역 3번","14~17 유동 비중",-0.021966180504149585,"비율",3
"종암동주민센터","한식음식점","신정롯데캐슬아파트","프랜차이즈 점포",-2,"개",1
"종암동주민센터","한식음식점","신정롯데캐슬아파트","직장인구",753,"명",2
"종암동주민센터","한식음식점","신정롯데캐슬아파트","남성 유동 비중",-0.014471552826258005,"비율",3
"KB국민은행 종암동지점","한식음식점","광나루역 1번","직장인구",-2146,"명",1
"KB국민은행 종암동지점","한식음식점","광나루역 1번","직장·상주 구조",-1.2661618993086918,"비율",2
"KB국민은행 종암동지점","한식음식점","광나루역 1번","남성 유동 비중",-0.019561288728216497,"비율",3
"장위1동주민센터","한식음식점","상도4동주민센터","남성 유동 비중",-0.0296408194940051,"비율",1
"장위1동주민센터","한식음식점","상도4동주민센터","06~11 유동 비중",-0.008130545339330275,"비율",2
"장위1동주민센터","한식음식점","상도4동주민센터","상권 면적",-27768,"㎡",3
"상월곡역 1번","한식음식점","쌍문2동우체국","남성 유동 비중",0.04759348060749896,"비율",1
"상월곡역 1번","한식음식점","쌍문2동우체국","프랜차이즈 점포",2,"개",2
"상월곡역 1번","한식음식점","쌍문2동우체국","해당 업종 점포",12,"개",3
"장곡초등학교","한식음식점","독산2동주민센터","프랜차이즈 점포",3,"개",1
"장곡초등학교","한식음식점","독산2동주민센터","총 유동인구",-615376,"명",2
"장곡초등학교","한식음식점","독산2동주민센터","유사 업종 점포 밀도",0.7864062178092883,"개/10,000㎡",3
"상월곡역 2번","한식음식점","돌곶이역 8번","총 유동인구",-510523,"명",1
"상월곡역 2번","한식음식점","돌곶이역 8번","21~24 유동 비중",-0.006819215583458271,"비율",2
"상월곡역 2번","한식음식점","돌곶이역 8번","프랜차이즈 점포",1,"개",3
"상월곡역 3번","한식음식점","한성대입구역 5번","직장인구",2362,"명",1
"상월곡역 3번","한식음식점","한성대입구역 5번","남성 유동 비중",-0.022456500490599274,"비율",2
"상월곡역 3번","한식음식점","한성대입구역 5번","직장·상주 구조",0.7291081390068239,"비율",3
"우리은행체육관","한식음식점","석관중앙교회","총 유동인구",1013624,"명",1
"우리은행체육관","한식음식점","석관중앙교회","주말 유동 비중",0.01082942618769911,"비율",2
"우리은행체육관","한식음식점","석관중앙교회","직장·상주 구조",-0.6730423989417238,"비율",3
"돌곶이역 1번","한식음식점","서울여자간호대학교","06~11 유동 비중",-0.021916185870486188,"비율",1
"돌곶이역 1번","한식음식점","서울여자간호대학교","21~24 유동 비중",0.008369389098530827,"비율",2
"돌곶이역 1번","한식음식점","서울여자간호대학교","남성 유동 비중",0.011297565237316398,"비율",3
"돌곶이역 3번","한식음식점","종암초등학교","남성 유동 비중",0.03161804566957149,"비율",1
"돌곶이역 3번","한식음식점","종암초등학교","유사 업종 점포 밀도",-0.86666328620019,"개/10,000㎡",2
"돌곶이역 3번","한식음식점","종암초등학교","프랜차이즈 점포",-1,"개",3
"돌곶이역 5번","한식음식점","장스여성병원","프랜차이즈 점포",-2,"개",1
"돌곶이역 5번","한식음식점","장스여성병원","11~14 유동 비중",-0.013403820370411407,"비율",2
"돌곶이역 5번","한식음식점","장스여성병원","21~24 유동 비중",0.008076470077834935,"비율",3
"석계역 7번","한식음식점","경춘선숲길 우측","해당 업종 점포",-20,"개",1
"석계역 7번","한식음식점","경춘선숲길 우측","프랜차이즈 점포",-2,"개",2
"석계역 7번","한식음식점","경춘선숲길 우측","남성 유동 비중",0.02246107986588225,"비율",3
"석관고등학교","한식음식점","난향초등학교","유사 업종 점포 밀도",-1.2408421396863907,"개/10,000㎡",1
"석관고등학교","한식음식점","난향초등학교","해당 업종 점포",-7,"개",2
"석관고등학교","한식음식점","난향초등학교","11~14 유동 비중",0.008002673562331114,"비율",3
"아카데미하우스","한식음식점","대림1동주민센터","남성 유동 비중",0.03878953787543893,"비율",1
"아카데미하우스","한식음식점","대림1동주민센터","11~14 유동 비중",-0.014208620397133734,"비율",2
"아카데미하우스","한식음식점","대림1동주민센터","17~21 유동 비중",0.013791644225829347,"비율",3
"인수중학교","한식음식점","영천시장입구","총 유동인구",485150,"명",1
"인수중학교","한식음식점","영천시장입구","21~24 유동 비중",0.006156553647492846,"비율",2
"인수중학교","한식음식점","영천시장입구","남성 유동 비중",0.006970859062795487,"비율",3
"무너미어린이공원","한식음식점","도봉우체국","상주인구",-1813,"명",1
"무너미어린이공원","한식음식점","도봉우체국","상권 면적",-49886,"㎡",2
"무너미어린이공원","한식음식점","도봉우체국","유사 업종 점포 밀도",0.52297753391953,"개/10,000㎡",3
"화계중학교","한식음식점","봉원사","남성 유동 비중",-0.16433345995066623,"비율",1
"화계중학교","한식음식점","봉원사","06~11 유동 비중",-0.014853273760333519,"비율",2
"화계중학교","한식음식점","봉원사","직장·상주 구조",-1.6572164427286875,"비율",3
"솔밭공원역 2번","한식음식점","연신내역 2번","06~11 유동 비중",-0.014614382245921681,"비율",1
"솔밭공원역 2번","한식음식점","연신내역 2번","21~24 유동 비중",0.009955174998599992,"비율",2
"솔밭공원역 2번","한식음식점","연신내역 2번","총 유동인구",373012,"명",3
"4.19민주묘지역 2번","한식음식점","장스여성병원","남성 유동 비중",0.043678023251899956,"비율",1
"4.19민주묘지역 2번","한식음식점","장스여성병원","프랜차이즈 점포",2,"개",2
"4.19민주묘지역 2번","한식음식점","장스여성병원","17~21 유동 비중",0.012914338291179994,"비율",3
"강북문화예술회관","한식음식점","굽은다리역 2번","총 유동인구",-697957,"명",1
"강북문화예술회관","한식음식점","굽은다리역 2번","06~11 유동 비중",0.008008841797485677,"비율",2
"강북문화예술회관","한식음식점","굽은다리역 2번","상권 면적",-34651,"㎡",3
"가오리역 2번","한식음식점","오류지구대","주말 유동 비중",0.016545849242143862,"비율",1
"가오리역 2번","한식음식점","오류지구대","06~11 유동 비중",-0.008349471342623427,"비율",2
"가오리역 2번","한식음식점","오류지구대","남성 유동 비중",-0.006875336198646276,"비율",3
"수유북부시장옆","한식음식점","국립국악고등학교","직장·상주 구조",0.6239649917897188,"비율",1
"수유북부시장옆","한식음식점","국립국악고등학교","남성 유동 비중",-0.011712435635762797,"비율",2
"수유북부시장옆","한식음식점","국립국악고등학교","상권 면적",-22797,"㎡",3
"수유1동주민센터","한식음식점","세명컴퓨터고등학교","총 유동인구",-649928,"명",1
"수유1동주민센터","한식음식점","세명컴퓨터고등학교","06~11 유동 비중",0.004042799902722882,"비율",2
"수유1동주민센터","한식음식점","세명컴퓨터고등학교","해당 업종 점포",-6,"개",3
"삼각산119안전센터","한식음식점","약수역 7번","직장인구",3267,"명",1
"삼각산119안전센터","한식음식점","약수역 7번","직장·상주 구조",1.7656680255657857,"비율",2
"삼각산119안전센터","한식음식점","약수역 7번","21~24 유동 비중",0.007410604648376076,"비율",3
"삼양사거리역 2번","한식음식점","미아역 5번","총 유동인구",660438,"명",1
"삼양사거리역 2번","한식음식점","미아역 5번","남성 유동 비중",-0.022733506628337397,"비율",2
"삼양사거리역 2번","한식음식점","미아역 5번","상주인구",1719,"명",3
"덕수교","한식음식점","신금호역 4번","남성 유동 비중",0.03938006136362304,"비율",1
"덕수교","한식음식점","신금호역 4번","직장·상주 구조",-1.0110290144194716,"비율",2
"덕수교","한식음식점","신금호역 4번","상권 면적",-35224,"㎡",3
"가오리역 1번","한식음식점","수유동우체국","남성 유동 비중",-0.01833762808288375,"비율",1
"가오리역 1번","한식음식점","수유동우체국","프랜차이즈 점포",1,"개",2
"가오리역 1번","한식음식점","수유동우체국","상권 면적",27308,"㎡",3
"인수동 우편취급국","한식음식점","마장역 3번","상권 면적",58098,"㎡",1
"인수동 우편취급국","한식음식점","마장역 3번","06~11 유동 비중",0.007451517311668793,"비율",2
"인수동 우편취급국","한식음식점","마장역 3번","상주인구",-865,"명",3
"수유시장옆","한식음식점","중곡3동주민센터","총 유동인구",1063464,"명",1
"수유시장옆","한식음식점","중곡3동주민센터","해당 업종 점포",13,"개",2
"수유시장옆","한식음식점","중곡3동주민센터","직장·상주 구조",0.7850472254079257,"비율",3
"수유초등학교","한식음식점","도봉구보건소","17~21 유동 비중",0.010040106418190142,"비율",1
"수유초등학교","한식음식점","도봉구보건소","프랜차이즈 점포",-1,"개",2
"수유초등학교","한식음식점","도봉구보건소","00~06 유동 비중",-0.018244186902711124,"비율",3
"삼양사거리역 1번","한식음식점","길음역 8번","06~11 유동 비중",-0.010642265194889672,"비율",1
"삼양사거리역 1번","한식음식점","길음역 8번","주말 유동 비중",0.017596923818741284,"비율",2
"삼양사거리역 1번","한식음식점","길음역 8번","17~21 유동 비중",0.017581906488752297,"비율",3
"우이천 계성교","한식음식점","증산역 3번","직장·상주 구조",0.7984038332884902,"비율",1
"우이천 계성교","한식음식점","증산역 3번","총 유동인구",315932,"명",2
"우이천 계성교","한식음식점","증산역 3번","남성 유동 비중",0.00967071485963028,"비율",3
"송천동주민센터","한식음식점","동대문경찰서","직장·상주 구조",1.151214778595119,"비율",1
"송천동주민센터","한식음식점","동대문경찰서","남성 유동 비중",0.019162857640228736,"비율",2
"송천동주민센터","한식음식점","동대문경찰서","14~17 유동 비중",0.01086728397322978,"비율",3
"미아역 8번","한식음식점","천호지구대(천호동자전거거리)","총 유동인구",-902159,"명",1
"미아역 8번","한식음식점","천호지구대(천호동자전거거리)","직장·상주 구조",0.9991038732552076,"비율",2
"미아역 8번","한식음식점","천호지구대(천호동자전거거리)","남성 유동 비중",0.01942353466935659,"비율",3
"미아역 5번","한식음식점","새터산","총 유동인구",-1145284,"명",1
"미아역 5번","한식음식점","새터산","직장·상주 구조",1.7465109109131758,"비율",2
"미아역 5번","한식음식점","새터산","상주인구",-2007,"명",3
"광산사거리","한식음식점","불광역 3번","해당 업종 점포",-10,"개",1
"광산사거리","한식음식점","불광역 3번","남성 유동 비중",-0.013210222148297202,"비율",2
"광산사거리","한식음식점","불광역 3번","상권 면적",-26239,"㎡",3
"강북구청","한식음식점","신길6동주민센터","총 유동인구",-670651,"명",1
"강북구청","한식음식점","신길6동주민센터","프랜차이즈 점포",2,"개",2
"강북구청","한식음식점","신길6동주민센터","06~11 유동 비중",0.005896460447280677,"비율",3
"송천초등학교","한식음식점","충정로역 6번","직장·상주 구조",2.236300858104525,"비율",1
"송천초등학교","한식음식점","충정로역 6번","주말 유동 비중",-0.02071928271763246,"비율",2
"송천초등학교","한식음식점","충정로역 6번","총 유동인구",-657565,"명",3
"성신여대운정그린캠퍼스","한식음식점","중곡3동주민센터","총 유동인구",1218991,"명",1
"성신여대운정그린캠퍼스","한식음식점","중곡3동주민센터","남성 유동 비중",0.028226234789399396,"비율",2
"성신여대운정그린캠퍼스","한식음식점","중곡3동주민센터","유사 업종 점포 밀도",-1.5602390843324376,"개/10,000㎡",3
"도봉세무서","한식음식점","천호역 1번(천호문구완구거리)","상권 면적",-39719,"㎡",1
"도봉세무서","한식음식점","천호역 1번(천호문구완구거리)","해당 업종 점포",-7,"개",2
"도봉세무서","한식음식점","천호역 1번(천호문구완구거리)","17~21 유동 비중",-0.008192797478080244,"비율",3
"삼양입구사거리","한식음식점","시립대앞사거리","직장·상주 구조",-1.6880288436000583,"비율",1
"삼양입구사거리","한식음식점","시립대앞사거리","유사 업종 점포 밀도",1.3613032693352842,"개/10,000㎡",2
"삼양입구사거리","한식음식점","시립대앞사거리","해당 업종 점포",-12,"개",3
"강북중학교","한식음식점","면목역 3번","17~21 유동 비중",0.014275611216018669,"비율",1
"강북중학교","한식음식점","면목역 3번","프랜차이즈 점포",1,"개",2
"강북중학교","한식음식점","면목역 3번","00~06 유동 비중",-0.02038622086139874,"비율",3
"수유역 2번","한식음식점","암사역 3번(천호동자전거거리)","상주인구",2774,"명",1
"수유역 2번","한식음식점","암사역 3번(천호동자전거거리)","상권 면적",44563,"㎡",2
"수유역 2번","한식음식점","암사역 3번(천호동자전거거리)","해당 업종 점포",10,"개",3
"송중초등학교","한식음식점","서일대학교","총 유동인구",-694794,"명",1
"송중초등학교","한식음식점","서일대학교","남성 유동 비중",0.020142312127661877,"비율",2
"송중초등학교","한식음식점","서일대학교","상권 면적",-40276,"㎡",3
"서울북부고용노동지청","한식음식점","상왕십리역 6번","남성 유동 비중",-0.057478899384830806,"비율",1
"서울북부고용노동지청","한식음식점","상왕십리역 6번","총 유동인구",578704,"명",2
"서울북부고용노동지청","한식음식점","상왕십리역 6번","06~11 유동 비중",0.007574872867844862,"비율",3
"수송초등학교","한식음식점","신창초등학교","상권 면적",88214,"㎡",1
"수송초등학교","한식음식점","신창초등학교","상주인구",1987,"명",2
"수송초등학교","한식음식점","신창초등학교","총 유동인구",583898,"명",3
"미아사거리역 3번","한식음식점","흑리단길","프랜차이즈 점포",3,"개",1
"미아사거리역 3번","한식음식점","흑리단길","17~21 유동 비중",0.018815667059855268,"비율",2
"미아사거리역 3번","한식음식점","흑리단길","11~14 유동 비중",-0.014819626954916038,"비율",3
"송중동주민센터","한식음식점","신금호역 4번","유사 업종 점포 밀도",-0.83401754116821,"개/10,000㎡",1
"송중동주민센터","한식음식점","신금호역 4번","남성 유동 비중",0.012759148339520576,"비율",2
"송중동주민센터","한식음식점","신금호역 4번","프랜차이즈 점포",-1,"개",3
"번동주공2단지","한식음식점","천호태영아파트","06~11 유동 비중",-0.012159895613528537,"비율",1
"번동주공2단지","한식음식점","천호태영아파트","유사 업종 점포 밀도",-1.2409685097095506,"개/10,000㎡",2
"번동주공2단지","한식음식점","천호태영아파트","주말 유동 비중",0.010736806444719194,"비율",3
"솔밭공원역 1번","한식음식점","대원고등학교","남성 유동 비중",0.047691000157782215,"비율",1
"솔밭공원역 1번","한식음식점","대원고등학교","14~17 유동 비중",-0.0205426484084133,"비율",2
"솔밭공원역 1번","한식음식점","대원고등학교","11~14 유동 비중",-0.01752943868291862,"비율",3
"덕성여대시반거리","한식음식점","신구중학교","21~24 유동 비중",-0.03601623412978326,"비율",1
"덕성여대시반거리","한식음식점","신구중학교","남성 유동 비중",0.05393928031307371,"비율",2
"덕성여대시반거리","한식음식점","신구중학교","11~14 유동 비중",0.03870390268941831,"비율",3
"쌍문초등학교","한식음식점","오류동역 3번","직장·상주 구조",1.1409862074050912,"비율",1
"쌍문초등학교","한식음식점","오류동역 3번","상주인구",-1771,"명",2
"쌍문초등학교","한식음식점","오류동역 3번","상권 면적",-28053,"㎡",3
"도봉우체국","한식음식점","신금호역 4번","남성 유동 비중",0.016425244451408083,"비율",1
"도봉우체국","한식음식점","신금호역 4번","총 유동인구",400435,"명",2
"도봉우체국","한식음식점","신금호역 4번","00~06 유동 비중",0.01800284344157499,"비율",3
"한일병원","한식음식점","화랑대역 7번","21~24 유동 비중",-0.00723486092280104,"비율",1
"한일병원","한식음식점","화랑대역 7번","직장·상주 구조",-0.6827549921588796,"비율",2
"한일병원","한식음식점","화랑대역 7번","남성 유동 비중",0.011435996734967535,"비율",3
"샘말어린이공원","한식음식점","북한산보국문역 2번","상권 면적",-83131,"㎡",1
"샘말어린이공원","한식음식점","북한산보국문역 2번","총 유동인구",783107,"명",2
"샘말어린이공원","한식음식점","북한산보국문역 2번","06~11 유동 비중",-0.010151557557378399,"비율",3
"국민은행방학지점","한식음식점","신정네거리역 4번","06~11 유동 비중",0.013340489579368314,"비율",1
"국민은행방학지점","한식음식점","신정네거리역 4번","17~21 유동 비중",-0.022193213448804344,"비율",2
"국민은행방학지점","한식음식점","신정네거리역 4번","남성 유동 비중",0.024399785019527997,"비율",3
"방학중학교","한식음식점","능동우편취급국","06~11 유동 비중",0.018187296012498827,"비율",1
"방학중학교","한식음식점","능동우편취급국","17~21 유동 비중",-0.015170167967834824,"비율",2
"방학중학교","한식음식점","능동우편취급국","14~17 유동 비중",-0.014075098891878426,"비율",3
"신한은행 방학동지점","한식음식점","상계제일중학교","남성 유동 비중",0.022367576418963586,"비율",1
"신한은행 방학동지점","한식음식점","상계제일중학교","유사 업종 점포 밀도",-1.1737475134971491,"개/10,000㎡",2
"신한은행 방학동지점","한식음식점","상계제일중학교","해당 업종 점포",-8,"개",3
"쌍문역1번(쌍리단길)","한식음식점","용마문화복지센터","유사 업종 점포 밀도",-1.5566433863246218,"개/10,000㎡",1
"쌍문역1번(쌍리단길)","한식음식점","용마문화복지센터","06~11 유동 비중",-0.00625845151524429,"비율",2
"쌍문역1번(쌍리단길)","한식음식점","용마문화복지센터","주말 유동 비중",-0.010967513319397493,"비율",3
"도봉산입구","한식음식점","상도역 5번","상권 면적",-302172,"㎡",1
"도봉산입구","한식음식점","상도역 5번","해당 업종 점포",-33,"개",2
"도봉산입구","한식음식점","상도역 5번","상주인구",2076,"명",3
"쌍문2동우체국","한식음식점","장스여성병원","프랜차이즈 점포",-3,"개",1
"쌍문2동우체국","한식음식점","장스여성병원","해당 업종 점포",-16,"개",2
"쌍문2동우체국","한식음식점","장스여성병원","총 유동인구",-414103,"명",3
"창2동주민센터","한식음식점","강동구립성내도서관","총 유동인구",839730,"명",1
"창2동주민센터","한식음식점","강동구립성내도서관","상주인구",1551,"명",2
"창2동주민센터","한식음식점","강동구립성내도서관","상권 면적",42761,"㎡",3
"도봉구보건소","한식음식점","수유역 2번","해당 업종 점포",-16,"개",1
"도봉구보건소","한식음식점","수유역 2번","상권 면적",-38567,"㎡",2
"도봉구보건소","한식음식점","수유역 2번","프랜차이즈 점포",-1,"개",3
"도봉구민회관","한식음식점","불광역 8번","유사 업종 점포 밀도",2.079613127984863,"개/10,000㎡",1
"도봉구민회관","한식음식점","불광역 8번","남성 유동 비중",-0.023716423035098855,"비율",2
"도봉구민회관","한식음식점","불광역 8번","프랜차이즈 점포",-2,"개",3
"도봉구 정병원","한식음식점","망우본동주민센터","남성 유동 비중",-0.025117373548042277,"비율",1
"도봉구 정병원","한식음식점","망우본동주민센터","프랜차이즈 점포",2,"개",2
"도봉구 정병원","한식음식점","망우본동주민센터","17~21 유동 비중",-0.014993461678774384,"비율",3
"방학1동주민센터","한식음식점","신내1동주민센터","해당 업종 점포",27,"개",1
"방학1동주민센터","한식음식점","신내1동주민센터","유사 업종 점포 밀도",2.01541096865715,"개/10,000㎡",2
"방학1동주민센터","한식음식점","신내1동주민센터","상주인구",-2153,"명",3
"신창초등학교","한식음식점","굽은다리역 1번(십자성마을)","상권 면적",-143888,"㎡",1
"신창초등학교","한식음식점","굽은다리역 1번(십자성마을)","해당 업종 점포",-37,"개",2
"신창초등학교","한식음식점","굽은다리역 1번(십자성마을)","총 유동인구",-1002926,"명",3
"방학역 1번","한식음식점","숭실대입구역 1번","해당 업종 점포",-34,"개",1
"방학역 1번","한식음식점","숭실대입구역 1번","유사 업종 점포 밀도",-1.5873780677859615,"개/10,000㎡",2
"방학역 1번","한식음식점","숭실대입구역 1번","상주인구",-2206,"명",3
"도봉역 2번","한식음식점","신월1동주민센터","상권 면적",-273335,"㎡",1
"도봉역 2번","한식음식점","신월1동주민센터","해당 업종 점포",-22,"개",2
"도봉역 2번","한식음식점","신월1동주민센터","프랜차이즈 점포",2,"개",3
"가인초등학교","한식음식점","도봉구민회관","프랜차이즈 점포",2,"개",1
"가인초등학교","한식음식점","도봉구민회관","주말 유동 비중",-0.012496391331411782,"비율",2
"가인초등학교","한식음식점","도봉구민회관","00~06 유동 비중",-0.02121558579892166,"비율",3
"창동역 2번","한식음식점","홍대땡땡거리","프랜차이즈 점포",2,"개",1
"창동역 2번","한식음식점","홍대땡땡거리","17~21 유동 비중",-0.015526530803199684,"비율",2
"창동역 2번","한식음식점","홍대땡땡거리","주말 유동 비중",-0.012230343661740084,"비율",3
"방학역 2번","한식음식점","수락산디자인거리","프랜차이즈 점포",6,"개",1
"방학역 2번","한식음식점","수락산디자인거리","해당 업종 점포",28,"개",2
"방학역 2번","한식음식점","수락산디자인거리","유사 업종 점포 밀도",2.348513568640176,"개/10,000㎡",3
"도봉역 3번","한식음식점","영등포구청역 6번","유사 업종 점포 밀도",2.417557433323272,"개/10,000㎡",1
"도봉역 3번","한식음식점","영등포구청역 6번","상권 면적",-43028,"㎡",2
"도봉역 3번","한식음식점","영등포구청역 6번","06~11 유동 비중",-0.005718717268593049,"비율",3
"창동중학교","한식음식점","아현역 1번","남성 유동 비중",-0.0423281283829095,"비율",1
"창동중학교","한식음식점","아현역 1번","유사 업종 점포 밀도",2.0151613686130947,"개/10,000㎡",2
"창동중학교","한식음식점","아현역 1번","21~24 유동 비중",0.005165844463558125,"비율",3
"노원초등학교","한식음식점","방학초등학교","유사 업종 점포 밀도",1.1312140620968645,"개/10,000㎡",1
"노원초등학교","한식음식점","방학초등학교","주말 유동 비중",-0.011687321370289716,"비율",2
"노원초등학교","한식음식점","방학초등학교","17~21 유동 비중",0.01225638391758177,"비율",3
"월계역 3번","한식음식점","중곡어린이공원","주말 유동 비중",0.028681156405803487,"비율",1
"월계역 3번","한식음식점","중곡어린이공원","직장·상주 구조",1.4018308709876863,"비율",2
"월계역 3번","한식음식점","중곡어린이공원","06~11 유동 비중",-0.006645188949861908,"비율",3
"광운대학교 남단","한식음식점","신광명마을","총 유동인구",-730634,"명",1
"광운대학교 남단","한식음식점","신광명마을","06~11 유동 비중",0.010087682654747826,"비율",2
"광운대학교 남단","한식음식점","신광명마을","14~17 유동 비중",0.01604172926690256,"비율",3
"수락산디자인거리","한식음식점","상계역","유사 업종 점포 밀도",9.882096121910527,"개/10,000㎡",1
"수락산디자인거리","한식음식점","상계역","17~21 유동 비중",0.03364575239897752,"비율",2
"수락산디자인거리","한식음식점","상계역","06~11 유동 비중",-0.013201242601508817,"비율",3
"광운대역 1번","한식음식점","가산동주민센터","유사 업종 점포 밀도",2.519623600745321,"개/10,000㎡",1
"광운대역 1번","한식음식점","가산동주민센터","주말 유동 비중",-0.02205033840598422,"비율",2
"광운대역 1번","한식음식점","가산동주민센터","21~24 유동 비중",-0.012216811958311383,"비율",3
"석계역 1번","한식음식점","그라운드 고척","프랜차이즈 점포",6,"개",1
"석계역 1번","한식음식점","그라운드 고척","21~24 유동 비중",-0.01764119794736352,"비율",2
"석계역 1번","한식음식점","그라운드 고척","유사 업종 점포 밀도",2.1549943788349815,"개/10,000㎡",3
"석계역 2번","한식음식점","홍릉시장","06~11 유동 비중",0.018718120049091153,"비율",1
"석계역 2번","한식음식점","홍릉시장","17~21 유동 비중",-0.032426928124160675,"비율",2
"석계역 2번","한식음식점","홍릉시장","유사 업종 점포 밀도",-1.2640206251768,"개/10,000㎡",3
"상계초등학교","한식음식점","수유초등학교","총 유동인구",-1052755,"명",1
"상계초등학교","한식음식점","수유초등학교","유사 업종 점포 밀도",-2.247212121199425,"개/10,000㎡",2
"상계초등학교","한식음식점","수유초등학교","프랜차이즈 점포",-3,"개",3
"계상초등학교","한식음식점","장승배기역 4번","프랜차이즈 점포",3,"개",1
"계상초등학교","한식음식점","장승배기역 4번","주말 유동 비중",-0.014126174660626378,"비율",2
"계상초등학교","한식음식점","장승배기역 4번","06~11 유동 비중",0.0068991673631269845,"비율",3
"상계2동주민센터","한식음식점","구로4동주민센터","주말 유동 비중",-0.010327849698233416,"비율",1
"상계2동주민센터","한식음식점","구로4동주민센터","프랜차이즈 점포",-1,"개",2
"상계2동주민센터","한식음식점","구로4동주민센터","06~11 유동 비중",-0.004890112937154328,"비율",3
"상계5동주민센터","한식음식점","까치산역 4번","상주인구",4281,"명",1
"상계5동주민센터","한식음식점","까치산역 4번","프랜차이즈 점포",-4,"개",2
"상계5동주민센터","한식음식점","까치산역 4번","상권 면적",58500,"㎡",3
"공릉동 국수거리","한식음식점","장안근린공원","해당 업종 점포",-16,"개",1
"공릉동 국수거리","한식음식점","장안근린공원","직장인구",-1226,"명",2
"공릉동 국수거리","한식음식점","장안근린공원","유사 업종 점포 밀도",-1.3068678366918274,"개/10,000㎡",3
"중계초등학교","한식음식점","삼성중앙역 5번","21~24 유동 비중",-0.0405037831591709,"비율",1
"중계초등학교","한식음식점","삼성중앙역 5번","11~14 유동 비중",0.06399185138975233,"비율",2
"중계초등학교","한식음식점","삼성중앙역 5번","14~17 유동 비중",0.05823614387497544,"비율",3
"상계역","한식음식점","촬영소사거리","유사 업종 점포 밀도",-12.518527852196177,"개/10,000㎡",1
"상계역","한식음식점","촬영소사거리","프랜차이즈 점포",-10,"개",2
"상계역","한식음식점","촬영소사거리","해당 업종 점포",-70,"개",3
"대진고등학교","한식음식점","성원어린이공원","주말 유동 비중",-0.02893686321521688,"비율",1
"대진고등학교","한식음식점","성원어린이공원","06~11 유동 비중",-0.0119553518430211,"비율",2
"대진고등학교","한식음식점","성원어린이공원","유사 업종 점포 밀도",-0.9107406211249442,"개/10,000㎡",3
"공릉역 2번","한식음식점","신길2동우편취급국","상주인구",-1694,"명",1
"공릉역 2번","한식음식점","신길2동우편취급국","21~24 유동 비중",-0.007243060868272699,"비율",2
"공릉역 2번","한식음식점","신길2동우편취급국","남성 유동 비중",0.009358133803990254,"비율",3
"태릉입구역 4번","한식음식점","돌곶이역 3번","남성 유동 비중",0.017430420584730266,"비율",1
"태릉입구역 4번","한식음식점","돌곶이역 3번","17~21 유동 비중",-0.010942269162215856,"비율",2
"태릉입구역 4번","한식음식점","돌곶이역 3번","유사 업종 점포 밀도",0.7763985812252743,"개/10,000㎡",3
"서울과학기술대","한식음식점","문정동성당","유사 업종 점포 밀도",-7.668721709645297,"개/10,000㎡",1
"서울과학기술대","한식음식점","문정동성당","주말 유동 비중",0.020053608899082753,"비율",2
"서울과학기술대","한식음식점","문정동성당","프랜차이즈 점포",-2,"개",3
"당고개역 2번","한식음식점","신길3동주민센터","06~11 유동 비중",-0.00640474817595052,"비율",1
"당고개역 2번","한식음식점","신길3동주민센터","주말 유동 비중",0.008617404752223445,"비율",2
"당고개역 2번","한식음식점","신길3동주민센터","남성 유동 비중",0.010063905569284048,"비율",3
"경춘선숲길 우측","한식음식점","문성초등학교","총 유동인구",-991509,"명",1
"경춘선숲길 우측","한식음식점","문성초등학교","유사 업종 점포 밀도",-1.738712388464506,"개/10,000㎡",2
"경춘선숲길 우측","한식음식점","문성초등학교","해당 업종 점포",-12,"개",3
"당고개역 5번","한식음식점","장곡초등학교","프랜차이즈 점포",3,"개",1
"당고개역 5번","한식음식점","장곡초등학교","06~11 유동 비중",-0.006551547406522168,"비율",2
"당고개역 5번","한식음식점","장곡초등학교","총 유동인구",263410,"명",3
"영신여고","한식음식점","동대문경찰서","남성 유동 비중",0.03241186744547725,"비율",1
"영신여고","한식음식점","동대문경찰서","상주인구",-1317,"명",2
"영신여고","한식음식점","동대문경찰서","11~14 유동 비중",-0.00819742286821315,"비율",3
"수색성당","한식음식점","신림현대아파트","06~11 유동 비중",-0.015520987548718779,"비율",1
"수색성당","한식음식점","신림현대아파트","남성 유동 비중",0.028476889451242993,"비율",2
"수색성당","한식음식점","신림현대아파트","21~24 유동 비중",0.008781757865882589,"비율",3
"증산역 3번","한식음식점","서대문구보건소별관","주말 유동 비중",0.017181042752491882,"비율",1
"증산역 3번","한식음식점","서대문구보건소별관","상권 면적",-38508,"㎡",2
"증산역 3번","한식음식점","서대문구보건소별관","남성 유동 비중",-0.01432365463482832,"비율",3
"시립서북병원","한식음식점","용마초등학교","상권 면적",-41629,"㎡",1
"시립서북병원","한식음식점","용마초등학교","남성 유동 비중",0.011713666892554875,"비율",2
"시립서북병원","한식음식점","용마초등학교","상주인구",-905,"명",3
"증산역 4번","한식음식점","한울중학교","06~11 유동 비중",-0.008604616784194136,"비율",1
"증산역 4번","한식음식점","한울중학교","남성 유동 비중",0.01759185425986237,"비율",2
"증산역 4번","한식음식점","한울중학교","상주인구",1026,"명",3
"새절역 3번","한식음식점","상왕십리역 3번","상권 면적",-31812,"㎡",1
"새절역 3번","한식음식점","상왕십리역 3번","06~11 유동 비중",-0.004974930149570678,"비율",2
"새절역 3번","한식음식점","상왕십리역 3번","프랜차이즈 점포",1,"개",3
"신사1동주민센터","한식음식점","시흥동 은행나무사거리","상권 면적",-32183,"㎡",1
"신사1동주민센터","한식음식점","시흥동 은행나무사거리","상주인구",-1049,"명",2
"신사1동주민센터","한식음식점","시흥동 은행나무사거리","직장·상주 구조",-0.5649838073840252,"비율",3
"선정중학교","한식음식점","굽은다리역 2번","상주인구",-1600,"명",1
"선정중학교","한식음식점","굽은다리역 2번","상권 면적",-29443,"㎡",2
"선정중학교","한식음식점","굽은다리역 2번","프랜차이즈 점포",1,"개",3
"역촌노인복지관","한식음식점","신묵초등학교","남성 유동 비중",0.016859120264703042,"비율",1
"역촌노인복지관","한식음식점","신묵초등학교","21~24 유동 비중",-0.008072099003998523,"비율",2
"역촌노인복지관","한식음식점","신묵초등학교","06~11 유동 비중",-0.005122386367003046,"비율",3
"구산보건지소","한식음식점","배문고등학교","남성 유동 비중",0.05956289096328349,"비율",1
"구산보건지소","한식음식점","배문고등학교","상권 면적",34061,"㎡",2
"구산보건지소","한식음식점","배문고등학교","프랜차이즈 점포",-1,"개",3
"선일여고","한식음식점","장안중학교","06~11 유동 비중",-0.010063841295472747,"비율",1
"선일여고","한식음식점","장안중학교","남성 유동 비중",0.016031063799206602,"비율",2
"선일여고","한식음식점","장안중학교","상주인구",-1167,"명",3
"응암역 2번","한식음식점","푸른동산공원","남성 유동 비중",0.014952583004489595,"비율",1
"응암역 2번","한식음식점","푸른동산공원","주말 유동 비중",-0.011647383370611386,"비율",2
"응암역 2번","한식음식점","푸른동산공원","프랜차이즈 점포",1,"개",3
"구산역 4번","한식음식점","석촌고분역 1번","상주인구",2816,"명",1
"구산역 4번","한식음식점","석촌고분역 1번","06~11 유동 비중",-0.008335724962089786,"비율",2
"구산역 4번","한식음식점","석촌고분역 1번","총 유동인구",386296,"명",3
"갈현건영아파트","한식음식점","신림우방아파트","상주인구",2707,"명",1
"갈현건영아파트","한식음식점","신림우방아파트","총 유동인구",637248,"명",2
"갈현건영아파트","한식음식점","신림우방아파트","상권 면적",-49151,"㎡",3
"연신내역 5번","한식음식점","시흥초등학교(시흥1동우체국)","06~11 유동 비중",0.014336266929715347,"비율",1
"연신내역 5번","한식음식점","시흥초등학교(시흥1동우체국)","17~21 유동 비중",-0.02093445197754104,"비율",2
"연신내역 5번","한식음식점","시흥초등학교(시흥1동우체국)","21~24 유동 비중",-0.012517483480370795,"비율",3
"연신내역 7번","한식음식점","돌곶이역 8번","유사 업종 점포 밀도",-2.2111631283573665,"개/10,000㎡",1
"연신내역 7번","한식음식점","돌곶이역 8번","17~21 유동 비중",-0.026562147220455523,"비율",2
"연신내역 7번","한식음식점","돌곶이역 8번","00~06 유동 비중",0.03872165429627539,"비율",3
"구산역 2번","한식음식점","중곡역 3번","남성 유동 비중",0.016278174206441565,"비율",1
"구산역 2번","한식음식점","중곡역 3번","상권 면적",39524,"㎡",2
"구산역 2번","한식음식점","중곡역 3번","해당 업종 점포",9,"개",3
"은평요양병원","한식음식점","방화역 1번","유사 업종 점포 밀도",-2.46321063326602,"개/10,000㎡",1
"은평요양병원","한식음식점","방화역 1번","직장인구",1392,"명",2
"은평요양병원","한식음식점","방화역 1번","직장·상주 구조",0.7867271552907997,"비율",3
"응암역 3번","한식음식점","암사역 1번","상권 면적",-67702,"㎡",1
"응암역 3번","한식음식점","암사역 1번","상주인구",-2212,"명",2
"응암역 3번","한식음식점","암사역 1번","프랜차이즈 점포",-1,"개",3
"응암정보도서관","한식음식점","상봉역 4번","총 유동인구",719235,"명",1
"응암정보도서관","한식음식점","상봉역 4번","프랜차이즈 점포",2,"개",2
"응암정보도서관","한식음식점","상봉역 4번","21~24 유동 비중",0.005449898911260326,"비율",3
"신진과학기술고등학교","한식음식점","KB국민은행 중화동지점","남성 유동 비중",0.047227944403389566,"비율",1
"신진과학기술고등학교","한식음식점","KB국민은행 중화동지점","직장·상주 구조",-1.0946776764319814,"비율",2
"신진과학기술고등학교","한식음식점","KB국민은행 중화동지점","프랜차이즈 점포",-1,"개",3
"응암동우체국","한식음식점","용마초등학교","상주인구",2211,"명",1
"응암동우체국","한식음식점","용마초등학교","총 유동인구",530186,"명",2
"응암동우체국","한식음식점","용마초등학교","21~24 유동 비중",-0.007169880791284028,"비율",3
"연신내역 4번","한식음식점","구로4동주민센터","남성 유동 비중",0.03229249885414193,"비율",1
"연신내역 4번","한식음식점","구로4동주민센터","상주인구",-1661,"명",2
"연신내역 4번","한식음식점","구로4동주민센터","주말 유동 비중",0.009616129654613503,"비율",3
"구산역 1번","한식음식점","응암정보도서관","해당 업종 점포",18,"개",1
"구산역 1번","한식음식점","응암정보도서관","상주인구",-1942,"명",2
"구산역 1번","한식음식점","응암정보도서관","직장·상주 구조",0.9750775231223763,"비율",3
"세명컴퓨터고등학교","한식음식점","신곡초등학교","상주인구",2539,"명",1
"세명컴퓨터고등학교","한식음식점","신곡초등학교","총 유동인구",365898,"명",2
"세명컴퓨터고등학교","한식음식점","신곡초등학교","상권 면적",20363,"㎡",3
"백련산해모로아파트","한식음식점","오류지구대","17~21 유동 비중",0.010282711064217964,"비율",1
"백련산해모로아파트","한식음식점","오류지구대","00~06 유동 비중",-0.018710067177023504,"비율",2
"백련산해모로아파트","한식음식점","오류지구대","14~17 유동 비중",0.006475458357691255,"비율",3
"역촌역 2번","한식음식점","난곡초등학교(난곡동벽화마을)","유사 업종 점포 밀도",-1.1504113094514257,"개/10,000㎡",1
"역촌역 2번","한식음식점","난곡초등학교(난곡동벽화마을)","직장·상주 구조",0.9333922940855022,"비율",2
"역촌역 2번","한식음식점","난곡초등학교(난곡동벽화마을)","총 유동인구",373945,"명",3
"은평세무서","한식음식점","아카데미하우스","주말 유동 비중",0.016595887146118316,"비율",1
"은평세무서","한식음식점","아카데미하우스","17~21 유동 비중",-0.009911548403030407,"비율",2
"은평세무서","한식음식점","아카데미하우스","직장·상주 구조",-0.5348858357978754,"비율",3
"연신내역 2번","한식음식점","시흥초등학교(시흥1동우체국)","06~11 유동 비중",-0.008500872762688683,"비율",1
"연신내역 2번","한식음식점","시흥초등학교(시흥1동우체국)","직장·상주 구조",-0.599632450764469,"비율",2
"연신내역 2번","한식음식점","시흥초등학교(시흥1동우체국)","프랜차이즈 점포",1,"개",3
"연신내역 3번","한식음식점","백련산해모로아파트","11~14 유동 비중",-0.008818463698132259,"비율",1
"연신내역 3번","한식음식점","백련산해모로아파트","14~17 유동 비중",-0.00716786682242572,"비율",2
"연신내역 3번","한식음식점","백련산해모로아파트","06~11 유동 비중",0.0028254401777808857,"비율",3
"불광역 7번","한식음식점","난우초등학교","총 유동인구",-2465584,"명",1
"불광역 7번","한식음식점","난우초등학교","유사 업종 점포 밀도",-0.8602749184856231,"개/10,000㎡",2
"불광역 7번","한식음식점","난우초등학교","직장·상주 구조",0.5288898714724288,"비율",3
"연신초등학교","한식음식점","신한은행 방학동지점","06~11 유동 비중",-0.010340611966349972,"비율",1
"연신초등학교","한식음식점","신한은행 방학동지점","유사 업종 점포 밀도",0.878357419823645,"개/10,000㎡",2
"연신초등학교","한식음식점","신한은행 방학동지점","00~06 유동 비중",0.024346465907251924,"비율",3
"연천초등학교","한식음식점","신금호역 4번","프랜차이즈 점포",-2,"개",1
"연천초등학교","한식음식점","신금호역 4번","17~21 유동 비중",0.01360584423610861,"비율",2
"연천초등학교","한식음식점","신금호역 4번","21~24 유동 비중",0.006346970266078722,"비율",3
"역촌역 3번","한식음식점","신곡초등학교","프랜차이즈 점포",-2,"개",1
"역촌역 3번","한식음식점","신곡초등학교","상권 면적",-45463,"㎡",2
"역촌역 3번","한식음식점","신곡초등학교","남성 유동 비중",0.015576538639776871,"비율",3
"연신내우체국","한식음식점","예일여고","남성 유동 비중",-0.03503373530843662,"비율",1
"연신내우체국","한식음식점","예일여고","상주인구",1776,"명",2
"연신내우체국","한식음식점","예일여고","06~11 유동 비중",0.00752370369855368,"비율",3
"은평구청","한식음식점","신길6동주민센터","유사 업종 점포 밀도",-2.259245684401135,"개/10,000㎡",1
"은평구청","한식음식점","신길6동주민센터","주말 유동 비중",0.019970840004529977,"비율",2
"은평구청","한식음식점","신길6동주민센터","해당 업종 점포",-16,"개",3
"우리은행응암동지점","한식음식점","수유동우체국","총 유동인구",618071,"명",1
"우리은행응암동지점","한식음식점","수유동우체국","남성 유동 비중",0.01683619645231149,"비율",2
"우리은행응암동지점","한식음식점","수유동우체국","06~11 유동 비중",-0.006735235296238207,"비율",3
"녹번동근린공원","한식음식점","오금공원(오주중학교)","직장인구",-1016,"명",1
"녹번동근린공원","한식음식점","오금공원(오주중학교)","남성 유동 비중",0.01679300096562575,"비율",2
"녹번동근린공원","한식음식점","오금공원(오주중학교)","상주인구",-1236,"명",3
"불광중학교","한식음식점","윗방죽마을공원","상권 면적",-60856,"㎡",1
"불광중학교","한식음식점","윗방죽마을공원","상주인구",1962,"명",2
"불광중학교","한식음식점","윗방죽마을공원","06~11 유동 비중",-0.00853842937728816,"비율",3
"북가좌초등학교","한식음식점","금천금빛공원(은행나무사거리서측)","21~24 유동 비중",-0.023415136495296723,"비율",1
"북가좌초등학교","한식음식점","금천금빛공원(은행나무사거리서측)","17~21 유동 비중",-0.022985403709486707,"비율",2
"북가좌초등학교","한식음식점","금천금빛공원(은행나무사거리서측)","00~06 유동 비중",0.041570038027239464,"비율",3
"모래내우체국","한식음식점","장스여성병원","21~24 유동 비중",-0.007655425866625376,"비율",1
"모래내우체국","한식음식점","장스여성병원","17~21 유동 비중",-0.012435917786282141,"비율",2
"모래내우체국","한식음식점","장스여성병원","06~11 유동 비중",0.00558261370762364,"비율",3
"가좌역 3번","한식음식점","한강미주맨션아파트","유사 업종 점포 밀도",-1.9365491262841874,"개/10,000㎡",1
"가좌역 3번","한식음식점","한강미주맨션아파트","직장인구",1501,"명",2
"가좌역 3번","한식음식점","한강미주맨션아파트","프랜차이즈 점포",1,"개",3
"증산역 1번","한식음식점","미아역 5번","06~11 유동 비중",0.019094895744885654,"비율",1
"증산역 1번","한식음식점","미아역 5번","직장·상주 구조",-1.845292003876244,"비율",2
"증산역 1번","한식음식점","미아역 5번","21~24 유동 비중",-0.012494117817479139,"비율",3
"연가초등학교","한식음식점","사근동살곶이상점가","총 유동인구",-735795,"명",1
"연가초등학교","한식음식점","사근동살곶이상점가","남성 유동 비중",0.02335059390562605,"비율",2
"연가초등학교","한식음식점","사근동살곶이상점가","상주인구",-1426,"명",3
"남가좌동현대아파트","한식음식점","목동역 5번","06~11 유동 비중",-0.01867421962964602,"비율",1
"남가좌동현대아파트","한식음식점","목동역 5번","직장·상주 구조",1.6824839325054723,"비율",2
"남가좌동현대아파트","한식음식점","목동역 5번","17~21 유동 비중",0.016801508257683867,"비율",3
"남가좌파출소","한식음식점","암사역 3번(천호동자전거거리)","총 유동인구",-689176,"명",1
"남가좌파출소","한식음식점","암사역 3번(천호동자전거거리)","상주인구",2185,"명",2
"남가좌파출소","한식음식점","암사역 3번(천호동자전거거리)","남성 유동 비중",0.018135613956966057,"비율",3
"명지대학교교회","한식음식점","구로초등학교","프랜차이즈 점포",-4,"개",1
"명지대학교교회","한식음식점","구로초등학교","06~11 유동 비중",-0.010319967802283198,"비율",2
"명지대학교교회","한식음식점","구로초등학교","주말 유동 비중",0.016353226875784554,"비율",3
"명지대학교","한식음식점","석촌역 7번","상주인구",2869,"명",1
"명지대학교","한식음식점","석촌역 7번","주말 유동 비중",0.019764998822064783,"비율",2
"명지대학교","한식음식점","석촌역 7번","직장인구",727,"명",3
"연희대우아파트앞","한식음식점","아카데미하우스","총 유동인구",-504121,"명",1
"연희대우아파트앞","한식음식점","아카데미하우스","11~14 유동 비중",0.009886938611131046,"비율",2
"연희대우아파트앞","한식음식점","아카데미하우스","남성 유동 비중",0.011426774695720787,"비율",3
"홍연시장","한식음식점","NH농협은행 상도동지점","해당 업종 점포",13,"개",1
"홍연시장","한식음식점","NH농협은행 상도동지점","상주인구",1441,"명",2
"홍연시장","한식음식점","NH농협은행 상도동지점","직장·상주 구조",-0.8130145951174228,"비율",3
"연희초등학교","한식음식점","남부터미널역 1번","직장인구",3146,"명",1
"연희초등학교","한식음식점","남부터미널역 1번","직장·상주 구조",1.7783317008546389,"비율",2
"연희초등학교","한식음식점","남부터미널역 1번","남성 유동 비중",-0.02245681108803227,"비율",3
"연희파출소","한식음식점","남산케이블카","11~14 유동 비중",0.06058103818909938,"비율",1
"연희파출소","한식음식점","남산케이블카","21~24 유동 비중",-0.03047776372591253,"비율",2
"연희파출소","한식음식점","남산케이블카","남성 유동 비중",0.03173745419028007,"비율",3
"서대문우체국","한식음식점","새터산","21~24 유동 비중",-0.006522888499424423,"비율",1
"서대문우체국","한식음식점","새터산","직장·상주 구조",0.6239278854333992,"비율",2
"서대문우체국","한식음식점","새터산","주말 유동 비중",0.008643403900708668,"비율",3
"정원여중","한식음식점","누원고등학교","06~11 유동 비중",-0.019293563302345912,"비율",1
"정원여중","한식음식점","누원고등학교","21~24 유동 비중",-0.011778073441405856,"비율",2
"정원여중","한식음식점","누원고등학교","17~21 유동 비중",0.013984568262279673,"비율",3
"서대문소방서","한식음식점","동구여중","06~11 유동 비중",0.0209544799015719,"비율",1
"서대문소방서","한식음식점","동구여중","직장인구",1362,"명",2
"서대문소방서","한식음식점","동구여중","11~14 유동 비중",-0.012559261609792344,"비율",3
"서대문구보건소별관","한식음식점","강북문화예술회관","총 유동인구",874304,"명",1
"서대문구보건소별관","한식음식점","강북문화예술회관","주말 유동 비중",-0.012337960201936615,"비율",2
"서대문구보건소별관","한식음식점","강북문화예술회관","남성 유동 비중",0.01424642588341224,"비율",3
"경의중앙 신촌역","한식음식점","새절역 2번","남성 유동 비중",0.09366845379315758,"비율",1
"경의중앙 신촌역","한식음식점","새절역 2번","17~21 유동 비중",0.026676715276524043,"비율",2
"경의중앙 신촌역","한식음식점","새절역 2번","00~06 유동 비중",-0.053373147228385404,"비율",3
"홍제역 4번","한식음식점","불광역 3번","직장·상주 구조",-1.2544347870842492,"비율",1
"홍제역 4번","한식음식점","불광역 3번","유사 업종 점포 밀도",-1.1081423183591275,"개/10,000㎡",2
"홍제역 4번","한식음식점","불광역 3번","남성 유동 비중",0.017498793269727697,"비율",3
"홍제역 3번","한식음식점","등촌역 1번","주말 유동 비중",0.01306359491981357,"비율",1
"홍제역 3번","한식음식점","등촌역 1번","06~11 유동 비중",0.00596446306980572,"비율",2
"홍제역 3번","한식음식점","등촌역 1번","상주인구",549,"명",3
"연희세브란스병원","한식음식점","신촌역 6번","주말 유동 비중",0.10356030285890333,"비율",1
"연희세브란스병원","한식음식점","신촌역 6번","11~14 유동 비중",-0.06995345417172333,"비율",2
"연희세브란스병원","한식음식점","신촌역 6번","14~17 유동 비중",-0.06493517114284736,"비율",3
"홍은종합사회복지관","한식음식점","한강미주맨션아파트","직장인구",1253,"명",1
"홍은종합사회복지관","한식음식점","한강미주맨션아파트","직장·상주 구조",0.9001695565766346,"비율",2
"홍은종합사회복지관","한식음식점","한강미주맨션아파트","17~21 유동 비중",-0.012626988719641713,"비율",3
"홍제역 2번","한식음식점","홍제3동주민센터","프랜차이즈 점포",3,"개",1
"홍제역 2번","한식음식점","홍제3동주민센터","남성 유동 비중",0.021901551116759566,"비율",2
"홍제역 2번","한식음식점","홍제3동주민센터","직장·상주 구조",1.041359476627247,"비율",3
"서울여자간호대학교","한식음식점","응암3동주민센터","21~24 유동 비중",0.011071297985710216,"비율",1
"서울여자간호대학교","한식음식점","응암3동주민센터","17~21 유동 비중",0.012736277713479155,"비율",2
"서울여자간호대학교","한식음식점","응암3동주민센터","프랜차이즈 점포",1,"개",3
"홍제3동주민센터","한식음식점","행당역 2번","프랜차이즈 점포",-2,"개",1
"홍제3동주민센터","한식음식점","행당역 2번","상권 면적",-44907,"㎡",2
"홍제3동주민센터","한식음식점","행당역 2번","직장·상주 구조",-0.8127126540648595,"비율",3
"아현역 2번","한식음식점","충정로역 6번","직장·상주 구조",-0.9586337347873517,"비율",1
"아현역 2번","한식음식점","충정로역 6번","14~17 유동 비중",-0.014781994013042504,"비율",2
"아현역 2번","한식음식점","충정로역 6번","17~21 유동 비중",-0.011976018387780674,"비율",3
"경기대학교","한식음식점","난향초등학교","06~11 유동 비중",-0.012894643994689453,"비율",1
"경기대학교","한식음식점","난향초등학교","주말 유동 비중",0.016755895145056376,"비율",2
"경기대학교","한식음식점","난향초등학교","21~24 유동 비중",0.009385759000401256,"비율",3
"영천시장입구","한식음식점","삼광초등학교","남성 유동 비중",0.03074493710950521,"비율",1
"영천시장입구","한식음식점","삼광초등학교","14~17 유동 비중",0.007981611110374001,"비율",2
"영천시장입구","한식음식점","삼광초등학교","총 유동인구",-209521,"명",3
"충정로현대아파트","한식음식점","동대문역사문화공원역 5번","유사 업종 점포 밀도",3.161342203412048,"개/10,000㎡",1
"충정로현대아파트","한식음식점","동대문역사문화공원역 5번","주말 유동 비중",0.03457273498583405,"비율",2
"충정로현대아파트","한식음식점","동대문역사문화공원역 5번","14~17 유동 비중",-0.02934478469687682,"비율",3
"충정로역 3번","한식음식점","동대문역사문화공원역 5번","유사 업종 점포 밀도",-1.8655532390848277,"개/10,000㎡",1
"충정로역 3번","한식음식점","동대문역사문화공원역 5번","해당 업종 점포",17,"개",2
"충정로역 3번","한식음식점","동대문역사문화공원역 5번","남성 유동 비중",0.023726655843463507,"비율",3
"미근동","한식음식점","충정로현대아파트","주말 유동 비중",0.04531288753371529,"비율",1
"미근동","한식음식점","충정로현대아파트","남성 유동 비중",-0.05610455677022391,"비율",2
"미근동","한식음식점","충정로현대아파트","유사 업종 점포 밀도",-3.0973404394446846,"개/10,000㎡",3
"망원나들목체육관","한식음식점","면목5동주민센터","남성 유동 비중",-0.0290692163273934,"비율",1
"망원나들목체육관","한식음식점","면목5동주민센터","상권 면적",43394,"㎡",2
"망원나들목체육관","한식음식점","면목5동주민센터","상주인구",1261,"명",3
"동교초등학교","한식음식점","신자초등학교","남성 유동 비중",0.015011366942311699,"비율",1
"동교초등학교","한식음식점","신자초등학교","주말 유동 비중",-0.011554400014620658,"비율",2
"동교초등학교","한식음식점","신자초등학교","00~06 유동 비중",0.024756759839130227,"비율",3
"마포구청역 7번","한식음식점","오류2동버들시장","남성 유동 비중",0.02432649770053441,"비율",1
"마포구청역 7번","한식음식점","오류2동버들시장","해당 업종 점포",14,"개",2
"마포구청역 7번","한식음식점","오류2동버들시장","06~11 유동 비중",-0.008731252678358115,"비율",3
"중암중학교","한식음식점","전농119안전센터","직장·상주 구조",1.6734955487343197,"비율",1
"중암중학교","한식음식점","전농119안전센터","남성 유동 비중",0.01569352052774875,"비율",2
"중암중학교","한식음식점","전농119안전센터","06~11 유동 비중",-0.00631923867331291,"비율",3
"망리단길","한식음식점","푸른들청소년도서관","총 유동인구",-3016185,"명",1
"망리단길","한식음식점","푸른들청소년도서관","프랜차이즈 점포",7,"개",2
"망리단길","한식음식점","푸른들청소년도서관","해당 업종 점포",-50,"개",3
"양화대교북단","한식음식점","장승배기역 5번","남성 유동 비중",0.022405416973826253,"비율",1
"양화대교북단","한식음식점","장승배기역 5번","17~21 유동 비중",-0.015032932391889048,"비율",2
"양화대교북단","한식음식점","장승배기역 5번","상주인구",-1149,"명",3
"KB국민은행 망원동지점","한식음식점","은평구청","주말 유동 비중",-0.035250738514160995,"비율",1
"KB국민은행 망원동지점","한식음식점","은평구청","프랜차이즈 점포",2,"개",2
"KB국민은행 망원동지점","한식음식점","은평구청","21~24 유동 비중",0.006985885078441223,"비율",3
"마포구청역 4번","한식음식점","은평세무서","총 유동인구",-769226,"명",1
"마포구청역 4번","한식음식점","은평세무서","21~24 유동 비중",-0.009190785641386062,"비율",2
"마포구청역 4번","한식음식점","은평세무서","06~11 유동 비중",-0.004973609626028469,"비율",3
"새터산","한식음식점","망우3동주민센터","17~21 유동 비중",-0.026321661088130527,"비율",1
"새터산","한식음식점","망우3동주민센터","06~11 유동 비중",0.013213409026181844,"비율",2
"새터산","한식음식점","망우3동주민센터","00~06 유동 비중",0.028236773621559685,"비율",3
"합정역 8번","한식음식점","길동주민센터(강동도서관)","총 유동인구",2312625,"명",1
"합정역 8번","한식음식점","길동주민센터(강동도서관)","상주인구",5443,"명",2
"합정역 8번","한식음식점","길동주민센터(강동도서관)","프랜차이즈 점포",3,"개",3
"성서초등학교","한식음식점","성신여대입구역 7번","남성 유동 비중",-0.02367165275247296,"비율",1
"성서초등학교","한식음식점","성신여대입구역 7번","직장·상주 구조",-0.5987752716820642,"비율",2
"성서초등학교","한식음식점","성신여대입구역 7번","주말 유동 비중",0.008157348061142988,"비율",3
"성미산체육관","한식음식점","동구여중","06~11 유동 비중",0.01640025205851428,"비율",1
"성미산체육관","한식음식점","동구여중","남성 유동 비중",-0.018364038545777006,"비율",2
"성미산체육관","한식음식점","동구여중","14~17 유동 비중",-0.014371780719390853,"비율",3
"가좌역 2번","한식음식점","당고개역 5번","남성 유동 비중",0.027638302854713415,"비율",1
"가좌역 2번","한식음식점","당고개역 5번","직장·상주 구조",-1.0329993522592265,"비율",2
"가좌역 2번","한식음식점","당고개역 5번","총 유동인구",-203854,"명",3
"홍익지구대","한식음식점","신촌역 6번","06~11 유동 비중",0.023711973308880002,"비율",1
"홍익지구대","한식음식점","신촌역 6번","유사 업종 점포 밀도",-2.385263378160346,"개/10,000㎡",2
"홍익지구대","한식음식점","신촌역 6번","17~21 유동 비중",-0.019285277325630817,"비율",3
"홍대부속여중고앞","한식음식점","광진구청","해당 업종 점포",-19,"개",1
"홍대부속여중고앞","한식음식점","광진구청","남성 유동 비중",0.026262400793147067,"비율",2
"홍대부속여중고앞","한식음식점","광진구청","프랜차이즈 점포",-2,"개",3
"경성고등학교","한식음식점","마장역 3번","총 유동인구",-1838645,"명",1
"경성고등학교","한식음식점","마장역 3번","상주인구",-5781,"명",2
"경성고등학교","한식음식점","마장역 3번","상권 면적",-151979,"㎡",3
"성산중학교","한식음식점","상왕십리역 3번","06~11 유동 비중",0.008268531461001732,"비율",1
"성산중학교","한식음식점","상왕십리역 3번","남성 유동 비중",-0.015011448712375197,"비율",2
"성산중학교","한식음식점","상왕십리역 3번","해당 업종 점포",-8,"개",3
"마포FM","한식음식점","국립국악고등학교","17~21 유동 비중",0.016971236208348617,"비율",1
"마포FM","한식음식점","국립국악고등학교","총 유동인구",-368193,"명",2
"마포FM","한식음식점","국립국악고등학교","00~06 유동 비중",-0.022471349571701604,"비율",3
"상수역 4번","한식음식점","도봉역 3번","남성 유동 비중",0.01914132395936896,"비율",1
"상수역 4번","한식음식점","도봉역 3번","00~06 유동 비중",-0.016291981551651374,"비율",2
"상수역 4번","한식음식점","도봉역 3번","17~21 유동 비중",0.006780082382280006,"비율",3
"연트럴파크(연남동주민센터)","한식음식점","굽은다리역 3번","남성 유동 비중",0.025443328328741965,"비율",1
"연트럴파크(연남동주민센터)","한식음식점","굽은다리역 3번","주말 유동 비중",0.019689613305000797,"비율",2
"연트럴파크(연남동주민센터)","한식음식점","굽은다리역 3번","06~11 유동 비중",0.010646043290330115,"비율",3
"홍대입구역 3번","한식음식점","불광역 8번","06~11 유동 비중",0.05425345894266792,"비율",1
"홍대입구역 3번","한식음식점","불광역 8번","17~21 유동 비중",-0.05904287476117148,"비율",2
"홍대입구역 3번","한식음식점","불광역 8번","14~17 유동 비중",-0.04109272041405693,"비율",3
"홍익대","한식음식점","구로구민회관","06~11 유동 비중",0.015416178259498314,"비율",1
"홍익대","한식음식점","구로구민회관","주말 유동 비중",-0.01209676347396954,"비율",2
"홍익대","한식음식점","구로구민회관","남성 유동 비중",0.013156495808981705,"비율",3
"경의선책거리","한식음식점","개봉역","06~11 유동 비중",0.032484933531869625,"비율",1
"경의선책거리","한식음식점","개봉역","14~17 유동 비중",-0.04128875291380782,"비율",2
"경의선책거리","한식음식점","개봉역","17~21 유동 비중",-0.024978103013698155,"비율",3
"광흥창역 1번","한식음식점","당산역 8번","유사 업종 점포 밀도",-1.2811789044373765,"개/10,000㎡",1
"광흥창역 1번","한식음식점","당산역 8번","상주인구",1252,"명",2
"광흥창역 1번","한식음식점","당산역 8번","11~14 유동 비중",0.010770478788072455,"비율",3
"홍대땡땡거리","한식음식점","성균관대학교","유사 업종 점포 밀도",-2.0273427487152444,"개/10,000㎡",1
"홍대땡땡거리","한식음식점","성균관대학교","해당 업종 점포",-19,"개",2
"홍대땡땡거리","한식음식점","성균관대학교","총 유동인구",624283,"명",3
"KB국민은행 서강지점","한식음식점","강동구청(강동구청역 2번)","06~11 유동 비중",-0.013398523588638883,"비율",1
"KB국민은행 서강지점","한식음식점","강동구청(강동구청역 2번)","주말 유동 비중",-0.015087695587951921,"비율",2
"KB국민은행 서강지점","한식음식점","강동구청(강동구청역 2번)","남성 유동 비중",-0.014726927561731495,"비율",3
"신수동주민센터","한식음식점","성동초등학교","주말 유동 비중",-0.02211363096000618,"비율",1
"신수동주민센터","한식음식점","성동초등학교","직장·상주 구조",-1.0459240734441417,"비율",2
"신수동주민센터","한식음식점","성동초등학교","직장인구",-954,"명",3
"서강대역 1번","한식음식점","효창공원앞역 5번","총 유동인구",-1490509,"명",1
"서강대역 1번","한식음식점","효창공원앞역 5번","프랜차이즈 점포",-2,"개",2
"서강대역 1번","한식음식점","효창공원앞역 5번","17~21 유동 비중",-0.01763461902575056,"비율",3
"신촌역 6번","한식음식점","아현역 1번","21~24 유동 비중",0.021717786930186223,"비율",1
"신촌역 6번","한식음식점","아현역 1번","14~17 유동 비중",-0.0227325416158842,"비율",2
"신촌역 6번","한식음식점","아현역 1번","06~11 유동 비중",0.010247398076329128,"비율",3
"대흥동주민센터","한식음식점","상도4동주민센터","06~11 유동 비중",-0.015371889467680588,"비율",1
"대흥동주민센터","한식음식점","상도4동주민센터","남성 유동 비중",0.02380183446266887,"비율",2
"대흥동주민센터","한식음식점","상도4동주민센터","21~24 유동 비중",0.011116420634774068,"비율",3
"대흥역 3번","한식음식점","성수동카페거리","21~24 유동 비중",-0.0452569359935059,"비율",1
"대흥역 3번","한식음식점","성수동카페거리","14~17 유동 비중",0.05978864664969247,"비율",2
"대흥역 3번","한식음식점","성수동카페거리","11~14 유동 비중",0.04652938862158332,"비율",3
"용강동주민센터","한식음식점","약수역 7번","직장인구",2761,"명",1
"용강동주민센터","한식음식점","약수역 7번","직장·상주 구조",1.9631699331312324,"비율",2
"용강동주민센터","한식음식점","약수역 7번","06~11 유동 비중",0.008772389442902345,"비율",3
"대흥역 2번","한식음식점","먹골역 5번","총 유동인구",-2036922,"명",1
"대흥역 2번","한식음식점","먹골역 5번","06~11 유동 비중",-0.008213726566951601,"비율",2
"대흥역 2번","한식음식점","먹골역 5번","주말 유동 비중",0.012701515299932464,"비율",3
"마포역 4번","한식음식점","서울프랑스학교","17~21 유동 비중",-0.017487595963820268,"비율",1
"마포역 4번","한식음식점","서울프랑스학교","00~06 유동 비중",0.031880845244885214,"비율",2
"마포역 4번","한식음식점","서울프랑스학교","14~17 유동 비중",-0.01372023861465485,"비율",3
"양원초등학교","한식음식점","태릉입구역 4번","남성 유동 비중",0.020133610230196608,"비율",1
"양원초등학교","한식음식점","태릉입구역 4번","총 유동인구",-328855,"명",2
"양원초등학교","한식음식점","태릉입구역 4번","유사 업종 점포 밀도",-0.7028977155090532,"개/10,000㎡",3
"이대역 5번","한식음식점","돌곶이역 3번","남성 유동 비중",0.06860775466133873,"비율",1
"이대역 5번","한식음식점","돌곶이역 3번","상주인구",-1045,"명",2
"이대역 5번","한식음식점","돌곶이역 3번","프랜차이즈 점포",-1,"개",3
"공덕래미안3차아파트","한식음식점","회현역 1번","주말 유동 비중",0.03872542666842663,"비율",1
"공덕래미안3차아파트","한식음식점","회현역 1번","21~24 유동 비중",0.01909711067245211,"비율",2
"공덕래미안3차아파트","한식음식점","회현역 1번","17~21 유동 비중",-0.024382859937199908,"비율",3
"마포경찰서","한식음식점","독립문역 1번","17~21 유동 비중",-0.03851085584795369,"비율",1
"마포경찰서","한식음식점","독립문역 1번","00~06 유동 비중",0.08354842622872774,"비율",2
"마포경찰서","한식음식점","독립문역 1번","14~17 유동 비중",-0.02779069838846704,"비율",3
"공덕동주민센터","한식음식점","성동초등학교","주말 유동 비중",-0.03063151318989843,"비율",1
"공덕동주민센터","한식음식점","성동초등학교","프랜차이즈 점포",-1,"개",2
"공덕동주민센터","한식음식점","성동초등학교","상주인구",-777,"명",3
"한겨레신문사","한식음식점","벌말어린이공원","남성 유동 비중",0.03600730454811474,"비율",1
"한겨레신문사","한식음식점","벌말어린이공원","17~21 유동 비중",-0.013423287387497679,"비율",2
"한겨레신문사","한식음식점","벌말어린이공원","06~11 유동 비중",-0.005055450737074224,"비율",3
"만리재","한식음식점","구로119안전센터","유사 업종 점포 밀도",-0.9254829401556104,"개/10,000㎡",1
"만리재","한식음식점","구로119안전센터","남성 유동 비중",0.014017357244094364,"비율",2
"만리재","한식음식점","구로119안전센터","주말 유동 비중",-0.010084531496008464,"비율",3
"충정로역 6번","한식음식점","대원고등학교","주말 유동 비중",0.017572696454159542,"비율",1
"충정로역 6번","한식음식점","대원고등학교","유사 업종 점포 밀도",-1.2757273370618756,"개/10,000㎡",2
"충정로역 6번","한식음식점","대원고등학교","남성 유동 비중",-0.019437061702047453,"비율",3
"서울금융고등학교","한식음식점","창동중학교","06~11 유동 비중",0.006067559877848322,"비율",1
"서울금융고등학교","한식음식점","창동중학교","주말 유동 비중",0.009303882380036654,"비율",2
"서울금융고등학교","한식음식점","창동중학교","프랜차이즈 점포",-1,"개",3
"신월3동주민센터","한식음식점","신월1동주민센터","프랜차이즈 점포",4,"개",1
"신월3동주민센터","한식음식점","신월1동주민센터","남성 유동 비중",-0.03112556845157377,"비율",2
"신월3동주민센터","한식음식점","신월1동주민센터","주말 유동 비중",0.007660135797140255,"비율",3
"신월중학교","한식음식점","당산역 8번","06~11 유동 비중",-0.01626342680812376,"비율",1
"신월중학교","한식음식점","당산역 8번","17~21 유동 비중",0.018630036767832148,"비율",2
"신월중학교","한식음식점","당산역 8번","직장·상주 구조",0.7832299817384261,"비율",3
"메디힐병원","한식음식점","묘곡초등학교(고덕아이파크아파트)","남성 유동 비중",0.03174651394428585,"비율",1
"메디힐병원","한식음식점","묘곡초등학교(고덕아이파크아파트)","프랜차이즈 점포",2,"개",2
"메디힐병원","한식음식점","묘곡초등학교(고덕아이파크아파트)","상권 면적",-42524,"㎡",3
"서서울호수공원","한식음식점","양화대교북단","00~06 유동 비중",0.02240879608618257,"비율",1
"서서울호수공원","한식음식점","양화대교북단","남성 유동 비중",-0.010551046057552138,"비율",2
"서서울호수공원","한식음식점","양화대교북단","21~24 유동 비중",-0.005159238373564412,"비율",3
"신월1동주민센터","한식음식점","상도역 5번","상주인구",3301,"명",1
"신월1동주민센터","한식음식점","상도역 5번","상권 면적",58847,"㎡",2
"신월1동주민센터","한식음식점","상도역 5번","프랜차이즈 점포",-2,"개",3
"신월문화체육센터","한식음식점","연신내역 5번","06~11 유동 비중",-0.00877081013683842,"비율",1
"신월문화체육센터","한식음식점","연신내역 5번","직장·상주 구조",-0.6708829038211661,"비율",2
"신월문화체육센터","한식음식점","연신내역 5번","상주인구",1135,"명",3
"신월1파출소","한식음식점","영등포푸르지오아파트","유사 업종 점포 밀도",-0.9158512886169192,"개/10,000㎡",1
"신월1파출소","한식음식점","영등포푸르지오아파트","해당 업종 점포",-9,"개",2
"신월1파출소","한식음식점","영등포푸르지오아파트","총 유동인구",294863,"명",3
"신월7동주민센터","한식음식점","신월문화체육센터","프랜차이즈 점포",-2,"개",1
"신월7동주민센터","한식음식점","신월문화체육센터","상권 면적",-52362,"㎡",2
"신월7동주민센터","한식음식점","신월문화체육센터","해당 업종 점포",-9,"개",3
"신월1동우편취급국","한식음식점","삼전역 4번","상주인구",4157,"명",1
"신월1동우편취급국","한식음식점","삼전역 4번","총 유동인구",916835,"명",2
"신월1동우편취급국","한식음식점","삼전역 4번","직장인구",1527,"명",3
"신월시영아파트중문","한식음식점","동일여자고등학교","06~11 유동 비중",-0.009902940795523507,"비율",1
"신월시영아파트중문","한식음식점","동일여자고등학교","17~21 유동 비중",-0.01314947008952852,"비율",2
"신월시영아파트중문","한식음식점","동일여자고등학교","00~06 유동 비중",0.029272822023110934,"비율",3
"신월4동주민센터","한식음식점","자양동우체국","상권 면적",-35328,"㎡",1
"신월4동주민센터","한식음식점","자양동우체국","상주인구",-1073,"명",2
"신월4동주민센터","한식음식점","자양동우체국","총 유동인구",328633,"명",3
"신한은행 신월동지점","한식음식점","낙성대역 1번(관악구민 종합체육센터)","해당 업종 점포",-24,"개",1
"신한은행 신월동지점","한식음식점","낙성대역 1번(관악구민 종합체육센터)","프랜차이즈 점포",-2,"개",2
"신한은행 신월동지점","한식음식점","낙성대역 1번(관악구민 종합체육센터)","상권 면적",-46892,"㎡",3
"금빛새마을금고본점","한식음식점","금호사거리","유사 업종 점포 밀도",3.142536818693508,"개/10,000㎡",1
"금빛새마을금고본점","한식음식점","금호사거리","17~21 유동 비중",0.029879608535825386,"비율",2
"금빛새마을금고본점","한식음식점","금호사거리","00~06 유동 비중",-0.06099622813157529,"비율",3
"신월2동주민센터","한식음식점","신곡초등학교","상권 면적",-53131,"㎡",1
"신월2동주민센터","한식음식점","신곡초등학교","상주인구",-1732,"명",2
"신월2동주민센터","한식음식점","신곡초등학교","직장·상주 구조",-0.5932805572061284,"비율",3
"신정역 1번","한식음식점","장안중학교","프랜차이즈 점포",-2,"개",1
"신정역 1번","한식음식점","장안중학교","06~11 유동 비중",-0.006944136256781391,"비율",2
"신정역 1번","한식음식점","장안중학교","총 유동인구",-419323,"명",3
"신정역 5번","한식음식점","창2동주민센터","총 유동인구",-637410,"명",1
"신정역 5번","한식음식점","창2동주민센터","프랜차이즈 점포",-1,"개",2
"신정역 5번","한식음식점","창2동주민센터","00~06 유동 비중",-0.014881916921013205,"비율",3
"신정네거리역 4번","한식음식점","삼각산119안전센터","21~24 유동 비중",-0.007878319952270743,"비율",1
"신정네거리역 4번","한식음식점","삼각산119안전센터","06~11 유동 비중",0.005242019175128093,"비율",2
"신정네거리역 4번","한식음식점","삼각산119안전센터","남성 유동 비중",-0.010572727255736436,"비율",3
"목동로데오거리","한식음식점","장스여성병원","남성 유동 비중",-0.018194068261982055,"비율",1
"목동로데오거리","한식음식점","장스여성병원","06~11 유동 비중",0.007984311768437558,"비율",2
"목동로데오거리","한식음식점","장스여성병원","유사 업종 점포 밀도",1.1390788472280287,"개/10,000㎡",3
"신서초등학교","한식음식점","삼성중앙역 5번","21~24 유동 비중",-0.050584304866957724,"비율",1
"신서초등학교","한식음식점","삼성중앙역 5번","11~14 유동 비중",0.07245631888947557,"비율",2
"신서초등학교","한식음식점","삼성중앙역 5번","14~17 유동 비중",0.07673349380295369,"비율",3
"양목초등학교","한식음식점","논현목련공원","남성 유동 비중",-0.04131058150697592,"비율",1
"양목초등학교","한식음식점","논현목련공원","유사 업종 점포 밀도",1.905709785929433,"개/10,000㎡",2
"양목초등학교","한식음식점","논현목련공원","17~21 유동 비중",0.015346680611732763,"비율",3
"등촌역 4번","한식음식점","천호태영아파트","직장·상주 구조",1.1779967606424924,"비율",1
"등촌역 4번","한식음식점","천호태영아파트","06~11 유동 비중",-0.004909196502402874,"비율",2
"등촌역 4번","한식음식점","천호태영아파트","상권 면적",-25701,"㎡",3
"강서고등학교","한식음식점","우이천 계성교","총 유동인구",-963219,"명",1
"강서고등학교","한식음식점","우이천 계성교","남성 유동 비중",-0.032315344953895764,"비율",2
"강서고등학교","한식음식점","우이천 계성교","상주인구",-709,"명",3
"목4동주민센터","한식음식점","천호태영아파트","17~21 유동 비중",0.016803584323536208,"비율",1
"목4동주민센터","한식음식점","천호태영아파트","00~06 유동 비중",-0.036645801087343666,"비율",2
"목4동주민센터","한식음식점","천호태영아파트","06~11 유동 비중",-0.007676453684225898,"비율",3
"목동보건지소","한식음식점","독산동성당","직장·상주 구조",-0.6092643140361567,"비율",1
"목동보건지소","한식음식점","독산동성당","상권 면적",29227,"㎡",2
"목동보건지소","한식음식점","독산동성당","직장인구",-408,"명",3
"목동역 5번","한식음식점","불광역 8번","06~11 유동 비중",0.0215194761086768,"비율",1
"목동역 5번","한식음식점","불광역 8번","17~21 유동 비중",-0.033979467715733847,"비율",2
"목동역 5번","한식음식점","불광역 8번","유사 업종 점포 밀도",2.126252165114879,"개/10,000㎡",3
"달마을공원","한식음식점","응암1동주민센터","상주인구",-1111,"명",1
"달마을공원","한식음식점","응암1동주민센터","상권 면적",-29176,"㎡",2
"달마을공원","한식음식점","응암1동주민센터","프랜차이즈 점포",-1,"개",3
"목동문화체육센터","한식음식점","조원동주민센터","주말 유동 비중",-0.01930138842207213,"비율",1
"목동문화체육센터","한식음식점","조원동주민센터","17~21 유동 비중",-0.012643225700513572,"비율",2
"목동문화체육센터","한식음식점","조원동주민센터","프랜차이즈 점포",-1,"개",3
"신정2동주민센터","한식음식점","동대문구청","직장인구",-5222,"명",1
"신정2동주민센터","한식음식점","동대문구청","프랜차이즈 점포",-3,"개",2
"신정2동주민센터","한식음식점","동대문구청","직장·상주 구조",-1.6377247180350851,"비율",3
"신정롯데캐슬아파트","한식음식점","삼선중학교","직장인구",1841,"명",1
"신정롯데캐슬아파트","한식음식점","삼선중학교","06~11 유동 비중",0.013945769719042739,"비율",2
"신정롯데캐슬아파트","한식음식점","삼선중학교","주말 유동 비중",-0.012327732667679614,"비율",3
"공항시장역 1번","한식음식점","암사역 3번(천호동자전거거리)","상권 면적",-57918,"㎡",1
"공항시장역 1번","한식음식점","암사역 3번(천호동자전거거리)","17~21 유동 비중",0.01544233820938759,"비율",2
"공항시장역 1번","한식음식점","암사역 3번(천호동자전거거리)","21~24 유동 비중",0.00858099514113439,"비율",3
"방화역 3번","한식음식점","약수역 7번","직장인구",2691,"명",1
"방화역 3번","한식음식점","약수역 7번","직장·상주 구조",2.3107142027532754,"비율",2
"방화역 3번","한식음식점","약수역 7번","남성 유동 비중",-0.014973461787760323,"비율",3
"개화산역 1번","한식음식점","금호사거리","유사 업종 점포 밀도",-4.725727586147682,"개/10,000㎡",1
"개화산역 1번","한식음식점","금호사거리","06~11 유동 비중",0.013513845384196393,"비율",2
"개화산역 1번","한식음식점","금호사거리","17~21 유동 비중",-0.019860423221703255,"비율",3
"송정역 3번","한식음식점","신월1동우편취급국","프랜차이즈 점포",-2,"개",1
"송정역 3번","한식음식점","신월1동우편취급국","상주인구",-1616,"명",2
"송정역 3번","한식음식점","신월1동우편취급국","직장인구",-761,"명",3
"공항시장역 3번","한식음식점","송정역 2번","06~11 유동 비중",-0.012760775326536272,"비율",1
"공항시장역 3번","한식음식점","송정역 2번","직장·상주 구조",0.8243541879368061,"비율",2
"공항시장역 3번","한식음식점","송정역 2번","21~24 유동 비중",0.006079515202496222,"비율",3
"송정역 2번","한식음식점","벌말어린이공원","총 유동인구",540461,"명",1
"송정역 2번","한식음식점","벌말어린이공원","00~06 유동 비중",0.03184664009394195,"비율",2
"송정역 2번","한식음식점","벌말어린이공원","17~21 유동 비중",-0.013670133296102227,"비율",3
"신방화역 2번","한식음식점","장안근린공원","총 유동인구",-464088,"명",1
"신방화역 2번","한식음식점","장안근린공원","해당 업종 점포",11,"개",2
"신방화역 2번","한식음식점","장안근린공원","17~21 유동 비중",0.013223896781537875,"비율",3
"신방화역 8번","한식음식점","대림1동주민센터","06~11 유동 비중",-0.010036930380165066,"비율",1
"신방화역 8번","한식음식점","대림1동주민센터","17~21 유동 비중",0.012048377942922517,"비율",2
"신방화역 8번","한식음식점","대림1동주민센터","프랜차이즈 점포",1,"개",3
"방화역 1번","한식음식점","염창역 2번","유사 업종 점포 밀도",-1.4585681715227177,"개/10,000㎡",1
"방화역 1번","한식음식점","염창역 2번","해당 업종 점포",-13,"개",2
"방화역 1번","한식음식점","염창역 2번","상주인구",-1214,"명",3
"공항고등학교","한식음식점","오산고등학교","직장인구",1505,"명",1
"공항고등학교","한식음식점","오산고등학교","직장·상주 구조",1.2910773177666073,"비율",2
"공항고등학교","한식음식점","오산고등학교","주말 유동 비중",-0.009404296753194763,"비율",3
"정곡초등학교","한식음식점","중랑역 4번","남성 유동 비중",-0.04257765430147736,"비율",1
"정곡초등학교","한식음식점","중랑역 4번","21~24 유동 비중",-0.017654016543843798,"비율",2
"정곡초등학교","한식음식점","중랑역 4번","06~11 유동 비중",0.01536891525660869,"비율",3
"신광명마을","한식음식점","경복고등학교","남성 유동 비중",-0.06896269958066148,"비율",1
"신광명마을","한식음식점","경복고등학교","11~14 유동 비중",0.04728414029275804,"비율",2
"신광명마을","한식음식점","경복고등학교","21~24 유동 비중",-0.02534367230655933,"비율",3
"푸른들청소년도서관","한식음식점","석촌역 7번","프랜차이즈 점포",-4,"개",1
"푸른들청소년도서관","한식음식점","석촌역 7번","11~14 유동 비중",0.010307551265793274,"비율",2
"푸른들청소년도서관","한식음식점","석촌역 7번","21~24 유동 비중",-0.005541827911332703,"비율",3
"화곡역 5번","한식음식점","사당역 10번","해당 업종 점포",9,"개",1
"화곡역 5번","한식음식점","사당역 10번","프랜차이즈 점포",-1,"개",2
"화곡역 5번","한식음식점","사당역 10번","06~11 유동 비중",0.0049457740218987745,"비율",3
"우장산역 1번","한식음식점","마포FM","상주인구",-1772,"명",1
"우장산역 1번","한식음식점","마포FM","17~21 유동 비중",-0.011418111111399648,"비율",2
"우장산역 1번","한식음식점","마포FM","총 유동인구",-336545,"명",3
"우장산힐스테이트","한식음식점","중계초등학교","직장·상주 구조",2.592537313980366,"비율",1
"우장산힐스테이트","한식음식점","중계초등학교","21~24 유동 비중",0.01331720789481998,"비율",2
"우장산힐스테이트","한식음식점","중계초등학교","프랜차이즈 점포",-2,"개",3
"화원중학교","한식음식점","망우본동주민센터","상주인구",-2451,"명",1
"화원중학교","한식음식점","망우본동주민센터","21~24 유동 비중",-0.012129272348831141,"비율",2
"화원중학교","한식음식점","망우본동주민센터","11~14 유동 비중",0.013747252247677172,"비율",3
"양천향교역 2번","한식음식점","충정로역 6번","주말 유동 비중",-0.02684636412678304,"비율",1
"양천향교역 2번","한식음식점","충정로역 6번","06~11 유동 비중",0.009628207179331133,"비율",2
"양천향교역 2번","한식음식점","충정로역 6번","상권 면적",-47429,"㎡",3
"화곡역 2번","한식음식점","남가좌파출소","총 유동인구",753862,"명",1
"화곡역 2번","한식음식점","남가좌파출소","06~11 유동 비중",0.008698422829896718,"비율",2
"화곡역 2번","한식음식점","남가좌파출소","17~21 유동 비중",-0.011551154922666479,"비율",3
"까치산역 4번","한식음식점","강동구립성내도서관","해당 업종 점포",-25,"개",1
"까치산역 4번","한식음식점","강동구립성내도서관","상주인구",-3036,"명",2
"까치산역 4번","한식음식점","강동구립성내도서관","상권 면적",-72259,"㎡",3
"발산역 5번","한식음식점","방이역 1번","직장인구",4810,"명",1
"발산역 5번","한식음식점","방이역 1번","직장·상주 구조",1.3024368355524842,"비율",2
"발산역 5번","한식음식점","방이역 1번","06~11 유동 비중",-0.007660542382413427,"비율",3
"까치산역 3번","한식음식점","강동역 4번(강풀만화거리)","총 유동인구",-2107534,"명",1
"까치산역 3번","한식음식점","강동역 4번(강풀만화거리)","상권 면적",80411,"㎡",2
"까치산역 3번","한식음식점","강동역 4번(강풀만화거리)","유사 업종 점포 밀도",-1.5820062330979257,"개/10,000㎡",3
"양천향교역 5번","한식음식점","선유도역 6번","주말 유동 비중",-0.05310809092205515,"비율",1
"양천향교역 5번","한식음식점","선유도역 6번","직장인구",2392,"명",2
"양천향교역 5번","한식음식점","선유도역 6번","06~11 유동 비중",0.012104155841340059,"비율",3
"화곡초등학교","한식음식점","중곡초등학교","남성 유동 비중",0.016411411894659333,"비율",1
"화곡초등학교","한식음식점","중곡초등학교","유사 업종 점포 밀도",-0.9876623966966056,"개/10,000㎡",2
"화곡초등학교","한식음식점","중곡초등학교","프랜차이즈 점포",-1,"개",3
"화곡역 4번","한식음식점","면목역 2번","상주인구",-8789,"명",1
"화곡역 4번","한식음식점","면목역 2번","상권 면적",-155840,"㎡",2
"화곡역 4번","한식음식점","면목역 2번","총 유동인구",-1469170,"명",3
"등촌3동주민센터","한식음식점","금천구청역 1번 출입구","직장인구",-3591,"명",1
"등촌3동주민센터","한식음식점","금천구청역 1번 출입구","남성 유동 비중",0.031238842102934095,"비율",2
"등촌3동주민센터","한식음식점","금천구청역 1번 출입구","총 유동인구",-525258,"명",3
"강서새말어린이공원","한식음식점","구남초등학교","프랜차이즈 점포",1,"개",1
"강서새말어린이공원","한식음식점","구남초등학교","14~17 유동 비중",-0.010045136299495105,"비율",2
"강서새말어린이공원","한식음식점","구남초등학교","직장·상주 구조",0.5375248301212308,"비율",3
"까치산역 1번","한식음식점","면목역 2번","총 유동인구",1036787,"명",1
"까치산역 1번","한식음식점","면목역 2번","상주인구",-2348,"명",2
"까치산역 1번","한식음식점","면목역 2번","남성 유동 비중",0.015203146277173729,"비율",3
"우장산롯데캐슬아파트앞","한식음식점","촬영소사거리","06~11 유동 비중",-0.019407384674397093,"비율",1
"우장산롯데캐슬아파트앞","한식음식점","촬영소사거리","주말 유동 비중",0.030376734477670975,"비율",2
"우장산롯데캐슬아파트앞","한식음식점","촬영소사거리","17~21 유동 비중",0.020678525734478093,"비율",3
"강서구청옆","한식음식점","번동주공2단지","유사 업종 점포 밀도",-7.937207242757106,"개/10,000㎡",1
"강서구청옆","한식음식점","번동주공2단지","해당 업종 점포",-12,"개",2
"강서구청옆","한식음식점","번동주공2단지","남성 유동 비중",-0.016524132919717993,"비율",3
"곰달래도서관","한식음식점","남구로역 3번","총 유동인구",-1497531,"명",1
"곰달래도서관","한식음식점","남구로역 3번","남성 유동 비중",0.04727733344347462,"비율",2
"곰달래도서관","한식음식점","남구로역 3번","직장·상주 구조",-1.0113190838987922,"비율",3
"KC대학교","한식음식점","먹골파출소","직장·상주 구조",-0.750086066274716,"비율",1
"KC대학교","한식음식점","먹골파출소","총 유동인구",368561,"명",2
"KC대학교","한식음식점","먹골파출소","06~11 유동 비중",0.005828071018401604,"비율",3
"가양역 10번","한식음식점","강서구청가양동별관","남성 유동 비중",0.031655864252868315,"비율",1
"가양역 10번","한식음식점","강서구청가양동별관","직장·상주 구조",1.5476479532412073,"비율",2
"가양역 10번","한식음식점","강서구청가양동별관","14~17 유동 비중",0.026352646303221955,"비율",3
"화곡2동주민센터","한식음식점","북가좌2동주민센터","총 유동인구",-934162,"명",1
"화곡2동주민센터","한식음식점","북가좌2동주민센터","상주인구",-2813,"명",2
"화곡2동주민센터","한식음식점","북가좌2동주민센터","프랜차이즈 점포",2,"개",3
"화곡보람2차아파트","한식음식점","금강수목원아파트","직장·상주 구조",1.57842440904908,"비율",1
"화곡보람2차아파트","한식음식점","금강수목원아파트","주말 유동 비중",0.020513935586421006,"비율",2
"화곡보람2차아파트","한식음식점","금강수목원아파트","유사 업종 점포 밀도",-0.7654483438812794,"개/10,000㎡",3
"신곡초등학교","한식음식점","예술인마을","상주인구",-2640,"명",1
"신곡초등학교","한식음식점","예술인마을","총 유동인구",-542313,"명",2
"신곡초등학교","한식음식점","예술인마을","상권 면적",-41540,"㎡",3
"등촌1동주민센터","한식음식점","염곡동 구룡사(포이동성당)","남성 유동 비중",0.04661090023124492,"비율",1
"등촌1동주민센터","한식음식점","염곡동 구룡사(포이동성당)","프랜차이즈 점포",-3,"개",2
"등촌1동주민센터","한식음식점","염곡동 구룡사(포이동성당)","주말 유동 비중",-0.023358138875831103,"비율",3
"뜸부기어린이공원","한식음식점","대림1동주민센터","프랜차이즈 점포",-3,"개",1
"뜸부기어린이공원","한식음식점","대림1동주민센터","상권 면적",-29903,"㎡",2
"뜸부기어린이공원","한식음식점","대림1동주민센터","상주인구",-1065,"명",3
"강서구청가양동별관","한식음식점","신촌역 6번","00~06 유동 비중",0.11942642018023789,"비율",1
"강서구청가양동별관","한식음식점","신촌역 6번","17~21 유동 비중",-0.04614447489853507,"비율",2
"강서구청가양동별관","한식음식점","신촌역 6번","14~17 유동 비중",-0.04526815698288991,"비율",3
"화곡4동주민센터","한식음식점","창2동주민센터","주말 유동 비중",0.012045060519790485,"비율",1
"화곡4동주민센터","한식음식점","창2동주민센터","21~24 유동 비중",0.007228220048531214,"비율",2
"화곡4동주민센터","한식음식점","창2동주민센터","11~14 유동 비중",-0.010292325805905514,"비율",3
"등촌역 1번","한식음식점","국립국악고등학교","유사 업종 점포 밀도",-0.8135689277817755,"개/10,000㎡",1
"등촌역 1번","한식음식점","국립국악고등학교","06~11 유동 비중",-0.0040896252568417835,"비율",2
"등촌역 1번","한식음식점","국립국악고등학교","총 유동인구",229354,"명",3
"염창무학아파트","한식음식점","구남초등학교","주말 유동 비중",0.011854886082583171,"비율",1
"염창무학아파트","한식음식점","구남초등학교","프랜차이즈 점포",1,"개",2
"염창무학아파트","한식음식점","구남초등학교","직장·상주 구조",-0.5303148722588569,"비율",3
"온수역 1번","한식음식점","창동중학교","06~11 유동 비중",-0.019156788343595882,"비율",1
"온수역 1번","한식음식점","창동중학교","주말 유동 비중",0.025255430509351584,"비율",2
"온수역 1번","한식음식점","창동중학교","상권 면적",-61167,"㎡",3
"금강수목원아파트","한식음식점","중곡어린이공원","직장·상주 구조",-1.1900421472432363,"비율",1
"금강수목원아파트","한식음식점","중곡어린이공원","주말 유동 비중",-0.017576326825420485,"비율",2
"금강수목원아파트","한식음식점","중곡어린이공원","상주인구",1831,"명",3
"천왕역 3번(오류2동주민센터, 서울오류남초등학교)","한식음식점","잠원역","직장·상주 구조",1.2231594784150834,"비율",1
"천왕역 3번(오류2동주민센터, 서울오류남초등학교)","한식음식점","잠원역","유사 업종 점포 밀도",-1.1928401890519245,"개/10,000㎡",2
"천왕역 3번(오류2동주민센터, 서울오류남초등학교)","한식음식점","잠원역","17~21 유동 비중",-0.01254728965068655,"비율",3
"오류지구대","한식음식점","수궁동주민센터","상권 면적",111330,"㎡",1
"오류지구대","한식음식점","수궁동주민센터","상주인구",1586,"명",2
"오류지구대","한식음식점","수궁동주민센터","유사 업종 점포 밀도",-0.7282720674333407,"개/10,000㎡",3
"오류동역 3번","한식음식점","동교초등학교","상주인구",1487,"명",1
"오류동역 3번","한식음식점","동교초등학교","남성 유동 비중",-0.011020971637491828,"비율",2
"오류동역 3번","한식음식점","동교초등학교","유사 업종 점포 밀도",0.4610322637336717,"개/10,000㎡",3
"오류2동버들시장","한식음식점","상봉역 4번","총 유동인구",799461,"명",1
"오류2동버들시장","한식음식점","상봉역 4번","상주인구",1452,"명",2
"오류2동버들시장","한식음식점","상봉역 4번","프랜차이즈 점포",-1,"개",3
"개봉중학교","한식음식점","국악고교사거리","21~24 유동 비중",-0.005237609744749891,"비율",1
"개봉중학교","한식음식점","국악고교사거리","14~17 유동 비중",0.007855280506717868,"비율",2
"개봉중학교","한식음식점","국악고교사거리","상주인구",-748,"명",3
"큰굴다리","한식음식점","예술인마을","상주인구",2241,"명",1
"큰굴다리","한식음식점","예술인마을","직장·상주 구조",-1.1949226111007896,"비율",2
"큰굴다리","한식음식점","예술인마을","상권 면적",36339,"㎡",3
"오류동역 4번","한식음식점","국립4.19민주묘지","직장·상주 구조",3.968730189659777,"비율",1
"오류동역 4번","한식음식점","국립4.19민주묘지","21~24 유동 비중",-0.01973435279343952,"비율",2
"오류동역 4번","한식음식점","국립4.19민주묘지","남성 유동 비중",-0.027251908930562174,"비율",3
"세곡초등학교","한식음식점","먹골역 1번","남성 유동 비중",-0.02737521786679953,"비율",1
"세곡초등학교","한식음식점","먹골역 1번","상권 면적",-47846,"㎡",2
"세곡초등학교","한식음식점","먹골역 1번","해당 업종 점포",-8,"개",3
"개봉1동주민센터","한식음식점","오류2동버들시장","프랜차이즈 점포",3,"개",1
"개봉1동주민센터","한식음식점","오류2동버들시장","해당 업종 점포",-13,"개",2
"개봉1동주민센터","한식음식점","오류2동버들시장","남성 유동 비중",-0.0122877811308863,"비율",3
"오류동역 1번","한식음식점","수궁동주민센터","상권 면적",103281,"㎡",1
"오류동역 1번","한식음식점","수궁동주민센터","직장·상주 구조",-0.7544198871904033,"비율",2
"오류동역 1번","한식음식점","수궁동주민센터","주말 유동 비중",0.00896776537081051,"비율",3
"개봉3동주민센터","한식음식점","난곡초등학교(난곡동벽화마을)","주말 유동 비중",-0.027286592411935262,"비율",1
"개봉3동주민센터","한식음식점","난곡초등학교(난곡동벽화마을)","직장·상주 구조",1.035996576947534,"비율",2
"개봉3동주민센터","한식음식점","난곡초등학교(난곡동벽화마을)","11~14 유동 비중",0.00770063044046107,"비율",3
"개웅초등학교(개웅중학교)","한식음식점","군자역 5번","프랜차이즈 점포",1,"개",1
"개웅초등학교(개웅중학교)","한식음식점","군자역 5번","06~11 유동 비중",0.0047924925310249555,"비율",2
"개웅초등학교(개웅중학교)","한식음식점","군자역 5번","총 유동인구",279797,"명",3
"덕의초등학교","한식음식점","구남초등학교","남성 유동 비중",-0.0181821750371976,"비율",1
"덕의초등학교","한식음식점","구남초등학교","17~21 유동 비중",-0.015130856087360756,"비율",2
"덕의초등학교","한식음식점","구남초등학교","유사 업종 점포 밀도",-0.7913497605699351,"개/10,000㎡",3
"고척초등학교","한식음식점","신대방삼거리역 3번","주말 유동 비중",-0.015245661325801407,"비율",1
"고척초등학교","한식음식점","신대방삼거리역 3번","상권 면적",-43396,"㎡",2
"고척초등학교","한식음식점","신대방삼거리역 3번","총 유동인구",-323633,"명",3
"고척동성당","한식음식점","방이동고분군(방산고등학교)","유사 업종 점포 밀도",-1.8852321639271716,"개/10,000㎡",1
"고척동성당","한식음식점","방이동고분군(방산고등학교)","해당 업종 점포",-13,"개",2
"고척동성당","한식음식점","방이동고분군(방산고등학교)","직장·상주 구조",0.839020827863548,"비율",3
"개봉역","한식음식점","수락산디자인거리","프랜차이즈 점포",9,"개",1
"개봉역","한식음식점","수락산디자인거리","해당 업종 점포",31,"개",2
"개봉역","한식음식점","수락산디자인거리","유사 업종 점포 밀도",2.283513897680306,"개/10,000㎡",3
"그라운드 고척","한식음식점","상계역","유사 업종 점포 밀도",6.835376227198671,"개/10,000㎡",1
"그라운드 고척","한식음식점","상계역","해당 업종 점포",48,"개",2
"그라운드 고척","한식음식점","상계역","17~21 유동 비중",0.03147102169678956,"비율",3
"구로창업지원센터","한식음식점","경수초등학교","직장인구",2409,"명",1
"구로창업지원센터","한식음식점","경수초등학교","주말 유동 비중",-0.03351446473391689,"비율",2
"구로창업지원센터","한식음식점","경수초등학교","21~24 유동 비중",-0.019240130613521325,"비율",3
"구로119안전센터","한식음식점","서울시립대","총 유동인구",1248726,"명",1
"구로119안전센터","한식음식점","서울시립대","06~11 유동 비중",0.008312547093385636,"비율",2
"구로119안전센터","한식음식점","서울시립대","상주인구",1246,"명",3
"구로초등학교","한식음식점","광진구청","상권 면적",-59692,"㎡",1
"구로초등학교","한식음식점","광진구청","주말 유동 비중",-0.018098359023740906,"비율",2
"구로초등학교","한식음식점","광진구청","해당 업종 점포",-11,"개",3
"구로보건소","한식음식점","신방화역 2번","상권 면적",-70096,"㎡",1
"구로보건소","한식음식점","신방화역 2번","해당 업종 점포",-12,"개",2
"구로보건소","한식음식점","신방화역 2번","남성 유동 비중",-0.0181729791974935,"비율",3
"구로4동주민센터","한식음식점","문성초등학교","프랜차이즈 점포",5,"개",1
"구로4동주민센터","한식음식점","문성초등학교","총 유동인구",-867213,"명",2
"구로4동주민센터","한식음식점","문성초등학교","유사 업종 점포 밀도",1.2206910207019193,"개/10,000㎡",3
"구로구민회관","한식음식점","서울금융고등학교","17~21 유동 비중",0.020485486138099168,"비율",1
"구로구민회관","한식음식점","서울금융고등학교","00~06 유동 비중",-0.0337858662957628,"비율",2
"구로구민회관","한식음식점","서울금융고등학교","06~11 유동 비중",-0.0059587509705565644,"비율",3
"구로나눔길","한식음식점","은평요양병원","유사 업종 점포 밀도",-2.454759127696734,"개/10,000㎡",1
"구로나눔길","한식음식점","은평요양병원","17~21 유동 비중",0.01747196528653408,"비율",2
"구로나눔길","한식음식점","은평요양병원","00~06 유동 비중",-0.03160676077124258,"비율",3
"남구로역 2번","한식음식점","영신초등학교","총 유동인구",-1989653,"명",1
"남구로역 2번","한식음식점","영신초등학교","해당 업종 점포",-28,"개",2
"남구로역 2번","한식음식점","영신초등학교","상권 면적",-88512,"㎡",3
"한국SGI본부","한식음식점","수락산디자인거리","프랜차이즈 점포",4,"개",1
"한국SGI본부","한식음식점","수락산디자인거리","유사 업종 점포 밀도",-2.624103007895508,"개/10,000㎡",2
"한국SGI본부","한식음식점","수락산디자인거리","해당 업종 점포",-23,"개",3
"대림역 2번","한식음식점","신원동주민센터","유사 업종 점포 밀도",2.1787067977959182,"개/10,000㎡",1
"대림역 2번","한식음식점","신원동주민센터","상권 면적",-61349,"㎡",2
"대림역 2번","한식음식점","신원동주민센터","직장·상주 구조",-0.7493093166034308,"비율",3
"가리봉파출소","한식음식점","송정체육공원","남성 유동 비중",-0.0638179702656696,"비율",1
"가리봉파출소","한식음식점","송정체육공원","주말 유동 비중",0.024039601500454255,"비율",2
"가리봉파출소","한식음식점","송정체육공원","11~14 유동 비중",-0.01177277929898668,"비율",3
"G타워","한식음식점","충무초등학교","남성 유동 비중",-0.058805858632238084,"비율",1
"G타워","한식음식점","충무초등학교","직장인구",-1805,"명",2
"G타워","한식음식점","충무초등학교","프랜차이즈 점포",-2,"개",3
"가산디지털단지역 1번 출입구","한식음식점","영등포시장역 4번","주말 유동 비중",0.05557289559895451,"비율",1
"가산디지털단지역 1번 출입구","한식음식점","영등포시장역 4번","남성 유동 비중",-0.06658670898007324,"비율",2
"가산디지털단지역 1번 출입구","한식음식점","영등포시장역 4번","21~24 유동 비중",0.012384021569453174,"비율",3
"금천구립가산도서관","한식음식점","관악해태어린이공원","남성 유동 비중",0.05684742032163603,"비율",1
"금천구립가산도서관","한식음식점","관악해태어린이공원","총 유동인구",580195,"명",2
"금천구립가산도서관","한식음식점","관악해태어린이공원","17~21 유동 비중",0.010125910249465492,"비율",3
"가산동주민센터","한식음식점","목동센트럴아이파크앞","유사 업종 점포 밀도",-3.286971141057874,"개/10,000㎡",1
"가산동주민센터","한식음식점","목동센트럴아이파크앞","21~24 유동 비중",0.020044494864575796,"비율",2
"가산동주민센터","한식음식점","목동센트럴아이파크앞","주말 유동 비중",0.02602176930603825,"비율",3
"금천철쭉어린이공원(금하마을)","한식음식점","서울북부고용노동지청","주말 유동 비중",0.00862460936411591,"비율",1
"금천철쭉어린이공원(금하마을)","한식음식점","서울북부고용노동지청","21~24 유동 비중",-0.004562345263672635,"비율",2
"금천철쭉어린이공원(금하마을)","한식음식점","서울북부고용노동지청","총 유동인구",243749,"명",3
"독산역 1번 출입구","한식음식점","예일여고","남성 유동 비중",-0.07833518461210881,"비율",1
"독산역 1번 출입구","한식음식점","예일여고","21~24 유동 비중",0.00846540974833071,"비율",2
"독산역 1번 출입구","한식음식점","예일여고","주말 유동 비중",-0.006309279654022004,"비율",3
"두산초등학교","한식음식점","고덕중학교(고덕2동주민센터)","남성 유동 비중",-0.025342081622634016,"비율",1
"두산초등학교","한식음식점","고덕중학교(고덕2동주민센터)","06~11 유동 비중",0.008358353602358454,"비율",2
"두산초등학교","한식음식점","고덕중학교(고덕2동주민센터)","유사 업종 점포 밀도",-0.9777241695630774,"개/10,000㎡",3
"가산동우체국","한식음식점","중곡초등학교","남성 유동 비중",-0.058529731381240124,"비율",1
"가산동우체국","한식음식점","중곡초등학교","06~11 유동 비중",-0.006910096362526541,"비율",2
"가산동우체국","한식음식점","중곡초등학교","유사 업종 점포 밀도",-0.861474385314501,"개/10,000㎡",3
"서울축산농협 독산역지점(독산파출소)","한식음식점","신길2동우편취급국","총 유동인구",649207,"명",1
"서울축산농협 독산역지점(독산파출소)","한식음식점","신길2동우편취급국","프랜차이즈 점포",-2,"개",2
"서울축산농협 독산역지점(독산파출소)","한식음식점","신길2동우편취급국","06~11 유동 비중",-0.006472888077474592,"비율",3
"금천구청역 1번 출입구","한식음식점","광진정보도서관","직장인구",5806,"명",1
"금천구청역 1번 출입구","한식음식점","광진정보도서관","상권 면적",-86307,"㎡",2
"금천구청역 1번 출입구","한식음식점","광진정보도서관","직장·상주 구조",1.5128232594585542,"비율",3
"가산초등학교(세일중학교)","한식음식점","묘곡초등학교(고덕아이파크아파트)","프랜차이즈 점포",-3,"개",1
"가산초등학교(세일중학교)","한식음식점","묘곡초등학교(고덕아이파크아파트)","남성 유동 비중",-0.019437452559122992,"비율",2
"가산초등학교(세일중학교)","한식음식점","묘곡초등학교(고덕아이파크아파트)","상주인구",1014,"명",3
"금천어울림복지센터","한식음식점","서울금융고등학교","06~11 유동 비중",0.008117678556184199,"비율",1
"금천어울림복지센터","한식음식점","서울금융고등학교","직장·상주 구조",-0.8805314431694464,"비율",2
"금천어울림복지센터","한식음식점","서울금융고등학교","00~06 유동 비중",-0.022701150307993856,"비율",3
"말미고개","한식음식점","신월1동우편취급국","프랜차이즈 점포",-2,"개",1
"말미고개","한식음식점","신월1동우편취급국","총 유동인구",488320,"명",2
"말미고개","한식음식점","신월1동우편취급국","상권 면적",40066,"㎡",3
"독산119안전센터","한식음식점","시흥초등학교(시흥1동우체국)","해당 업종 점포",-7,"개",1
"독산119안전센터","한식음식점","시흥초등학교(시흥1동우체국)","유사 업종 점포 밀도",-0.510927281995633,"개/10,000㎡",2
"독산119안전센터","한식음식점","시흥초등학교(시흥1동우체국)","주말 유동 비중",-0.005550564261576019,"비율",3
"금천세무서","한식음식점","장안중학교","남성 유동 비중",-0.01543990257668476,"비율",1
"금천세무서","한식음식점","장안중학교","주말 유동 비중",-0.01076289677873482,"비율",2
"금천세무서","한식음식점","장안중학교","상주인구",1205,"명",3
"문성초등학교","한식음식점","신대방역 2번","총 유동인구",642685,"명",1
"문성초등학교","한식음식점","신대방역 2번","유사 업종 점포 밀도",-1.4081506930062941,"개/10,000㎡",2
"문성초등학교","한식음식점","신대방역 2번","상권 면적",41086,"㎡",3
"시흥3동 우편취급국","한식음식점","관성묘","남성 유동 비중",-0.040121248608946114,"비율",1
"시흥3동 우편취급국","한식음식점","관성묘","17~21 유동 비중",-0.021976974601417676,"비율",2
"시흥3동 우편취급국","한식음식점","관성묘","06~11 유동 비중",-0.009510277997049732,"비율",3
"금천해태공원","한식음식점","북가좌2동주민센터","상권 면적",35174,"㎡",1
"금천해태공원","한식음식점","북가좌2동주민센터","남성 유동 비중",-0.012396453786298778,"비율",2
"금천해태공원","한식음식점","북가좌2동주민센터","프랜차이즈 점포",-1,"개",3
"독산2동주민센터","한식음식점","대림역 2번","프랜차이즈 점포",-2,"개",1
"독산2동주민센터","한식음식점","대림역 2번","06~11 유동 비중",0.007576681257625256,"비율",2
"독산2동주민센터","한식음식점","대림역 2번","상주인구",-1465,"명",3
"KT금천빌딩(금천구시설관리공단)","한식음식점","바우뫼공원","06~11 유동 비중",0.0097473004576977,"비율",1
"KT금천빌딩(금천구시설관리공단)","한식음식점","바우뫼공원","직장인구",1004,"명",2
"KT금천빌딩(금천구시설관리공단)","한식음식점","바우뫼공원","남성 유동 비중",-0.016846203979664354,"비율",3
"시흥초등학교(시흥1동우체국)","한식음식점","암사역 3번(천호동자전거거리)","상주인구",1786,"명",1
"시흥초등학교(시흥1동우체국)","한식음식점","암사역 3번(천호동자전거거리)","06~11 유동 비중",0.0064374781343709,"비율",2
"시흥초등학교(시흥1동우체국)","한식음식점","암사역 3번(천호동자전거거리)","남성 유동 비중",-0.012041779289227617,"비율",3
"독산동성당","한식음식점","시흥동 은행나무사거리","총 유동인구",-805918,"명",1
"독산동성당","한식음식점","시흥동 은행나무사거리","남성 유동 비중",-0.02152417504324433,"비율",2
"독산동성당","한식음식점","시흥동 은행나무사거리","06~11 유동 비중",-0.006231280562765507,"비율",3
"독산동정훈단지","한식음식점","금동어린이공원","직장·상주 구조",-1.5980602406435191,"비율",1
"독산동정훈단지","한식음식점","금동어린이공원","프랜차이즈 점포",-2,"개",2
"독산동정훈단지","한식음식점","금동어린이공원","남성 유동 비중",-0.01984739583887346,"비율",3
"금천금빛공원(은행나무사거리서측)","한식음식점","응암3동주민센터","06~11 유동 비중",0.012990179052914608,"비율",1
"금천금빛공원(은행나무사거리서측)","한식음식점","응암3동주민센터","주말 유동 비중",-0.017865766267415484,"비율",2
"금천금빛공원(은행나무사거리서측)","한식음식점","응암3동주민센터","남성 유동 비중",-0.015914814089607987,"비율",3
"석수역 1번 출입구","한식음식점","염창역 2번","남성 유동 비중",-0.02375452339008738,"비율",1
"석수역 1번 출입구","한식음식점","염창역 2번","유사 업종 점포 밀도",-1.0515424173987957,"개/10,000㎡",2
"석수역 1번 출입구","한식음식점","염창역 2번","해당 업종 점포",-8,"개",3
"백산초등학교","한식음식점","장안중학교","상주인구",1970,"명",1
"백산초등학교","한식음식점","장안중학교","프랜차이즈 점포",-1,"개",2
"백산초등학교","한식음식점","장안중학교","총 유동인구",258422,"명",3
"금산초등학교(금천고등학교)","한식음식점","마포구청역 1번","남성 유동 비중",-0.09669098428327488,"비율",1
"금산초등학교(금천고등학교)","한식음식점","마포구청역 1번","상권 면적",-58281,"㎡",2
"금산초등학교(금천고등학교)","한식음식점","마포구청역 1번","프랜차이즈 점포",2,"개",3
"시흥4동주민센터(서울신흥초등학교)","한식음식점","석촌고분역 3번","남성 유동 비중",-0.02020648962049182,"비율",1
"시흥4동주민센터(서울신흥초등학교)","한식음식점","석촌고분역 3번","17~21 유동 비중",-0.011947832025257815,"비율",2
"시흥4동주민센터(서울신흥초등학교)","한식음식점","석촌고분역 3번","프랜차이즈 점포",1,"개",3
"난곡중학교","한식음식점","난우중학교","17~21 유동 비중",-0.011121743077870061,"비율",1
"난곡중학교","한식음식점","난우중학교","00~06 유동 비중",0.02412584906916343,"비율",2
"난곡중학교","한식음식점","난우중학교","프랜차이즈 점포",-1,"개",3
"한울중학교","한식음식점","독산119안전센터","유사 업종 점포 밀도",1.2293705370347152,"개/10,000㎡",1
"한울중학교","한식음식점","독산119안전센터","해당 업종 점포",11,"개",2
"한울중학교","한식음식점","독산119안전센터","상주인구",-1396,"명",3
"시흥동 은행나무사거리","한식음식점","신월4동주민센터","21~24 유동 비중",-0.009307508697586425,"비율",1
"시흥동 은행나무사거리","한식음식점","신월4동주민센터","17~21 유동 비중",-0.01121391519447798,"비율",2
"시흥동 은행나무사거리","한식음식점","신월4동주민센터","06~11 유동 비중",0.005111090053526834,"비율",3
"삼성산자연공원(서울금천초등학교)","한식음식점","신곡초등학교","상주인구",2125,"명",1
"삼성산자연공원(서울금천초등학교)","한식음식점","신곡초등학교","해당 업종 점포",-14,"개",2
"삼성산자연공원(서울금천초등학교)","한식음식점","신곡초등학교","남성 유동 비중",-0.01961677158138664,"비율",3
"동일여자고등학교","한식음식점","방화역 3번","11~14 유동 비중",0.01433768420448514,"비율",1
"동일여자고등학교","한식음식점","방화역 3번","00~06 유동 비중",-0.02716386662729045,"비율",2
"동일여자고등학교","한식음식점","방화역 3번","17~21 유동 비중",0.01111845424575239,"비율",3
"문래중학교","한식음식점","서울교통공사","남성 유동 비중",0.04338700153980418,"비율",1
"문래중학교","한식음식점","서울교통공사","상권 면적",30359,"㎡",2
"문래중학교","한식음식점","서울교통공사","프랜차이즈 점포",1,"개",3
"양평역 2번","한식음식점","효창공원앞역 5번","유사 업종 점포 밀도",-2.082190989993731,"개/10,000㎡",1
"양평역 2번","한식음식점","효창공원앞역 5번","프랜차이즈 점포",-2,"개",2
"양평역 2번","한식음식점","효창공원앞역 5번","총 유동인구",624149,"명",3
"문래소공원","한식음식점","서울금융고등학교","남성 유동 비중",0.016796938815403117,"비율",1
"문래소공원","한식음식점","서울금융고등학교","17~21 유동 비중",0.012008905895738248,"비율",2
"문래소공원","한식음식점","서울금융고등학교","주말 유동 비중",0.008983273157486038,"비율",3
"문래예술촌(문래창작촌)","한식음식점","한강로동땡땡거리(은행나무길)","직장인구",-21011,"명",1
"문래예술촌(문래창작촌)","한식음식점","한강로동땡땡거리(은행나무길)","프랜차이즈 점포",-13,"개",2
"문래예술촌(문래창작촌)","한식음식점","한강로동땡땡거리(은행나무길)","해당 업종 점포",-71,"개",3
"선유도역 1번","한식음식점","논현초등학교","상권 면적",-151781,"㎡",1
"선유도역 1번","한식음식점","논현초등학교","상주인구",-4963,"명",2
"선유도역 1번","한식음식점","논현초등학교","직장인구",-2669,"명",3
"영등포구청역 2번","한식음식점","문현중학교(장지역 1번)","유사 업종 점포 밀도",-4.743161035103194,"개/10,000㎡",1
"영등포구청역 2번","한식음식점","문현중학교(장지역 1번)","주말 유동 비중",0.02613119261837482,"비율",2
"영등포구청역 2번","한식음식점","문현중학교(장지역 1번)","21~24 유동 비중",0.010189443421875069,"비율",3
"문래동사거리","한식음식점","방화역 3번","직장·상주 구조",-3.8004463506013053,"비율",1
"문래동사거리","한식음식점","방화역 3번","직장인구",-2221,"명",2
"문래동사거리","한식음식점","방화역 3번","남성 유동 비중",-0.0227706833878637,"비율",3
"대림역 5번","한식음식점","금천세무서","00~06 유동 비중",0.02312536272985896,"비율",1
"대림역 5번","한식음식점","금천세무서","17~21 유동 비중",-0.009276772191831345,"비율",2
"대림역 5번","한식음식점","금천세무서","총 유동인구",-261407,"명",3
"도림2동유수지내체육시설","한식음식점","봉천역 6번","주말 유동 비중",-0.018536530793589023,"비율",1
"도림2동유수지내체육시설","한식음식점","봉천역 6번","유사 업종 점포 밀도",1.0140653188288729,"개/10,000㎡",2
"도림2동유수지내체육시설","한식음식점","봉천역 6번","프랜차이즈 점포",-1,"개",3
"영등포구청역 6번","한식음식점","쌍문역1번(쌍리단길)","06~11 유동 비중",0.014192248049448408,"비율",1
"영등포구청역 6번","한식음식점","쌍문역1번(쌍리단길)","유사 업종 점포 밀도",-0.921530880687305,"개/10,000㎡",2
"영등포구청역 6번","한식음식점","쌍문역1번(쌍리단길)","프랜차이즈 점포",-1,"개",3
"당산반도유보라팰리스아파트","한식음식점","광나루역 1번","직장·상주 구조",0.8696067392810258,"비율",1
"당산반도유보라팰리스아파트","한식음식점","광나루역 1번","11~14 유동 비중",0.013577616434136214,"비율",2
"당산반도유보라팰리스아파트","한식음식점","광나루역 1번","17~21 유동 비중",-0.013583006030420453,"비율",3
"대동초등학교","한식음식점","신림현대아파트","17~21 유동 비중",0.016549359982165557,"비율",1
"대동초등학교","한식음식점","신림현대아파트","21~24 유동 비중",0.007809323520071354,"비율",2
"대동초등학교","한식음식점","신림현대아파트","00~06 유동 비중",-0.02631981545519335,"비율",3
"도신초등학교","한식음식점","서서울호수공원","06~11 유동 비중",0.00750498966963406,"비율",1
"도신초등학교","한식음식점","서서울호수공원","직장·상주 구조",-0.792080466370372,"비율",2
"도신초등학교","한식음식점","서서울호수공원","해당 업종 점포",-7,"개",3
"구로세무서","한식음식점","남산골공원옆","직장·상주 구조",-2.7260970425756517,"비율",1
"구로세무서","한식음식점","남산골공원옆","주말 유동 비중",-0.032593956409391556,"비율",2
"구로세무서","한식음식점","남산골공원옆","직장인구",-1226,"명",3
"구로디지털단지역 4번","한식음식점","공군호텔","프랜차이즈 점포",3,"개",1
"구로디지털단지역 4번","한식음식점","공군호텔","주말 유동 비중",-0.014186841855758303,"비율",2
"구로디지털단지역 4번","한식음식점","공군호텔","06~11 유동 비중",0.005763858398296573,"비율",3
"대림갑을명가아파트","한식음식점","오류동역 4번","06~11 유동 비중",-0.016517411783124103,"비율",1
"대림갑을명가아파트","한식음식점","오류동역 4번","21~24 유동 비중",0.01642943818569695,"비율",2
"대림갑을명가아파트","한식음식점","오류동역 4번","유사 업종 점포 밀도",1.6692680469836638,"개/10,000㎡",3
"대림한신아파트","한식음식점","영등포푸르지오아파트","남성 유동 비중",0.013996713203974165,"비율",1
"대림한신아파트","한식음식점","영등포푸르지오아파트","프랜차이즈 점포",1,"개",2
"대림한신아파트","한식음식점","영등포푸르지오아파트","상권 면적",25542,"㎡",3
"영등포시장역 4번","한식음식점","서울금융고등학교","유사 업종 점포 밀도",-3.331843683687123,"개/10,000㎡",1
"영등포시장역 4번","한식음식점","서울금융고등학교","06~11 유동 비중",-0.00849452359434455,"비율",2
"영등포시장역 4번","한식음식점","서울금융고등학교","17~21 유동 비중",0.01359655042706151,"비율",3
"영등포시장역 1번","한식음식점","이수역 5번","주말 유동 비중",0.038013307184735196,"비율",1
"영등포시장역 1번","한식음식점","이수역 5번","17~21 유동 비중",0.0201361358905289,"비율",2
"영등포시장역 1번","한식음식점","이수역 5번","프랜차이즈 점포",2,"개",3
"영등포푸르지오아파트","한식음식점","사가정역 4번","주말 유동 비중",-0.015905757890724515,"비율",1
"영등포푸르지오아파트","한식음식점","사가정역 4번","상주인구",1471,"명",2
"영등포푸르지오아파트","한식음식점","사가정역 4번","직장·상주 구조",-0.7526999464306465,"비율",3
"당산역 8번","한식음식점","서울금융고등학교","직장·상주 구조",1.118364706032482,"비율",1
"당산역 8번","한식음식점","서울금융고등학교","21~24 유동 비중",0.007325184155650574,"비율",2
"당산역 8번","한식음식점","서울금융고등학교","상주인구",-1157,"명",3
"신길3동주민센터","한식음식점","구로4동주민센터","해당 업종 점포",16,"개",1
"신길3동주민센터","한식음식점","구로4동주민센터","17~21 유동 비중",-0.019046540222280778,"비율",2
"신길3동주민센터","한식음식점","구로4동주민센터","프랜차이즈 점포",2,"개",3
"영등포시장역 3번","한식음식점","종암초등학교","유사 업종 점포 밀도",-3.0307994757536036,"개/10,000㎡",1
"영등포시장역 3번","한식음식점","종암초등학교","21~24 유동 비중",0.009525530085861267,"비율",2
"영등포시장역 3번","한식음식점","종암초등학교","06~11 유동 비중",0.006340837502230329,"비율",3
"대림성모병원","한식음식점","방학초등학교","06~11 유동 비중",-0.020125295017734413,"비율",1
"대림성모병원","한식음식점","방학초등학교","프랜차이즈 점포",-3,"개",2
"대림성모병원","한식음식점","방학초등학교","21~24 유동 비중",0.012224279509487346,"비율",3
"대림1동주민센터","한식음식점","서울북부고용노동지청","상권 면적",-57044,"㎡",1
"대림1동주민센터","한식음식점","서울북부고용노동지청","프랜차이즈 점포",-2,"개",2
"대림1동주민센터","한식음식점","서울북부고용노동지청","21~24 유동 비중",-0.0066660132680588235,"비율",3
"신풍역 3번","한식음식점","아현역 1번","주말 유동 비중",-0.02087467879739857,"비율",1
"신풍역 3번","한식음식점","아현역 1번","06~11 유동 비중",0.005769631291198979,"비율",2
"신풍역 3번","한식음식점","아현역 1번","17~21 유동 비중",-0.00900621217667244,"비율",3
"영등포역 2번","한식음식점","독산119안전센터","총 유동인구",-945401,"명",1
"영등포역 2번","한식음식점","독산119안전센터","상주인구",826,"명",2
"영등포역 2번","한식음식점","독산119안전센터","주말 유동 비중",-0.005853858956992641,"비율",3
"영동초등학교","한식음식점","방배아이파크아파트","06~11 유동 비중",-0.01222691553722996,"비율",1
"영동초등학교","한식음식점","방배아이파크아파트","직장인구",1290,"명",2
"영동초등학교","한식음식점","방배아이파크아파트","남성 유동 비중",-0.014855877686488828,"비율",3
"신풍역 2번","한식음식점","정릉역 2번","06~11 유동 비중",0.012453307340829778,"비율",1
"신풍역 2번","한식음식점","정릉역 2번","00~06 유동 비중",-0.029387109707689374,"비율",2
"신풍역 2번","한식음식점","정릉역 2번","남성 유동 비중",-0.015586671765623061,"비율",3
"영등포본동주민센터","한식음식점","목4동주민센터","남성 유동 비중",-0.026842310056706564,"비율",1
"영등포본동주민센터","한식음식점","목4동주민센터","06~11 유동 비중",-0.00839432966596923,"비율",2
"영등포본동주민센터","한식음식점","목4동주민센터","주말 유동 비중",-0.007335216032128666,"비율",3
"영등포동성당","한식음식점","한국상담대학원대학교","21~24 유동 비중",0.0105828703335165,"비율",1
"영등포동성당","한식음식점","한국상담대학원대학교","주말 유동 비중",-0.01321041638998055,"비율",2
"영등포동성당","한식음식점","한국상담대학원대학교","유사 업종 점포 밀도",-0.857081548906865,"개/10,000㎡",3
"신길동홍어거리","한식음식점","마포FM","남성 유동 비중",-0.04277596306765569,"비율",1
"신길동홍어거리","한식음식점","마포FM","프랜차이즈 점포",-1,"개",2
"신길동홍어거리","한식음식점","마포FM","06~11 유동 비중",0.004841589599186014,"비율",3
"신길2동우편취급국","한식음식점","연신내역 2번","남성 유동 비중",-0.029011861871787725,"비율",1
"신길2동우편취급국","한식음식점","연신내역 2번","총 유동인구",-359864,"명",2
"신길2동우편취급국","한식음식점","연신내역 2번","상주인구",999,"명",3
"신길새마을금고신길4동지점","한식음식점","방화역 2번","주말 유동 비중",-0.02380427997396839,"비율",1
"신길새마을금고신길4동지점","한식음식점","방화역 2번","해당 업종 점포",7,"개",2
"신길새마을금고신길4동지점","한식음식점","방화역 2번","11~14 유동 비중",0.007042718334005868,"비율",3
"신길역 3번","한식음식점","당산역 8번","06~11 유동 비중",-0.02064733139608957,"비율",1
"신길역 3번","한식음식점","당산역 8번","남성 유동 비중",-0.025526783195040037,"비율",2
"신길역 3번","한식음식점","당산역 8번","직장·상주 구조",0.9462606695458211,"비율",3
"장훈고등학교","한식음식점","방화역 2번","프랜차이즈 점포",-2,"개",1
"장훈고등학교","한식음식점","방화역 2번","17~21 유동 비중",-0.014328982090521941,"비율",2
"장훈고등학교","한식음식점","방화역 2번","06~11 유동 비중",0.007281318706112955,"비율",3
"영신초등학교","한식음식점","도봉구보건소","남성 유동 비중",-0.024036272989098606,"비율",1
"영신초등학교","한식음식점","도봉구보건소","총 유동인구",-498166,"명",2
"영신초등학교","한식음식점","도봉구보건소","프랜차이즈 점포",-1,"개",3
"보라매역 4번","한식음식점","돌곶이역 3번","프랜차이즈 점포",-2,"개",1
"보라매역 4번","한식음식점","돌곶이역 3번","06~11 유동 비중",0.007912060406133237,"비율",2
"보라매역 4번","한식음식점","돌곶이역 3번","직장·상주 구조",0.7355607490175071,"비율",3
"신길6동주민센터","한식음식점","돌곶이역 5번","21~24 유동 비중",-0.014354001565378083,"비율",1
"신길6동주민센터","한식음식점","돌곶이역 5번","06~11 유동 비중",0.008114385640739435,"비율",2
"신길6동주민센터","한식음식점","돌곶이역 5번","유사 업종 점포 밀도",-1.086533292547415,"개/10,000㎡",3
"보라매역 6번","한식음식점","보문역 4번","06~11 유동 비중",-0.013626322200563923,"비율",1
"보라매역 6번","한식음식점","보문역 4번","주말 유동 비중",0.019028269966961164,"비율",2
"보라매역 6번","한식음식점","보문역 4번","해당 업종 점포",-13,"개",3
"서울지방병무청","한식음식점","동교초등학교","06~11 유동 비중",-0.008813602239143875,"비율",1
"서울지방병무청","한식음식점","동교초등학교","상권 면적",-40504,"㎡",2
"서울지방병무청","한식음식점","동교초등학교","상주인구",1263,"명",3
"공군호텔","한식음식점","묘곡초등학교(고덕아이파크아파트)","남성 유동 비중",0.019550781514278526,"비율",1
"공군호텔","한식음식점","묘곡초등학교(고덕아이파크아파트)","상권 면적",-38238,"㎡",2
"공군호텔","한식음식점","묘곡초등학교(고덕아이파크아파트)","총 유동인구",-406778,"명",3
"대방역 6번","한식음식점","서초동성당","직장인구",4153,"명",1
"대방역 6번","한식음식점","서초동성당","17~21 유동 비중",-0.039568024949972136,"비율",2
"대방역 6번","한식음식점","서초동성당","직장·상주 구조",1.9367127622245262,"비율",3
"대방역 4번","한식음식점","당산역 8번","21~24 유동 비중",-0.011780127370542945,"비율",1
"대방역 4번","한식음식점","당산역 8번","11~14 유동 비중",0.018349208757674165,"비율",2
"대방역 4번","한식음식점","당산역 8번","14~17 유동 비중",0.015460922421894494,"비율",3
"신대방역 4번","한식음식점","공군호텔","직장인구",-1001,"명",1
"신대방역 4번","한식음식점","공군호텔","17~21 유동 비중",-0.011477046403267632,"비율",2
"신대방역 4번","한식음식점","공군호텔","총 유동인구",313767,"명",3
"보라매역 2번","한식음식점","오동나무공원(송파레미니스1단지)","총 유동인구",-652402,"명",1
"보라매역 2번","한식음식점","오동나무공원(송파레미니스1단지)","직장인구",1073,"명",2
"보라매역 2번","한식음식점","오동나무공원(송파레미니스1단지)","직장·상주 구조",0.7474952611351702,"비율",3
"신대방삼거리역 3번","한식음식점","새절역 3번","06~11 유동 비중",0.010617872565979958,"비율",1
"신대방삼거리역 3번","한식음식점","새절역 3번","프랜차이즈 점포",-1,"개",2
"신대방삼거리역 3번","한식음식점","새절역 3번","해당 업종 점포",7,"개",3
"대방역 3번","한식음식점","연희파출소","11~14 유동 비중",0.023458681568810258,"비율",1
"대방역 3번","한식음식점","연희파출소","14~17 유동 비중",0.024993053800398235,"비율",2
"대방역 3번","한식음식점","연희파출소","21~24 유동 비중",-0.011812920048536929,"비율",3
"신대방삼거리역 1번","한식음식점","신곡초등학교","총 유동인구",-976818,"명",1
"신대방삼거리역 1번","한식음식점","신곡초등학교","상주인구",-1750,"명",2
"신대방삼거리역 1번","한식음식점","신곡초등학교","상권 면적",-36362,"㎡",3
"장승배기역 4번","한식음식점","러스크서울병원","프랜차이즈 점포",-5,"개",1
"장승배기역 4번","한식음식점","러스크서울병원","17~21 유동 비중",-0.021795837248258093,"비율",2
"장승배기역 4번","한식음식점","러스크서울병원","00~06 유동 비중",0.037281748404323634,"비율",3
"NH농협은행 상도동지점","한식음식점","신풍역 1번","남성 유동 비중",-0.027937149015324347,"비율",1
"NH농협은행 상도동지점","한식음식점","신풍역 1번","06~11 유동 비중",-0.010423789150079382,"비율",2
"NH농협은행 상도동지점","한식음식점","신풍역 1번","프랜차이즈 점포",2,"개",3
"노량진역 6번","한식음식점","구로보건소","총 유동인구",637640,"명",1
"노량진역 6번","한식음식점","구로보건소","주말 유동 비중",0.010848990899395505,"비율",2
"노량진역 6번","한식음식점","구로보건소","17~21 유동 비중",-0.010901604436732992,"비율",3
"상도초등학교","한식음식점","덕수교","남성 유동 비중",-0.029384449330131124,"비율",1
"상도초등학교","한식음식점","덕수교","21~24 유동 비중",0.006392922806813139,"비율",2
"상도초등학교","한식음식점","덕수교","상권 면적",-24558,"㎡",3
"상도4동주민센터","한식음식점","덕수교","06~11 유동 비중",-0.009837539628914843,"비율",1
"상도4동주민센터","한식음식점","덕수교","남성 유동 비중",-0.020705785404228905,"비율",2
"상도4동주민센터","한식음식점","덕수교","상권 면적",45568,"㎡",3
"노량진초등학교","한식음식점","남구로역 3번","총 유동인구",1854927,"명",1
"노량진초등학교","한식음식점","남구로역 3번","상권 면적",123260,"㎡",2
"노량진초등학교","한식음식점","남구로역 3번","해당 업종 점포",14,"개",3
"상도역 2번","한식음식점","송중동주민센터","17~21 유동 비중",-0.0193433687278865,"비율",1
"상도역 2번","한식음식점","송중동주민센터","00~06 유동 비중",0.03319022942983302,"비율",2
"상도역 2번","한식음식점","송중동주민센터","직장·상주 구조",-0.8218093958802317,"비율",3
"상도역 1번","한식음식점","우장산힐스테이트","21~24 유동 비중",-0.029114753868065446,"비율",1
"상도역 1번","한식음식점","우장산힐스테이트","유사 업종 점포 밀도",2.553632727649143,"개/10,000㎡",2
"상도역 1번","한식음식점","우장산힐스테이트","11~14 유동 비중",0.027253713800266754,"비율",3
"상도역 5번","한식음식점","삼전역 4번","직장인구",1463,"명",1
"상도역 5번","한식음식점","삼전역 4번","총 유동인구",611215,"명",2
"상도역 5번","한식음식점","삼전역 4번","직장·상주 구조",0.7751565035565671,"비율",3
"숭실대입구역 1번","한식음식점","남구로역 3번","남성 유동 비중",0.04439200843842439,"비율",1
"숭실대입구역 1번","한식음식점","남구로역 3번","총 유동인구",931508,"명",2
"숭실대입구역 1번","한식음식점","남구로역 3번","상권 면적",75843,"㎡",3
"숭실대입구역 4번","한식음식점","효창공원앞역 5번","프랜차이즈 점포",-3,"개",1
"숭실대입구역 4번","한식음식점","효창공원앞역 5번","유사 업종 점포 밀도",-1.987709833366103,"개/10,000㎡",2
"숭실대입구역 4번","한식음식점","효창공원앞역 5번","상권 면적",41543,"㎡",3
"흑리단길","한식음식점","새절역 2번","21~24 유동 비중",0.015241290004363153,"비율",1
"흑리단길","한식음식점","새절역 2번","프랜차이즈 점포",-2,"개",2
"흑리단길","한식음식점","새절역 2번","유사 업종 점포 밀도",-1.290979564434675,"개/10,000㎡",3
"사당5동주민센터","한식음식점","성동초등학교","주말 유동 비중",-0.014279245940348961,"비율",1
"사당5동주민센터","한식음식점","성동초등학교","상권 면적",33088,"㎡",2
"사당5동주민센터","한식음식점","성동초등학교","해당 업종 점포",6,"개",3
"남성역 1번","한식음식점","세곡초등학교","상주인구",-1976,"명",1
"남성역 1번","한식음식점","세곡초등학교","총 유동인구",-481874,"명",2
"남성역 1번","한식음식점","세곡초등학교","해당 업종 점포",-11,"개",3
"양지어린이공원","한식음식점","자양동우체국","06~11 유동 비중",-0.005765739993675245,"비율",1
"양지어린이공원","한식음식점","자양동우체국","직장·상주 구조",0.46425698764379053,"비율",2
"양지어린이공원","한식음식점","자양동우체국","상주인구",794,"명",3
"이수역 10번","한식음식점","낙성대역 1번(관악구민 종합체육센터)","상주인구",3526,"명",1
"이수역 10번","한식음식점","낙성대역 1번(관악구민 종합체육센터)","총 유동인구",-505219,"명",2
"이수역 10번","한식음식점","낙성대역 1번(관악구민 종합체육센터)","직장·상주 구조",-0.8895918505642877,"비율",3
"사당역 10번","한식음식점","강동역 4번(강풀만화거리)","총 유동인구",964694,"명",1
"사당역 10번","한식음식점","강동역 4번(강풀만화거리)","프랜차이즈 점포",3,"개",2
"사당역 10번","한식음식점","강동역 4번(강풀만화거리)","상권 면적",79342,"㎡",3
"이수역 9번","한식음식점","광산사거리","직장·상주 구조",-1.2179517772967312,"비율",1
"이수역 9번","한식음식점","광산사거리","주말 유동 비중",0.015918945043360888,"비율",2
"이수역 9번","한식음식점","광산사거리","유사 업종 점포 밀도",-1.209999883973853,"개/10,000㎡",3
"KT구로지사","한식음식점","고대앞사거리","남성 유동 비중",-0.07456762191504235,"비율",1
"KT구로지사","한식음식점","고대앞사거리","총 유동인구",-1212596,"명",2
"KT구로지사","한식음식점","고대앞사거리","주말 유동 비중",0.03226485027274795,"비율",3
"조원동주민센터","한식음식점","먹골파출소","06~11 유동 비중",0.01167140585429649,"비율",1
"조원동주민센터","한식음식점","먹골파출소","00~06 유동 비중",-0.03473401836356721,"비율",2
"조원동주민센터","한식음식점","먹골파출소","11~14 유동 비중",0.009394304872725842,"비율",3
"신대방역 2번","한식음식점","장안근린공원","프랜차이즈 점포",-3,"개",1
"신대방역 2번","한식음식점","장안근린공원","남성 유동 비중",-0.029134512866173468,"비율",2
"신대방역 2번","한식음식점","장안근린공원","21~24 유동 비중",-0.01206479781010647,"비율",3
"미성초등학교","한식음식점","보라매역 2번","총 유동인구",664985,"명",1
"미성초등학교","한식음식점","보라매역 2번","상주인구",1663,"명",2
"미성초등학교","한식음식점","보라매역 2번","해당 업종 점포",-5,"개",3
"미성동주민센터","한식음식점","굽은다리역 2번","06~11 유동 비중",0.008140956720177117,"비율",1
"미성동주민센터","한식음식점","굽은다리역 2번","17~21 유동 비중",-0.010975901606423949,"비율",2
"미성동주민센터","한식음식점","굽은다리역 2번","14~17 유동 비중",-0.011125087712002005,"비율",3
"난향초등학교","한식음식점","서울교통공사","남성 유동 비중",0.05479381941001937,"비율",1
"난향초등학교","한식음식점","서울교통공사","주말 유동 비중",-0.014325158847300623,"비율",2
"난향초등학교","한식음식점","서울교통공사","직장·상주 구조",0.6362803968087691,"비율",3
"호림박물관(성보고등학교)","한식음식점","난향초등학교","06~11 유동 비중",-0.019773512540642635,"비율",1
"호림박물관(성보고등학교)","한식음식점","난향초등학교","남성 유동 비중",-0.011482909113214368,"비율",2
"호림박물관(성보고등학교)","한식음식점","난향초등학교","21~24 유동 비중",0.004361874575802865,"비율",3
"관악구신사동주민센터","한식음식점","송정역 3번","프랜차이즈 점포",2,"개",1
"관악구신사동주민센터","한식음식점","송정역 3번","남성 유동 비중",0.01847019990567894,"비율",2
"관악구신사동주민센터","한식음식점","송정역 3번","해당 업종 점포",-11,"개",3
"난곡초등학교(난곡동벽화마을)","한식음식점","서울북부고용노동지청","06~11 유동 비중",0.007850602784477995,"비율",1
"난곡초등학교(난곡동벽화마을)","한식음식점","서울북부고용노동지청","주말 유동 비중",0.010191172122384129,"비율",2
"난곡초등학교(난곡동벽화마을)","한식음식점","서울북부고용노동지청","17~21 유동 비중",-0.009215619128082247,"비율",3
"난우초등학교","한식음식점","달마을공원","해당 업종 점포",-8,"개",1
"난우초등학교","한식음식점","달마을공원","프랜차이즈 점포",-1,"개",2
"난우초등학교","한식음식점","달마을공원","21~24 유동 비중",-0.005413051512844297,"비율",3
"신림우방아파트","한식음식점","관악해태어린이공원","남성 유동 비중",0.12982223812978844,"비율",1
"신림우방아파트","한식음식점","관악해태어린이공원","06~11 유동 비중",-0.005934415846881369,"비율",2
"신림우방아파트","한식음식점","관악해태어린이공원","상주인구",-1126,"명",3
"남강고등학교(남강중학교)","한식음식점","서경대학교","총 유동인구",-778729,"명",1
"남강고등학교(남강중학교)","한식음식점","서경대학교","상주인구",-1610,"명",2
"남강고등학교(남강중학교)","한식음식점","서경대학교","프랜차이즈 점포",1,"개",3
"난우중학교","한식음식점","신림우방아파트","06~11 유동 비중",0.00835399730681391,"비율",1
"난우중학교","한식음식점","신림우방아파트","총 유동인구",406890,"명",2
"난우중학교","한식음식점","신림우방아파트","상권 면적",-32843,"㎡",3
"국제신학대학원대학교(남서울중학교)","한식음식점","중랑역 1번","직장·상주 구조",-2.2852577919425956,"비율",1
"국제신학대학원대학교(남서울중학교)","한식음식점","중랑역 1번","상주인구",1402,"명",2
"국제신학대학원대학교(남서울중학교)","한식음식점","중랑역 1번","남성 유동 비중",-0.01471206403894737,"비율",3
"남부초등학교","한식음식점","중곡초등학교","남성 유동 비중",-0.016816214339780478,"비율",1
"남부초등학교","한식음식점","중곡초등학교","유사 업종 점포 밀도",0.8340289917914692,"개/10,000㎡",2
"남부초등학교","한식음식점","중곡초등학교","해당 업종 점포",7,"개",3
"신림역 5번(신림동주민센터, 신림동별빛거리)","한식음식점","관악구 중앙길","남성 유동 비중",-0.06130583655313132,"비율",1
"신림역 5번(신림동주민센터, 신림동별빛거리)","한식음식점","관악구 중앙길","프랜차이즈 점포",-3,"개",2
"신림역 5번(신림동주민센터, 신림동별빛거리)","한식음식점","관악구 중앙길","상권 면적",65215,"㎡",3
"신림초등학교","한식음식점","미림여고","남성 유동 비중",0.059507716521266796,"비율",1
"신림초등학교","한식음식점","미림여고","06~11 유동 비중",0.023414865691097297,"비율",2
"신림초등학교","한식음식점","미림여고","직장·상주 구조",1.184362689618351,"비율",3
"원신초등학교(구세군관악영문교회)","한식음식점","금천세무서","총 유동인구",-735287,"명",1
"원신초등학교(구세군관악영문교회)","한식음식점","금천세무서","직장·상주 구조",0.7597748471871153,"비율",2
"원신초등학교(구세군관악영문교회)","한식음식점","금천세무서","남성 유동 비중",-0.01402250961609336,"비율",3
"보라매동주민센터(당곡고등학교)","한식음식점","망원나들목체육관","17~21 유동 비중",0.023555658473997293,"비율",1
"보라매동주민센터(당곡고등학교)","한식음식점","망원나들목체육관","00~06 유동 비중",-0.03913717127341776,"비율",2
"보라매동주민센터(당곡고등학교)","한식음식점","망원나들목체육관","남성 유동 비중",0.018411393651074137,"비율",3
"서원동주민센터(신관중학교)","한식음식점","신원동주민센터","유사 업종 점포 밀도",2.574903308978611,"개/10,000㎡",1
"서원동주민센터(신관중학교)","한식음식점","신원동주민센터","프랜차이즈 점포",3,"개",2
"서원동주민센터(신관중학교)","한식음식점","신원동주민센터","해당 업종 점포",11,"개",3
"신림역 8번","한식음식점","대림역 2번","남성 유동 비중",-0.027423061091375545,"비율",1
"신림역 8번","한식음식점","대림역 2번","총 유동인구",-554273,"명",2
"신림역 8번","한식음식점","대림역 2번","상주인구",-1681,"명",3
"미림여고","한식음식점","장위1동주민센터","남성 유동 비중",-0.08452650784397825,"비율",1
"미림여고","한식음식점","장위1동주민센터","06~11 유동 비중",-0.010956955592453521,"비율",2
"미림여고","한식음식점","장위1동주민센터","17~21 유동 비중",0.018968388469954592,"비율",3
"신림현대아파트","한식음식점","천호태영아파트","남성 유동 비중",-0.03943269256501558,"비율",1
"신림현대아파트","한식음식점","천호태영아파트","06~11 유동 비중",-0.012593646710991002,"비율",2
"신림현대아파트","한식음식점","천호태영아파트","주말 유동 비중",0.016691124191206885,"비율",3
"신림역 1번","한식음식점","장승배기역 5번","프랜차이즈 점포",-2,"개",1
"신림역 1번","한식음식점","장승배기역 5번","상권 면적",54023,"㎡",2
"신림역 1번","한식음식점","장승배기역 5번","직장·상주 구조",-0.839572510505409,"비율",3
"구립대학경로당(관악산샘말공원)","한식음식점","암사역 2번(서울강동초등학교)","남성 유동 비중",-0.10469213283656958,"비율",1
"구립대학경로당(관악산샘말공원)","한식음식점","암사역 2번(서울강동초등학교)","프랜차이즈 점포",-8,"개",2
"구립대학경로당(관악산샘말공원)","한식음식점","암사역 2번(서울강동초등학교)","해당 업종 점포",-30,"개",3
"신성초등학교","한식음식점","능동우편취급국","남성 유동 비중",-0.06139791563333408,"비율",1
"신성초등학교","한식음식점","능동우편취급국","직장·상주 구조",-1.2094158596473994,"비율",2
"신성초등학교","한식음식점","능동우편취급국","총 유동인구",-395580,"명",3
"은천초등학교(은천교앞)","한식음식점","신림역 8번","직장·상주 구조",1.1055171017979726,"비율",1
"은천초등학교(은천교앞)","한식음식점","신림역 8번","남성 유동 비중",0.01665801762723662,"비율",2
"은천초등학교(은천교앞)","한식음식점","신림역 8번","00~06 유동 비중",0.024160213215343562,"비율",3
"봉천역 4번(봉천110안전센터)","한식음식점","모래내우체국","유사 업종 점포 밀도",-6.955233019085029,"개/10,000㎡",1
"봉천역 4번(봉천110안전센터)","한식음식점","모래내우체국","프랜차이즈 점포",-3,"개",2
"봉천역 4번(봉천110안전센터)","한식음식점","모래내우체국","해당 업종 점포",-22,"개",3
"영락고등학교","한식음식점","군자역 5번","남성 유동 비중",-0.05124867186150173,"비율",1
"영락고등학교","한식음식점","군자역 5번","주말 유동 비중",-0.01564205299890692,"비율",2
"영락고등학교","한식음식점","군자역 5번","총 유동인구",-384840,"명",3
"관악해태어린이공원","한식음식점","영락고등학교","남성 유동 비중",-0.08693502183989799,"비율",1
"관악해태어린이공원","한식음식점","영락고등학교","상권 면적",60238,"㎡",2
"관악해태어린이공원","한식음식점","영락고등학교","상주인구",1810,"명",3
"청룡동주민센터","한식음식점","모래내우체국","06~11 유동 비중",-0.007794404396638727,"비율",1
"청룡동주민센터","한식음식점","모래내우체국","남성 유동 비중",-0.01687398233324061,"비율",2
"청룡동주민센터","한식음식점","모래내우체국","해당 업종 점포",11,"개",3
"봉천역 6번","한식음식점","중곡어린이공원","17~21 유동 비중",-0.03760837431831099,"비율",1
"봉천역 6번","한식음식점","중곡어린이공원","00~06 유동 비중",0.0705628690232663,"비율",2
"봉천역 6번","한식음식점","중곡어린이공원","14~17 유동 비중",-0.018024075616876092,"비율",3
"봉천역 1번(관악초등학교)","한식음식점","신자초등학교","유사 업종 점포 밀도",-1.3881893374394567,"개/10,000㎡",1
"봉천역 1번(관악초등학교)","한식음식점","신자초등학교","상권 면적",53170,"㎡",2
"봉천역 1번(관악초등학교)","한식음식점","신자초등학교","주말 유동 비중",-0.014726170484676726,"비율",3
"구암초등학교","한식음식점","약수역 7번","직장인구",2160,"명",1
"구암초등학교","한식음식점","약수역 7번","직장·상주 구조",1.1652063909349684,"비율",2
"구암초등학교","한식음식점","약수역 7번","프랜차이즈 점포",-2,"개",3
"관악구 중앙길","한식음식점","면목역 2번","해당 업종 점포",-32,"개",1
"관악구 중앙길","한식음식점","면목역 2번","총 유동인구",-1279626,"명",2
"관악구 중앙길","한식음식점","면목역 2번","프랜차이즈 점포",-4,"개",3
"샤로수길","한식음식점","신대방역 2번","해당 업종 점포",-92,"개",1
"샤로수길","한식음식점","신대방역 2번","프랜차이즈 점포",-9,"개",2
"샤로수길","한식음식점","신대방역 2번","총 유동인구",-2308905,"명",3
"관악우성아파트","한식음식점","신정네거리역 4번","유사 업종 점포 밀도",-3.8108742857740983,"개/10,000㎡",1
"관악우성아파트","한식음식점","신정네거리역 4번","06~11 유동 비중",-0.009186522570234945,"비율",2
"관악우성아파트","한식음식점","신정네거리역 4번","해당 업종 점포",-9,"개",3
"서울대입구역 8번","한식음식점","양지어린이공원","총 유동인구",-445608,"명",1
"서울대입구역 8번","한식음식점","양지어린이공원","프랜차이즈 점포",-1,"개",2
"서울대입구역 8번","한식음식점","양지어린이공원","14~17 유동 비중",-0.006245592787596524,"비율",3
"낙성대역 1번(관악구민 종합체육센터)","한식음식점","신월1동우편취급국","상권 면적",108341,"㎡",1
"낙성대역 1번(관악구민 종합체육센터)","한식음식점","신월1동우편취급국","해당 업종 점포",19,"개",2
"낙성대역 1번(관악구민 종합체육센터)","한식음식점","신월1동우편취급국","남성 유동 비중",0.017471054680597953,"비율",3
"인헌고등학교(인헌중학교)","한식음식점","양지어린이공원","06~11 유동 비중",-0.006845115040169519,"비율",1
"인헌고등학교(인헌중학교)","한식음식점","양지어린이공원","상권 면적",23856,"㎡",2
"인헌고등학교(인헌중학교)","한식음식점","양지어린이공원","해당 업종 점포",6,"개",3
"사당역 4번","한식음식점","상도역 5번","해당 업종 점포",-15,"개",1
"사당역 4번","한식음식점","상도역 5번","총 유동인구",-361396,"명",2
"사당역 4번","한식음식점","상도역 5번","직장인구",-640,"명",3
"이수역 5번","한식음식점","삼성중앙역 5번","06~11 유동 비중",-0.030659172864958145,"비율",1
"이수역 5번","한식음식점","삼성중앙역 5번","11~14 유동 비중",0.03944166252782855,"비율",2
"이수역 5번","한식음식점","삼성중앙역 5번","14~17 유동 비중",0.042191851158538685,"비율",3
"방배노인종합복지관(이수중학교)","한식음식점","굽은다리역 2번","총 유동인구",915447,"명",1
"방배노인종합복지관(이수중학교)","한식음식점","굽은다리역 2번","남성 유동 비중",0.029614139666749417,"비율",2
"방배노인종합복지관(이수중학교)","한식음식점","굽은다리역 2번","06~11 유동 비중",0.005880041999004021,"비율",3
"방배초등학교","한식음식점","광진구청","남성 유동 비중",0.02949532686517875,"비율",1
"방배초등학교","한식음식점","광진구청","주말 유동 비중",-0.02028431038033135,"비율",2
"방배초등학교","한식음식점","광진구청","직장인구",-1200,"명",3
"내방역 5번","한식음식점","국립국악고등학교","06~11 유동 비중",-0.019279076777655307,"비율",1
"내방역 5번","한식음식점","국립국악고등학교","17~21 유동 비중",0.021144404188859073,"비율",2
"내방역 5번","한식음식점","국립국악고등학교","직장·상주 구조",-0.8850790683257266,"비율",3
"방배동사이길","한식음식점","강남구청역 2번","주말 유동 비중",-0.058174454916282425,"비율",1
"방배동사이길","한식음식점","강남구청역 2번","남성 유동 비중",0.062205914510233884,"비율",2
"방배동사이길","한식음식점","강남구청역 2번","직장·상주 구조",-1.226193675799693,"비율",3
"방현초등학교(방배119안전센터)","한식음식점","홍대부중","직장인구",-3406,"명",1
"방현초등학교(방배119안전센터)","한식음식점","홍대부중","직장·상주 구조",-2.081560141082072,"비율",2
"방현초등학교(방배119안전센터)","한식음식점","홍대부중","주말 유동 비중",0.029575864822896036,"비율",3
"내방역 4번","한식음식점","방배아이파크아파트","직장인구",-2312,"명",1
"내방역 4번","한식음식점","방배아이파크아파트","총 유동인구",516465,"명",2
"내방역 4번","한식음식점","방배아이파크아파트","00~06 유동 비중",0.027843359197567696,"비율",3
"서울프랑스학교","한식음식점","송정역 2번","상권 면적",50922,"㎡",1
"서울프랑스학교","한식음식점","송정역 2번","직장·상주 구조",-0.639396865786753,"비율",2
"서울프랑스학교","한식음식점","송정역 2번","남성 유동 비중",0.01172165570804945,"비율",3
"서초중학교","한식음식점","대흥동주민센터","남성 유동 비중",-0.06416433279286293,"비율",1
"서초중학교","한식음식점","대흥동주민센터","프랜차이즈 점포",-1,"개",2
"서초중학교","한식음식점","대흥동주민센터","21~24 유동 비중",-0.005568146399866872,"비율",3
"신중초등학교","한식음식점","선정릉역 4번","직장인구",1414,"명",1
"신중초등학교","한식음식점","선정릉역 4번","직장·상주 구조",1.0276452669110494,"비율",2
"신중초등학교","한식음식점","선정릉역 4번","상권 면적",34339,"㎡",3
"잠원역","한식음식점","아현역 1번","유사 업종 점포 밀도",2.271773641810192,"개/10,000㎡",1
"잠원역","한식음식점","아현역 1번","프랜차이즈 점포",-2,"개",2
"잠원역","한식음식점","아현역 1번","상권 면적",-42763,"㎡",3
"남부터미널역 1번","한식음식점","영동초등학교","직장인구",-2539,"명",1
"남부터미널역 1번","한식음식점","영동초등학교","상권 면적",-105416,"㎡",2
"남부터미널역 1번","한식음식점","영동초등학교","총 유동인구",-526508,"명",3
"서초동성당","한식음식점","성수2가3동주민센터","직장인구",-3662,"명",1
"서초동성당","한식음식점","성수2가3동주민센터","06~11 유동 비중",-0.019475679407258917,"비율",2
"서초동성당","한식음식점","성수2가3동주민센터","주말 유동 비중",-0.0211511193053123,"비율",3
"서울시인재개발원","한식음식점","학동초등학교","06~11 유동 비중",-0.01613100340073509,"비율",1
"서울시인재개발원","한식음식점","학동초등학교","남성 유동 비중",-0.03508227604732722,"비율",2
"서울시인재개발원","한식음식점","학동초등학교","21~24 유동 비중",0.011539117084420625,"비율",3
"우면주공아파트","한식음식점","한영중고","남성 유동 비중",-0.03860442288521215,"비율",1
"우면주공아파트","한식음식점","한영중고","17~21 유동 비중",0.012238214946403536,"비율",2
"우면주공아파트","한식음식점","한영중고","주말 유동 비중",0.010761741544588477,"비율",3
"더케이호텔(양재리본타워2단지아파트)","한식음식점","충신시장옆","남성 유동 비중",-0.04169656084990914,"비율",1
"더케이호텔(양재리본타워2단지아파트)","한식음식점","충신시장옆","06~11 유동 비중",-0.01271786298763472,"비율",2
"더케이호텔(양재리본타워2단지아파트)","한식음식점","충신시장옆","직장·상주 구조",-0.935479438954756,"비율",3
"방아다리근린공원(횃불트리니티신학대학원대학교)","한식음식점","경복고등학교","06~11 유동 비중",0.02334422121996288,"비율",1
"방아다리근린공원(횃불트리니티신학대학원대학교)","한식음식점","경복고등학교","21~24 유동 비중",-0.019382923687423323,"비율",2
"방아다리근린공원(횃불트리니티신학대학원대학교)","한식음식점","경복고등학교","11~14 유동 비중",0.0294126827650856,"비율",3
"바우뫼공원","한식음식점","이수역 5번","17~21 유동 비중",0.03290690934901708,"비율",1
"바우뫼공원","한식음식점","이수역 5번","00~06 유동 비중",-0.04643293460905745,"비율",2
"바우뫼공원","한식음식점","이수역 5번","유사 업종 점포 밀도",0.8241509766777169,"개/10,000㎡",3
"양재역 8번(양재동우체국)","한식음식점","서강대역 1번","직장인구",-5567,"명",1
"양재역 8번(양재동우체국)","한식음식점","서강대역 1번","해당 업종 점포",-38,"개",2
"양재역 8번(양재동우체국)","한식음식점","서강대역 1번","주말 유동 비중",0.02893605805945071,"비율",3
"염곡동 구룡사(포이동성당)","한식음식점","선유도역 1번","프랜차이즈 점포",4,"개",1
"염곡동 구룡사(포이동성당)","한식음식점","선유도역 1번","상권 면적",90262,"㎡",2
"염곡동 구룡사(포이동성당)","한식음식점","선유도역 1번","상주인구",2932,"명",3
"법제교육센터(버들어린이공원)","한식음식점","보문역 8번","남성 유동 비중",-0.05156927080316209,"비율",1
"법제교육센터(버들어린이공원)","한식음식점","보문역 8번","주말 유동 비중",0.022780528396088295,"비율",2
"법제교육센터(버들어린이공원)","한식음식점","보문역 8번","06~11 유동 비중",0.006200255194394461,"비율",3
"청계산입구역 2번(내곡동주민센터)","한식음식점","경복고등학교","주말 유동 비중",-0.06837601322927406,"비율",1
"청계산입구역 2번(내곡동주민센터)","한식음식점","경복고등학교","21~24 유동 비중",0.03532750471518242,"비율",2
"청계산입구역 2번(내곡동주민센터)","한식음식점","경복고등학교","11~14 유동 비중",-0.04991371925549645,"비율",3
"한남IC","한식음식점","강남구청역 2번","주말 유동 비중",-0.041936273561457627,"비율",1
"한남IC","한식음식점","강남구청역 2번","06~11 유동 비중",0.018110352421082415,"비율",2
"한남IC","한식음식점","강남구청역 2번","17~21 유동 비중",-0.014169664988872177,"비율",3
"신사은행나무공원","한식음식점","충신시장옆","21~24 유동 비중",-0.010244710069189616,"비율",1
"신사은행나무공원","한식음식점","충신시장옆","17~21 유동 비중",-0.016205980258767017,"비율",2
"신사은행나무공원","한식음식점","충신시장옆","06~11 유동 비중",0.007912598514917712,"비율",3
"논현목련공원","한식음식점","문정동성당","유사 업종 점포 밀도",-2.091112076453108,"개/10,000㎡",1
"논현목련공원","한식음식점","문정동성당","21~24 유동 비중",0.009960408131991658,"비율",2
"논현목련공원","한식음식점","문정동성당","남성 유동 비중",0.015459906418554215,"비율",3
"논현초등학교","한식음식점","공군호텔","총 유동인구",-1082601,"명",1
"논현초등학교","한식음식점","공군호텔","주말 유동 비중",0.022730708749881923,"비율",2
"논현초등학교","한식음식점","공군호텔","06~11 유동 비중",-0.011933107564055967,"비율",3
"언북중학교","한식음식점","문정역 1번","11~14 유동 비중",-0.04209689514068746,"비율",1
"언북중학교","한식음식점","문정역 1번","주말 유동 비중",0.03611651855919687,"비율",2
"언북중학교","한식음식점","문정역 1번","14~17 유동 비중",-0.04108932937056928,"비율",3
"역삼역 4번","한식음식점","남산골공원옆","주말 유동 비중",0.02380031217404366,"비율",1
"역삼역 4번","한식음식점","남산골공원옆","11~14 유동 비중",-0.01698307752611547,"비율",2
"역삼역 4번","한식음식점","남산골공원옆","17~21 유동 비중",0.01622145769381128,"비율",3
"신구중학교","한식음식점","방배동사이길","21~24 유동 비중",0.030568245899901522,"비율",1
"신구중학교","한식음식점","방배동사이길","11~14 유동 비중",-0.04678461580853602,"비율",2
"신구중학교","한식음식점","방배동사이길","주말 유동 비중",0.04450211237193635,"비율",3
"언주역 6번","한식음식점","대진고등학교","주말 유동 비중",0.02737830180594708,"비율",1
"언주역 6번","한식음식점","대진고등학교","06~11 유동 비중",0.009263266825717514,"비율",2
"언주역 6번","한식음식점","대진고등학교","총 유동인구",-529198,"명",3
"논현2동주민센터","한식음식점","한강로동땡땡거리(은행나무길)","주말 유동 비중",0.05108455742841325,"비율",1
"논현2동주민센터","한식음식점","한강로동땡땡거리(은행나무길)","해당 업종 점포",41,"개",2
"논현2동주민센터","한식음식점","한강로동땡땡거리(은행나무길)","유사 업종 점포 밀도",2.1440469928468264,"개/10,000㎡",3
"역삼역 8번","한식음식점","중구회현체육센터(정화예술대남산캠퍼스)","남성 유동 비중",-0.03416351136414042,"비율",1
"역삼역 8번","한식음식점","중구회현체육센터(정화예술대남산캠퍼스)","주말 유동 비중",0.019990707539398384,"비율",2
"역삼역 8번","한식음식점","중구회현체육센터(정화예술대남산캠퍼스)","프랜차이즈 점포",-2,"개",3
"베르사이유1아파트","한식음식점","서울시인재개발원","주말 유동 비중",0.026589019702496663,"비율",1
"베르사이유1아파트","한식음식점","서울시인재개발원","남성 유동 비중",0.030417757602632878,"비율",2
"베르사이유1아파트","한식음식점","서울시인재개발원","17~21 유동 비중",0.021546116033522328,"비율",3
"학동초등학교","한식음식점","중구회현체육센터(정화예술대남산캠퍼스)","주말 유동 비중",0.030808809158267142,"비율",1
"학동초등학교","한식음식점","중구회현체육센터(정화예술대남산캠퍼스)","21~24 유동 비중",-0.014180814737650468,"비율",2
"학동초등학교","한식음식점","중구회현체육센터(정화예술대남산캠퍼스)","11~14 유동 비중",0.022453705365296034,"비율",3
"선정릉역 4번","한식음식점","청계천박물관","06~11 유동 비중",0.013453128673769549,"비율",1
"선정릉역 4번","한식음식점","청계천박물관","남성 유동 비중",0.023058388090730297,"비율",2
"선정릉역 4번","한식음식점","청계천박물관","상주인구",-1839,"명",3
"언북초등학교","한식음식점","장충초등학교","주말 유동 비중",-0.022555639138487238,"비율",1
"언북초등학교","한식음식점","장충초등학교","프랜차이즈 점포",1,"개",2
"언북초등학교","한식음식점","장충초등학교","11~14 유동 비중",-0.009082607340618137,"비율",3
"논현로18길","한식음식점","창동중학교","주말 유동 비중",0.038056323824495,"비율",1
"논현로18길","한식음식점","창동중학교","남성 유동 비중",-0.03527472835723233,"비율",2
"논현로18길","한식음식점","창동중학교","06~11 유동 비중",0.014426066266883197,"비율",3
"개포지구대옆","한식음식점","국립국악고등학교","남성 유동 비중",-0.03494995247409949,"비율",1
"개포지구대옆","한식음식점","국립국악고등학교","17~21 유동 비중",0.010547449580553564,"비율",2
"개포지구대옆","한식음식점","국립국악고등학교","상권 면적",-29786,"㎡",3
"국악고교사거리","한식음식점","성자초등학교","17~21 유동 비중",0.016944736500590724,"비율",1
"국악고교사거리","한식음식점","성자초등학교","00~06 유동 비중",-0.03234082951703793,"비율",2
"국악고교사거리","한식음식점","성자초등학교","남성 유동 비중",-0.013462108301328657,"비율",3
"대치동아우편취급국","한식음식점","신서초등학교","주말 유동 비중",0.03191182438337095,"비율",1
"대치동아우편취급국","한식음식점","신서초등학교","유사 업종 점포 밀도",2.478051631938105,"개/10,000㎡",2
"대치동아우편취급국","한식음식점","신서초등학교","21~24 유동 비중",0.01503918790132816,"비율",3
"삼성중앙역 5번","한식음식점","강남구청역 2번","14~17 유동 비중",-0.05066156158906926,"비율",1
"삼성중앙역 5번","한식음식점","강남구청역 2번","11~14 유동 비중",-0.04438426148120683,"비율",2
"삼성중앙역 5번","한식음식점","강남구청역 2번","21~24 유동 비중",0.026724291171330072,"비율",3
"봉은사역 4번","한식음식점","청계천박물관","직장인구",-1538,"명",1
"봉은사역 4번","한식음식점","청계천박물관","21~24 유동 비중",-0.013930987936038336,"비율",2
"봉은사역 4번","한식음식점","청계천박물관","06~11 유동 비중",0.0087213849347281,"비율",3
"대치2동주민센터","한식음식점","도곡초등학교","남성 유동 비중",-0.0516829987148279,"비율",1
"대치2동주민센터","한식음식점","도곡초등학교","총 유동인구",1271298,"명",2
"대치2동주민센터","한식음식점","도곡초등학교","상주인구",3929,"명",3
"대청초등학교","한식음식점","공군호텔","프랜차이즈 점포",-11,"개",1
"대청초등학교","한식음식점","공군호텔","해당 업종 점포",-45,"개",2
"대청초등학교","한식음식점","공군호텔","총 유동인구",-711784,"명",3
"은곡마을(은곡마을공원)","한식음식점","정원여중","21~24 유동 비중",0.011660600248495634,"비율",1
"은곡마을(은곡마을공원)","한식음식점","정원여중","06~11 유동 비중",0.009451187400318362,"비율",2
"은곡마을(은곡마을공원)","한식음식점","정원여중","상권 면적",-51564,"㎡",3
"삼전역 1번","한식음식점","석촌역 7번","프랜차이즈 점포",-4,"개",1
"삼전역 1번","한식음식점","석촌역 7번","유사 업종 점포 밀도",1.1534141095909893,"개/10,000㎡",2
"삼전역 1번","한식음식점","석촌역 7번","해당 업종 점포",12,"개",3
"삼전역 3번","한식음식점","삼전역 4번","상권 면적",79166,"㎡",1
"삼전역 3번","한식음식점","삼전역 4번","총 유동인구",856375,"명",2
"삼전역 3번","한식음식점","삼전역 4번","직장인구",1571,"명",3
"석촌고분역 1번","한식음식점","장안근린공원","상주인구",-3249,"명",1
"석촌고분역 1번","한식음식점","장안근린공원","프랜차이즈 점포",-2,"개",2
"석촌고분역 1번","한식음식점","장안근린공원","남성 유동 비중",0.022352379717403337,"비율",3
"석촌고분역 4번","한식음식점","배문고등학교","총 유동인구",572411,"명",1
"석촌고분역 4번","한식음식점","배문고등학교","상권 면적",41872,"㎡",2
"석촌고분역 4번","한식음식점","배문고등학교","00~06 유동 비중",-0.02434743533261763,"비율",3
"석촌고분역 3번","한식음식점","양지어린이공원","총 유동인구",532995,"명",1
"석촌고분역 3번","한식음식점","양지어린이공원","06~11 유동 비중",-0.006413905926584917,"비율",2
"석촌고분역 3번","한식음식점","양지어린이공원","17~21 유동 비중",0.010404221439409972,"비율",3
"송파책박물관","한식음식점","종암초등학교","주말 유동 비중",-0.01308879237963878,"비율",1
"송파책박물관","한식음식점","종암초등학교","21~24 유동 비중",0.005926006003784123,"비율",2
"송파책박물관","한식음식점","종암초등학교","06~11 유동 비중",-0.003428807178338128,"비율",3
"석촌역 7번","한식음식점","석촌고분역 1번","해당 업종 점포",-34,"개",1
"석촌역 7번","한식음식점","석촌고분역 1번","유사 업종 점포 밀도",-1.5092538019996695,"개/10,000㎡",2
"석촌역 7번","한식음식점","석촌고분역 1번","남성 유동 비중",-0.015670202116448373,"비율",3
"잠실나루역","한식음식점","KB국민은행 종암동지점","21~24 유동 비중",-0.014728547595738939,"비율",1
"잠실나루역","한식음식점","KB국민은행 종암동지점","직장·상주 구조",-1.3702922500938088,"비율",2
"잠실나루역","한식음식점","KB국민은행 종암동지점","직장인구",-1288,"명",3
"석촌역 6번","한식음식점","도봉구보건소","상주인구",-1958,"명",1
"석촌역 6번","한식음식점","도봉구보건소","해당 업종 점포",8,"개",2
"석촌역 6번","한식음식점","도봉구보건소","유사 업종 점포 밀도",0.6009679414375269,"개/10,000㎡",3
"송파나루역 1번(송리단길)","한식음식점","방학1동주민센터","프랜차이즈 점포",6,"개",1
"송파나루역 1번(송리단길)","한식음식점","방학1동주민센터","직장인구",-3363,"명",2
"송파나루역 1번(송리단길)","한식음식점","방학1동주민센터","06~11 유동 비중",0.016740531471801406,"비율",3
"송파나루역 2번","한식음식점","답십리사거리","남성 유동 비중",-0.03361903507109487,"비율",1
"송파나루역 2번","한식음식점","답십리사거리","21~24 유동 비중",-0.012790117652795724,"비율",2
"송파나루역 2번","한식음식점","답십리사거리","유사 업종 점포 밀도",-1.4370167589664962,"개/10,000㎡",3
"석촌역 3번","한식음식점","경성고등학교","상권 면적",94948,"㎡",1
"석촌역 3번","한식음식점","경성고등학교","총 유동인구",1022030,"명",2
"석촌역 3번","한식음식점","경성고등학교","상주인구",-1475,"명",3
"송파나루역 3번","한식음식점","금천어울림복지센터","남성 유동 비중",0.02302751856046026,"비율",1
"송파나루역 3번","한식음식점","금천어울림복지센터","06~11 유동 비중",0.005464370405325408,"비율",2
"송파나루역 3번","한식음식점","금천어울림복지센터","17~21 유동 비중",-0.007787579906045783,"비율",3
"한성백제역 3번","한식음식점","화곡2동주민센터","직장인구",-1518,"명",1
"한성백제역 3번","한식음식점","화곡2동주민센터","총 유동인구",804867,"명",2
"한성백제역 3번","한식음식점","화곡2동주민센터","직장·상주 구조",-1.1960117089938844,"비율",3
"방이동고분군(방산고등학교)","한식음식점","관악소방서(문영여고)","06~11 유동 비중",0.024251024650367048,"비율",1
"방이동고분군(방산고등학교)","한식음식점","관악소방서(문영여고)","17~21 유동 비중",-0.04321212759922567,"비율",2
"방이동고분군(방산고등학교)","한식음식점","관악소방서(문영여고)","남성 유동 비중",0.04984040464028949,"비율",3
"방이역 4번","한식음식점","공릉동 국수거리","17~21 유동 비중",-0.059979756079566376,"비율",1
"방이역 4번","한식음식점","공릉동 국수거리","06~11 유동 비중",0.029192992479571384,"비율",2
"방이역 4번","한식음식점","공릉동 국수거리","상권 면적",-163724,"㎡",3
"문정역 1번","한식음식점","개포고등학교","남성 유동 비중",-0.054272672343710915,"비율",1
"문정역 1번","한식음식점","개포고등학교","직장인구",-1962,"명",2
"문정역 1번","한식음식점","개포고등학교","06~11 유동 비중",0.005734721456628844,"비율",3
"경찰병원역 4번(건너말공원)","한식음식점","우장산롯데캐슬아파트앞","주말 유동 비중",0.04005930246658074,"비율",1
"경찰병원역 4번(건너말공원)","한식음식점","우장산롯데캐슬아파트앞","남성 유동 비중",-0.012190590707053583,"비율",2
"경찰병원역 4번(건너말공원)","한식음식점","우장산롯데캐슬아파트앞","11~14 유동 비중",-0.009824330678348703,"비율",3
"경찰병원역 3번","한식음식점","솔밭공원역 2번","프랜차이즈 점포",-2,"개",1
"경찰병원역 3번","한식음식점","솔밭공원역 2번","상권 면적",44708,"㎡",2
"경찰병원역 3번","한식음식점","솔밭공원역 2번","주말 유동 비중",0.011963566951818605,"비율",3
"문정역 2번","한식음식점","제기동역 6번","총 유동인구",1720222,"명",1
"문정역 2번","한식음식점","제기동역 6번","직장인구",-3149,"명",2
"문정역 2번","한식음식점","제기동역 6번","해당 업종 점포",20,"개",3
"문정초등학교","한식음식점","오동나무공원(송파레미니스1단지)","직장인구",-3299,"명",1
"문정초등학교","한식음식점","오동나무공원(송파레미니스1단지)","직장·상주 구조",-0.7994866395624207,"비율",2
"문정초등학교","한식음식점","오동나무공원(송파레미니스1단지)","17~21 유동 비중",-0.008254875230682857,"비율",3
"문현중학교(장지역 1번)","한식음식점","대림성모병원","주말 유동 비중",0.02577024989018778,"비율",1
"문현중학교(장지역 1번)","한식음식점","대림성모병원","상권 면적",32803,"㎡",2
"문현중학교(장지역 1번)","한식음식점","대림성모병원","06~11 유동 비중",-0.005068373784604202,"비율",3
"장지동주민센터(한림연예예술고교)","한식음식점","오동나무공원(송파레미니스1단지)","상권 면적",56137,"㎡",1
"장지동주민센터(한림연예예술고교)","한식음식점","오동나무공원(송파레미니스1단지)","17~21 유동 비중",-0.015818496771990487,"비율",2
"장지동주민센터(한림연예예술고교)","한식음식점","오동나무공원(송파레미니스1단지)","상주인구",1319,"명",3
"문정동성당","한식음식점","정릉역 2번","17~21 유동 비중",0.010731847238410475,"비율",1
"문정동성당","한식음식점","정릉역 2번","남성 유동 비중",-0.008127887151845259,"비율",2
"문정동성당","한식음식점","정릉역 2번","14~17 유동 비중",0.007060578676532883,"비율",3
"오금공원(오주중학교)","한식음식점","서대문구보건소별관","17~21 유동 비중",0.016926720242093685,"비율",1
"오금공원(오주중학교)","한식음식점","서대문구보건소별관","00~06 유동 비중",-0.036108948554020026,"비율",2
"오금공원(오주중학교)","한식음식점","서대문구보건소별관","14~17 유동 비중",0.015130229755987615,"비율",3
"투구봉어린이공원","한식음식점","상계제일중학교","06~11 유동 비중",-0.007366778721506012,"비율",1
"투구봉어린이공원","한식음식점","상계제일중학교","21~24 유동 비중",0.0061631597894340195,"비율",2
"투구봉어린이공원","한식음식점","상계제일중학교","유사 업종 점포 밀도",0.7456000339326357,"개/10,000㎡",3
"Sh수협은행 오금동금융센터(아랫말어린이공원)","한식음식점","구암초등학교","주말 유동 비중",0.017090613182565162,"비율",1
"Sh수협은행 오금동금융센터(아랫말어린이공원)","한식음식점","구암초등학교","직장인구",885,"명",2
"Sh수협은행 오금동금융센터(아랫말어린이공원)","한식음식점","구암초등학교","유사 업종 점포 밀도",-0.9382812495439892,"개/10,000㎡",3
"보인중학교","한식음식점","문정역 1번","직장인구",2744,"명",1
"보인중학교","한식음식점","문정역 1번","주말 유동 비중",-0.020836544865189877,"비율",2
"보인중학교","한식음식점","문정역 1번","직장·상주 구조",1.015959262825441,"비율",3
"거여역 1번(거여공원)","한식음식점","삼전역 1번","프랜차이즈 점포",8,"개",1
"거여역 1번(거여공원)","한식음식점","삼전역 1번","상주인구",4065,"명",2
"거여역 1번(거여공원)","한식음식점","삼전역 1번","상권 면적",99196,"㎡",3
"남천초등학교","한식음식점","독산119안전센터","프랜차이즈 점포",-2,"개",1
"남천초등학교","한식음식점","독산119안전센터","총 유동인구",-389957,"명",2
"남천초등학교","한식음식점","독산119안전센터","06~11 유동 비중",0.006116092265226886,"비율",3
"마천역(마천초등학교)","한식음식점","사당역 10번","총 유동인구",803508,"명",1
"마천역(마천초등학교)","한식음식점","사당역 10번","17~21 유동 비중",0.01789123447975602,"비율",2
"마천역(마천초등학교)","한식음식점","사당역 10번","06~11 유동 비중",-0.00682919581862429,"비율",3
"마천1치안센터","한식음식점","국제신학대학원대학교(남서울중학교)","남성 유동 비중",0.029945743275224812,"비율",1
"마천1치안센터","한식음식점","국제신학대학원대학교(남서울중학교)","총 유동인구",681349,"명",2
"마천1치안센터","한식음식점","국제신학대학원대학교(남서울중학교)","주말 유동 비중",-0.011334916407251483,"비율",3
"천호역 1번(천호문구완구거리)","한식음식점","창신역 4번","17~21 유동 비중",0.010646486072173805,"비율",1
"천호역 1번(천호문구완구거리)","한식음식점","창신역 4번","총 유동인구",-270860,"명",2
"천호역 1번(천호문구완구거리)","한식음식점","창신역 4번","유사 업종 점포 밀도",-0.5926416867516808,"개/10,000㎡",3
"천호지구대(천호동자전거거리)","한식음식점","천호역 1번(천호문구완구거리)","상주인구",-1735,"명",1
"천호지구대(천호동자전거거리)","한식음식점","천호역 1번(천호문구완구거리)","상권 면적",-41159,"㎡",2
"천호지구대(천호동자전거거리)","한식음식점","천호역 1번(천호문구완구거리)","14~17 유동 비중",0.008502347841460145,"비율",3
"강동구청(강동구청역 2번)","한식음식점","등촌역 1번","주말 유동 비중",0.0186647662918501,"비율",1
"강동구청(강동구청역 2번)","한식음식점","등촌역 1번","직장·상주 구조",-0.9116463261489773,"비율",2
"강동구청(강동구청역 2번)","한식음식점","등촌역 1번","유사 업종 점포 밀도",-0.8498270212952614,"개/10,000㎡",3
"천호역 6번","한식음식점","남가좌파출소","상주인구",-3820,"명",1
"천호역 6번","한식음식점","남가좌파출소","총 유동인구",-866971,"명",2
"천호역 6번","한식음식점","남가좌파출소","06~11 유동 비중",0.0069491677610666325,"비율",3
"암사역 3번(천호동자전거거리)","한식음식점","북가좌2동주민센터","프랜차이즈 점포",2,"개",1
"암사역 3번(천호동자전거거리)","한식음식점","북가좌2동주민센터","상권 면적",54517,"㎡",2
"암사역 3번(천호동자전거거리)","한식음식점","북가좌2동주민센터","유사 업종 점포 밀도",-1.1778036835180152,"개/10,000㎡",3
"성내천어린이공원(하니사랑길)","한식음식점","방배아이파크아파트","프랜차이즈 점포",-2,"개",1
"성내천어린이공원(하니사랑길)","한식음식점","방배아이파크아파트","상권 면적",-47042,"㎡",2
"성내천어린이공원(하니사랑길)","한식음식점","방배아이파크아파트","해당 업종 점포",-7,"개",3
"선사초등학교","한식음식점","뚝섬유원지역 1번","남성 유동 비중",-0.04246997512504097,"비율",1
"선사초등학교","한식음식점","뚝섬유원지역 1번","직장·상주 구조",-1.4693275487115356,"비율",2
"선사초등학교","한식음식점","뚝섬유원지역 1번","17~21 유동 비중",0.017944900259489138,"비율",3
"천호공원(해공체육문화센터)","한식음식점","중곡역 3번","유사 업종 점포 밀도",-2.0180458256573637,"개/10,000㎡",1
"천호공원(해공체육문화센터)","한식음식점","중곡역 3번","해당 업종 점포",-18,"개",2
"천호공원(해공체육문화센터)","한식음식점","중곡역 3번","남성 유동 비중",-0.01347787853773974,"비율",3
"성내중학교","한식음식점","서울프랑스학교","직장·상주 구조",0.6009256063083059,"비율",1
"성내중학교","한식음식점","서울프랑스학교","주말 유동 비중",0.00803383375847444,"비율",2
"성내중학교","한식음식점","서울프랑스학교","21~24 유동 비중",-0.005095280366926136,"비율",3
"강동역 4번(강풀만화거리)","한식음식점","상봉역 4번","상주인구",-4402,"명",1
"강동역 4번(강풀만화거리)","한식음식점","상봉역 4번","프랜차이즈 점포",-4,"개",2
"강동역 4번(강풀만화거리)","한식음식점","상봉역 4번","총 유동인구",-1130709,"명",3
"암사역 2번(서울강동초등학교)","한식음식점","암사역 3번(천호동자전거거리)","총 유동인구",-2517023,"명",1
"암사역 2번(서울강동초등학교)","한식음식점","암사역 3번(천호동자전거거리)","해당 업종 점포",-35,"개",2
"암사역 2번(서울강동초등학교)","한식음식점","암사역 3번(천호동자전거거리)","상주인구",-3455,"명",3
"암사역 1번","한식음식점","남강고등학교(남강중학교)","해당 업종 점포",-13,"개",1
"암사역 1번","한식음식점","남강고등학교(남강중학교)","총 유동인구",-522995,"명",2
"암사역 1번","한식음식점","남강고등학교(남강중학교)","유사 업종 점포 밀도",-0.79487698338689206,"개/10,000㎡",3
"둔촌동역 3번(성내3동주민센터)","한식음식점","신자초등학교","11~14 유동 비중",-0.011174394075512656,"비율",1
"둔촌동역 3번(성내3동주민센터)","한식음식점","신자초등학교","00~06 유동 비중",0.02194623173534177,"비율",2
"둔촌동역 3번(성내3동주민센터)","한식음식점","신자초등학교","해당 업종 점포",-7,"개",3
"강동구립 천호도서관","한식음식점","중곡3동주민센터","총 유동인구",991681,"명",1
"강동구립 천호도서관","한식음식점","중곡3동주민센터","남성 유동 비중",-0.02090582505444777,"비율",2
"강동구립 천호도서관","한식음식점","중곡3동주민센터","17~21 유동 비중",0.01199356404664173,"비율",3
"둔촌동역 4번","한식음식점","장안현대홈타운1차아파트","총 유동인구",993835,"명",1
"둔촌동역 4번","한식음식점","장안현대홈타운1차아파트","상주인구",1150,"명",2
"둔촌동역 4번","한식음식점","장안현대홈타운1차아파트","해당 업종 점포",8,"개",3
"천일초등학교","한식음식점","둔촌동역 4번","06~11 유동 비중",-0.006633326347525836,"비율",1
"천일초등학교","한식음식점","둔촌동역 4번","주말 유동 비중",-0.009617319237743172,"비율",2
"천일초등학교","한식음식점","둔촌동역 4번","프랜차이즈 점포",-1,"개",3
"암사동성당(효정하나플러스아파트)","한식음식점","독산119안전센터","총 유동인구",-977460,"명",1
"암사동성당(효정하나플러스아파트)","한식음식점","독산119안전센터","주말 유동 비중",0.020197429877305106,"비율",2
"암사동성당(효정하나플러스아파트)","한식음식점","독산119안전센터","21~24 유동 비중",-0.01189282123530791,"비율",3
"강동구립성내도서관","한식음식점","역촌역 3번","총 유동인구",-1234533,"명",1
"강동구립성내도서관","한식음식점","역촌역 3번","해당 업종 점포",-13,"개",2
"강동구립성내도서관","한식음식점","역촌역 3번","상주인구",-1246,"명",3
"천호1동주민센터","한식음식점","상봉역 7번","총 유동인구",-755921,"명",1
"천호1동주민센터","한식음식점","상봉역 7번","21~24 유동 비중",0.0050931278263782465,"비율",2
"천호1동주민센터","한식음식점","상봉역 7번","주말 유동 비중",0.007755643936486645,"비율",3
"천호초등학교","한식음식점","서울북부고용노동지청","총 유동인구",-1195227,"명",1
"천호초등학교","한식음식점","서울북부고용노동지청","직장·상주 구조",1.1469711465460684,"비율",2
"천호초등학교","한식음식점","서울북부고용노동지청","14~17 유동 비중",-0.007164995650349004,"비율",3
"굽은다리역 1번(십자성마을)","한식음식점","북가좌2동주민센터","총 유동인구",-700174,"명",1
"굽은다리역 1번(십자성마을)","한식음식점","북가좌2동주민센터","상주인구",-1256,"명",2
"굽은다리역 1번(십자성마을)","한식음식점","북가좌2동주민센터","상권 면적",30558,"㎡",3
"둔촌동역 1번(한산중학교)","한식음식점","상봉역 4번","해당 업종 점포",17,"개",1
"둔촌동역 1번(한산중학교)","한식음식점","상봉역 4번","총 유동인구",-673573,"명",2
"둔촌동역 1번(한산중학교)","한식음식점","상봉역 4번","06~11 유동 비중",-0.006508035252903249,"비율",3
"명일역 1번","한식음식점","신진과학기술고등학교","남성 유동 비중",-0.017198318124140966,"비율",1
"명일역 1번","한식음식점","신진과학기술고등학교","직장·상주 구조",-0.8589162166258744,"비율",2
"명일역 1번","한식음식점","신진과학기술고등학교","프랜차이즈 점포",1,"개",3
"굽은다리역 2번","한식음식점","상도4동주민센터","총 유동인구",-628447,"명",1
"굽은다리역 2번","한식음식점","상도4동주민센터","상주인구",-1418,"명",2
"굽은다리역 2번","한식음식점","상도4동주민센터","상권 면적",-31288,"㎡",3
"둔촌2동주민센터","한식음식점","영등포구청역 6번","유사 업종 점포 밀도",2.078142942308727,"개/10,000㎡",1
"둔촌2동주민센터","한식음식점","영등포구청역 6번","총 유동인구",473553,"명",2
"둔촌2동주민센터","한식음식점","영등포구청역 6번","남성 유동 비중",0.014148624128778764,"비율",3
"길동주민센터(강동도서관)","한식음식점","장안근린공원","상주인구",-5956,"명",1
"길동주민센터(강동도서관)","한식음식점","장안근린공원","총 유동인구",-1662665,"명",2
"길동주민센터(강동도서관)","한식음식점","장안근린공원","프랜차이즈 점포",-3,"개",3
"굽은다리역 4번","한식음식점","관악구신사동주민센터","총 유동인구",-1925040,"명",1
"굽은다리역 4번","한식음식점","관악구신사동주민센터","프랜차이즈 점포",-5,"개",2
"굽은다리역 4번","한식음식점","관악구신사동주민센터","남성 유동 비중",0.0325672643044817,"비율",3
"둔촌고등학교(둔촌중학교)","한식음식점","당산역 8번","남성 유동 비중",0.030315971905477357,"비율",1
"둔촌고등학교(둔촌중학교)","한식음식점","당산역 8번","주말 유동 비중",-0.023615098148093372,"비율",2
"둔촌고등학교(둔촌중학교)","한식음식점","당산역 8번","14~17 유동 비중",0.009083213982877786,"비율",3
"굽은다리역 3번","한식음식점","노원초등학교","주말 유동 비중",-0.01477160715970438,"비율",1
"굽은다리역 3번","한식음식점","노원초등학교","21~24 유동 비중",-0.008349990200835045,"비율",2
"굽은다리역 3번","한식음식점","노원초등학교","남성 유동 비중",0.013398599783659204,"비율",3
"GS강동자이아파트","한식음식점","둔촌동역 3번(성내3동주민센터)","남성 유동 비중",0.011112438382949064,"비율",1
"GS강동자이아파트","한식음식점","둔촌동역 3번(성내3동주민센터)","상권 면적",25287,"㎡",2
"GS강동자이아파트","한식음식점","둔촌동역 3번(성내3동주민센터)","총 유동인구",-278731,"명",3
"한영중고","한식음식점","충정로역 6번","06~11 유동 비중",-0.008191835712508894,"비율",1
"한영중고","한식음식점","충정로역 6번","주말 유동 비중",-0.014039906415468317,"비율",2
"한영중고","한식음식점","충정로역 6번","21~24 유동 비중",0.008907531281431305,"비율",3
"고덕중학교(고덕2동주민센터)","한식음식점","정릉3동주민센터","주말 유동 비중",0.019727968048132982,"비율",1
"고덕중학교(고덕2동주민센터)","한식음식점","정릉3동주민센터","남성 유동 비중",0.02369076242622531,"비율",2
"고덕중학교(고덕2동주민센터)","한식음식점","정릉3동주민센터","21~24 유동 비중",-0.009412180912661855,"비율",3
"고덕동성당","한식음식점","은평요양병원","유사 업종 점포 밀도",1.1778402734428237,"개/10,000㎡",1
"고덕동성당","한식음식점","은평요양병원","21~24 유동 비중",0.005525715146537741,"비율",2
"고덕동성당","한식음식점","은평요양병원","17~21 유동 비중",-0.009056970619346322,"비율",3
"상일여고(상일초등학교)","한식음식점","효창공원앞역 5번","해당 업종 점포",-51,"개",1
"상일여고(상일초등학교)","한식음식점","효창공원앞역 5번","유사 업종 점포 밀도",-3.6498140728556896,"개/10,000㎡",2
"상일여고(상일초등학교)","한식음식점","효창공원앞역 5번","06~11 유동 비중",-0.013956812547420067,"비율",3
"창덕궁","호프-간이주점","광흥창역 6번","주말 유동 비중",0.05983256093474151,"비율",1
"창덕궁","호프-간이주점","광흥창역 6번","유사 업종 점포 밀도",-1.551637063925061,"개/10,000㎡",2
"창덕궁","호프-간이주점","광흥창역 6번","11~14 유동 비중",-0.03643777753723007,"비율",3
"성균관대학교","호프-간이주점","홍대땡땡거리","프랜차이즈 점포",2,"개",1
"성균관대학교","호프-간이주점","홍대땡땡거리","총 유동인구",-624283,"명",2
"성균관대학교","호프-간이주점","홍대땡땡거리","21~24 유동 비중",-0.008577343361704348,"비율",3
"이화달팽이길","호프-간이주점","보문역 5번","06~11 유동 비중",0.009623726373423847,"비율",1
"이화달팽이길","호프-간이주점","보문역 5번","주말 유동 비중",-0.015040091682350099,"비율",2
"이화달팽이길","호프-간이주점","보문역 5번","00~06 유동 비중",-0.03191625239075119,"비율",3
"창신역 4번","호프-간이주점","돌곶이역 5번","직장·상주 구조",0.7838328766581562,"비율",1
"창신역 4번","호프-간이주점","돌곶이역 5번","남성 유동 비중",-0.01179250511319363,"비율",2
"창신역 4번","호프-간이주점","돌곶이역 5번","총 유동인구",-291197,"명",3
"동묘앞역 2번","호프-간이주점","구로119안전센터","프랜차이즈 점포",1,"개",1
"동묘앞역 2번","호프-간이주점","구로119안전센터","유사 업종 점포 밀도",0.39376940188766496,"개/10,000㎡",2
"동묘앞역 2번","호프-간이주점","구로119안전센터","남성 유동 비중",-0.012926197637381842,"비율",3
"동대문역사문화공원역 5번","호프-간이주점","성원어린이공원","주말 유동 비중",0.03495524356256932,"비율",1
"동대문역사문화공원역 5번","호프-간이주점","성원어린이공원","11~14 유동 비중",-0.02401745940900646,"비율",2
"동대문역사문화공원역 5번","호프-간이주점","성원어린이공원","06~11 유동 비중",-0.014184174958575102,"비율",3
"장충단 고개","호프-간이주점","신서초등학교","주말 유동 비중",0.023246554170089806,"비율",1
"장충단 고개","호프-간이주점","신서초등학교","21~24 유동 비중",0.011941205425471224,"비율",2
"장충단 고개","호프-간이주점","신서초등학교","유사 업종 점포 밀도",0.43921407851733296,"개/10,000㎡",3
"장충초등학교","호프-간이주점","성자초등학교","주말 유동 비중",0.025202468115576582,"비율",1
"장충초등학교","호프-간이주점","성자초등학교","21~24 유동 비중",0.015620002928754345,"비율",2
"장충초등학교","호프-간이주점","성자초등학교","11~14 유동 비중",-0.016869247317913838,"비율",3
"신당역 3번","호프-간이주점","러스크서울병원","17~21 유동 비중",-0.027605155770235895,"비율",1
"신당역 3번","호프-간이주점","러스크서울병원","총 유동인구",-719492,"명",2
"신당역 3번","호프-간이주점","러스크서울병원","06~11 유동 비중",0.0092192497100764,"비율",3
"성심여자고등학교","호프-간이주점","보문역 5번","총 유동인구",753524,"명",1
"성심여자고등학교","호프-간이주점","보문역 5번","11~14 유동 비중",-0.006355393830674377,"비율",2
"성심여자고등학교","호프-간이주점","보문역 5번","21~24 유동 비중",0.0037737511536671264,"비율",3
"효창공원앞역 6번","호프-간이주점","신당역 3번","직장·상주 구조",-1.2766271681825465,"비율",1
"효창공원앞역 6번","호프-간이주점","신당역 3번","총 유동인구",772764,"명",2
"효창공원앞역 6번","호프-간이주점","신당역 3번","06~11 유동 비중",0.00896933440795003,"비율",3
"한강로동땡땡거리(은행나무길)","호프-간이주점","금천구청역 1번 출입구","06~11 유동 비중",0.012530527331932662,"비율",1
"한강로동땡땡거리(은행나무길)","호프-간이주점","금천구청역 1번 출입구","17~21 유동 비중",-0.02235604295644525,"비율",2
"한강로동땡땡거리(은행나무길)","호프-간이주점","금천구청역 1번 출입구","14~17 유동 비중",-0.022089148707045564,"비율",3
"효창공원앞역 5번","호프-간이주점","양평역 2번","남성 유동 비중",0.021002903202201995,"비율",1
"효창공원앞역 5번","호프-간이주점","양평역 2번","해당 업종 점포",-6,"개",2
"효창공원앞역 5번","호프-간이주점","양평역 2번","총 유동인구",-624149,"명",3
"서울역 15번","호프-간이주점","구로초등학교","남성 유동 비중",-0.05631927507946621,"비율",1
"서울역 15번","호프-간이주점","구로초등학교","21~24 유동 비중",-0.01124895682561898,"비율",2
"서울역 15번","호프-간이주점","구로초등학교","총 유동인구",-411075,"명",3
"배문고등학교","호프-간이주점","신월2동주민센터","06~11 유동 비중",-0.01046794150336397,"비율",1
"배문고등학교","호프-간이주점","신월2동주민센터","총 유동인구",-463727,"명",2
"배문고등학교","호프-간이주점","신월2동주민센터","상주인구",1318,"명",3
"남영역 1번","호프-간이주점","미아역 8번","직장·상주 구조",-2.0913382294440312,"비율",1
"남영역 1번","호프-간이주점","미아역 8번","주말 유동 비중",0.01437636530341313,"비율",2
"남영역 1번","호프-간이주점","미아역 8번","총 유동인구",432069,"명",3
"서울역 12번","호프-간이주점","선정릉역 4번","직장인구",-2966,"명",1
"서울역 12번","호프-간이주점","선정릉역 4번","남성 유동 비중",-0.02104306815570317,"비율",2
"서울역 12번","호프-간이주점","선정릉역 4번","직장·상주 구조",-1.0129541718298016,"비율",3
"숙대입구역 1번","호프-간이주점","용두동신동아아파트","남성 유동 비중",-0.033792452703075626,"비율",1
"숙대입구역 1번","호프-간이주점","용두동신동아아파트","상주인구",1596,"명",2
"숙대입구역 1번","호프-간이주점","용두동신동아아파트","11~14 유동 비중",-0.00929285750337383,"비율",3
"후암동주민센터","호프-간이주점","배문고등학교","상권 면적",-88105,"㎡",1
"후암동주민센터","호프-간이주점","배문고등학교","상주인구",-2049,"명",2
"후암동주민센터","호프-간이주점","배문고등학교","17~21 유동 비중",0.011709159676659836,"비율",3
"해방촌 남동측","호프-간이주점","삼양입구사거리","해당 업종 점포",-10,"개",1
"해방촌 남동측","호프-간이주점","삼양입구사거리","총 유동인구",-740129,"명",2
"해방촌 남동측","호프-간이주점","삼양입구사거리","상권 면적",-42201,"㎡",3
"경리단길남측","호프-간이주점","경리단길북측","해당 업종 점포",5,"개",1
"경리단길남측","호프-간이주점","경리단길북측","상권 면적",43895,"㎡",2
"경리단길남측","호프-간이주점","경리단길북측","21~24 유동 비중",0.006741469072648776,"비율",3
"한국폴리텍대학서울정수캠퍼스","호프-간이주점","봉은사역 4번","직장인구",1647,"명",1
"한국폴리텍대학서울정수캠퍼스","호프-간이주점","봉은사역 4번","프랜차이즈 점포",-1,"개",2
"한국폴리텍대학서울정수캠퍼스","호프-간이주점","봉은사역 4번","직장·상주 구조",0.6307354885601546,"비율",3
"NH농협은행 보광동지점","호프-간이주점","연신내우체국","남성 유동 비중",-0.061468459066582604,"비율",1
"NH농협은행 보광동지점","호프-간이주점","연신내우체국","직장·상주 구조",1.045471696501476,"비율",2
"NH농협은행 보광동지점","호프-간이주점","연신내우체국","17~21 유동 비중",-0.01065866468379123,"비율",3
"우사단길","호프-간이주점","신대방역 4번","직장인구",-5234,"명",1
"우사단길","호프-간이주점","신대방역 4번","06~11 유동 비중",0.01853816753541887,"비율",2
"우사단길","호프-간이주점","신대방역 4번","남성 유동 비중",-0.025583472696995013,"비율",3
"한강진역 3번","호프-간이주점","금천구청역 1번 출입구","직장인구",-4115,"명",1
"한강진역 3번","호프-간이주점","금천구청역 1번 출입구","17~21 유동 비중",0.01748573309992124,"비율",2
"한강진역 3번","호프-간이주점","금천구청역 1번 출입구","직장·상주 구조",-0.9834631571906138,"비율",3
"서울독일학교","호프-간이주점","영등포구청역 2번","직장·상주 구조",-2.4413663878594134,"비율",1
"서울독일학교","호프-간이주점","영등포구청역 2번","주말 유동 비중",-0.01982396030411787,"비율",2
"서울독일학교","호프-간이주점","영등포구청역 2번","프랜차이즈 점포",1,"개",3
"옥수역 6번","호프-간이주점","신서초등학교","21~24 유동 비중",0.019044828734361294,"비율",1
"옥수역 6번","호프-간이주점","신서초등학교","17~21 유동 비중",-0.03026731904239227,"비율",2
"옥수역 6번","호프-간이주점","신서초등학교","14~17 유동 비중",-0.025957154078434352,"비율",3
"신금호역 4번","호프-간이주점","송중동주민센터","남성 유동 비중",-0.012759148339520576,"비율",1
"신금호역 4번","호프-간이주점","송중동주민센터","상주인구",-891,"명",2
"신금호역 4번","호프-간이주점","송중동주민센터","21~24 유동 비중",0.0031693193801035913,"비율",3
"금동어린이공원","호프-간이주점","행당역 2번","11~14 유동 비중",0.012462460651088372,"비율",1
"금동어린이공원","호프-간이주점","행당역 2번","직장·상주 구조",0.786682463112427,"비율",2
"금동어린이공원","호프-간이주점","행당역 2번","남성 유동 비중",-0.014594984980445258,"비율",3
"금호사거리","호프-간이주점","미아초등학교","06~11 유동 비중",-0.014194989911772482,"비율",1
"금호사거리","호프-간이주점","미아초등학교","11~14 유동 비중",-0.017531960999738624,"비율",2
"금호사거리","호프-간이주점","미아초등학교","00~06 유동 비중",0.03871149334168367,"비율",3
"금호삼성래미안아파트","호프-간이주점","미아초등학교","06~11 유동 비중",-0.013763111402000955,"비율",1
"금호삼성래미안아파트","호프-간이주점","미아초등학교","직장·상주 구조",-1.461604158198372,"비율",2
"금호삼성래미안아파트","호프-간이주점","미아초등학교","17~21 유동 비중",0.023896452426687365,"비율",3
"행당역 2번","호프-간이주점","도봉세무서","상권 면적",40393,"㎡",1
"행당역 2번","호프-간이주점","도봉세무서","남성 유동 비중",0.013968716949534055,"비율",2
"행당역 2번","호프-간이주점","도봉세무서","14~17 유동 비중",0.010386924646006615,"비율",3
"상왕십리역 3번","호프-간이주점","쌍문역1번(쌍리단길)","06~11 유동 비중",0.005403283303994921,"비율",1
"상왕십리역 3번","호프-간이주점","쌍문역1번(쌍리단길)","직장·상주 구조",-0.5411993051616362,"비율",2
"상왕십리역 3번","호프-간이주점","쌍문역1번(쌍리단길)","유사 업종 점포 밀도",0.3256976175589591,"개/10,000㎡",3
"성동구보건소","호프-간이주점","쌍문역1번(쌍리단길)","06~11 유동 비중",-0.006803034735208574,"비율",1
"성동구보건소","호프-간이주점","쌍문역1번(쌍리단길)","17~21 유동 비중",0.011561563346166703,"비율",2
"성동구보건소","호프-간이주점","쌍문역1번(쌍리단길)","총 유동인구",303887,"명",3
"서울숲카페거리","호프-간이주점","광흥창역 6번","남성 유동 비중",0.05613346183876333,"비율",1
"서울숲카페거리","호프-간이주점","광흥창역 6번","17~21 유동 비중",0.04450379755862777,"비율",2
"서울숲카페거리","호프-간이주점","광흥창역 6번","00~06 유동 비중",-0.044025933270166046,"비율",3
"마장역 2번","호프-간이주점","고덕동성당","직장·상주 구조",-1.4845087651209514,"비율",1
"마장역 2번","호프-간이주점","고덕동성당","남성 유동 비중",-0.025190385618445554,"비율",2
"마장역 2번","호프-간이주점","고덕동성당","유사 업종 점포 밀도",0.33926706421874514,"개/10,000㎡",3
"성원중학교","호프-간이주점","노량진역 6번","총 유동인구",758888,"명",1
"성원중학교","호프-간이주점","노량진역 6번","17~21 유동 비중",0.01395738577666969,"비율",2
"성원중학교","호프-간이주점","노량진역 6번","상주인구",-1057,"명",3
"성수119안전센터","호프-간이주점","남구로역 3번","해당 업종 점포",37,"개",1
"성수119안전센터","호프-간이주점","남구로역 3번","유사 업종 점포 밀도",1.646528648335683,"개/10,000㎡",2
"성수119안전센터","호프-간이주점","남구로역 3번","총 유동인구",818917,"명",3
"경수초등학교","호프-간이주점","양천향교역 5번","06~11 유동 비중",0.02262232380363427,"비율",1
"경수초등학교","호프-간이주점","양천향교역 5번","상권 면적",-135751,"㎡",2
"경수초등학교","호프-간이주점","양천향교역 5번","14~17 유동 비중",-0.019275452539893073,"비율",3
"성수초등학교","호프-간이주점","양천향교역 5번","직장인구",-8194,"명",1
"성수초등학교","호프-간이주점","양천향교역 5번","상권 면적",-206106,"㎡",2
"성수초등학교","호프-간이주점","양천향교역 5번","주말 유동 비중",0.03653738185386818,"비율",3
"건대입구역 6번","호프-간이주점","자양4동주민센터","주말 유동 비중",-0.02577452019346449,"비율",1
"건대입구역 6번","호프-간이주점","자양4동주민센터","남성 유동 비중",0.021000702163756435,"비율",2
"건대입구역 6번","호프-간이주점","자양4동주민센터","직장·상주 구조",-0.5861906294505443,"비율",3
"화양사거리","호프-간이주점","용마초등학교","직장·상주 구조",1.6835001052610359,"비율",1
"화양사거리","호프-간이주점","용마초등학교","상권 면적",37462,"㎡",2
"화양사거리","호프-간이주점","용마초등학교","유사 업종 점포 밀도",-0.37872723644229367,"개/10,000㎡",3
"어린이대공원역 4번","호프-간이주점","혜원여고","직장·상주 구조",1.220745167636145,"비율",1
"어린이대공원역 4번","호프-간이주점","혜원여고","주말 유동 비중",-0.016046054147376643,"비율",2
"어린이대공원역 4번","호프-간이주점","혜원여고","남성 유동 비중",0.011149236455193223,"비율",3
"신자초등학교","호프-간이주점","독산2동주민센터","남성 유동 비중",0.02703081293063736,"비율",1
"신자초등학교","호프-간이주점","독산2동주민센터","총 유동인구",-642849,"명",2
"신자초등학교","호프-간이주점","독산2동주민센터","직장·상주 구조",-0.9695302915931281,"비율",3
"능동우편취급국","호프-간이주점","수송초등학교","총 유동인구",1052881,"명",1
"능동우편취급국","호프-간이주점","수송초등학교","해당 업종 점포",10,"개",2
"능동우편취급국","호프-간이주점","수송초등학교","남성 유동 비중",-0.020639963454057497,"비율",3
"중곡1동 마을마당","호프-간이주점","개봉1동주민센터","06~11 유동 비중",-0.010661793872439429,"비율",1
"중곡1동 마을마당","호프-간이주점","개봉1동주민센터","해당 업종 점포",4,"개",2
"중곡1동 마을마당","호프-간이주점","개봉1동주민센터","상권 면적",32102,"㎡",3
"자양한강도서관","호프-간이주점","공릉역 2번","주말 유동 비중",-0.00776141681075343,"비율",1
"자양한강도서관","호프-간이주점","공릉역 2번","해당 업종 점포",-3,"개",2
"자양한강도서관","호프-간이주점","공릉역 2번","21~24 유동 비중",0.0037913414071870932,"비율",3
"중곡1동주민센터","호프-간이주점","독산동정훈단지","주말 유동 비중",0.025007017260079423,"비율",1
"중곡1동주민센터","호프-간이주점","독산동정훈단지","남성 유동 비중",0.028136280610651154,"비율",2
"중곡1동주민센터","호프-간이주점","독산동정훈단지","프랜차이즈 점포",1,"개",3
"광진정말공원","호프-간이주점","거여역 1번(거여공원)","상권 면적",44263,"㎡",1
"광진정말공원","호프-간이주점","거여역 1번(거여공원)","주말 유동 비중",-0.011002999711143824,"비율",2
"광진정말공원","호프-간이주점","거여역 1번(거여공원)","해당 업종 점포",4,"개",3
"자양동우체국","호프-간이주점","면목동우체국","직장·상주 구조",-0.653901931789683,"비율",1
"자양동우체국","호프-간이주점","면목동우체국","해당 업종 점포",-4,"개",2
"자양동우체국","호프-간이주점","면목동우체국","유사 업종 점포 밀도",-0.3431191937328167,"개/10,000㎡",3
"중곡3동주민센터","호프-간이주점","관악구 중앙길","프랜차이즈 점포",5,"개",1
"중곡3동주민센터","호프-간이주점","관악구 중앙길","상주인구",5339,"명",2
"중곡3동주민센터","호프-간이주점","관악구 중앙길","총 유동인구",1632499,"명",3
"구의역 4번","호프-간이주점","삼전역 1번","총 유동인구",-1041657,"명",1
"구의역 4번","호프-간이주점","삼전역 1번","상권 면적",34666,"㎡",2
"구의역 4번","호프-간이주점","삼전역 1번","상주인구",851,"명",3
"중곡역 3번","호프-간이주점","천호공원(해공체육문화센터)","남성 유동 비중",0.01347787853773974,"비율",1
"중곡역 3번","호프-간이주점","천호공원(해공체육문화센터)","해당 업종 점포",-4,"개",2
"중곡역 3번","호프-간이주점","천호공원(해공체육문화센터)","상권 면적",-25740,"㎡",3
"성자초등학교","호프-간이주점","방화역 1번","주말 유동 비중",0.019193657071911674,"비율",1
"성자초등학교","호프-간이주점","방화역 1번","프랜차이즈 점포",-1,"개",2
"성자초등학교","호프-간이주점","방화역 1번","직장·상주 구조",0.95457511207933,"비율",3
"국립정신건강센터","호프-간이주점","양지어린이공원","주말 유동 비중",0.026646215312428945,"비율",1
"국립정신건강센터","호프-간이주점","양지어린이공원","17~21 유동 비중",0.0146986702580644,"비율",2
"국립정신건강센터","호프-간이주점","양지어린이공원","총 유동인구",354683,"명",3
"구의1동주민센터","호프-간이주점","상봉역 4번","상권 면적",59625,"㎡",1
"구의1동주민센터","호프-간이주점","상봉역 4번","주말 유동 비중",0.014385761486247428,"비율",2
"구의1동주민센터","호프-간이주점","상봉역 4번","총 유동인구",453980,"명",3
"용마초등학교","호프-간이주점","신정역 5번","총 유동인구",389018,"명",1
"용마초등학교","호프-간이주점","신정역 5번","해당 업종 점포",-3,"개",2
"용마초등학교","호프-간이주점","신정역 5번","상주인구",1001,"명",3
"아차산역 1번","호프-간이주점","자양동우체국","남성 유동 비중",0.02779831009382533,"비율",1
"아차산역 1번","호프-간이주점","자양동우체국","총 유동인구",601022,"명",2
"아차산역 1번","호프-간이주점","자양동우체국","21~24 유동 비중",-0.006777249763614435,"비율",3
"해오름공원","호프-간이주점","역촌역 3번","상주인구",2168,"명",1
"해오름공원","호프-간이주점","역촌역 3번","상권 면적",56273,"㎡",2
"해오름공원","호프-간이주점","역촌역 3번","직장·상주 구조",-0.95105605320262665,"비율",3
"광나루역 1번","호프-간이주점","개포고등학교","주말 유동 비중",-0.03271820784146845,"비율",1
"광나루역 1번","호프-간이주점","개포고등학교","직장인구",2207,"명",2
"광나루역 1번","호프-간이주점","개포고등학교","유사 업종 점포 밀도",-0.7762194859073506,"개/10,000㎡",3
"동의보감타워","호프-간이주점","신서초등학교","21~24 유동 비중",0.028330313430266596,"비율",1
"동의보감타워","호프-간이주점","신서초등학교","14~17 유동 비중",-0.03901511863425458,"비율",2
"동의보감타워","호프-간이주점","신서초등학교","11~14 유동 비중",-0.02597883890631933,"비율",3
"동대문구청","호프-간이주점","구로보건소","상권 면적",135583,"㎡",1
"동대문구청","호프-간이주점","구로보건소","상주인구",3227,"명",2
"동대문구청","호프-간이주점","구로보건소","총 유동인구",881181,"명",3
"동대문중앙새마을금고본점","호프-간이주점","서울숲카페거리","유사 업종 점포 밀도",-5.0480765470160875,"개/10,000㎡",1
"동대문중앙새마을금고본점","호프-간이주점","서울숲카페거리","06~11 유동 비중",-0.02299695305419086,"비율",2
"동대문중앙새마을금고본점","호프-간이주점","서울숲카페거리","해당 업종 점포",-6,"개",3
"홍릉시장","호프-간이주점","성산중학교","06~11 유동 비중",-0.008750007710620455,"비율",1
"홍릉시장","호프-간이주점","성산중학교","주말 유동 비중",-0.011883821837316788,"비율",2
"홍릉시장","호프-간이주점","성산중학교","해당 업종 점포",5,"개",3
"떡전교사거리","호프-간이주점","돌곶이역 5번","남성 유동 비중",0.03009086364970537,"비율",1
"떡전교사거리","호프-간이주점","돌곶이역 5번","06~11 유동 비중",-0.0071669401467991944,"비율",2
"떡전교사거리","호프-간이주점","돌곶이역 5번","주말 유동 비중",-0.00849148964074986,"비율",3
"간데메공원","호프-간이주점","남가좌파출소","직장·상주 구조",-0.7444687804428938,"비율",1
"간데메공원","호프-간이주점","남가좌파출소","총 유동인구",333940,"명",2
"간데메공원","호프-간이주점","남가좌파출소","21~24 유동 비중",0.0034028589474509874,"비율",3
"텃골근린공원","호프-간이주점","독산2동주민센터","직장·상주 구조",2.3565527927088246,"비율",1
"텃골근린공원","호프-간이주점","독산2동주민센터","총 유동인구",-772128,"명",2
"텃골근린공원","호프-간이주점","독산2동주민센터","프랜차이즈 점포",-1,"개",3
"시립대앞사거리","호프-간이주점","삼양입구사거리","유사 업종 점포 밀도",-2.1361243084738377,"개/10,000㎡",1
"시립대앞사거리","호프-간이주점","삼양입구사거리","직장·상주 구조",1.6880288436000583,"비율",2
"시립대앞사거리","호프-간이주점","삼양입구사거리","프랜차이즈 점포",-1,"개",3
"서울시립대","호프-간이주점","동묘앞역 2번","총 유동인구",-1102788,"명",1
"서울시립대","호프-간이주점","동묘앞역 2번","21~24 유동 비중",0.0063427689796595466,"비율",2
"서울시립대","호프-간이주점","동묘앞역 2번","남성 유동 비중",0.009246934009515984,"비율",3
"전곡마을마당공원","호프-간이주점","중랑노인종합복지관","직장·상주 구조",2.4256746601218246,"비율",1
"전곡마을마당공원","호프-간이주점","중랑노인종합복지관","총 유동인구",-1460612,"명",2
"전곡마을마당공원","호프-간이주점","중랑노인종합복지관","00~06 유동 비중",0.031834325095089544,"비율",3
"답십리사거리","호프-간이주점","GS강동자이아파트","직장·상주 구조",-1.1987173312963728,"비율",1
"답십리사거리","호프-간이주점","GS강동자이아파트","00~06 유동 비중",-0.02273275053592355,"비율",2
"답십리사거리","호프-간이주점","GS강동자이아파트","11~14 유동 비중",0.00895530241603848,"비율",3
"삼육보건대학교","호프-간이주점","능동우편취급국","17~21 유동 비중",0.021955778902980533,"비율",1
"삼육보건대학교","호프-간이주점","능동우편취급국","직장·상주 구조",-0.9895111236104599,"비율",2
"삼육보건대학교","호프-간이주점","능동우편취급국","00~06 유동 비중",-0.026331501778866784,"비율",3
"외대앞역 1번","호프-간이주점","상월곡역 1번","프랜차이즈 점포",4,"개",1
"외대앞역 1번","호프-간이주점","상월곡역 1번","해당 업종 점포",-12,"개",2
"외대앞역 1번","호프-간이주점","상월곡역 1번","남성 유동 비중",-0.03332797155902767,"비율",3
"의릉","호프-간이주점","백련산해모로아파트","직장·상주 구조",-1.1878050722205966,"비율",1
"의릉","호프-간이주점","백련산해모로아파트","상주인구",1920,"명",2
"의릉","호프-간이주점","백련산해모로아파트","06~11 유동 비중",0.007154866752808797,"비율",3
"장안1동주민센터","호프-간이주점","삼전역 1번","총 유동인구",-823428,"명",1
"장안1동주민센터","호프-간이주점","삼전역 1번","해당 업종 점포",-7,"개",2
"장안1동주민센터","호프-간이주점","삼전역 1번","상권 면적",-40300,"㎡",3
"장안근린공원","호프-간이주점","정릉역 1번","상주인구",-1773,"명",1
"장안근린공원","호프-간이주점","정릉역 1번","상권 면적",-37027,"㎡",2
"장안근린공원","호프-간이주점","정릉역 1번","11~14 유동 비중",-0.008827591724299422,"비율",3
"장평중학교","호프-간이주점","보문역 5번","상주인구",-3390,"명",1
"장평중학교","호프-간이주점","보문역 5번","상권 면적",-58224,"㎡",2
"장평중학교","호프-간이주점","보문역 5번","총 유동인구",610674,"명",3
"중랑역 1번","호프-간이주점","방학중학교","직장·상주 구조",1.0354352986736242,"비율",1
"중랑역 1번","호프-간이주점","방학중학교","06~11 유동 비중",-0.00799026285960358,"비율",2
"중랑역 1번","호프-간이주점","방학중학교","상주인구",1453,"명",3
"신묵초등학교","호프-간이주점","화곡2동주민센터","해당 업종 점포",-7,"개",1
"신묵초등학교","호프-간이주점","화곡2동주민센터","총 유동인구",564740,"명",2
"신묵초등학교","호프-간이주점","화곡2동주민센터","유사 업종 점포 밀도",-0.3826021086746069,"개/10,000㎡",3
"태릉시장 특화거리","호프-간이주점","신원동주민센터","유사 업종 점포 밀도",-1.6148703165568938,"개/10,000㎡",1
"태릉시장 특화거리","호프-간이주점","신원동주민센터","해당 업종 점포",-7,"개",2
"태릉시장 특화거리","호프-간이주점","신원동주민센터","직장·상주 구조",0.934527761823519,"비율",3
"먹골역 5번","호프-간이주점","강북구청","해당 업종 점포",-5,"개",1
"먹골역 5번","호프-간이주점","강북구청","06~11 유동 비중",-0.006161502182421313,"비율",2
"먹골역 5번","호프-간이주점","강북구청","주말 유동 비중",0.009777070663925691,"비율",3
"면목5동주민센터","호프-간이주점","양지어린이공원","총 유동인구",561465,"명",1
"면목5동주민센터","호프-간이주점","양지어린이공원","11~14 유동 비중",0.008182174627105729,"비율",2
"면목5동주민센터","호프-간이주점","양지어린이공원","21~24 유동 비중",-0.0035114012417973017,"비율",3
"중랑노인종합복지관","호프-간이주점","천호지구대(천호동자전거거리)","총 유동인구",550132,"명",1
"중랑노인종합복지관","호프-간이주점","천호지구대(천호동자전거거리)","21~24 유동 비중",-0.005013631351868414,"비율",2
"중랑노인종합복지관","호프-간이주점","천호지구대(천호동자전거거리)","06~11 유동 비중",0.004537447872146688,"비율",3
"중화역 4번","호프-간이주점","강북구청","06~11 유동 비중",-0.010646542539622716,"비율",1
"중화역 4번","호프-간이주점","강북구청","프랜차이즈 점포",-1,"개",2
"중화역 4번","호프-간이주점","강북구청","직장·상주 구조",0.9217214300689784,"비율",3
"월드순복음교회","호프-간이주점","연신내역 2번","프랜차이즈 점포",-1,"개",1
"월드순복음교회","호프-간이주점","연신내역 2번","21~24 유동 비중",0.005955191284210931,"비율",2
"월드순복음교회","호프-간이주점","연신내역 2번","남성 유동 비중",-0.00718215424110058,"비율",3
"중화역 1번","호프-간이주점","보라매역 2번","주말 유동 비중",0.013485064056403095,"비율",1
"중화역 1번","호프-간이주점","보라매역 2번","상권 면적",-41833,"㎡",2
"중화역 1번","호프-간이주점","보라매역 2번","21~24 유동 비중",0.005415117289918864,"비율",3
"장안중학교","호프-간이주점","가오리역 2번","06~11 유동 비중",0.007812485381482492,"비율",1
"장안중학교","호프-간이주점","가오리역 2번","남성 유동 비중",-0.015158257360439575,"비율",2
"장안중학교","호프-간이주점","가오리역 2번","11~14 유동 비중",-0.008207580235645037,"비율",3
"장안제일시장","호프-간이주점","보라매역 2번","총 유동인구",534294,"명",1
"장안제일시장","호프-간이주점","보라매역 2번","상주인구",1345,"명",2
"장안제일시장","호프-간이주점","보라매역 2번","직장인구",655,"명",3
"중곡초등학교","호프-간이주점","도신초등학교","주말 유동 비중",-0.012381325661733278,"비율",1
"중곡초등학교","호프-간이주점","도신초등학교","상권 면적",27237,"㎡",2
"중곡초등학교","호프-간이주점","도신초등학교","17~21 유동 비중",-0.008220039669531831,"비율",3
"오거리공원","호프-간이주점","구립대학경로당(관악산샘말공원)","남성 유동 비중",0.10085790008558465,"비율",1
"오거리공원","호프-간이주점","구립대학경로당(관악산샘말공원)","총 유동인구",1596631,"명",2
"오거리공원","호프-간이주점","구립대학경로당(관악산샘말공원)","상주인구",4291,"명",3
"상봉역 4번","호프-간이주점","굽은다리역 1번(십자성마을)","직장·상주 구조",-0.7488262307744122,"비율",1
"상봉역 4번","호프-간이주점","굽은다리역 1번(십자성마을)","상권 면적",-37991,"㎡",2
"상봉역 4번","호프-간이주점","굽은다리역 1번(십자성마을)","해당 업종 점포",-4,"개",3
"면목2동체육관","호프-간이주점","역촌역 3번","남성 유동 비중",-0.03217704784745529,"비율",1
"면목2동체육관","호프-간이주점","역촌역 3번","총 유동인구",-656006,"명",2
"면목2동체육관","호프-간이주점","역촌역 3번","상권 면적",-30270,"㎡",3
"사가정역 1번","호프-간이주점","시흥초등학교(시흥1동우체국)","06~11 유동 비중",0.012276819090663721,"비율",1
"사가정역 1번","호프-간이주점","시흥초등학교(시흥1동우체국)","총 유동인구",-413030,"명",2
"사가정역 1번","호프-간이주점","시흥초등학교(시흥1동우체국)","상권 면적",34780,"㎡",3
"사가정역 4번","호프-간이주점","암사역 3번(천호동자전거거리)","상주인구",1162,"명",1
"사가정역 4번","호프-간이주점","암사역 3번(천호동자전거거리)","직장·상주 구조",0.543705904212703,"비율",2
"사가정역 4번","호프-간이주점","암사역 3번(천호동자전거거리)","총 유동인구",-262397,"명",3
"면목역 1번","호프-간이주점","면목동우체국","직장·상주 구조",1.5524064363789396,"비율",1
"면목역 1번","호프-간이주점","면목동우체국","상주인구",-1948,"명",2
"면목역 1번","호프-간이주점","면목동우체국","06~11 유동 비중",-0.007181988062487987,"비율",3
"면목역 2번","호프-간이주점","관악구 중앙길","프랜차이즈 점포",3,"개",1
"면목역 2번","호프-간이주점","관악구 중앙길","총 유동인구",1279626,"명",2
"면목역 2번","호프-간이주점","관악구 중앙길","해당 업종 점포",9,"개",3
"면목동우체국","호프-간이주점","양지어린이공원","06~11 유동 비중",0.00590938322705184,"비율",1
"면목동우체국","호프-간이주점","양지어린이공원","주말 유동 비중",0.0075804900121173024,"비율",2
"면목동우체국","호프-간이주점","양지어린이공원","총 유동인구",-259273,"명",3
"망우역 2번","호프-간이주점","정릉우체국","주말 유동 비중",-0.018974496313568345,"비율",1
"망우역 2번","호프-간이주점","정릉우체국","프랜차이즈 점포",1,"개",2
"망우역 2번","호프-간이주점","정릉우체국","총 유동인구",-522389,"명",3
"용마문화복지센터","호프-간이주점","쌍문역1번(쌍리단길)","주말 유동 비중",0.010967513319397493,"비율",1
"용마문화복지센터","호프-간이주점","쌍문역1번(쌍리단길)","06~11 유동 비중",0.00625845151524429,"비율",2
"용마문화복지센터","호프-간이주점","쌍문역1번(쌍리단길)","21~24 유동 비중",-0.006137967624961341,"비율",3
"신내1동주민센터","호프-간이주점","수락산디자인거리","프랜차이즈 점포",2,"개",1
"신내1동주민센터","호프-간이주점","수락산디자인거리","유사 업종 점포 밀도",0.9020072970099262,"개/10,000㎡",2
"신내1동주민센터","호프-간이주점","수락산디자인거리","해당 업종 점포",9,"개",3
"장스여성병원","호프-간이주점","홍제3동주민센터","프랜차이즈 점포",1,"개",1
"장스여성병원","호프-간이주점","홍제3동주민센터","상권 면적",44268,"㎡",2
"장스여성병원","호프-간이주점","홍제3동주민센터","유사 업종 점포 밀도",-0.4680821714323202,"개/10,000㎡",3
"하나은행 망우동지점","호프-간이주점","석계역 2번","유사 업종 점포 밀도",-2.288948338392533,"개/10,000㎡",1
"하나은행 망우동지점","호프-간이주점","석계역 2번","남성 유동 비중",0.01754580672316647,"비율",2
"하나은행 망우동지점","호프-간이주점","석계역 2번","직장·상주 구조",0.8635178128768404,"비율",3
"러스크서울병원","호프-간이주점","도봉세무서","직장·상주 구조",-0.8690547757634777,"비율",1
"러스크서울병원","호프-간이주점","도봉세무서","주말 유동 비중",-0.008568104332532578,"비율",2
"러스크서울병원","호프-간이주점","도봉세무서","총 유동인구",265758,"명",3
"망우본동주민센터","호프-간이주점","도봉구 정병원","남성 유동 비중",0.025117373548042277,"비율",1
"망우본동주민센터","호프-간이주점","도봉구 정병원","프랜차이즈 점포",-1,"개",2
"망우본동주민센터","호프-간이주점","도봉구 정병원","17~21 유동 비중",0.014993461678774384,"비율",3
"국민대학교앞","호프-간이주점","삼양입구사거리","남성 유동 비중",-0.03709549932483064,"비율",1
"국민대학교앞","호프-간이주점","삼양입구사거리","총 유동인구",893685,"명",2
"국민대학교앞","호프-간이주점","삼양입구사거리","21~24 유동 비중",-0.008467835349733749,"비율",3
"한성대입구역 5번","호프-간이주점","보문역 8번","직장인구",-2540,"명",1
"한성대입구역 5번","호프-간이주점","보문역 8번","남성 유동 비중",0.02986096805002708,"비율",2
"한성대입구역 5번","호프-간이주점","보문역 8번","총 유동인구",-629698,"명",3
"서경대학교","호프-간이주점","북가좌2동주민센터","21~24 유동 비중",-0.0065370378128288,"비율",1
"서경대학교","호프-간이주점","북가좌2동주민센터","상주인구",-822,"명",2
"서경대학교","호프-간이주점","북가좌2동주민센터","해당 업종 점포",2,"개",3
"경동고등학교","호프-간이주점","상봉역 4번","남성 유동 비중",0.011087440329057063,"비율",1
"경동고등학교","호프-간이주점","상봉역 4번","직장·상주 구조",-0.49357899507057734,"비율",2
"경동고등학교","호프-간이주점","상봉역 4번","직장인구",-600,"명",3
"정릉역 1번","호프-간이주점","해방촌예술마을","남성 유동 비중",0.019790024409785556,"비율",1
"정릉역 1번","호프-간이주점","해방촌예술마을","직장·상주 구조",-0.6110641710177873,"비율",2
"정릉역 1번","호프-간이주점","해방촌예술마을","21~24 유동 비중",0.004920446257381611,"비율",3
"삼선동주민센터","호프-간이주점","남영역 1번","총 유동인구",-1466186,"명",1
"삼선동주민센터","호프-간이주점","남영역 1번","남성 유동 비중",0.026979698354013093,"비율",2
"삼선동주민센터","호프-간이주점","남영역 1번","프랜차이즈 점포",1,"개",3
"성신여대입구역 7번","호프-간이주점","수유역 2번","남성 유동 비중",0.052823080323847194,"비율",1
"성신여대입구역 7번","호프-간이주점","수유역 2번","프랜차이즈 점포",-1,"개",2
"성신여대입구역 7번","호프-간이주점","수유역 2번","상권 면적",-22642,"㎡",3
"성신여대입구역 1번","호프-간이주점","홍대부속여중고앞","남성 유동 비중",0.07338461633164622,"비율",1
"성신여대입구역 1번","호프-간이주점","홍대부속여중고앞","직장·상주 구조",1.1818127722534362,"비율",2
"성신여대입구역 1번","호프-간이주점","홍대부속여중고앞","주말 유동 비중",0.00948204653016077,"비율",3
"보문역 5번","호프-간이주점","선정릉역 4번","총 유동인구",-1512568,"명",1
"보문역 5번","호프-간이주점","선정릉역 4번","21~24 유동 비중",-0.01296100314785803,"비율",2
"보문역 5번","호프-간이주점","선정릉역 4번","11~14 유동 비중",0.01539946688351107,"비율",3
"미아초등학교","호프-간이주점","덕의초등학교","21~24 유동 비중",0.013314710560091245,"비율",1
"미아초등학교","호프-간이주점","덕의초등학교","17~21 유동 비중",-0.025177163548188497,"비율",2
"미아초등학교","호프-간이주점","덕의초등학교","06~11 유동 비중",0.012659408180633352,"비율",3
"길음역 7번","호프-간이주점","개봉역","직장·상주 구조",-2.3427703719415796,"비율",1
"길음역 7번","호프-간이주점","개봉역","17~21 유동 비중",-0.03690472567229519,"비율",2
"길음역 7번","호프-간이주점","개봉역","00~06 유동 비중",0.058384518894423504,"비율",3
"안암역 2번","호프-간이주점","역삼역 8번","남성 유동 비중",0.06277948884191387,"비율",1
"안암역 2번","호프-간이주점","역삼역 8번","주말 유동 비중",0.01928331651062956,"비율",2
"안암역 2번","호프-간이주점","역삼역 8번","06~11 유동 비중",-0.010586441223102566,"비율",3
"종암경찰서","호프-간이주점","옥수역 6번","직장인구",-3023,"명",1
"종암경찰서","호프-간이주점","옥수역 6번","프랜차이즈 점포",-2,"개",2
"종암경찰서","호프-간이주점","옥수역 6번","17~21 유동 비중",0.0272401636996652,"비율",3
"종암동주민센터","호프-간이주점","방화역 1번","직장인구",-2073,"명",1
"종암동주민센터","호프-간이주점","방화역 1번","총 유동인구",-1041319,"명",2
"종암동주민센터","호프-간이주점","방화역 1번","06~11 유동 비중",0.007816916531251078,"비율",3
"장위1동주민센터","호프-간이주점","국립정신건강센터","06~11 유동 비중",-0.00942496906751819,"비율",1
"장위1동주민센터","호프-간이주점","국립정신건강센터","주말 유동 비중",-0.011029158800731242,"비율",2
"장위1동주민센터","호프-간이주점","국립정신건강센터","상주인구",1111,"명",3
"장곡초등학교","호프-간이주점","천호공원(해공체육문화센터)","21~24 유동 비중",-0.005350587698913278,"비율",1
"장곡초등학교","호프-간이주점","천호공원(해공체육문화센터)","14~17 유동 비중",0.007397979158062659,"비율",2
"장곡초등학교","호프-간이주점","천호공원(해공체육문화센터)","11~14 유동 비중",0.005813835254651359,"비율",3
"우리은행체육관","호프-간이주점","장위1동주민센터","06~11 유동 비중",0.01617566897525277,"비율",1
"우리은행체육관","호프-간이주점","장위1동주민센터","21~24 유동 비중",-0.0067057643687007396,"비율",2
"우리은행체육관","호프-간이주점","장위1동주민센터","직장·상주 구조",-0.7152668431379157,"비율",3
"돌곶이역 1번","호프-간이주점","서울여자간호대학교","06~11 유동 비중",-0.021916185870486188,"비율",1
"돌곶이역 1번","호프-간이주점","서울여자간호대학교","21~24 유동 비중",0.008369389098530827,"비율",2
"돌곶이역 1번","호프-간이주점","서울여자간호대학교","유사 업종 점포 밀도",0.4287144270792325,"개/10,000㎡",3
"석계역 7번","호프-간이주점","메가박스 상봉","프랜차이즈 점포",-2,"개",1
"석계역 7번","호프-간이주점","메가박스 상봉","남성 유동 비중",0.03141413344502442,"비율",2
"석계역 7번","호프-간이주점","메가박스 상봉","총 유동인구",-980884,"명",3
"석관고등학교","호프-간이주점","어린이대공원역 3번","직장·상주 구조",-1.8611512014742662,"비율",1
"석관고등학교","호프-간이주점","어린이대공원역 3번","11~14 유동 비중",0.008164484360477259,"비율",2
"석관고등학교","호프-간이주점","어린이대공원역 3번","총 유동인구",325830,"명",3
"국립4.19민주묘지","호프-간이주점","의릉","직장·상주 구조",-2.754433501992205,"비율",1
"국립4.19민주묘지","호프-간이주점","의릉","유사 업종 점포 밀도",-1.5761139453104822,"개/10,000㎡",2
"국립4.19민주묘지","호프-간이주점","의릉","00~06 유동 비중",-0.0787226463510598,"비율",3
"솔밭공원역 2번","호프-간이주점","도신초등학교","06~11 유동 비중",-0.012809434313273776,"비율",1
"솔밭공원역 2번","호프-간이주점","도신초등학교","21~24 유동 비중",0.006606488411602607,"비율",2
"솔밭공원역 2번","호프-간이주점","도신초등학교","남성 유동 비중",0.013618527149255155,"비율",3
"강북문화예술회관","호프-간이주점","신정역 5번","상주인구",3958,"명",1
"강북문화예술회관","호프-간이주점","신정역 5번","상권 면적",45400,"㎡",2
"강북문화예술회관","호프-간이주점","신정역 5번","남성 유동 비중",0.010263725408766744,"비율",3
"화계역 2번","호프-간이주점","혜원여고","06~11 유동 비중",-0.025796254622984127,"비율",1
"화계역 2번","호프-간이주점","혜원여고","17~21 유동 비중",0.03007542646345912,"비율",2
"화계역 2번","호프-간이주점","혜원여고","21~24 유동 비중",0.01282997156019329,"비율",3
"수유1동주민센터","호프-간이주점","역촌역 3번","상주인구",3400,"명",1
"수유1동주민센터","호프-간이주점","역촌역 3번","프랜차이즈 점포",-1,"개",2
"수유1동주민센터","호프-간이주점","역촌역 3번","상권 면적",57483,"㎡",3
"수유동우체국","호프-간이주점","가오리역 1번","남성 유동 비중",0.01833762808288375,"비율",1
"수유동우체국","호프-간이주점","가오리역 1번","유사 업종 점포 밀도",0.4364341894947682,"개/10,000㎡",2
"수유동우체국","호프-간이주점","가오리역 1번","06~11 유동 비중",-0.0047172222969115996,"비율",3
"덕수교","호프-간이주점","개웅초등학교(개웅중학교)","남성 유동 비중",0.04679644377402592,"비율",1
"덕수교","호프-간이주점","개웅초등학교(개웅중학교)","상주인구",3139,"명",2
"덕수교","호프-간이주점","개웅초등학교(개웅중학교)","상권 면적",29139,"㎡",3
"가오리역 1번","호프-간이주점","신길6동주민센터","14~17 유동 비중",-0.01659354195285477,"비율",1
"가오리역 1번","호프-간이주점","신길6동주민센터","17~21 유동 비중",-0.016667131587485923,"비율",2
"가오리역 1번","호프-간이주점","신길6동주민센터","06~11 유동 비중",0.00620838766702958,"비율",3
"인수동 우편취급국","호프-간이주점","간데메공원","총 유동인구",494554,"명",1
"인수동 우편취급국","호프-간이주점","간데메공원","21~24 유동 비중",0.0037031217037591935,"비율",2
"인수동 우편취급국","호프-간이주점","간데메공원","11~14 유동 비중",-0.005437489945742238,"비율",3
"수유초등학교","호프-간이주점","수유역 2번","17~21 유동 비중",0.006958597667392485,"비율",1
"수유초등학교","호프-간이주점","수유역 2번","상권 면적",-21794,"㎡",2
"수유초등학교","호프-간이주점","수유역 2번","유사 업종 점포 밀도",0.23874601753282793,"개/10,000㎡",3
"우이천 계성교","호프-간이주점","증산역 3번","직장·상주 구조",0.7984038332884902,"비율",1
"우이천 계성교","호프-간이주점","증산역 3번","총 유동인구",315932,"명",2
"우이천 계성교","호프-간이주점","증산역 3번","남성 유동 비중",0.00967071485963028,"비율",3
"미아역 5번","호프-간이주점","굽은다리역 1번(십자성마을)","직장·상주 구조",2.0917385763131096,"비율",1
"미아역 5번","호프-간이주점","굽은다리역 1번(십자성마을)","상주인구",2400,"명",2
"미아역 5번","호프-간이주점","굽은다리역 1번(십자성마을)","상권 면적",38026,"㎡",3
"광산사거리","호프-간이주점","서울여자간호대학교","00~06 유동 비중",-0.025154993638709655,"비율",1
"광산사거리","호프-간이주점","서울여자간호대학교","직장·상주 구조",0.6435230720425471,"비율",2
"광산사거리","호프-간이주점","서울여자간호대학교","17~21 유동 비중",0.01076798559137021,"비율",3
"송천초등학교","호프-간이주점","돌곶이역 8번","06~11 유동 비중",-0.020292828755785558,"비율",1
"송천초등학교","호프-간이주점","돌곶이역 8번","직장·상주 구조",2.1730580532976482,"비율",2
"송천초등학교","호프-간이주점","돌곶이역 8번","17~21 유동 비중",0.023070837740999384,"비율",3
"성신여대운정그린캠퍼스","호프-간이주점","중곡역 3번","남성 유동 비중",0.023312088473710302,"비율",1
"성신여대운정그린캠퍼스","호프-간이주점","중곡역 3번","총 유동인구",-636823,"명",2
"성신여대운정그린캠퍼스","호프-간이주점","중곡역 3번","주말 유동 비중",-0.007733093112005762,"비율",3
"도봉세무서","호프-간이주점","돌곶이역 8번","남성 유동 비중",-0.01565056854730118,"비율",1
"도봉세무서","호프-간이주점","돌곶이역 8번","06~11 유동 비중",0.006308496727894686,"비율",2
"도봉세무서","호프-간이주점","돌곶이역 8번","직장·상주 구조",0.7130007544076689,"비율",3
"수유역 2번","호프-간이주점","구의1동주민센터","상주인구",2750,"명",1
"수유역 2번","호프-간이주점","구의1동주민센터","상권 면적",46888,"㎡",2
"수유역 2번","호프-간이주점","구의1동주민센터","해당 업종 점포",5,"개",3
"솔밭공원역 1번","호프-간이주점","광나루역 1번","남성 유동 비중",0.0476674163808275,"비율",1
"솔밭공원역 1번","호프-간이주점","광나루역 1번","직장·상주 구조",1.5841734107746186,"비율",2
"솔밭공원역 1번","호프-간이주점","광나루역 1번","14~17 유동 비중",-0.015652608377314414,"비율",3
"도봉우체국","호프-간이주점","신금호역 4번","프랜차이즈 점포",-1,"개",1
"도봉우체국","호프-간이주점","신금호역 4번","남성 유동 비중",0.016425244451408083,"비율",2
"도봉우체국","호프-간이주점","신금호역 4번","총 유동인구",400435,"명",3
"방학초등학교","호프-간이주점","덕의초등학교","11~14 유동 비중",-0.012546485889778122,"비율",1
"방학초등학교","호프-간이주점","덕의초등학교","06~11 유동 비중",0.007407352087205804,"비율",2
"방학초등학교","호프-간이주점","덕의초등학교","주말 유동 비중",0.008907478958091575,"비율",3
"신한은행 방학동지점","호프-간이주점","의릉","유사 업종 점포 밀도",-0.8664841713080639,"개/10,000㎡",1
"신한은행 방학동지점","호프-간이주점","의릉","해당 업종 점포",-5,"개",2
"신한은행 방학동지점","호프-간이주점","의릉","17~21 유동 비중",0.010325344443369078,"비율",3
"쌍문역1번(쌍리단길)","호프-간이주점","떡전교사거리","남성 유동 비중",-0.039965639870998715,"비율",1
"쌍문역1번(쌍리단길)","호프-간이주점","떡전교사거리","프랜차이즈 점포",1,"개",2
"쌍문역1번(쌍리단길)","호프-간이주점","떡전교사거리","주말 유동 비중",0.012082284073419103,"비율",3
"도봉산입구","호프-간이주점","도봉역 2번","상권 면적",-87684,"㎡",1
"도봉산입구","호프-간이주점","도봉역 2번","프랜차이즈 점포",-1,"개",2
"도봉산입구","호프-간이주점","도봉역 2번","총 유동인구",-473201,"명",3
"쌍문2동우체국","호프-간이주점","GS강동자이아파트","주말 유동 비중",0.010302583369049212,"비율",1
"쌍문2동우체국","호프-간이주점","GS강동자이아파트","유사 업종 점포 밀도",0.36997028380688224,"개/10,000㎡",2
"쌍문2동우체국","호프-간이주점","GS강동자이아파트","상권 면적",-20794,"㎡",3
"창2동주민센터","호프-간이주점","신월2동주민센터","총 유동인구",-449483,"명",1
"창2동주민센터","호프-간이주점","신월2동주민센터","상권 면적",38054,"㎡",2
"창2동주민센터","호프-간이주점","신월2동주민센터","21~24 유동 비중",-0.005061779578078296,"비율",3
"도봉구보건소","호프-간이주점","석촌역 6번","상주인구",1958,"명",1
"도봉구보건소","호프-간이주점","석촌역 6번","총 유동인구",-249709,"명",2
"도봉구보건소","호프-간이주점","석촌역 6번","주말 유동 비중",-0.004746817804160197,"비율",3
"방학1동주민센터","호프-간이주점","신내1동주민센터","06~11 유동 비중",-0.010468684584673593,"비율",1
"방학1동주민센터","호프-간이주점","신내1동주민센터","17~21 유동 비중",0.02017143461788745,"비율",2
"방학1동주민센터","호프-간이주점","신내1동주민센터","상주인구",-2153,"명",3
"신창초등학교","호프-간이주점","암사역 2번(서울강동초등학교)","상권 면적",-77921,"㎡",1
"신창초등학교","호프-간이주점","암사역 2번(서울강동초등학교)","총 유동인구",776649,"명",2
"신창초등학교","호프-간이주점","암사역 2번(서울강동초등학교)","프랜차이즈 점포",-1,"개",3
"방학역 1번","호프-간이주점","신내1동주민센터","상주인구",-3071,"명",1
"방학역 1번","호프-간이주점","신내1동주민센터","21~24 유동 비중",-0.009586753034341589,"비율",2
"방학역 1번","호프-간이주점","신내1동주민센터","주말 유동 비중",0.010886858514899289,"비율",3
"도봉산역 1번","호프-간이주점","도봉구 정병원","상권 면적",-129146,"㎡",1
"도봉산역 1번","호프-간이주점","도봉구 정병원","남성 유동 비중",-0.02184733194352767,"비율",2
"도봉산역 1번","호프-간이주점","도봉구 정병원","00~06 유동 비중",-0.033028017539011106,"비율",3
"도봉역 2번","호프-간이주점","신월3동주민센터","상권 면적",-276635,"㎡",1
"도봉역 2번","호프-간이주점","신월3동주민센터","남성 유동 비중",0.026243447072549053,"비율",2
"도봉역 2번","호프-간이주점","신월3동주민센터","프랜차이즈 점포",-1,"개",3
"창동역 2번","호프-간이주점","KB국민은행 망원동지점","21~24 유동 비중",0.011780993426035433,"비율",1
"창동역 2번","호프-간이주점","KB국민은행 망원동지점","00~06 유동 비중",0.02914846448730596,"비율",2
"창동역 2번","호프-간이주점","KB국민은행 망원동지점","06~11 유동 비중",-0.006714140788650208,"비율",3
"방학역 2번","호프-간이주점","창동역 2번","남성 유동 비중",-0.030885479199644017,"비율",1
"방학역 2번","호프-간이주점","창동역 2번","해당 업종 점포",-8,"개",2
"방학역 2번","호프-간이주점","창동역 2번","프랜차이즈 점포",-1,"개",3
"도봉역 3번","호프-간이주점","돌곶이역 5번","남성 유동 비중",-0.028632748649395356,"비율",1
"도봉역 3번","호프-간이주점","돌곶이역 5번","21~24 유동 비중",-0.005413832805347685,"비율",2
"도봉역 3번","호프-간이주점","돌곶이역 5번","직장·상주 구조",-0.4454356506025432,"비율",3
"노원초등학교","호프-간이주점","홍대땡땡거리","유사 업종 점포 밀도",1.4818011389811168,"개/10,000㎡",1
"노원초등학교","호프-간이주점","홍대땡땡거리","해당 업종 점포",12,"개",2
"노원초등학교","호프-간이주점","홍대땡땡거리","남성 유동 비중",-0.025232784961768118,"비율",3
"수락산디자인거리","호프-간이주점","방학역 2번","프랜차이즈 점포",-2,"개",1
"수락산디자인거리","호프-간이주점","방학역 2번","해당 업종 점포",-9,"개",2
"수락산디자인거리","호프-간이주점","방학역 2번","유사 업종 점포 밀도",-0.765394821454698,"개/10,000㎡",3
"광운대역 1번","호프-간이주점","가산동주민센터","주말 유동 비중",-0.02205033840598422,"비율",1
"광운대역 1번","호프-간이주점","가산동주민센터","21~24 유동 비중",-0.012216811958311383,"비율",2
"광운대역 1번","호프-간이주점","가산동주민센터","11~14 유동 비중",0.01748015246536208,"비율",3
"석계역 1번","호프-간이주점","석계역 2번","프랜차이즈 점포",-1,"개",1
"석계역 1번","호프-간이주점","석계역 2번","14~17 유동 비중",0.019016468207513848,"비율",2
"석계역 1번","호프-간이주점","석계역 2번","00~06 유동 비중",-0.03860828793793253,"비율",3
"석계역 2번","호프-간이주점","동의보감타워","21~24 유동 비중",-0.03169722614483775,"비율",1
"석계역 2번","호프-간이주점","동의보감타워","11~14 유동 비중",0.03886792672825032,"비율",2
"석계역 2번","호프-간이주점","동의보감타워","14~17 유동 비중",0.03301032726530459,"비율",3
"계상초등학교","호프-간이주점","당고개역 2번","21~24 유동 비중",0.011992944588825258,"비율",1
"계상초등학교","호프-간이주점","당고개역 2번","총 유동인구",793998,"명",2
"계상초등학교","호프-간이주점","당고개역 2번","11~14 유동 비중",-0.01524987910135002,"비율",3
"상계2동주민센터","호프-간이주점","구로4동주민센터","해당 업종 점포",-8,"개",1
"상계2동주민센터","호프-간이주점","구로4동주민센터","프랜차이즈 점포",-1,"개",2
"상계2동주민센터","호프-간이주점","구로4동주민센터","유사 업종 점포 밀도",-0.6831392748080368,"개/10,000㎡",3
"상계5동주민센터","호프-간이주점","화곡2동주민센터","총 유동인구",-1018998,"명",1
"상계5동주민센터","호프-간이주점","화곡2동주민센터","상권 면적",-39047,"㎡",2
"상계5동주민센터","호프-간이주점","화곡2동주민센터","해당 업종 점포",-3,"개",3
"공릉동 국수거리","호프-간이주점","대흥역 2번","총 유동인구",1190295,"명",1
"공릉동 국수거리","호프-간이주점","대흥역 2번","주말 유동 비중",-0.013937953609022391,"비율",2
"공릉동 국수거리","호프-간이주점","대흥역 2번","상권 면적",-48604,"㎡",3
"상계역","호프-간이주점","그라운드 고척","프랜차이즈 점포",3,"개",1
"상계역","호프-간이주점","그라운드 고척","17~21 유동 비중",-0.03147102169678956,"비율",2
"상계역","호프-간이주점","그라운드 고척","해당 업종 점포",-9,"개",3
"공릉역 2번","호프-간이주점","목동보건지소","상주인구",3797,"명",1
"공릉역 2번","호프-간이주점","목동보건지소","상권 면적",82616,"㎡",2
"공릉역 2번","호프-간이주점","목동보건지소","총 유동인구",579703,"명",3
"당고개역 2번","호프-간이주점","대림역 5번","남성 유동 비중",0.017740179196408634,"비율",1
"당고개역 2번","호프-간이주점","대림역 5번","직장·상주 구조",0.7878676575194365,"비율",2
"당고개역 2번","호프-간이주점","대림역 5번","17~21 유동 비중",-0.012331025294907316,"비율",3
"경춘선숲길 우측","호프-간이주점","화곡역 2번","남성 유동 비중",-0.02668042623813649,"비율",1
"경춘선숲길 우측","호프-간이주점","화곡역 2번","총 유동인구",-532209,"명",2
"경춘선숲길 우측","호프-간이주점","화곡역 2번","직장·상주 구조",-0.5167312054061002,"비율",3
"당고개역 5번","호프-간이주점","면동초등학교","06~11 유동 비중",-0.010328117728395259,"비율",1
"당고개역 5번","호프-간이주점","면동초등학교","상주인구",1946,"명",2
"당고개역 5번","호프-간이주점","면동초등학교","21~24 유동 비중",-0.006537820119929538,"비율",3
"영신여고","호프-간이주점","수유동우체국","21~24 유동 비중",0.016081375623863636,"비율",1
"영신여고","호프-간이주점","수유동우체국","17~21 유동 비중",0.022603874631649673,"비율",2
"영신여고","호프-간이주점","수유동우체국","06~11 유동 비중",-0.01059494723027729,"비율",3
"증산역 3번","호프-간이주점","석촌고분역 4번","상주인구",3156,"명",1
"증산역 3번","호프-간이주점","석촌고분역 4번","남성 유동 비중",0.029227193288730913,"비율",2
"증산역 3번","호프-간이주점","석촌고분역 4번","직장·상주 구조",-0.4357253506185117,"비율",3
"시립서북병원","호프-간이주점","목동보건지소","남성 유동 비중",0.02537628218836402,"비율",1
"시립서북병원","호프-간이주점","목동보건지소","17~21 유동 비중",0.009342553725001368,"비율",2
"시립서북병원","호프-간이주점","목동보건지소","06~11 유동 비중",-0.00398576768564346,"비율",3
"신사1동주민센터","호프-간이주점","시흥동 은행나무사거리","상권 면적",-32183,"㎡",1
"신사1동주민센터","호프-간이주점","시흥동 은행나무사거리","직장·상주 구조",-0.5649838073840252,"비율",2
"신사1동주민센터","호프-간이주점","시흥동 은행나무사거리","상주인구",-1049,"명",3
"역촌노인복지관","호프-간이주점","수유1동주민센터","상주인구",-2783,"명",1
"역촌노인복지관","호프-간이주점","수유1동주민센터","남성 유동 비중",0.0235338219250798,"비율",2
"역촌노인복지관","호프-간이주점","수유1동주민센터","프랜차이즈 점포",-1,"개",3
"응암3동주민센터","호프-간이주점","신길6동주민센터","직장·상주 구조",1.1725233826701462,"비율",1
"응암3동주민센터","호프-간이주점","신길6동주민센터","06~11 유동 비중",-0.006755333428050625,"비율",2
"응암3동주민센터","호프-간이주점","신길6동주민센터","11~14 유동 비중",0.008845929768568739,"비율",3
"연신내역 5번","호프-간이주점","난우초등학교","06~11 유동 비중",0.01362931669123904,"비율",1
"연신내역 5번","호프-간이주점","난우초등학교","남성 유동 비중",-0.02582399235454358,"비율",2
"연신내역 5번","호프-간이주점","난우초등학교","주말 유동 비중",-0.01374754268134587,"비율",3
"연신내역 7번","호프-간이주점","계상초등학교","주말 유동 비중",0.02329907158056982,"비율",1
"연신내역 7번","호프-간이주점","계상초등학교","06~11 유동 비중",-0.012951161046494297,"비율",2
"연신내역 7번","호프-간이주점","계상초등학교","유사 업종 점포 밀도",-0.7322543429459232,"개/10,000㎡",3
"구산역 2번","호프-간이주점","미아역 5번","직장·상주 구조",-2.0780249941658093,"비율",1
"구산역 2번","호프-간이주점","미아역 5번","총 유동인구",1200981,"명",2
"구산역 2번","호프-간이주점","미아역 5번","06~11 유동 비중",0.00726143807199775,"비율",3
"은평요양병원","호프-간이주점","강서구청옆","유사 업종 점포 밀도",0.9167082647860249,"개/10,000㎡",1
"은평요양병원","호프-간이주점","강서구청옆","06~11 유동 비중",-0.007625003886833931,"비율",2
"은평요양병원","호프-간이주점","강서구청옆","상권 면적",-36603,"㎡",3
"응암역 3번","호프-간이주점","푸른들청소년도서관","상주인구",-2463,"명",1
"응암역 3번","호프-간이주점","푸른들청소년도서관","총 유동인구",-534840,"명",2
"응암역 3번","호프-간이주점","푸른들청소년도서관","상권 면적",-39486,"㎡",3
"응암정보도서관","호프-간이주점","석촌역 3번","상주인구",3244,"명",1
"응암정보도서관","호프-간이주점","석촌역 3번","해당 업종 점포",-4,"개",2
"응암정보도서관","호프-간이주점","석촌역 3번","직장인구",706,"명",3
"응암동우체국","호프-간이주점","강북문화예술회관","총 유동인구",748947,"명",1
"응암동우체국","호프-간이주점","강북문화예술회관","프랜차이즈 점포",-1,"개",2
"응암동우체국","호프-간이주점","강북문화예술회관","21~24 유동 비중",-0.008058302419075125,"비율",3
"연신내역 4번","호프-간이주점","석촌고분역 1번","상주인구",2993,"명",1
"연신내역 4번","호프-간이주점","석촌고분역 1번","직장·상주 구조",1.1366237619658248,"비율",2
"연신내역 4번","호프-간이주점","석촌고분역 1번","상권 면적",47875,"㎡",3
"구산역 1번","호프-간이주점","굽은다리역 1번(십자성마을)","남성 유동 비중",0.02796079689953973,"비율",1
"구산역 1번","호프-간이주점","굽은다리역 1번(십자성마을)","21~24 유동 비중",0.00944586602633124,"비율",2
"구산역 1번","호프-간이주점","굽은다리역 1번(십자성마을)","상주인구",-1562,"명",3
"백련산해모로아파트","호프-간이주점","송중동주민센터","주말 유동 비중",-0.014960876479723328,"비율",1
"백련산해모로아파트","호프-간이주점","송중동주민센터","총 유동인구",552461,"명",2
"백련산해모로아파트","호프-간이주점","송중동주민센터","직장·상주 구조",-0.734640090905434,"비율",3
"은평세무서","호프-간이주점","성산중학교","남성 유동 비중",0.04154911607035555,"비율",1
"은평세무서","호프-간이주점","성산중학교","유사 업종 점포 밀도",0.507829232759683,"개/10,000㎡",2
"은평세무서","호프-간이주점","성산중학교","해당 업종 점포",5,"개",3
"연신내역 2번","호프-간이주점","천호공원(해공체육문화센터)","직장·상주 구조",-1.433598864650067,"비율",1
"연신내역 2번","호프-간이주점","천호공원(해공체육문화센터)","06~11 유동 비중",-0.004003952784127768,"비율",2
"연신내역 2번","호프-간이주점","천호공원(해공체육문화센터)","주말 유동 비중",-0.0054731587360338785,"비율",3
"불광역 7번","호프-간이주점","장안현대홈타운1차아파트","총 유동인구",-1730893,"명",1
"불광역 7번","호프-간이주점","장안현대홈타운1차아파트","남성 유동 비중",0.02567775325737448,"비율",2
"불광역 7번","호프-간이주점","장안현대홈타운1차아파트","21~24 유동 비중",-0.006182061294276869,"비율",3
"연천초등학교","호프-간이주점","신금호역 4번","프랜차이즈 점포",-2,"개",1
"연천초등학교","호프-간이주점","신금호역 4번","17~21 유동 비중",0.01360584423610861,"비율",2
"연천초등학교","호프-간이주점","신금호역 4번","21~24 유동 비중",0.006346970266078722,"비율",3
"연신내우체국","호프-간이주점","가오리역 2번","17~21 유동 비중",0.014006037574074676,"비율",1
"연신내우체국","호프-간이주점","가오리역 2번","21~24 유동 비중",-0.006281967159830648,"비율",2
"연신내우체국","호프-간이주점","가오리역 2번","주말 유동 비중",0.0085388128355251,"비율",3
"은평구청","호프-간이주점","KB국민은행 망원동지점","주말 유동 비중",0.035250738514160995,"비율",1
"은평구청","호프-간이주점","KB국민은행 망원동지점","21~24 유동 비중",-0.006985885078441223,"비율",2
"은평구청","호프-간이주점","KB국민은행 망원동지점","유사 업종 점포 밀도",0.40876809426091887,"개/10,000㎡",3
"북가좌초등학교","호프-간이주점","신길6동주민센터","21~24 유동 비중",-0.022978162380989153,"비율",1
"북가좌초등학교","호프-간이주점","신길6동주민센터","17~21 유동 비중",-0.02205989946330303,"비율",2
"북가좌초등학교","호프-간이주점","신길6동주민센터","11~14 유동 비중",0.013463650723556903,"비율",3
"북가좌2동주민센터","호프-간이주점","시흥동 은행나무사거리","06~11 유동 비중",-0.006021987047371086,"비율",1
"북가좌2동주민센터","호프-간이주점","시흥동 은행나무사거리","21~24 유동 비중",0.005097639351330729,"비율",2
"북가좌2동주민센터","호프-간이주점","시흥동 은행나무사거리","상주인구",1029,"명",3
"모래내우체국","호프-간이주점","중곡1동주민센터","주말 유동 비중",-0.01616248502696288,"비율",1
"모래내우체국","호프-간이주점","중곡1동주민센터","직장·상주 구조",-0.8648720847899654,"비율",2
"모래내우체국","호프-간이주점","중곡1동주민센터","총 유동인구",-364572,"명",3
"가좌역 3번","호프-간이주점","미아초등학교","직장·상주 구조",-1.361554144687739,"비율",1
"가좌역 3번","호프-간이주점","미아초등학교","06~11 유동 비중",-0.009768700774669375,"비율",2
"가좌역 3번","호프-간이주점","미아초등학교","남성 유동 비중",0.016032184165427787,"비율",3
"증산역 1번","호프-간이주점","국제신학대학원대학교(남서울중학교)","남성 유동 비중",0.0480690740844425,"비율",1
"증산역 1번","호프-간이주점","국제신학대학원대학교(남서울중학교)","06~11 유동 비중",0.01488858200474974,"비율",2
"증산역 1번","호프-간이주점","국제신학대학원대학교(남서울중학교)","21~24 유동 비중",-0.010672310204888819,"비율",3
"남가좌파출소","호프-간이주점","성신여대입구역 7번","남성 유동 비중",-0.03991815748983385,"비율",1
"남가좌파출소","호프-간이주점","성신여대입구역 7번","21~24 유동 비중",-0.006648600670794869,"비율",2
"남가좌파출소","호프-간이주점","성신여대입구역 7번","총 유동인구",-329356,"명",3
"명지대학교교회","호프-간이주점","남영역 1번","06~11 유동 비중",-0.012754866974695966,"비율",1
"명지대학교교회","호프-간이주점","남영역 1번","프랜차이즈 점포",-1,"개",2
"명지대학교교회","호프-간이주점","남영역 1번","17~21 유동 비중",0.01915111347858714,"비율",3
"경의중앙 신촌역","호프-간이주점","흑리단길","남성 유동 비중",0.08987025009238447,"비율",1
"경의중앙 신촌역","호프-간이주점","흑리단길","유사 업종 점포 밀도",1.7420829337621013,"개/10,000㎡",2
"경의중앙 신촌역","호프-간이주점","흑리단길","프랜차이즈 점포",1,"개",3
"서울여자간호대학교","호프-간이주점","돌곶이역 5번","21~24 유동 비중",-0.008680128833445294,"비율",1
"서울여자간호대학교","호프-간이주점","돌곶이역 5번","남성 유동 비중",0.016771777632511864,"비율",2
"서울여자간호대학교","호프-간이주점","돌곶이역 5번","11~14 유동 비중",0.007347255155479113,"비율",3
"홍제3동주민센터","호프-간이주점","건대입구역 6번","총 유동인구",1512583,"명",1
"홍제3동주민센터","호프-간이주점","건대입구역 6번","상권 면적",66248,"㎡",2
"홍제3동주민센터","호프-간이주점","건대입구역 6번","유사 업종 점포 밀도",-0.6308396112063132,"개/10,000㎡",3
"아현역 2번","호프-간이주점","안암역 2번","주말 유동 비중",-0.023156053043637992,"비율",1
"아현역 2번","호프-간이주점","안암역 2번","11~14 유동 비중",0.021397452738291578,"비율",2
"아현역 2번","호프-간이주점","안암역 2번","유사 업종 점포 밀도",-0.7207957767349268,"개/10,000㎡",3
"미근동","호프-간이주점","동대문역사문화공원역 5번","주말 유동 비중",0.07988562251954934,"비율",1
"미근동","호프-간이주점","동대문역사문화공원역 5번","21~24 유동 비중",0.03693986484792805,"비율",2
"미근동","호프-간이주점","동대문역사문화공원역 5번","06~11 유동 비중",-0.028862171948983523,"비율",3
"동교초등학교","호프-간이주점","구산역 4번","06~11 유동 비중",0.008368441774179614,"비율",1
"동교초등학교","호프-간이주점","구산역 4번","상권 면적",48075,"㎡",2
"동교초등학교","호프-간이주점","구산역 4번","주말 유동 비중",-0.010253356010693382,"비율",3
"마포구청역 7번","호프-간이주점","구산역 4번","17~21 유동 비중",0.013998820261435785,"비율",1
"마포구청역 7번","호프-간이주점","구산역 4번","직장·상주 구조",-0.6701105730942327,"비율",2
"마포구청역 7번","호프-간이주점","구산역 4번","06~11 유동 비중",-0.005084251811093815,"비율",3
"망리단길","호프-간이주점","응암역 3번","해당 업종 점포",-28,"개",1
"망리단길","호프-간이주점","응암역 3번","총 유동인구",-2481345,"명",2
"망리단길","호프-간이주점","응암역 3번","프랜차이즈 점포",2,"개",3
"KB국민은행 망원동지점","호프-간이주점","강북구청","남성 유동 비중",0.028921166742170712,"비율",1
"KB국민은행 망원동지점","호프-간이주점","강북구청","유사 업종 점포 밀도",0.6758458397959639,"개/10,000㎡",2
"KB국민은행 망원동지점","호프-간이주점","강북구청","총 유동인구",487425,"명",3
"마포구청역 4번","호프-간이주점","한성대입구역 5번","직장인구",3127,"명",1
"마포구청역 4번","호프-간이주점","한성대입구역 5번","직장·상주 구조",1.4916269072104917,"비율",2
"마포구청역 4번","호프-간이주점","한성대입구역 5번","21~24 유동 비중",-0.008284983035471455,"비율",3
"합정역 8번","호프-간이주점","먹골역 5번","해당 업종 점포",-14,"개",1
"합정역 8번","호프-간이주점","먹골역 5번","남성 유동 비중",0.027112182903416826,"비율",2
"합정역 8번","호프-간이주점","먹골역 5번","상권 면적",-74727,"㎡",3
"가좌역 2번","호프-간이주점","신금호역 4번","직장·상주 구조",-1.5240657877620682,"비율",1
"가좌역 2번","호프-간이주점","신금호역 4번","남성 유동 비중",0.011352145328924368,"비율",2
"가좌역 2번","호프-간이주점","신금호역 4번","상권 면적",-17127,"㎡",3
"망원역 1번","호프-간이주점","등촌3동주민센터","직장인구",3393,"명",1
"망원역 1번","호프-간이주점","등촌3동주민센터","주말 유동 비중",0.03231947537345725,"비율",2
"망원역 1번","호프-간이주점","등촌3동주민센터","직장·상주 구조",2.067386152048728,"비율",3
"경성고등학교","호프-간이주점","경동고등학교","상권 면적",-154269,"㎡",1
"경성고등학교","호프-간이주점","경동고등학교","상주인구",-2084,"명",2
"경성고등학교","호프-간이주점","경동고등학교","06~11 유동 비중",-0.006832156257579353,"비율",3
"상수역 4번","호프-간이주점","메가박스 상봉","해당 업종 점포",12,"개",1
"상수역 4번","호프-간이주점","메가박스 상봉","남성 유동 비중",0.01959440538436452,"비율",2
"상수역 4번","호프-간이주점","메가박스 상봉","상주인구",1932,"명",3
"연트럴파크(연남동주민센터)","호프-간이주점","KB국민은행 망원동지점","프랜차이즈 점포",1,"개",1
"연트럴파크(연남동주민센터)","호프-간이주점","KB국민은행 망원동지점","남성 유동 비중",0.016238424174156496,"비율",2
"연트럴파크(연남동주민센터)","호프-간이주점","KB국민은행 망원동지점","직장·상주 구조",0.774678181090958,"비율",3
"경의선책거리","호프-간이주점","홍대입구역 3번","유사 업종 점포 밀도",2.0508974231069903,"개/10,000㎡",1
"경의선책거리","호프-간이주점","홍대입구역 3번","06~11 유동 비중",-0.025618741692301855,"비율",2
"경의선책거리","호프-간이주점","홍대입구역 3번","17~21 유동 비중",0.038745107112827276,"비율",3
"홍대땡땡거리","호프-간이주점","수락산디자인거리","프랜차이즈 점포",2,"개",1
"홍대땡땡거리","호프-간이주점","수락산디자인거리","남성 유동 비중",0.0259952656591087,"비율",2
"홍대땡땡거리","호프-간이주점","수락산디자인거리","해당 업종 점포",7,"개",3
"서강대역 1번","호프-간이주점","용두동신동아아파트","총 유동인구",-1679351,"명",1
"서강대역 1번","호프-간이주점","용두동신동아아파트","06~11 유동 비중",0.01187525771044634,"비율",2
"서강대역 1번","호프-간이주점","용두동신동아아파트","상주인구",1601,"명",3
"대흥역 3번","호프-간이주점","성수동카페거리","21~24 유동 비중",-0.0452569359935059,"비율",1
"대흥역 3번","호프-간이주점","성수동카페거리","14~17 유동 비중",0.05978864664969247,"비율",2
"대흥역 3번","호프-간이주점","성수동카페거리","11~14 유동 비중",0.04652938862158332,"비율",3
"대흥역 2번","호프-간이주점","서강대역 1번","남성 유동 비중",0.02917814624652454,"비율",1
"대흥역 2번","호프-간이주점","서강대역 1번","21~24 유동 비중",-0.010491850657163015,"비율",2
"대흥역 2번","호프-간이주점","서강대역 1번","총 유동인구",-698795,"명",3
"이대역 5번","호프-간이주점","한겨레신문사","남성 유동 비중",0.042548988855550585,"비율",1
"이대역 5번","호프-간이주점","한겨레신문사","14~17 유동 비중",-0.01065569108590117,"비율",2
"이대역 5번","호프-간이주점","한겨레신문사","총 유동인구",398625,"명",3
"아현역 4번","호프-간이주점","광나루역 1번","유사 업종 점포 밀도",-2.806520984559434,"개/10,000㎡",1
"아현역 4번","호프-간이주점","광나루역 1번","11~14 유동 비중",0.01635317234646025,"비율",2
"아현역 4번","호프-간이주점","광나루역 1번","남성 유동 비중",0.02216919090995012,"비율",3
"한겨레신문사","호프-간이주점","녹번동근린공원","직장인구",1385,"명",1
"한겨레신문사","호프-간이주점","녹번동근린공원","상권 면적",56052,"㎡",2
"한겨레신문사","호프-간이주점","녹번동근린공원","상주인구",2030,"명",3
"만리재","호프-간이주점","구로119안전센터","프랜차이즈 점포",-1,"개",1
"만리재","호프-간이주점","구로119안전센터","주말 유동 비중",-0.010084531496008464,"비율",2
"만리재","호프-간이주점","구로119안전센터","남성 유동 비중",0.014017357244094364,"비율",3
"신월3동주민센터","호프-간이주점","구의1동주민센터","남성 유동 비중",-0.048810576880790546,"비율",1
"신월3동주민센터","호프-간이주점","구의1동주민센터","총 유동인구",705582,"명",2
"신월3동주민센터","호프-간이주점","구의1동주민센터","상권 면적",-46085,"㎡",3
"메디힐병원","호프-간이주점","구로초등학교","상주인구",-1707,"명",1
"메디힐병원","호프-간이주점","구로초등학교","총 유동인구",516963,"명",2
"메디힐병원","호프-간이주점","구로초등학교","17~21 유동 비중",-0.011360713709351433,"비율",3
"신월1동주민센터","호프-간이주점","신월3동주민센터","남성 유동 비중",0.03112556845157377,"비율",1
"신월1동주민센터","호프-간이주점","신월3동주민센터","프랜차이즈 점포",-1,"개",2
"신월1동주민센터","호프-간이주점","신월3동주민센터","해당 업종 점포",-6,"개",3
"신월문화체육센터","호프-간이주점","대림1동주민센터","21~24 유동 비중",-0.012007222297285763,"비율",1
"신월문화체육센터","호프-간이주점","대림1동주민센터","유사 업종 점포 밀도",-0.5179200415413956,"개/10,000㎡",2
"신월문화체육센터","호프-간이주점","대림1동주민센터","06~11 유동 비중",0.007169147071491688,"비율",3
"신월1파출소","호프-간이주점","국제신학대학원대학교(남서울중학교)","21~24 유동 비중",0.007391155553100381,"비율",1
"신월1파출소","호프-간이주점","국제신학대학원대학교(남서울중학교)","남성 유동 비중",0.012845138609259732,"비율",2
"신월1파출소","호프-간이주점","국제신학대학원대학교(남서울중학교)","06~11 유동 비중",0.004414576367326284,"비율",3
"신월1동우편취급국","호프-간이주점","오류2동버들시장","남성 유동 비중",-0.027178369009521697,"비율",1
"신월1동우편취급국","호프-간이주점","오류2동버들시장","상권 면적",-56562,"㎡",2
"신월1동우편취급국","호프-간이주점","오류2동버들시장","상주인구",-1772,"명",3
"신월4동주민센터","호프-간이주점","굽은다리역 1번(십자성마을)","총 유동인구",824799,"명",1
"신월4동주민센터","호프-간이주점","굽은다리역 1번(십자성마을)","21~24 유동 비중",0.005779224099771579,"비율",2
"신월4동주민센터","호프-간이주점","굽은다리역 1번(십자성마을)","00~06 유동 비중",-0.01799726554844311,"비율",3
"신월2동주민센터","호프-간이주점","역촌역 3번","남성 유동 비중",-0.02155760584049632,"비율",1
"신월2동주민센터","호프-간이주점","역촌역 3번","직장·상주 구조",-0.5134878713957987,"비율",2
"신월2동주민센터","호프-간이주점","역촌역 3번","상주인구",-859,"명",3
"신정역 5번","호프-간이주점","신월2동주민센터","총 유동인구",-1086893,"명",1
"신정역 5번","호프-간이주점","신월2동주민센터","상권 면적",31426,"㎡",2
"신정역 5번","호프-간이주점","신월2동주민센터","상주인구",1116,"명",3
"목동로데오거리","호프-간이주점","대림1동주민센터","06~11 유동 비중",0.007904903185126017,"비율",1
"목동로데오거리","호프-간이주점","대림1동주민센터","주말 유동 비중",0.01207653880010523,"비율",2
"목동로데오거리","호프-간이주점","대림1동주민센터","상권 면적",37974,"㎡",3
"신서초등학교","호프-간이주점","영등포구청역 2번","주말 유동 비중",-0.03114047086495403,"비율",1
"신서초등학교","호프-간이주점","영등포구청역 2번","21~24 유동 비중",-0.01732105539592549,"비율",2
"신서초등학교","호프-간이주점","영등포구청역 2번","06~11 유동 비중",0.014336188679492518,"비율",3
"강서고등학교","호프-간이주점","삼육보건대학교","남성 유동 비중",0.024438080802935302,"비율",1
"강서고등학교","호프-간이주점","삼육보건대학교","상권 면적",56181,"㎡",2
"강서고등학교","호프-간이주점","삼육보건대학교","상주인구",1585,"명",3
"목동보건지소","호프-간이주점","세곡초등학교","상주인구",-1417,"명",1
"목동보건지소","호프-간이주점","세곡초등학교","11~14 유동 비중",0.008171981579612839,"비율",2
"목동보건지소","호프-간이주점","세곡초등학교","00~06 유동 비중",-0.018499693770783254,"비율",3
"신정롯데캐슬아파트","호프-간이주점","종암동주민센터","남성 유동 비중",0.014471552826258005,"비율",1
"신정롯데캐슬아파트","호프-간이주점","종암동주민센터","직장인구",-753,"명",2
"신정롯데캐슬아파트","호프-간이주점","종암동주민센터","21~24 유동 비중",0.00475692386852869,"비율",3
"개화산역 1번","호프-간이주점","하나은행 망우동지점","00~06 유동 비중",0.06087320743934099,"비율",1
"개화산역 1번","호프-간이주점","하나은행 망우동지점","17~21 유동 비중",-0.028286897675620898,"비율",2
"개화산역 1번","호프-간이주점","하나은행 망우동지점","유사 업종 점포 밀도",-0.9373751294160271,"개/10,000㎡",3
"송정역 3번","호프-간이주점","관악구신사동주민센터","남성 유동 비중",-0.01847019990567894,"비율",1
"송정역 3번","호프-간이주점","관악구신사동주민센터","상권 면적",-38138,"㎡",2
"송정역 3번","호프-간이주점","관악구신사동주민센터","상주인구",-819,"명",3
"공항시장역 3번","호프-간이주점","도신초등학교","06~11 유동 비중",-0.019339633100408232,"비율",1
"공항시장역 3번","호프-간이주점","도신초등학교","21~24 유동 비중",0.01040262368917455,"비율",2
"공항시장역 3번","호프-간이주점","도신초등학교","17~21 유동 비중",0.0191341932605609,"비율",3
"신방화역 2번","호프-간이주점","장안근린공원","17~21 유동 비중",0.013223896781537875,"비율",1
"신방화역 2번","호프-간이주점","장안근린공원","총 유동인구",-464088,"명",2
"신방화역 2번","호프-간이주점","장안근린공원","직장인구",-801,"명",3
"신방화역 8번","호프-간이주점","석수역 1번 출입구","프랜차이즈 점포",-1,"개",1
"신방화역 8번","호프-간이주점","석수역 1번 출입구","직장·상주 구조",1.0212641543617398,"비율",2
"신방화역 8번","호프-간이주점","석수역 1번 출입구","남성 유동 비중",0.011674447839872149,"비율",3
"푸른들청소년도서관","호프-간이주점","삼전역 1번","프랜차이즈 점포",-1,"개",1
"푸른들청소년도서관","호프-간이주점","삼전역 1번","상권 면적",42014,"㎡",2
"푸른들청소년도서관","호프-간이주점","삼전역 1번","직장인구",757,"명",3
"화곡역 5번","호프-간이주점","장안1동주민센터","상권 면적",75609,"㎡",1
"화곡역 5번","호프-간이주점","장안1동주민센터","총 유동인구",744963,"명",2
"화곡역 5번","호프-간이주점","장안1동주민센터","프랜차이즈 점포",1,"개",3
"우장산역 1번","호프-간이주점","한겨레신문사","17~21 유동 비중",-0.01610565125609134,"비율",1
"우장산역 1번","호프-간이주점","한겨레신문사","06~11 유동 비중",0.007628796223033946,"비율",2
"우장산역 1번","호프-간이주점","한겨레신문사","14~17 유동 비중",-0.014719712207791086,"비율",3
"화원중학교","호프-간이주점","도봉구 정병원","상주인구",-2928,"명",1
"화원중학교","호프-간이주점","도봉구 정병원","00~06 유동 비중",-0.03212019094682905,"비율",2
"화원중학교","호프-간이주점","도봉구 정병원","21~24 유동 비중",-0.0075114192134111,"비율",3
"까치산역 4번","호프-간이주점","관악구 중앙길","프랜차이즈 점포",2,"개",1
"까치산역 4번","호프-간이주점","관악구 중앙길","총 유동인구",1352955,"명",2
"까치산역 4번","호프-간이주점","관악구 중앙길","21~24 유동 비중",-0.006198911128643625,"비율",3
"까치산역 3번","호프-간이주점","관악구 중앙길","해당 업종 점포",-24,"개",1
"까치산역 3번","호프-간이주점","관악구 중앙길","유사 업종 점포 밀도",-1.4873434521655655,"개/10,000㎡",2
"까치산역 3번","호프-간이주점","관악구 중앙길","총 유동인구",-1264352,"명",3
"양천향교역 5번","호프-간이주점","역삼역 8번","남성 유동 비중",0.046266221969410104,"비율",1
"양천향교역 5번","호프-간이주점","역삼역 8번","직장인구",-2863,"명",2
"양천향교역 5번","호프-간이주점","역삼역 8번","주말 유동 비중",-0.02897669964311614,"비율",3
"화곡역 4번","호프-간이주점","삼전역 3번","상주인구",-10184,"명",1
"화곡역 4번","호프-간이주점","삼전역 3번","총 유동인구",-2867210,"명",2
"화곡역 4번","호프-간이주점","삼전역 3번","상권 면적",-179099,"㎡",3
"등촌3동주민센터","호프-간이주점","개봉역","직장인구",-2741,"명",1
"등촌3동주민센터","호프-간이주점","개봉역","주말 유동 비중",0.018851233892568597,"비율",2
"등촌3동주민센터","호프-간이주점","개봉역","17~21 유동 비중",0.0215995765915645,"비율",3
"까치산역 1번","호프-간이주점","신대방삼거리역 1번","상주인구",-2913,"명",1
"까치산역 1번","호프-간이주점","신대방삼거리역 1번","프랜차이즈 점포",-1,"개",2
"까치산역 1번","호프-간이주점","신대방삼거리역 1번","상권 면적",-47697,"㎡",3
"우장산롯데캐슬아파트앞","호프-간이주점","덕의초등학교","21~24 유동 비중",0.007584082893787064,"비율",1
"우장산롯데캐슬아파트앞","호프-간이주점","덕의초등학교","06~11 유동 비중",-0.005923754539022691,"비율",2
"우장산롯데캐슬아파트앞","호프-간이주점","덕의초등학교","유사 업종 점포 밀도",-0.3151223394919379,"개/10,000㎡",3
"가양역 10번","호프-간이주점","강동성심병원","17~21 유동 비중",-0.035467681239850946,"비율",1
"가양역 10번","호프-간이주점","강동성심병원","00~06 유동 비중",0.05321844582377683,"비율",2
"가양역 10번","호프-간이주점","강동성심병원","14~17 유동 비중",-0.02153045940033385,"비율",3
"화곡2동주민센터","호프-간이주점","상봉역 4번","상주인구",-2682,"명",1
"화곡2동주민센터","호프-간이주점","상봉역 4번","직장·상주 구조",0.49928659413572163,"비율",2
"화곡2동주민센터","호프-간이주점","상봉역 4번","06~11 유동 비중",0.004343028697302909,"비율",3
"등촌1동주민센터","호프-간이주점","염곡동 구룡사(포이동성당)","남성 유동 비중",0.04661090023124492,"비율",1
"등촌1동주민센터","호프-간이주점","염곡동 구룡사(포이동성당)","주말 유동 비중",-0.023358138875831103,"비율",2
"등촌1동주민센터","호프-간이주점","염곡동 구룡사(포이동성당)","직장인구",-1335,"명",3
"뜸부기어린이공원","호프-간이주점","묘곡초등학교(고덕아이파크아파트)","남성 유동 비중",0.030197757743774645,"비율",1
"뜸부기어린이공원","호프-간이주점","묘곡초등학교(고덕아이파크아파트)","06~11 유동 비중",0.009477513397292997,"비율",2
"뜸부기어린이공원","호프-간이주점","묘곡초등학교(고덕아이파크아파트)","21~24 유동 비중",-0.006809494761647633,"비율",3
"화곡4동주민센터","호프-간이주점","신정역 5번","11~14 유동 비중",-0.012768897810413862,"비율",1
"화곡4동주민센터","호프-간이주점","신정역 5번","총 유동인구",473446,"명",2
"화곡4동주민센터","호프-간이주점","신정역 5번","주말 유동 비중",0.008001995768853354,"비율",3
"온수역 1번","호프-간이주점","영등포시장역 1번","11~14 유동 비중",0.05644084718220557,"비율",1
"온수역 1번","호프-간이주점","영등포시장역 1번","14~17 유동 비중",0.054783532333805784,"비율",2
"온수역 1번","호프-간이주점","영등포시장역 1번","주말 유동 비중",-0.044976049543710234,"비율",3
"수궁동주민센터","호프-간이주점","말미고개","남성 유동 비중",0.035262035929459645,"비율",1
"수궁동주민센터","호프-간이주점","말미고개","17~21 유동 비중",-0.022724024045602337,"비율",2
"수궁동주민센터","호프-간이주점","말미고개","00~06 유동 비중",0.03183960075620662,"비율",3
"오류2동버들시장","호프-간이주점","신자초등학교","상권 면적",-56711,"㎡",1
"오류2동버들시장","호프-간이주점","신자초등학교","해당 업종 점포",-6,"개",2
"오류2동버들시장","호프-간이주점","신자초등학교","총 유동인구",-296558,"명",3
"개봉중학교","호프-간이주점","벌말어린이공원","00~06 유동 비중",0.0430009771339831,"비율",1
"개봉중학교","호프-간이주점","벌말어린이공원","11~14 유동 비중",-0.015956469177865376,"비율",2
"개봉중학교","호프-간이주점","벌말어린이공원","17~21 유동 비중",-0.013027250990700373,"비율",3
"세곡초등학교","호프-간이주점","푸른들청소년도서관","프랜차이즈 점포",1,"개",1
"세곡초등학교","호프-간이주점","푸른들청소년도서관","남성 유동 비중",-0.018251736889573267,"비율",2
"세곡초등학교","호프-간이주점","푸른들청소년도서관","상주인구",1915,"명",3
"개봉1동주민센터","호프-간이주점","오류2동버들시장","해당 업종 점포",-10,"개",1
"개봉1동주민센터","호프-간이주점","오류2동버들시장","프랜차이즈 점포",1,"개",2
"개봉1동주민센터","호프-간이주점","오류2동버들시장","유사 업종 점포 밀도",-0.4325140748833608,"개/10,000㎡",3
"개웅초등학교(개웅중학교)","호프-간이주점","수유1동주민센터","총 유동인구",925752,"명",1
"개웅초등학교(개웅중학교)","호프-간이주점","수유1동주민센터","상주인구",-1817,"명",2
"개웅초등학교(개웅중학교)","호프-간이주점","수유1동주민센터","17~21 유동 비중",0.00784408692760083,"비율",3
"덕의초등학교","호프-간이주점","신길6동주민센터","주말 유동 비중",-0.01851266766762144,"비율",1
"덕의초등학교","호프-간이주점","신길6동주민센터","21~24 유동 비중",0.006148842279239397,"비율",2
"덕의초등학교","호프-간이주점","신길6동주민센터","06~11 유동 비중",-0.0037550795747120225,"비율",3
"개봉초등학교","호프-간이주점","종암동주민센터","06~11 유동 비중",0.02013487340644468,"비율",1
"개봉초등학교","호프-간이주점","종암동주민센터","21~24 유동 비중",-0.015052304965529145,"비율",2
"개봉초등학교","호프-간이주점","종암동주민센터","직장인구",1879,"명",3
"개봉역","호프-간이주점","망우역 1번","직장인구",-1573,"명",1
"개봉역","호프-간이주점","망우역 1번","14~17 유동 비중",0.01650594295609209,"비율",2
"개봉역","호프-간이주점","망우역 1번","21~24 유동 비중",-0.0077660196923989705,"비율",3
"그라운드 고척","호프-간이주점","용산구청","프랜차이즈 점포",-5,"개",1
"그라운드 고척","호프-간이주점","용산구청","유사 업종 점포 밀도",-2.8955910636356617,"개/10,000㎡",2
"그라운드 고척","호프-간이주점","용산구청","직장인구",5760,"명",3
"구로창업지원센터","호프-간이주점","경수초등학교","주말 유동 비중",-0.03351446473391689,"비율",1
"구로창업지원센터","호프-간이주점","경수초등학교","21~24 유동 비중",-0.019240130613521325,"비율",2
"구로창업지원센터","호프-간이주점","경수초등학교","직장인구",2409,"명",3
"화원어린이공원","호프-간이주점","명일역 1번","남성 유동 비중",-0.025063743551245465,"비율",1
"화원어린이공원","호프-간이주점","명일역 1번","프랜차이즈 점포",1,"개",2
"화원어린이공원","호프-간이주점","명일역 1번","06~11 유동 비중",-0.006678874957252251,"비율",3
"구로119안전센터","호프-간이주점","삼양입구사거리","남성 유동 비중",-0.01790047828214747,"비율",1
"구로119안전센터","호프-간이주점","삼양입구사거리","직장·상주 구조",-0.8613836385067204,"비율",2
"구로119안전센터","호프-간이주점","삼양입구사거리","21~24 유동 비중",-0.006235106932632933,"비율",3
"구로초등학교","호프-간이주점","남영역 1번","프랜차이즈 점포",1,"개",1
"구로초등학교","호프-간이주점","남영역 1번","남성 유동 비중",-0.017547513904959233,"비율",2
"구로초등학교","호프-간이주점","남영역 1번","총 유동인구",493190,"명",3
"구로보건소","호프-간이주점","대청초등학교","프랜차이즈 점포",6,"개",1
"구로보건소","호프-간이주점","대청초등학교","총 유동인구",-572043,"명",2
"구로보건소","호프-간이주점","대청초등학교","주말 유동 비중",-0.011050550775185297,"비율",3
"구로4동주민센터","호프-간이주점","당고개역 2번","상권 면적",-56630,"㎡",1
"구로4동주민센터","호프-간이주점","당고개역 2번","17~21 유동 비중",0.01716545996444782,"비율",2
"구로4동주민센터","호프-간이주점","당고개역 2번","00~06 유동 비중",-0.032259787671609,"비율",3
"구로나눔길","호프-간이주점","대동초등학교","06~11 유동 비중",-0.012333735681860303,"비율",1
"구로나눔길","호프-간이주점","대동초등학교","남성 유동 비중",0.0251094834647404,"비율",2
"구로나눔길","호프-간이주점","대동초등학교","직장·상주 구조",0.8532769514432621,"비율",3
"남구로역 2번","호프-간이주점","남구로역 3번","해당 업종 점포",30,"개",1
"남구로역 2번","호프-간이주점","남구로역 3번","총 유동인구",-1350557,"명",2
"남구로역 2번","호프-간이주점","남구로역 3번","유사 업종 점포 밀도",1.2452210656141558,"개/10,000㎡",3
"한국SGI본부","호프-간이주점","방학역 2번","프랜차이즈 점포",-4,"개",1
"한국SGI본부","호프-간이주점","방학역 2번","유사 업종 점포 밀도",-0.9886647206183936,"개/10,000㎡",2
"한국SGI본부","호프-간이주점","방학역 2번","해당 업종 점포",-9,"개",3
"대림역 2번","호프-간이주점","신원동주민센터","해당 업종 점포",-8,"개",1
"대림역 2번","호프-간이주점","신원동주민센터","상권 면적",-61349,"㎡",2
"대림역 2번","호프-간이주점","신원동주민센터","직장·상주 구조",-0.7493093166034308,"비율",3
"가리봉파출소","호프-간이주점","쌍문역1번(쌍리단길)","남성 유동 비중",-0.08898353430117872,"비율",1
"가리봉파출소","호프-간이주점","쌍문역1번(쌍리단길)","주말 유동 비중",0.024532285912355012,"비율",2
"가리봉파출소","호프-간이주점","쌍문역1번(쌍리단길)","17~21 유동 비중",0.017820622823856963,"비율",3
"가산디지털단지역 1번 출입구","호프-간이주점","영등포시장역 1번","남성 유동 비중",-0.09243086994288485,"비율",1
"가산디지털단지역 1번 출입구","호프-간이주점","영등포시장역 1번","11~14 유동 비중",0.037163723980465246,"비율",2
"가산디지털단지역 1번 출입구","호프-간이주점","영등포시장역 1번","14~17 유동 비중",0.03992376931947306,"비율",3
"가산동주민센터","호프-간이주점","가산디지털단지역 1번 출입구","06~11 유동 비중",0.019101622457005335,"비율",1
"가산동주민센터","호프-간이주점","가산디지털단지역 1번 출입구","주말 유동 비중",-0.019596633129012803,"비율",2
"가산동주민센터","호프-간이주점","가산디지털단지역 1번 출입구","남성 유동 비중",0.02526661544750719,"비율",3
"가산동우체국","호프-간이주점","화곡초등학교","남성 유동 비중",-0.07494114327589946,"비율",1
"가산동우체국","호프-간이주점","화곡초등학교","06~11 유동 비중",-0.005620596645461218,"비율",2
"가산동우체국","호프-간이주점","화곡초등학교","주말 유동 비중",0.008755986302152907,"비율",3
"금천구청역 1번 출입구","호프-간이주점","양천향교역 5번","06~11 유동 비중",0.01774962339065922,"비율",1
"금천구청역 1번 출입구","호프-간이주점","양천향교역 5번","직장인구",2497,"명",2
"금천구청역 1번 출입구","호프-간이주점","양천향교역 5번","17~21 유동 비중",-0.02555457775541506,"비율",3
"말미고개","호프-간이주점","신월2동주민센터","상주인구",3752,"명",1
"말미고개","호프-간이주점","신월2동주민센터","남성 유동 비중",-0.020278600793832036,"비율",2
"말미고개","호프-간이주점","신월2동주민센터","06~11 유동 비중",0.006009974685691061,"비율",3
"독산119안전센터","호프-간이주점","한울중학교","해당 업종 점포",-9,"개",1
"독산119안전센터","호프-간이주점","한울중학교","유사 업종 점포 밀도",-0.8686365820763824,"개/10,000㎡",2
"독산119안전센터","호프-간이주점","한울중학교","상주인구",1396,"명",3
"문성초등학교","호프-간이주점","대림1동주민센터","해당 업종 점포",-16,"개",1
"문성초등학교","호프-간이주점","대림1동주민센터","유사 업종 점포 밀도",-1.4083026813565356,"개/10,000㎡",2
"문성초등학교","호프-간이주점","대림1동주민센터","남성 유동 비중",-0.013495058227957546,"비율",3
"독산2동주민센터","호프-간이주점","수유1동주민센터","총 유동인구",1162897,"명",1
"독산2동주민센터","호프-간이주점","수유1동주민센터","남성 유동 비중",-0.029420309363873076,"비율",2
"독산2동주민센터","호프-간이주점","수유1동주민센터","상권 면적",37701,"㎡",3
"KT금천빌딩(금천구시설관리공단)","호프-간이주점","영등포시장역 1번","주말 유동 비중",-0.04732547704428616,"비율",1
"KT금천빌딩(금천구시설관리공단)","호프-간이주점","영등포시장역 1번","11~14 유동 비중",0.02812368360557599,"비율",2
"KT금천빌딩(금천구시설관리공단)","호프-간이주점","영등포시장역 1번","14~17 유동 비중",0.027020742398569192,"비율",3
"시흥초등학교(시흥1동우체국)","호프-간이주점","독산119안전센터","프랜차이즈 점포",-1,"개",1
"시흥초등학교(시흥1동우체국)","호프-간이주점","독산119안전센터","주말 유동 비중",0.005550564261576019,"비율",2
"시흥초등학교(시흥1동우체국)","호프-간이주점","독산119안전센터","남성 유동 비중",0.006478928898404845,"비율",3
"독산동성당","호프-간이주점","신월1동우편취급국","직장·상주 구조",0.9865782471600957,"비율",1
"독산동성당","호프-간이주점","신월1동우편취급국","상주인구",-1414,"명",2
"독산동성당","호프-간이주점","신월1동우편취급국","총 유동인구",-405214,"명",3
"시흥4동주민센터(서울신흥초등학교)","호프-간이주점","중곡초등학교","06~11 유동 비중",-0.009500614235220278,"비율",1
"시흥4동주민센터(서울신흥초등학교)","호프-간이주점","중곡초등학교","17~21 유동 비중",0.012597800607625137,"비율",2
"시흥4동주민센터(서울신흥초등학교)","호프-간이주점","중곡초등학교","상주인구",-1223,"명",3
"한울중학교","호프-간이주점","화곡2동주민센터","총 유동인구",1320170,"명",1
"한울중학교","호프-간이주점","화곡2동주민센터","남성 유동 비중",-0.029596268155053007,"비율",2
"한울중학교","호프-간이주점","화곡2동주민센터","상주인구",2516,"명",3
"시흥동 은행나무사거리","호프-간이주점","수유1동주민센터","상주인구",-2258,"명",1
"시흥동 은행나무사거리","호프-간이주점","수유1동주민센터","총 유동인구",588968,"명",2
"시흥동 은행나무사거리","호프-간이주점","수유1동주민센터","상권 면적",-43174,"㎡",3
"삼성산자연공원(서울금천초등학교)","호프-간이주점","수유1동주민센터","남성 유동 비중",-0.01723196475179445,"비율",1
"삼성산자연공원(서울금천초등학교)","호프-간이주점","수유1동주민센터","주말 유동 비중",0.01018791756794396,"비율",2
"삼성산자연공원(서울금천초등학교)","호프-간이주점","수유1동주민센터","총 유동인구",430207,"명",3
"동일여자고등학교","호프-간이주점","신서초등학교","11~14 유동 비중",0.01699659410997531,"비율",1
"동일여자고등학교","호프-간이주점","신서초등학교","00~06 유동 비중",-0.027846692179691712,"비율",2
"동일여자고등학교","호프-간이주점","신서초등학교","유사 업종 점포 밀도",0.4499281259098563,"개/10,000㎡",3
"양평역 2번","호프-간이주점","방화역 1번","주말 유동 비중",0.024698888447805045,"비율",1
"양평역 2번","호프-간이주점","방화역 1번","남성 유동 비중",-0.03270503853749407,"비율",2
"양평역 2번","호프-간이주점","방화역 1번","유사 업종 점포 밀도",-0.49076484709985846,"개/10,000㎡",3
"문래예술촌(문래창작촌)","호프-간이주점","성수동카페거리","직장인구",-19392,"명",1
"문래예술촌(문래창작촌)","호프-간이주점","성수동카페거리","해당 업종 점포",-44,"개",2
"문래예술촌(문래창작촌)","호프-간이주점","성수동카페거리","21~24 유동 비중",-0.03961038487253056,"비율",3
"선유도역 6번","호프-간이주점","양천향교역 5번","주말 유동 비중",0.05310809092205515,"비율",1
"선유도역 6번","호프-간이주점","양천향교역 5번","직장인구",-2392,"명",2
"선유도역 6번","호프-간이주점","양천향교역 5번","06~11 유동 비중",-0.012104155841340059,"비율",3
"선유도역 1번","호프-간이주점","장평중학교","직장인구",-3257,"명",1
"선유도역 1번","호프-간이주점","장평중학교","상권 면적",-137046,"㎡",2
"선유도역 1번","호프-간이주점","장평중학교","상주인구",-4081,"명",3
"대림역 5번","호프-간이주점","성산중학교","해당 업종 점포",8,"개",1
"대림역 5번","호프-간이주점","성산중학교","유사 업종 점포 밀도",0.7322776995248768,"개/10,000㎡",2
"대림역 5번","호프-간이주점","성산중학교","21~24 유동 비중",-0.01002792234550376,"비율",3
"대림차이나타운(대림역 12번)","호프-간이주점","독산동정훈단지","유사 업종 점포 밀도",-1.2027950089780917,"개/10,000㎡",1
"대림차이나타운(대림역 12번)","호프-간이주점","독산동정훈단지","직장·상주 구조",-1.2351714283318387,"비율",2
"대림차이나타운(대림역 12번)","호프-간이주점","독산동정훈단지","상주인구",2072,"명",3
"영등포구청역 6번","호프-간이주점","성산중학교","해당 업종 점포",7,"개",1
"영등포구청역 6번","호프-간이주점","성산중학교","상권 면적",53508,"㎡",2
"영등포구청역 6번","호프-간이주점","성산중학교","유사 업종 점포 밀도",-0.54022904219942,"개/10,000㎡",3
"대림역 11번","호프-간이주점","덕의초등학교","06~11 유동 비중",0.014293301481753506,"비율",1
"대림역 11번","호프-간이주점","덕의초등학교","남성 유동 비중",-0.031890868890993296,"비율",2
"대림역 11번","호프-간이주점","덕의초등학교","유사 업종 점포 밀도",-0.508278081285812,"개/10,000㎡",3
"대동초등학교","호프-간이주점","강서구청옆","남성 유동 비중",-0.039519459455831685,"비율",1
"대동초등학교","호프-간이주점","강서구청옆","유사 업종 점포 밀도",-0.5215023802919552,"개/10,000㎡",2
"대동초등학교","호프-간이주점","강서구청옆","00~06 유동 비중",-0.028192119345508915,"비율",3
"도신초등학교","호프-간이주점","연신내역 2번","21~24 유동 비중",0.0033486865869973848,"비율",1
"도신초등학교","호프-간이주점","연신내역 2번","남성 유동 비중",-0.007007297506780308,"비율",2
"도신초등학교","호프-간이주점","연신내역 2번","상주인구",663,"명",3
"구로디지털단지역 4번","호프-간이주점","개봉1동주민센터","00~06 유동 비중",0.033322938457450546,"비율",1
"구로디지털단지역 4번","호프-간이주점","개봉1동주민센터","11~14 유동 비중",-0.011104474327986655,"비율",2
"구로디지털단지역 4번","호프-간이주점","개봉1동주민센터","17~21 유동 비중",-0.01017024468911859,"비율",3
"대림한신아파트","호프-간이주점","수유역 2번","주말 유동 비중",-0.01945752056561284,"비율",1
"대림한신아파트","호프-간이주점","수유역 2번","06~11 유동 비중",0.007270963985266138,"비율",2
"대림한신아파트","호프-간이주점","수유역 2번","총 유동인구",287822,"명",3
"영등포시장역 1번","호프-간이주점","영등포구청역 2번","주말 유동 비중",0.031498680098398874,"비율",1
"영등포시장역 1번","호프-간이주점","영등포구청역 2번","14~17 유동 비중",-0.030004370399785235,"비율",2
"영등포시장역 1번","호프-간이주점","영등포구청역 2번","11~14 유동 비중",-0.0244280989337243,"비율",3
"대림1동주민센터","호프-간이주점","해방촌예술마을","총 유동인구",1368630,"명",1
"대림1동주민센터","호프-간이주점","해방촌예술마을","직장·상주 구조",-0.43737271658827304,"비율",2
"대림1동주민센터","호프-간이주점","해방촌예술마을","상주인구",858,"명",3
"영등포역 2번","호프-간이주점","말미고개","총 유동인구",-889794,"명",1
"영등포역 2번","호프-간이주점","말미고개","17~21 유동 비중",-0.016056777889508184,"비율",2
"영등포역 2번","호프-간이주점","말미고개","상권 면적",50177,"㎡",3
"영동초등학교","호프-간이주점","한겨레신문사","남성 유동 비중",-0.018627078063237934,"비율",1
"영동초등학교","호프-간이주점","한겨레신문사","직장인구",-896,"명",2
"영동초등학교","호프-간이주점","한겨레신문사","21~24 유동 비중",0.005923936208601405,"비율",3
"신길2동우편취급국","호프-간이주점","신림역 8번","17~21 유동 비중",0.011205677327830427,"비율",1
"신길2동우편취급국","호프-간이주점","신림역 8번","남성 유동 비중",0.0122917131326159,"비율",2
"신길2동우편취급국","호프-간이주점","신림역 8번","상주인구",1268,"명",3
"신풍역 1번","호프-간이주점","신자초등학교","남성 유동 비중",0.0259186348168704,"비율",1
"신풍역 1번","호프-간이주점","신자초등학교","주말 유동 비중",-0.011372009848646836,"비율",2
"신풍역 1번","호프-간이주점","신자초등학교","상주인구",1528,"명",3
"신길새마을금고신길4동지점","호프-간이주점","강서구청옆","유사 업종 점포 밀도",0.6847103849636516,"개/10,000㎡",1
"신길새마을금고신길4동지점","호프-간이주점","강서구청옆","11~14 유동 비중",0.011404340423875711,"비율",2
"신길새마을금고신길4동지점","호프-간이주점","강서구청옆","06~11 유동 비중",0.00641102335523433,"비율",3
"장훈고등학교","호프-간이주점","대동초등학교","주말 유동 비중",0.022986224957811885,"비율",1
"장훈고등학교","호프-간이주점","대동초등학교","21~24 유동 비중",-0.01264554955957864,"비율",2
"장훈고등학교","호프-간이주점","대동초등학교","남성 유동 비중",0.020841828158952302,"비율",3
"영신초등학교","호프-간이주점","동대문구청","직장·상주 구조",1.104933178674747,"비율",1
"영신초등학교","호프-간이주점","동대문구청","직장인구",1091,"명",2
"영신초등학교","호프-간이주점","동대문구청","남성 유동 비중",-0.008041686741846354,"비율",3
"신길6동주민센터","호프-간이주점","돌곶이역 5번","21~24 유동 비중",-0.014354001565378083,"비율",1
"신길6동주민센터","호프-간이주점","돌곶이역 5번","프랜차이즈 점포",1,"개",2
"신길6동주민센터","호프-간이주점","돌곶이역 5번","06~11 유동 비중",0.008114385640739435,"비율",3
"공군호텔","호프-간이주점","대청초등학교","프랜차이즈 점포",4,"개",1
"공군호텔","호프-간이주점","대청초등학교","해당 업종 점포",8,"개",2
"공군호텔","호프-간이주점","대청초등학교","총 유동인구",711784,"명",3
"신대방역 4번","호프-간이주점","동대문구청","상권 면적",-65881,"㎡",1
"신대방역 4번","호프-간이주점","동대문구청","총 유동인구",716413,"명",2
"신대방역 4번","호프-간이주점","동대문구청","상주인구",-1500,"명",3
"보라매역 2번","호프-간이주점","굽은다리역 1번(십자성마을)","직장·상주 구조",-1.2858085303318232,"비율",1
"보라매역 2번","호프-간이주점","굽은다리역 1번(십자성마을)","직장인구",-903,"명",2
"보라매역 2번","호프-간이주점","굽은다리역 1번(십자성마을)","06~11 유동 비중",-0.0055233512261187445,"비율",3
"신대방삼거리역 1번","호프-간이주점","화곡역 4번","상주인구",9354,"명",1
"신대방삼거리역 1번","호프-간이주점","화곡역 4번","상권 면적",190298,"㎡",2
"신대방삼거리역 1번","호프-간이주점","화곡역 4번","총 유동인구",2046618,"명",3
"NH농협은행 상도동지점","호프-간이주점","화곡초등학교","17~21 유동 비중",0.01526932079638707,"비율",1
"NH농협은행 상도동지점","호프-간이주점","화곡초등학교","00~06 유동 비중",-0.027605558906607097,"비율",2
"NH농협은행 상도동지점","호프-간이주점","화곡초등학교","14~17 유동 비중",0.010688401517361626,"비율",3
"노량진역 6번","호프-간이주점","공군호텔","프랜차이즈 점포",1,"개",1
"노량진역 6번","호프-간이주점","공군호텔","총 유동인구",-646187,"명",2
"노량진역 6번","호프-간이주점","공군호텔","상권 면적",-54022,"㎡",3
"노량진초등학교","호프-간이주점","장승배기역 4번","남성 유동 비중",-0.05983192273167143,"비율",1
"노량진초등학교","호프-간이주점","장승배기역 4번","프랜차이즈 점포",1,"개",2
"노량진초등학교","호프-간이주점","장승배기역 4번","00~06 유동 비중",-0.02896596577419361,"비율",3
"상도역 1번","호프-간이주점","동일여자고등학교","17~21 유동 비중",-0.023821372160878207,"비율",1
"상도역 1번","호프-간이주점","동일여자고등학교","00~06 유동 비중",0.0414969583563137,"비율",2
"상도역 1번","호프-간이주점","동일여자고등학교","직장·상주 구조",1.004659882324245,"비율",3
"상도역 5번","호프-간이주점","사당역 4번","프랜차이즈 점포",1,"개",1
"상도역 5번","호프-간이주점","사당역 4번","총 유동인구",361396,"명",2
"상도역 5번","호프-간이주점","사당역 4번","직장인구",640,"명",3
"숭실대입구역 1번","호프-간이주점","뜸부기어린이공원","프랜차이즈 점포",-1,"개",1
"숭실대입구역 1번","호프-간이주점","뜸부기어린이공원","총 유동인구",-590393,"명",2
"숭실대입구역 1번","호프-간이주점","뜸부기어린이공원","21~24 유동 비중",0.006731076509906314,"비율",3
"흑리단길","호프-간이주점","미아사거리역 3번","프랜차이즈 점포",1,"개",1
"흑리단길","호프-간이주점","미아사거리역 3번","17~21 유동 비중",-0.018815667059855268,"비율",2
"흑리단길","호프-간이주점","미아사거리역 3번","11~14 유동 비중",0.014819626954916038,"비율",3
"남성역 1번","호프-간이주점","세곡초등학교","프랜차이즈 점포",1,"개",1
"남성역 1번","호프-간이주점","세곡초등학교","상주인구",-1976,"명",2
"남성역 1번","호프-간이주점","세곡초등학교","총 유동인구",-481874,"명",3
"양지어린이공원","호프-간이주점","역촌역 3번","상주인구",3260,"명",1
"양지어린이공원","호프-간이주점","역촌역 3번","상권 면적",75555,"㎡",2
"양지어린이공원","호프-간이주점","역촌역 3번","남성 유동 비중",-0.022123124976958786,"비율",3
"이수역 10번","호프-간이주점","영등포역 2번","주말 유동 비중",0.015022573306809117,"비율",1
"이수역 10번","호프-간이주점","영등포역 2번","직장·상주 구조",-0.7696949590345534,"비율",2
"이수역 10번","호프-간이주점","영등포역 2번","남성 유동 비중",0.014234365822866357,"비율",3
"사당역 10번","호프-간이주점","까치산역 3번","총 유동인구",3072228,"명",1
"사당역 10번","호프-간이주점","까치산역 3번","프랜차이즈 점포",2,"개",2
"사당역 10번","호프-간이주점","까치산역 3번","해당 업종 점포",13,"개",3
"신대방역 2번","호프-간이주점","방학역 1번","프랜차이즈 점포",1,"개",1
"신대방역 2번","호프-간이주점","방학역 1번","상주인구",1753,"명",2
"신대방역 2번","호프-간이주점","방학역 1번","남성 유동 비중",-0.014931367497001358,"비율",3
"미성초등학교","호프-간이주점","마포구청역 7번","남성 유동 비중",-0.021330111766198145,"비율",1
"미성초등학교","호프-간이주점","마포구청역 7번","총 유동인구",486814,"명",2
"미성초등학교","호프-간이주점","마포구청역 7번","직장인구",551,"명",3
"미성동주민센터","호프-간이주점","미성초등학교","주말 유동 비중",0.015421217078632643,"비율",1
"미성동주민센터","호프-간이주점","미성초등학교","직장·상주 구조",1.014110257769925,"비율",2
"미성동주민센터","호프-간이주점","미성초등학교","직장인구",598,"명",3
"신대방역 1번","호프-간이주점","강서구청옆","06~11 유동 비중",-0.0186028153518224,"비율",1
"신대방역 1번","호프-간이주점","강서구청옆","유사 업종 점포 밀도",0.49398214433753096,"개/10,000㎡",2
"신대방역 1번","호프-간이주점","강서구청옆","00~06 유동 비중",0.027179342300962306,"비율",3
"관악구신사동주민센터","호프-간이주점","목동보건지소","해당 업종 점포",-9,"개",1
"관악구신사동주민센터","호프-간이주점","목동보건지소","프랜차이즈 점포",-1,"개",2
"관악구신사동주민센터","호프-간이주점","목동보건지소","직장·상주 구조",-0.9470861146377487,"비율",3
"남강고등학교(남강중학교)","호프-간이주점","화곡2동주민센터","남성 유동 비중",-0.01673777228793999,"비율",1
"남강고등학교(남강중학교)","호프-간이주점","화곡2동주민센터","해당 업종 점포",-3,"개",2
"남강고등학교(남강중학교)","호프-간이주점","화곡2동주민센터","17~21 유동 비중",-0.007807978650950176,"비율",3
"남부초등학교","호프-간이주점","신림역 8번","총 유동인구",750443,"명",1
"남부초등학교","호프-간이주점","신림역 8번","남성 유동 비중",0.009298039794313873,"비율",2
"남부초등학교","호프-간이주점","신림역 8번","유사 업종 점포 밀도",-0.23919983050527127,"개/10,000㎡",3
"신림역 5번(신림동주민센터, 신림동별빛거리)","호프-간이주점","관악구 중앙길","남성 유동 비중",-0.06130583655313132,"비율",1
"신림역 5번(신림동주민센터, 신림동별빛거리)","호프-간이주점","관악구 중앙길","상권 면적",65215,"㎡",2
"신림역 5번(신림동주민센터, 신림동별빛거리)","호프-간이주점","관악구 중앙길","해당 업종 점포",5,"개",3
"신원동주민센터","호프-간이주점","중곡초등학교","직장·상주 구조",1.3563868194757625,"비율",1
"신원동주민센터","호프-간이주점","중곡초등학교","상권 면적",36553,"㎡",2
"신원동주민센터","호프-간이주점","중곡초등학교","유사 업종 점포 밀도",-0.3383890925363476,"개/10,000㎡",3
"신림역 8번","호프-간이주점","화곡초등학교","남성 유동 비중",-0.042525666028753684,"비율",1
"신림역 8번","호프-간이주점","화곡초등학교","유사 업종 점포 밀도",0.6942293098471572,"개/10,000㎡",2
"신림역 8번","호프-간이주점","화곡초등학교","상권 면적",-38162,"㎡",3
"구립대학경로당(관악산샘말공원)","호프-간이주점","암사역 2번(서울강동초등학교)","남성 유동 비중",-0.10469213283656958,"비율",1
"구립대학경로당(관악산샘말공원)","호프-간이주점","암사역 2번(서울강동초등학교)","해당 업종 점포",7,"개",2
"구립대학경로당(관악산샘말공원)","호프-간이주점","암사역 2번(서울강동초등학교)","프랜차이즈 점포",1,"개",3
"은천초등학교(은천교앞)","호프-간이주점","국제신학대학원대학교(남서울중학교)","프랜차이즈 점포",-1,"개",1
"은천초등학교(은천교앞)","호프-간이주점","국제신학대학원대학교(남서울중학교)","06~11 유동 비중",-0.007612626900728003,"비율",2
"은천초등학교(은천교앞)","호프-간이주점","국제신학대학원대학교(남서울중학교)","상주인구",-1110,"명",3
"봉천역 4번(봉천110안전센터)","호프-간이주점","장훈고등학교","주말 유동 비중",-0.021921300906555197,"비율",1
"봉천역 4번(봉천110안전센터)","호프-간이주점","장훈고등학교","17~21 유동 비중",-0.01167080628888581,"비율",2
"봉천역 4번(봉천110안전센터)","호프-간이주점","장훈고등학교","해당 업종 점포",-3,"개",3
"영락고등학교","호프-간이주점","양지어린이공원","남성 유동 비중",-0.04492907219920739,"비율",1
"영락고등학교","호프-간이주점","양지어린이공원","06~11 유동 비중",-0.007545454681530728,"비율",2
"영락고등학교","호프-간이주점","양지어린이공원","17~21 유동 비중",0.013020145546029038,"비율",3
"봉천역 1번(관악초등학교)","호프-간이주점","신자초등학교","프랜차이즈 점포",1,"개",1
"봉천역 1번(관악초등학교)","호프-간이주점","신자초등학교","주말 유동 비중",-0.014726170484676726,"비율",2
"봉천역 1번(관악초등학교)","호프-간이주점","신자초등학교","상권 면적",53170,"㎡",3
"관악구 중앙길","호프-간이주점","수송초등학교","프랜차이즈 점포",-3,"개",1
"관악구 중앙길","호프-간이주점","수송초등학교","총 유동인구",-1833806,"명",2
"관악구 중앙길","호프-간이주점","수송초등학교","상주인구",-4074,"명",3
"청림동주민센터(상도중학교)","호프-간이주점","도림2동유수지내체육시설","21~24 유동 비중",-0.0123687157312235,"비율",1
"청림동주민센터(상도중학교)","호프-간이주점","도림2동유수지내체육시설","00~06 유동 비중",-0.0421849309564003,"비율",2
"청림동주민센터(상도중학교)","호프-간이주점","도림2동유수지내체육시설","11~14 유동 비중",0.016927294372334117,"비율",3
"인헌고등학교(인헌중학교)","호프-간이주점","양지어린이공원","06~11 유동 비중",-0.006845115040169519,"비율",1
"인헌고등학교(인헌중학교)","호프-간이주점","양지어린이공원","상권 면적",23856,"㎡",2
"인헌고등학교(인헌중학교)","호프-간이주점","양지어린이공원","남성 유동 비중",0.005321752023431048,"비율",3
"사당역 4번","호프-간이주점","삼전역 1번","프랜차이즈 점포",1,"개",1
"사당역 4번","호프-간이주점","삼전역 1번","06~11 유동 비중",-0.007999689908771146,"비율",2
"사당역 4번","호프-간이주점","삼전역 1번","남성 유동 비중",-0.012420583177405964,"비율",3
"양재역 8번(양재동우체국)","호프-간이주점","숙대입구","남성 유동 비중",-0.11238721473161722,"비율",1
"양재역 8번(양재동우체국)","호프-간이주점","숙대입구","직장인구",-5930,"명",2
"양재역 8번(양재동우체국)","호프-간이주점","숙대입구","프랜차이즈 점포",-2,"개",3
"논현초등학교","호프-간이주점","장평중학교","총 유동인구",-724455,"명",1
"논현초등학교","호프-간이주점","장평중학교","21~24 유동 비중",0.00864081281293079,"비율",2
"논현초등학교","호프-간이주점","장평중학교","06~11 유동 비중",-0.005182563036242621,"비율",3
"역삼역 8번","호프-간이주점","영등포시장역 1번","남성 유동 비중",-0.05756859733202502,"비율",1
"역삼역 8번","호프-간이주점","영등포시장역 1번","00~06 유동 비중",-0.06288161223286776,"비율",2
"역삼역 8번","호프-간이주점","영등포시장역 1번","14~17 유동 비중",0.02898184815143992,"비율",3
"선정릉역 4번","호프-간이주점","봉은사역 4번","21~24 유동 비중",0.01565031598099885,"비율",1
"선정릉역 4번","호프-간이주점","봉은사역 4번","주말 유동 비중",0.024505344660408157,"비율",2
"선정릉역 4번","호프-간이주점","봉은사역 4번","11~14 유동 비중",-0.01909421528060294,"비율",3
"개포고등학교","호프-간이주점","장충초등학교","직장인구",-2417,"명",1
"개포고등학교","호프-간이주점","장충초등학교","직장·상주 구조",-1.481167976801605,"비율",2
"개포고등학교","호프-간이주점","장충초등학교","06~11 유동 비중",-0.011403499569211523,"비율",3
"삼전역 4번","호프-간이주점","사당역 4번","직장인구",-823,"명",1
"삼전역 4번","호프-간이주점","사당역 4번","해당 업종 점포",4,"개",2
"삼전역 4번","호프-간이주점","사당역 4번","17~21 유동 비중",0.009492238168510636,"비율",3
"삼전역 1번","호프-간이주점","대청초등학교","프랜차이즈 점포",4,"개",1
"삼전역 1번","호프-간이주점","대청초등학교","상주인구",-2620,"명",2
"삼전역 1번","호프-간이주점","대청초등학교","해당 업종 점포",6,"개",3
"석촌고분역 1번","호프-간이주점","삼전역 1번","상권 면적",63529,"㎡",1
"석촌고분역 1번","호프-간이주점","삼전역 1번","프랜차이즈 점포",1,"개",2
"석촌고분역 1번","호프-간이주점","삼전역 1번","남성 유동 비중",0.02257609784118314,"비율",3
"석촌고분역 4번","호프-간이주점","신월2동주민센터","남성 유동 비중",-0.018141069900466045,"비율",1
"석촌고분역 4번","호프-간이주점","신월2동주민센터","17~21 유동 비중",0.011331326986966622,"비율",2
"석촌고분역 4번","호프-간이주점","신월2동주민센터","상권 면적",36195,"㎡",3
"석촌역 7번","호프-간이주점","장안1동주민센터","프랜차이즈 점포",-3,"개",1
"석촌역 7번","호프-간이주점","장안1동주민센터","총 유동인구",1177719,"명",2
"석촌역 7번","호프-간이주점","장안1동주민센터","상권 면적",85683,"㎡",3
"석촌역 6번","호프-간이주점","암사역 3번(천호동자전거거리)","11~14 유동 비중",-0.008812176884756051,"비율",1
"석촌역 6번","호프-간이주점","암사역 3번(천호동자전거거리)","주말 유동 비중",0.007651585281022888,"비율",2
"석촌역 6번","호프-간이주점","암사역 3번(천호동자전거거리)","남성 유동 비중",0.007996622134146869,"비율",3
"송파나루역 1번(송리단길)","호프-간이주점","방학1동주민센터","직장인구",-3363,"명",1
"송파나루역 1번(송리단길)","호프-간이주점","방학1동주민센터","06~11 유동 비중",0.016740531471801406,"비율",2
"송파나루역 1번(송리단길)","호프-간이주점","방학1동주민센터","해당 업종 점포",-10,"개",3
"석촌역 3번","호프-간이주점","구산역 4번","상주인구",-4395,"명",1
"석촌역 3번","호프-간이주점","구산역 4번","상권 면적",-77482,"㎡",2
"석촌역 3번","호프-간이주점","구산역 4번","주말 유동 비중",0.008263790016763528,"비율",3
"한성백제역 3번","호프-간이주점","시흥동 은행나무사거리","직장·상주 구조",-1.4441449696524629,"비율",1
"한성백제역 3번","호프-간이주점","시흥동 은행나무사거리","직장인구",-1787,"명",2
"한성백제역 3번","호프-간이주점","시흥동 은행나무사거리","프랜차이즈 점포",1,"개",3
"방이동고분군(방산고등학교)","호프-간이주점","벌말어린이공원","남성 유동 비중",0.042269549226236214,"비율",1
"방이동고분군(방산고등학교)","호프-간이주점","벌말어린이공원","유사 업종 점포 밀도",-0.5892140786029142,"개/10,000㎡",2
"방이동고분군(방산고등학교)","호프-간이주점","벌말어린이공원","총 유동인구",512347,"명",3
"문현중학교(장지역 1번)","호프-간이주점","장충초등학교","00~06 유동 비중",0.04819199370414276,"비율",1
"문현중학교(장지역 1번)","호프-간이주점","장충초등학교","17~21 유동 비중",-0.023080911476432542,"비율",2
"문현중학교(장지역 1번)","호프-간이주점","장충초등학교","주말 유동 비중",-0.01880474015171968,"비율",3
"방이역 1번","호프-간이주점","서울독일학교","직장인구",-3432,"명",1
"방이역 1번","호프-간이주점","서울독일학교","06~11 유동 비중",0.012622790971304504,"비율",2
"방이역 1번","호프-간이주점","서울독일학교","직장·상주 구조",1.1232364199802678,"비율",3
"오동나무공원(송파레미니스1단지)","호프-간이주점","보라매역 2번","총 유동인구",652402,"명",1
"오동나무공원(송파레미니스1단지)","호프-간이주점","보라매역 2번","직장인구",-1073,"명",2
"오동나무공원(송파레미니스1단지)","호프-간이주점","보라매역 2번","직장·상주 구조",-0.7474952611351702,"비율",3
"오금공원(오주중학교)","호프-간이주점","마포구청역 7번","17~21 유동 비중",0.028783437920026606,"비율",1
"오금공원(오주중학교)","호프-간이주점","마포구청역 7번","00~06 유동 비중",-0.05526202909286265,"비율",2
"오금공원(오주중학교)","호프-간이주점","마포구청역 7번","14~17 유동 비중",0.0201030174972337,"비율",3
"벌말어린이공원","호프-간이주점","한겨레신문사","남성 유동 비중",-0.03600730454811474,"비율",1
"벌말어린이공원","호프-간이주점","한겨레신문사","17~21 유동 비중",0.013423287387497679,"비율",2
"벌말어린이공원","호프-간이주점","한겨레신문사","유사 업종 점포 밀도",-0.37462864450356087,"개/10,000㎡",3
"거여역 1번(거여공원)","호프-간이주점","세곡초등학교","상권 면적",49920,"㎡",1
"거여역 1번(거여공원)","호프-간이주점","세곡초등학교","직장·상주 구조",-0.8404928445675424,"비율",2
"거여역 1번(거여공원)","호프-간이주점","세곡초등학교","직장인구",-851,"명",3
"남천초등학교","호프-간이주점","독산119안전센터","해당 업종 점포",6,"개",1
"남천초등학교","호프-간이주점","독산119안전센터","유사 업종 점포 밀도",0.5190504712374201,"개/10,000㎡",2
"남천초등학교","호프-간이주점","독산119안전센터","06~11 유동 비중",0.006116092265226886,"비율",3
"마천역(마천초등학교)","호프-간이주점","수송초등학교","총 유동인구",777578,"명",1
"마천역(마천초등학교)","호프-간이주점","수송초등학교","직장·상주 구조",-1.1538663610693751,"비율",2
"마천역(마천초등학교)","호프-간이주점","수송초등학교","06~11 유동 비중",-0.007663559926797403,"비율",3
"마천1치안센터","호프-간이주점","금동어린이공원","상권 면적",-62206,"㎡",1
"마천1치안센터","호프-간이주점","금동어린이공원","주말 유동 비중",-0.012889838198181902,"비율",2
"마천1치안센터","호프-간이주점","금동어린이공원","직장·상주 구조",-0.8597855754821091,"비율",3
"천호역 1번(천호문구완구거리)","호프-간이주점","도봉세무서","상권 면적",39719,"㎡",1
"천호역 1번(천호문구완구거리)","호프-간이주점","도봉세무서","남성 유동 비중",-0.009715401285173786,"비율",2
"천호역 1번(천호문구완구거리)","호프-간이주점","도봉세무서","17~21 유동 비중",0.008192797478080244,"비율",3
"천호지구대(천호동자전거거리)","호프-간이주점","천호역 1번(천호문구완구거리)","상주인구",-1735,"명",1
"천호지구대(천호동자전거거리)","호프-간이주점","천호역 1번(천호문구완구거리)","상권 면적",-41159,"㎡",2
"천호지구대(천호동자전거거리)","호프-간이주점","천호역 1번(천호문구완구거리)","14~17 유동 비중",0.008502347841460145,"비율",3
"천호역 6번","호프-간이주점","암사역 1번","상주인구",1275,"명",1
"천호역 6번","호프-간이주점","암사역 1번","주말 유동 비중",0.006835322601981608,"비율",2
"천호역 6번","호프-간이주점","암사역 1번","직장·상주 구조",0.42461107235116646,"비율",3
"암사역 3번(천호동자전거거리)","호프-간이주점","구의1동주민센터","총 유동인구",562411,"명",1
"암사역 3번(천호동자전거거리)","호프-간이주점","구의1동주민센터","주말 유동 비중",-0.009879973120974328,"비율",2
"암사역 3번(천호동자전거거리)","호프-간이주점","구의1동주민센터","해당 업종 점포",4,"개",3
"천호공원(해공체육문화센터)","호프-간이주점","장안현대홈타운1차아파트","직장·상주 구조",0.8669336695394625,"비율",1
"천호공원(해공체육문화센터)","호프-간이주점","장안현대홈타운1차아파트","총 유동인구",517814,"명",2
"천호공원(해공체육문화센터)","호프-간이주점","장안현대홈타운1차아파트","상권 면적",-36365,"㎡",3
"강동역 4번(강풀만화거리)","호프-간이주점","까치산역 3번","해당 업종 점포",31,"개",1
"강동역 4번(강풀만화거리)","호프-간이주점","까치산역 3번","총 유동인구",2107534,"명",2
"강동역 4번(강풀만화거리)","호프-간이주점","까치산역 3번","유사 업종 점포 밀도",1.8176744312736308,"개/10,000㎡",3
"암사역 2번(서울강동초등학교)","호프-간이주점","까치산역 3번","해당 업종 점포",26,"개",1
"암사역 2번(서울강동초등학교)","호프-간이주점","까치산역 3번","총 유동인구",1737611,"명",2
"암사역 2번(서울강동초등학교)","호프-간이주점","까치산역 3번","유사 업종 점포 밀도",1.3857389069208985,"개/10,000㎡",3
"암사역 1번","호프-간이주점","오류2동버들시장","상주인구",-4385,"명",1
"암사역 1번","호프-간이주점","오류2동버들시장","총 유동인구",-1223895,"명",2
"암사역 1번","호프-간이주점","오류2동버들시장","직장·상주 구조",0.7429940878038961,"비율",3
"둔촌동역 3번(성내3동주민센터)","호프-간이주점","장안제일시장","06~11 유동 비중",0.008687232258275862,"비율",1
"둔촌동역 3번(성내3동주민센터)","호프-간이주점","장안제일시장","상주인구",907,"명",2
"둔촌동역 3번(성내3동주민센터)","호프-간이주점","장안제일시장","11~14 유동 비중",-0.005126706787738064,"비율",3
"강동구립 천호도서관","호프-간이주점","용마초등학교","남성 유동 비중",-0.026053833405257687,"비율",1
"강동구립 천호도서관","호프-간이주점","용마초등학교","주말 유동 비중",-0.011184131735214153,"비율",2
"강동구립 천호도서관","호프-간이주점","용마초등학교","직장·상주 구조",0.75743848349404,"비율",3
"암사동성당(효정하나플러스아파트)","호프-간이주점","남천초등학교","21~24 유동 비중",-0.010135213141982624,"비율",1
"암사동성당(효정하나플러스아파트)","호프-간이주점","남천초등학교","총 유동인구",-587503,"명",2
"암사동성당(효정하나플러스아파트)","호프-간이주점","남천초등학교","주말 유동 비중",0.012683741753747202,"비율",3
"강동구립성내도서관","호프-간이주점","상계5동주민센터","총 유동인구",681771,"명",1
"강동구립성내도서관","호프-간이주점","상계5동주민센터","06~11 유동 비중",-0.008000412009186525,"비율",2
"강동구립성내도서관","호프-간이주점","상계5동주민센터","상주인구",-1245,"명",3
"강동성심병원","호프-간이주점","영등포구청역 2번","06~11 유동 비중",-0.017899769611378458,"비율",1
"강동성심병원","호프-간이주점","영등포구청역 2번","직장·상주 구조",-1.122060305343381,"비율",2
"강동성심병원","호프-간이주점","영등포구청역 2번","유사 업종 점포 밀도",-0.6317198197033415,"개/10,000㎡",3
"굽은다리역 1번(십자성마을)","호프-간이주점","역촌역 3번","총 유동인구",-663318,"명",1
"굽은다리역 1번(십자성마을)","호프-간이주점","역촌역 3번","남성 유동 비중",-0.014188382715091818,"비율",2
"굽은다리역 1번(십자성마을)","호프-간이주점","역촌역 3번","상권 면적",38337,"㎡",3
"둔촌동역 1번(한산중학교)","호프-간이주점","대청초등학교","프랜차이즈 점포",4,"개",1
"둔촌동역 1번(한산중학교)","호프-간이주점","대청초등학교","해당 업종 점포",9,"개",2
"둔촌동역 1번(한산중학교)","호프-간이주점","대청초등학교","총 유동인구",-911222,"명",3
"명일역 1번","호프-간이주점","이대역 5번","남성 유동 비중",-0.06105084619808038,"비율",1
"명일역 1번","호프-간이주점","이대역 5번","프랜차이즈 점포",-1,"개",2
"명일역 1번","호프-간이주점","이대역 5번","00~06 유동 비중",-0.025192609754812634,"비율",3
"굽은다리역 2번","호프-간이주점","국립정신건강센터","총 유동인구",-572359,"명",1
"굽은다리역 2번","호프-간이주점","국립정신건강센터","남성 유동 비중",0.016275962434870173,"비율",2
"굽은다리역 2번","호프-간이주점","국립정신건강센터","주말 유동 비중",-0.009095171289014325,"비율",3
"둔촌2동주민센터","호프-간이주점","동일여자고등학교","직장·상주 구조",1.1611272721856496,"비율",1
"둔촌2동주민센터","호프-간이주점","동일여자고등학교","21~24 유동 비중",0.006283050126149145,"비율",2
"둔촌2동주민센터","호프-간이주점","동일여자고등학교","유사 업종 점포 밀도",-0.3273196607624079,"개/10,000㎡",3
"길동주민센터(강동도서관)","호프-간이주점","수락산역 4번","상주인구",-5914,"명",1
"길동주민센터(강동도서관)","호프-간이주점","수락산역 4번","총 유동인구",-1674257,"명",2
"길동주민센터(강동도서관)","호프-간이주점","수락산역 4번","해당 업종 점포",-6,"개",3
"굽은다리역 4번","호프-간이주점","관악구신사동주민센터","총 유동인구",-1925040,"명",1
"굽은다리역 4번","호프-간이주점","관악구신사동주민센터","프랜차이즈 점포",2,"개",2
"굽은다리역 4번","호프-간이주점","관악구신사동주민센터","남성 유동 비중",0.0325672643044817,"비율",3
"GS강동자이아파트","호프-간이주점","모래내우체국","17~21 유동 비중",0.013807586163182561,"비율",1
"GS강동자이아파트","호프-간이주점","모래내우체국","총 유동인구",-504993,"명",2
"GS강동자이아파트","호프-간이주점","모래내우체국","06~11 유동 비중",-0.00657477985988561,"비율",3
"묘곡초등학교(고덕아이파크아파트)","호프-간이주점","용두동신동아아파트","주말 유동 비중",-0.0269880873086345,"비율",1
"묘곡초등학교(고덕아이파크아파트)","호프-간이주점","용두동신동아아파트","21~24 유동 비중",-0.009373506824166516,"비율",2
"묘곡초등학교(고덕아이파크아파트)","호프-간이주점","용두동신동아아파트","직장인구",1283,"명",3
"한영중고","호프-간이주점","안암역 2번","주말 유동 비중",-0.042891774488890644,"비율",1
"한영중고","호프-간이주점","안암역 2번","06~11 유동 비중",-0.012395681048663842,"비율",2
"한영중고","호프-간이주점","안암역 2번","11~14 유동 비중",0.017610976710796394,"비율",3
"고덕동성당","호프-간이주점","성자초등학교","주말 유동 비중",-0.02158503997629757,"비율",1
"고덕동성당","호프-간이주점","성자초등학교","17~21 유동 비중",-0.01667207220788694,"비율",2
"고덕동성당","호프-간이주점","성자초등학교","상주인구",894,"명",3
